recipe_slug,name_en,name_hi,name_kn,qty_per_person,unit,category,is_staple,sort_order
palak-paneer,Spinach (palak),पालक,ಪಾಲಕ್ ಸೊಪ್ಪು,0.7,bunch,vegetable,false,1
palak-paneer,Paneer,पनीर,ಪನೀರ್,70,g,dairy,false,2
palak-paneer,Onion (medium),प्याज़,ಈರುಳ್ಳಿ,0.7,piece,vegetable,false,3
palak-paneer,Tomato (medium),टमाटर,ಟೊಮೇಟೊ,0.7,piece,vegetable,false,4
palak-paneer,Ginger-garlic paste,अदरक-लहसुन पेस्ट,ಶುಂಠಿ-ಬೆಳ್ಳುಳ್ಳಿ ಪೇಸ್ಟ್,1,tsp,staple,true,5
palak-paneer,Cumin (jeera),जीरा,ಜೀರಿಗೆ,0.4,tsp,staple,true,6
palak-paneer,Turmeric,हल्दी,ಅರಿಶಿನ,0.2,tsp,staple,true,7
palak-paneer,Garam masala,गरम मसाला,ಗರಂ ಮಸಾಲ,0.3,tsp,staple,true,8
palak-paneer,Cooking oil,तेल,ಎಣ್ಣೆ,2,tsp,staple,true,9
dal-tadka,Toor dal,अरहर दाल,ತೊಗರಿ ಬೇಳೆ,60,g,protein,false,1
dal-tadka,Tomato (medium),टमाटर,ಟೊಮೇಟೊ,0.5,piece,vegetable,false,2
dal-tadka,Garlic cloves,लहसुन,ಬೆಳ್ಳುಳ್ಳಿ,2,piece,vegetable,false,3
dal-tadka,Ghee,घी,ತುಪ್ಪ,1,tsp,staple,true,4
dal-tadka,Cumin (jeera),जीरा,ಜೀರಿಗೆ,0.4,tsp,staple,true,5
dal-tadka,Dried red chilli,सूखी लाल मिर्च,ಒಣ ಕೆಂಪು ಮೆಣಸಿನಕಾಯಿ,0.7,piece,staple,true,6
dal-tadka,Turmeric,हल्दी,ಅರಿಶಿನ,0.2,tsp,staple,true,7
dal-tadka,Coriander leaves,हरा धनिया,ಕೊತ್ತಂಬರಿ ಸೊಪ್ಪು,0.1,bunch,vegetable,false,8
matar-paneer,Paneer,पनीर,ಪನೀರ್,60,g,dairy,false,1
matar-paneer,Green peas,हरी मटर,ಹಸಿರು ಬಟಾಣಿ,50,g,vegetable,false,2
matar-paneer,Onion (medium),प्याज़,ಈರುಳ್ಳಿ,0.7,piece,vegetable,false,3
matar-paneer,Tomato (medium),टमाटर,ಟೊಮೇಟೊ,1,piece,vegetable,false,4
matar-paneer,Ginger-garlic paste,अदरक-लहसुन पेस्ट,ಶುಂಠಿ-ಬೆಳ್ಳುಳ್ಳಿ ಪೇಸ್ಟ್,1,tsp,staple,true,5
matar-paneer,Turmeric,हल्दी,ಅರಿಶಿನ,0.2,tsp,staple,true,6
matar-paneer,Red chilli powder,लाल मिर्च पाउडर,ಕೆಂಪು ಮೆಣಸಿನ ಪುಡಿ,0.3,tsp,staple,true,7
matar-paneer,Coriander powder,धनिया पाउडर,ಧನಿಯಾ ಪುಡಿ,0.4,tsp,staple,true,8
matar-paneer,Garam masala,गरम मसाला,ಗರಂ ಮಸಾಲ,0.3,tsp,staple,true,9
matar-paneer,Cooking oil,तेल,ಎಣ್ಣೆ,2,tsp,staple,true,10
paneer-bhurji,Paneer,पनीर,ಪನೀರ್,75,g,dairy,false,1
paneer-bhurji,Onion (medium),प्याज़,ಈರುಳ್ಳಿ,0.7,piece,vegetable,false,2
paneer-bhurji,Tomato (medium),टमाटर,ಟೊಮೇಟೊ,0.7,piece,vegetable,false,3
paneer-bhurji,Capsicum,शिमला मिर्च,ದೊಣ್ಣೆ ಮೆಣಸಿನಕಾಯಿ,0.3,piece,vegetable,false,4
paneer-bhurji,Green chilli,हरी मिर्च,ಹಸಿ ಮೆಣಸಿನಕಾಯಿ,0.5,piece,vegetable,false,5
paneer-bhurji,Turmeric,हल्दी,ಅರಿಶಿನ,0.2,tsp,staple,true,6
paneer-bhurji,Cooking oil,तेल,ಎಣ್ಣೆ,2,tsp,staple,true,7
paneer-bhurji,Coriander leaves,हरा धनिया,ಕೊತ್ತಂಬರಿ ಸೊಪ್ಪು,0.1,bunch,vegetable,false,8
kadai-paneer,Paneer,पनीर,ಪನೀರ್,70,g,dairy,false,1
kadai-paneer,Capsicum,शिमला मिर्च,ದೊಣ್ಣೆ ಮೆಣಸಿನಕಾಯಿ,0.5,piece,vegetable,false,2
kadai-paneer,Onion (medium),प्याज़,ಈರುಳ್ಳಿ,1,piece,vegetable,false,3
kadai-paneer,Tomato (medium),टमाटर,ಟೊಮೇಟೊ,1,piece,vegetable,false,4
kadai-paneer,Ginger-garlic paste,अदरक-लहसुन पेस्ट,ಶುಂಠಿ-ಬೆಳ್ಳುಳ್ಳಿ ಪೇಸ್ಟ್,1,tsp,staple,true,5
kadai-paneer,Coriander powder,धनिया पाउडर,ಧನಿಯಾ ಪುಡಿ,0.4,tsp,staple,true,6
kadai-paneer,Red chilli powder,लाल मिर्च पाउडर,ಕೆಂಪು ಮೆಣಸಿನ ಪುಡಿ,0.3,tsp,staple,true,7
kadai-paneer,Kasuri methi,कसूरी मेथी,ಕಸೂರಿ ಮೆಂತ್ಯ,0.3,tsp,staple,true,8
kadai-paneer,Cooking oil,तेल,ಎಣ್ಣೆ,2,tsp,staple,true,9
paneer-butter-masala,Paneer,पनीर,ಪನೀರ್,70,g,dairy,false,1
paneer-butter-masala,Tomato (medium),टमाटर,ಟೊಮೇಟೊ,1.5,piece,vegetable,false,2
paneer-butter-masala,Onion (medium),प्याज़,ಈರುಳ್ಳಿ,0.5,piece,vegetable,false,3
paneer-butter-masala,Butter,मक्खन,ಬೆಣ್ಣೆ,10,g,dairy,false,4
paneer-butter-masala,Fresh cream,क्रीम,ಕ್ರೀಮ್,15,ml,dairy,false,5
paneer-butter-masala,Cashews,काजू,ಗೋಡಂಬಿ,8,g,other,false,6
paneer-butter-masala,Ginger-garlic paste,अदरक-लहसुन पेस्ट,ಶುಂಠಿ-ಬೆಳ್ಳುಳ್ಳಿ ಪೇಸ್ಟ್,1,tsp,staple,true,7
paneer-butter-masala,Red chilli powder,लाल मिर्च पाउडर,ಕೆಂಪು ಮೆಣಸಿನ ಪುಡಿ,0.3,tsp,staple,true,8
paneer-butter-masala,Kasuri methi,कसूरी मेथी,ಕಸೂರಿ ಮೆಂತ್ಯ,0.3,tsp,staple,true,9
paneer-butter-masala,Garam masala,गरम मसाला,ಗರಂ ಮಸಾಲ,0.3,tsp,staple,true,10
matar-mushroom,Mushroom,मशरूम,ಅಣಬೆ,120,g,vegetable,false,1
matar-mushroom,Green peas,हरी मटर,ಹಸಿರು ಬಟಾಣಿ,50,g,vegetable,false,2
matar-mushroom,Onion (medium),प्याज़,ಈರುಳ್ಳಿ,1,piece,vegetable,false,3
matar-mushroom,Tomato (medium),टमाटर,ಟೊಮೇಟೊ,1.5,piece,vegetable,false,4
matar-mushroom,Cashews,काजू,ಗೋಡಂಬಿ,8,g,other,false,5
matar-mushroom,Ginger-garlic paste,अदरक-लहसुन पेस्ट,ಶುಂಠಿ-ಬೆಳ್ಳುಳ್ಳಿ ಪೇಸ್ಟ್,1,tsp,staple,true,6
matar-mushroom,Turmeric,हल्दी,ಅರಿಶಿನ,0.2,tsp,staple,true,7
matar-mushroom,Red chilli powder,लाल मिर्च पाउडर,ಕೆಂಪು ಮೆಣಸಿನ ಪುಡಿ,0.3,tsp,staple,true,8
matar-mushroom,Coriander powder,धनिया पाउडर,ಧನಿಯಾ ಪುಡಿ,0.4,tsp,staple,true,9
matar-mushroom,Cumin (jeera),जीरा,ಜೀರಿಗೆ,0.4,tsp,staple,true,10
matar-mushroom,"Whole spices (bay leaf, cinnamon, cloves)",खड़े मसाले,"ಇಡೀ ಮಸಾಲೆ (ಚಕ್ಕೆ, ಲವಂಗ)",1,piece,staple,true,11
matar-mushroom,Kasuri methi,कसूरी मेथी,ಕಸೂರಿ ಮೆಂತ್ಯ,0.3,tsp,staple,true,12
matar-mushroom,Garam masala,गरम मसाला,ಗರಂ ಮಸಾಲ,0.3,tsp,staple,true,13
matar-mushroom,Cooking oil,तेल,ಎಣ್ಣೆ,3,tsp,staple,true,14
matar-mushroom,Coriander leaves,हरा धनिया,ಕೊತ್ತಂಬರಿ ಸೊಪ್ಪು,0.1,bunch,vegetable,false,15
malai-kofta,Potato (medium),आलू,ಆಲೂಗಡ್ಡೆ,0.6,piece,vegetable,false,1
malai-kofta,Paneer,पनीर,ಪನೀರ್,50,g,dairy,false,2
malai-kofta,Tomato (medium),टमाटर,ಟೊಮೇಟೊ,1,piece,vegetable,false,3
malai-kofta,Onion (medium),प्याज़,ಈರುಳ್ಳಿ,0.5,piece,vegetable,false,4
malai-kofta,Cashews,काजू,ಗೋಡಂಬಿ,10,g,other,false,5
malai-kofta,Raisins,किशमिश,ಒಣದ್ರಾಕ್ಷಿ,5,g,other,false,6
malai-kofta,Maida,मैदा,ಮೈದಾ,10,g,other,false,7
malai-kofta,Green chilli,हरी मिर्च,ಹಸಿ ಮೆಣಸಿನಕಾಯಿ,0.3,piece,vegetable,false,8
malai-kofta,Ginger-garlic paste,अदरक-लहसुन पेस्ट,ಶುಂಠಿ-ಬೆಳ್ಳುಳ್ಳಿ ಪೇಸ್ಟ್,1,tsp,staple,true,9
malai-kofta,Butter,मक्खन,ಬೆಣ್ಣೆ,8,g,dairy,false,10
malai-kofta,Cumin (jeera),जीरा,ಜೀರಿಗೆ,0.4,tsp,staple,true,11
malai-kofta,Turmeric,हल्दी,ಅರಿಶಿನ,0.2,tsp,staple,true,12
malai-kofta,Red chilli powder,लाल मिर्च पाउडर,ಕೆಂಪು ಮೆಣಸಿನ ಪುಡಿ,0.3,tsp,staple,true,13
malai-kofta,Coriander powder,धनिया पाउडर,ಧನಿಯಾ ಪುಡಿ,0.4,tsp,staple,true,14
malai-kofta,Fresh cream,क्रीम,ಕ್ರೀಮ್,15,ml,dairy,false,15
malai-kofta,"Whole spices (bay leaf, cinnamon, cloves)",खड़े मसाले,"ಇಡೀ ಮಸಾಲೆ (ಚಕ್ಕೆ, ಲವಂಗ)",1,piece,staple,true,16
malai-kofta,Kasuri methi,कसूरी मेथी,ಕಸೂರಿ ಮೆಂತ್ಯ,0.3,tsp,staple,true,17
malai-kofta,Garam masala,गरम मसाला,ಗರಂ ಮಸಾಲ,0.3,tsp,staple,true,18
malai-kofta,Coriander leaves,हरा धनिया,ಕೊತ್ತಂಬರಿ ಸೊಪ್ಪು,0.1,bunch,vegetable,false,19
malai-kofta,Cooking oil,तेल,ಎಣ್ಣೆ,3,tsp,staple,true,20
chole,Chickpeas (kabuli chana),काबुली चना,ಕಡಲೆಕಾಳು,60,g,protein,false,1
chole,Onion (medium),प्याज़,ಈರುಳ್ಳಿ,1,piece,vegetable,false,2
chole,Tomato (medium),टमाटर,ಟೊಮೇಟೊ,1,piece,vegetable,false,3
chole,Ginger-garlic paste,अदरक-लहसुन पेस्ट,ಶುಂಠಿ-ಬೆಳ್ಳುಳ್ಳಿ ಪೇಸ್ಟ್,1,tsp,staple,true,4
chole,Turmeric,हल्दी,ಅರಿಶಿನ,0.2,tsp,staple,true,5
chole,Coriander powder,धनिया पाउडर,ಧನಿಯಾ ಪುಡಿ,0.4,tsp,staple,true,6
chole,Red chilli powder,लाल मिर्च पाउडर,ಕೆಂಪು ಮೆಣಸಿನ ಪುಡಿ,0.3,tsp,staple,true,7
chole,Garam masala,गरम मसाला,ಗರಂ ಮಸಾಲ,0.3,tsp,staple,true,8
chole,Cooking oil,तेल,ಎಣ್ಣೆ,2,tsp,staple,true,9
chole,Coriander leaves,हरा धनिया,ಕೊತ್ತಂಬರಿ ಸೊಪ್ಪು,0.1,bunch,vegetable,false,10
rajma,Rajma,राजमा,ರಾಜ್ಮಾ,60,g,protein,false,1
rajma,Onion (medium),प्याज़,ಈರುಳ್ಳಿ,1,piece,vegetable,false,2
rajma,Tomato (medium),टमाटर,ಟೊಮೇಟೊ,1,piece,vegetable,false,3
rajma,Ginger-garlic paste,अदरक-लहसुन पेस्ट,ಶುಂಠಿ-ಬೆಳ್ಳುಳ್ಳಿ ಪೇಸ್ಟ್,1,tsp,staple,true,4
rajma,Turmeric,हल्दी,ಅರಿಶಿನ,0.2,tsp,staple,true,5
rajma,Red chilli powder,लाल मिर्च पाउडर,ಕೆಂಪು ಮೆಣಸಿನ ಪುಡಿ,0.3,tsp,staple,true,6
rajma,Coriander powder,धनिया पाउडर,ಧನಿಯಾ ಪುಡಿ,0.4,tsp,staple,true,7
rajma,Garam masala,गरम मसाला,ಗರಂ ಮಸಾಲ,0.3,tsp,staple,true,8
rajma,Cooking oil,तेल,ಎಣ್ಣೆ,2,tsp,staple,true,9
dal-fry,Toor dal,अरहर दाल,ತೊಗರಿ ಬೇಳೆ,15,g,protein,false,1
dal-fry,Chana dal,चना दाल,ಕಡಲೆ ಬೇಳೆ,15,g,protein,false,2
dal-fry,Moong dal,मूंग दाल,ಹೆಸರು ಬೇಳೆ,15,g,protein,false,3
dal-fry,Masoor dal,मसूर दाल,ಮಸೂರ್ ಬೇಳೆ,15,g,protein,false,4
dal-fry,Onion (medium),प्याज़,ಈರುಳ್ಳಿ,0.5,piece,vegetable,false,5
dal-fry,Tomato (medium),टमाटर,ಟೊಮೇಟೊ,0.5,piece,vegetable,false,6
dal-fry,Green chilli,हरी मिर्च,ಹಸಿ ಮೆಣಸಿನಕಾಯಿ,0.5,piece,vegetable,false,7
dal-fry,Ginger-garlic paste,अदरक-लहसुन पेस्ट,ಶುಂಠಿ-ಬೆಳ್ಳುಳ್ಳಿ ಪೇಸ್ಟ್,1,tsp,staple,true,8
dal-fry,Ghee,घी,ತುಪ್ಪ,1,tsp,staple,true,9
dal-fry,Cumin (jeera),जीरा,ಜೀರಿಗೆ,0.4,tsp,staple,true,10
dal-fry,Turmeric,हल्दी,ಅರಿಶಿನ,0.2,tsp,staple,true,11
dal-fry,Garam masala,गरम मसाला,ಗರಂ ಮಸಾಲ,0.3,tsp,staple,true,12
dal-fry,"Whole spices (bay leaf, cinnamon, cloves)",खड़े मसाले,"ಇಡೀ ಮಸಾಲೆ (ಚಕ್ಕೆ, ಲವಂಗ)",1,piece,staple,true,13
dal-fry,Dried red chilli,सूखी लाल मिर्च,ಒಣ ಕೆಂಪು ಮೆಣಸಿನಕಾಯಿ,0.5,piece,staple,true,14
dal-fry,Coriander leaves,हरा धनिया,ಕೊತ್ತಂಬರಿ ಸೊಪ್ಪು,0.1,bunch,vegetable,false,15
dal-makhani,Whole black urad dal,साबुत काली उड़द,ಕಪ್ಪು ಉದ್ದಿನ ಬೇಳೆ,50,g,protein,false,1
dal-makhani,Rajma,राजमा,ರಾಜ್ಮಾ,15,g,protein,false,2
dal-makhani,Tomato (medium),टमाटर,ಟೊಮೇಟೊ,1,piece,vegetable,false,3
dal-makhani,Butter,मक्खन,ಬೆಣ್ಣೆ,10,g,dairy,false,4
dal-makhani,Fresh cream,क्रीम,ಕ್ರೀಮ್,15,ml,dairy,false,5
dal-makhani,Ginger-garlic paste,अदरक-लहसुन पेस्ट,ಶುಂಠಿ-ಬೆಳ್ಳುಳ್ಳಿ ಪೇಸ್ಟ್,1,tsp,staple,true,6
dal-makhani,Red chilli powder,लाल मिर्च पाउडर,ಕೆಂಪು ಮೆಣಸಿನ ಪುಡಿ,0.3,tsp,staple,true,7
kadhi-pakoda,Curd,दही,ಮೊಸರು,100,g,dairy,false,1
kadhi-pakoda,Besan (gram flour),बेसन,ಕಡಲೆ ಹಿಟ್ಟು,35,g,other,false,2
kadhi-pakoda,Onion (medium),प्याज़,ಈರುಳ್ಳಿ,0.4,piece,vegetable,false,3
kadhi-pakoda,Turmeric,हल्दी,ಅರಿಶಿನ,0.2,tsp,staple,true,4
kadhi-pakoda,Mustard seeds,राई,ಸಾಸಿವೆ,0.3,tsp,staple,true,5
kadhi-pakoda,Cumin (jeera),जीरा,ಜೀರಿಗೆ,0.4,tsp,staple,true,6
kadhi-pakoda,Dried red chilli,सूखी लाल मिर्च,ಒಣ ಕೆಂಪು ಮೆಣಸಿನಕಾಯಿ,0.5,piece,staple,true,7
kadhi-pakoda,Cooking oil,तेल,ಎಣ್ಣೆ,2,tsp,staple,true,8
aloo-gobi,Potato (medium),आलू,ಆಲೂಗಡ್ಡೆ,1,piece,vegetable,false,1
aloo-gobi,Cauliflower,फूलगोभी,ಹೂಕೋಸು,150,g,vegetable,false,2
aloo-gobi,Cumin (jeera),जीरा,ಜೀರಿಗೆ,0.4,tsp,staple,true,3
aloo-gobi,Turmeric,हल्दी,ಅರಿಶಿನ,0.2,tsp,staple,true,4
aloo-gobi,Red chilli powder,लाल मिर्च पाउडर,ಕೆಂಪು ಮೆಣಸಿನ ಪುಡಿ,0.3,tsp,staple,true,5
aloo-gobi,Coriander powder,धनिया पाउडर,ಧನಿಯಾ ಪುಡಿ,0.4,tsp,staple,true,6
aloo-gobi,Garam masala,गरम मसाला,ಗರಂ ಮಸಾಲ,0.3,tsp,staple,true,7
aloo-gobi,Cooking oil,तेल,ಎಣ್ಣೆ,2,tsp,staple,true,8
aloo-gobi,Coriander leaves,हरा धनिया,ಕೊತ್ತಂಬರಿ ಸೊಪ್ಪು,0.1,bunch,vegetable,false,9
bhindi-fry,Okra (bhindi),भिंडी,ಬೆಂಡೆಕಾಯಿ,150,g,vegetable,false,1
bhindi-fry,Onion (medium),प्याज़,ಈರುಳ್ಳಿ,0.5,piece,vegetable,false,2
bhindi-fry,Turmeric,हल्दी,ಅರಿಶಿನ,0.2,tsp,staple,true,3
bhindi-fry,Red chilli powder,लाल मिर्च पाउडर,ಕೆಂಪು ಮೆಣಸಿನ ಪುಡಿ,0.3,tsp,staple,true,4
bhindi-fry,Coriander powder,धनिया पाउडर,ಧನಿಯಾ ಪುಡಿ,0.4,tsp,staple,true,5
bhindi-fry,Cooking oil,तेल,ಎಣ್ಣೆ,2.5,tsp,staple,true,6
baingan-bharta,Brinjal (large),बड़ा बैंगन,ದೊಡ್ಡ ಬದನೆಕಾಯಿ,0.5,piece,vegetable,false,1
baingan-bharta,Onion (medium),प्याज़,ಈರುಳ್ಳಿ,0.7,piece,vegetable,false,2
baingan-bharta,Tomato (medium),टमाटर,ಟೊಮೇಟೊ,0.7,piece,vegetable,false,3
baingan-bharta,Garlic cloves,लहसुन,ಬೆಳ್ಳುಳ್ಳಿ,2,piece,vegetable,false,4
baingan-bharta,Green chilli,हरी मिर्च,ಹಸಿ ಮೆಣಸಿನಕಾಯಿ,0.5,piece,vegetable,false,5
baingan-bharta,Cooking oil,तेल,ಎಣ್ಣೆ,2,tsp,staple,true,6
baingan-bharta,Coriander leaves,हरा धनिया,ಕೊತ್ತಂಬರಿ ಸೊಪ್ಪು,0.1,bunch,vegetable,false,7
jeera-aloo,Potato (medium),आलू,ಆಲೂಗಡ್ಡೆ,1.5,piece,vegetable,false,1
jeera-aloo,Cumin (jeera),जीरा,ಜೀರಿಗೆ,0.7,tsp,staple,true,2
jeera-aloo,Turmeric,हल्दी,ಅರಿಶಿನ,0.2,tsp,staple,true,3
jeera-aloo,Red chilli powder,लाल मिर्च पाउडर,ಕೆಂಪು ಮೆಣಸಿನ ಪುಡಿ,0.3,tsp,staple,true,4
jeera-aloo,Lemon,नींबू,ನಿಂಬೆಹಣ್ಣು,0.2,piece,vegetable,false,5
jeera-aloo,Cooking oil,तेल,ಎಣ್ಣೆ,2,tsp,staple,true,6
jeera-aloo,Coriander leaves,हरा धनिया,ಕೊತ್ತಂಬರಿ ಸೊಪ್ಪು,0.1,bunch,vegetable,false,7
mix-veg-sabzi,Carrot,गाजर,ಕ್ಯಾರೆಟ್,0.3,piece,vegetable,false,1
mix-veg-sabzi,French beans,बीन्स,ಹುರುಳಿಕಾಯಿ,40,g,vegetable,false,2
mix-veg-sabzi,Potato (medium),आलू,ಆಲೂಗಡ್ಡೆ,0.5,piece,vegetable,false,3
mix-veg-sabzi,Green peas,हरी मटर,ಹಸಿರು ಬಟಾಣಿ,30,g,vegetable,false,4
mix-veg-sabzi,Capsicum,शिमला मिर्च,ದೊಣ್ಣೆ ಮೆಣಸಿನಕಾಯಿ,0.3,piece,vegetable,false,5
mix-veg-sabzi,Onion (medium),प्याज़,ಈರುಳ್ಳಿ,0.5,piece,vegetable,false,6
mix-veg-sabzi,Tomato (medium),टमाटर,ಟೊಮೇಟೊ,0.5,piece,vegetable,false,7
mix-veg-sabzi,Ginger-garlic paste,अदरक-लहसुन पेस्ट,ಶುಂಠಿ-ಬೆಳ್ಳುಳ್ಳಿ ಪೇಸ್ಟ್,1,tsp,staple,true,8
mix-veg-sabzi,Cumin (jeera),जीरा,ಜೀರಿಗೆ,0.4,tsp,staple,true,9
mix-veg-sabzi,Turmeric,हल्दी,ಅರಿಶಿನ,0.2,tsp,staple,true,10
mix-veg-sabzi,Red chilli powder,लाल मिर्च पाउडर,ಕೆಂಪು ಮೆಣಸಿನ ಪುಡಿ,0.3,tsp,staple,true,11
mix-veg-sabzi,Coriander powder,धनिया पाउडर,ಧನಿಯಾ ಪುಡಿ,0.4,tsp,staple,true,12
mix-veg-sabzi,Garam masala,गरम मसाला,ಗರಂ ಮಸಾಲ,0.3,tsp,staple,true,13
mix-veg-sabzi,Cooking oil,तेल,ಎಣ್ಣೆ,2,tsp,staple,true,14
aloo-matar,Potato (medium),आलू,ಆಲೂಗಡ್ಡೆ,1,piece,vegetable,false,1
aloo-matar,Green peas,हरी मटर,ಹಸಿರು ಬಟಾಣಿ,50,g,vegetable,false,2
aloo-matar,Onion (medium),प्याज़,ಈರುಳ್ಳಿ,0.7,piece,vegetable,false,3
aloo-matar,Tomato (medium),टमाटर,ಟೊಮೇಟೊ,0.7,piece,vegetable,false,4
aloo-matar,Ginger-garlic paste,अदरक-लहसुन पेस्ट,ಶುಂಠಿ-ಬೆಳ್ಳುಳ್ಳಿ ಪೇಸ್ಟ್,1,tsp,staple,true,5
aloo-matar,Cumin (jeera),जीरा,ಜೀರಿಗೆ,0.4,tsp,staple,true,6
aloo-matar,Turmeric,हल्दी,ಅರಿಶಿನ,0.2,tsp,staple,true,7
aloo-matar,Red chilli powder,लाल मिर्च पाउडर,ಕೆಂಪು ಮೆಣಸಿನ ಪುಡಿ,0.3,tsp,staple,true,8
aloo-matar,Coriander powder,धनिया पाउडर,ಧನಿಯಾ ಪುಡಿ,0.4,tsp,staple,true,9
aloo-matar,Garam masala,गरम मसाला,ಗರಂ ಮಸಾಲ,0.3,tsp,staple,true,10
aloo-matar,Cooking oil,तेल,ಎಣ್ಣೆ,2,tsp,staple,true,11
aloo-baingan,Potato (medium),आलू,ಆಲೂಗಡ್ಡೆ,0.8,piece,vegetable,false,1
aloo-baingan,Brinjal (large),बड़ा बैंगन,ದೊಡ್ಡ ಬದನೆಕಾಯಿ,0.8,piece,vegetable,false,2
aloo-baingan,Turmeric,हल्दी,ಅರಿಶಿನ,0.2,tsp,staple,true,3
aloo-baingan,Garam masala,गरम मसाला,ಗರಂ ಮಸಾಲ,0.3,tsp,staple,true,4
aloo-baingan,Red chilli powder,लाल मिर्च पाउडर,ಕೆಂಪು ಮೆಣಸಿನ ಪುಡಿ,0.3,tsp,staple,true,5
aloo-baingan,Coriander powder,धनिया पाउडर,ಧನಿಯಾ ಪುಡಿ,0.4,tsp,staple,true,6
aloo-baingan,Amchur (dry mango powder),अमचूर,ಮಾವಿನ ಪುಡಿ,0.3,tsp,other,false,7
aloo-baingan,Cooking oil,तेल,ಎಣ್ಣೆ,2.5,tsp,staple,true,8
aloo-baingan,Coriander leaves,हरा धनिया,ಕೊತ್ತಂಬರಿ ಸೊಪ್ಪು,0.1,bunch,vegetable,false,9
dahi-aloo,Potato (medium),आलू,ಆಲೂಗಡ್ಡೆ,1.5,piece,vegetable,false,1
dahi-aloo,Curd,दही,ಮೊಸರು,60,g,dairy,false,2
dahi-aloo,Onion (medium),प्याज़,ಈರುಳ್ಳಿ,1,piece,vegetable,false,3
dahi-aloo,Tomato (medium),टमाटर,ಟೊಮೇಟೊ,0.7,piece,vegetable,false,4
dahi-aloo,Ginger-garlic paste,अदरक-लहसुन पेस्ट,ಶುಂಠಿ-ಬೆಳ್ಳುಳ್ಳಿ ಪೇಸ್ಟ್,1,tsp,staple,true,5
dahi-aloo,Turmeric,हल्दी,ಅರಿಶಿನ,0.2,tsp,staple,true,6
dahi-aloo,Red chilli powder,लाल मिर्च पाउडर,ಕೆಂಪು ಮೆಣಸಿನ ಪುಡಿ,0.3,tsp,staple,true,7
dahi-aloo,Coriander powder,धनिया पाउडर,ಧನಿಯಾ ಪುಡಿ,0.4,tsp,staple,true,8
dahi-aloo,Cumin (jeera),जीरा,ಜೀರಿಗೆ,0.4,tsp,staple,true,9
dahi-aloo,Asafoetida (hing),हींग,ಇಂಗು,0.1,tsp,staple,true,10
dahi-aloo,Kasuri methi,कसूरी मेथी,ಕಸೂರಿ ಮೆಂತ್ಯ,0.4,tsp,staple,true,11
dahi-aloo,Garam masala,गरम मसाला,ಗರಂ ಮಸಾಲ,0.3,tsp,staple,true,12
dahi-aloo,Cooking oil,तेल,ಎಣ್ಣೆ,2.5,tsp,staple,true,13
dahi-aloo,Coriander leaves,हरा धनिया,ಕೊತ್ತಂಬರಿ ಸೊಪ್ಪು,0.1,bunch,vegetable,false,14
sev-tamatar,Tomato (medium),टमाटर,ಟೊಮೇಟೊ,1.5,piece,vegetable,false,1
sev-tamatar,Curd,दही,ಮೊಸರು,40,g,dairy,false,2
sev-tamatar,Onion (medium),प्याज़,ಈರುಳ್ಳಿ,0.7,piece,vegetable,false,3
sev-tamatar,Garlic cloves,लहसुन,ಬೆಳ್ಳುಳ್ಳಿ,2,piece,vegetable,false,4
sev-tamatar,Ginger,अदरक,ಶುಂಠಿ,4,g,vegetable,false,5
sev-tamatar,Green chilli,हरी मिर्च,ಹಸಿ ಮೆಣಸಿನಕಾಯಿ,0.7,piece,vegetable,false,6
sev-tamatar,Sev,सेव,ಸೇವ್,30,g,other,false,7
sev-tamatar,Mustard seeds,राई,ಸಾಸಿವೆ,0.3,tsp,staple,true,8
sev-tamatar,Cumin (jeera),जीरा,ಜೀರಿಗೆ,0.4,tsp,staple,true,9
sev-tamatar,Asafoetida (hing),हींग,ಇಂಗು,0.1,tsp,staple,true,10
sev-tamatar,Turmeric,हल्दी,ಅರಿಶಿನ,0.2,tsp,staple,true,11
sev-tamatar,Red chilli powder,लाल मिर्च पाउडर,ಕೆಂಪು ಮೆಣಸಿನ ಪುಡಿ,0.3,tsp,staple,true,12
sev-tamatar,Coriander powder,धनिया पाउडर,ಧನಿಯಾ ಪುಡಿ,0.4,tsp,staple,true,13
sev-tamatar,Kasuri methi,कसूरी मेथी,ಕಸೂರಿ ಮೆಂತ್ಯ,0.3,tsp,staple,true,14
sev-tamatar,Garam masala,गरम मसाला,ಗರಂ ಮಸಾಲ,0.3,tsp,staple,true,15
sev-tamatar,Sugar,चीनी,ಸಕ್ಕರೆ,0.3,tsp,other,false,16
sev-tamatar,Cooking oil,तेल,ಎಣ್ಣೆ,3,tsp,staple,true,17
sev-tamatar,Coriander leaves,हरा धनिया,ಕೊತ್ತಂಬರಿ ಸೊಪ್ಪು,0.1,bunch,vegetable,false,18
lauki-chana-dal,Bottle gourd (lauki),लौकी,ಸೋರೆಕಾಯಿ,150,g,vegetable,false,1
lauki-chana-dal,Chana dal,चना दाल,ಕಡಲೆ ಬೇಳೆ,40,g,protein,false,2
lauki-chana-dal,Tomato (medium),टमाटर,ಟೊಮೇಟೊ,0.5,piece,vegetable,false,3
lauki-chana-dal,Garlic cloves,लहसुन,ಬೆಳ್ಳುಳ್ಳಿ,2,piece,vegetable,false,4
lauki-chana-dal,Ghee,घी,ತುಪ್ಪ,1,tsp,staple,true,5
lauki-chana-dal,Cumin (jeera),जीरा,ಜೀರಿಗೆ,0.4,tsp,staple,true,6
lauki-chana-dal,Turmeric,हल्दी,ಅರಿಶಿನ,0.2,tsp,staple,true,7
lauki-chana-dal,Coriander leaves,हरा धनिया,ಕೊತ್ತಂಬರಿ ಸೊಪ್ಪು,0.1,bunch,vegetable,false,8
sambar,Toor dal,अरहर दाल,ತೊಗರಿ ಬೇಳೆ,50,g,protein,false,1
sambar,Sambar powder,सांभर पाउडर,ಸಾಂಬಾರ್ ಪುಡಿ,1.5,tsp,staple,true,2
sambar,Tamarind,इमली,ಹುಣಸೆಹಣ್ಣು,10,g,other,false,3
sambar,French beans,बीन्स,ಹುರುಳಿಕಾಯಿ,30,g,vegetable,false,4
sambar,Carrot,गाजर,ಕ್ಯಾರೆಟ್,0.3,piece,vegetable,false,5
sambar,Brinjal (large),बड़ा बैंगन,ದೊಡ್ಡ ಬದನೆಕಾಯಿ,0.15,piece,vegetable,false,6
sambar,Onion (medium),प्याज़,ಈರುಳ್ಳಿ,0.5,piece,vegetable,false,7
sambar,Tomato (medium),टमाटर,ಟೊಮೇಟೊ,0.5,piece,vegetable,false,8
sambar,Mustard seeds,राई,ಸಾಸಿವೆ,0.3,tsp,staple,true,9
sambar,Curry leaves,करी पत्ता,ಕರಿಬೇವು,0.2,bunch,staple,true,10
sambar,Asafoetida (hing),हींग,ಇಂಗು,0.1,tsp,staple,true,11
sambar,Dried red chilli,सूखी लाल मिर्च,ಒಣ ಕೆಂಪು ಮೆಣಸಿನಕಾಯಿ,0.5,piece,staple,true,12
sambar,Turmeric,हल्दी,ಅರಿಶಿನ,0.2,tsp,staple,true,13
sambar,Cooking oil,तेल,ಎಣ್ಣೆ,2,tsp,staple,true,14
tomato-rasam,Toor dal,अरहर दाल,ತೊಗರಿ ಬೇಳೆ,25,g,protein,false,1
tomato-rasam,Tomato (medium),टमाटर,ಟೊಮೇಟೊ,1,piece,vegetable,false,2
tomato-rasam,Rasam powder,रसम पाउडर,ರಸಂ ಪುಡಿ,1.2,tsp,staple,true,3
tomato-rasam,Tamarind,इमली,ಹುಣಸೆಹಣ್ಣು,8,g,other,false,4
tomato-rasam,Mustard seeds,राई,ಸಾಸಿವೆ,0.3,tsp,staple,true,5
tomato-rasam,Cumin (jeera),जीरा,ಜೀರಿಗೆ,0.4,tsp,staple,true,6
tomato-rasam,Curry leaves,करी पत्ता,ಕರಿಬೇವು,0.2,bunch,staple,true,7
tomato-rasam,Asafoetida (hing),हींग,ಇಂಗು,0.1,tsp,staple,true,8
tomato-rasam,Ghee,घी,ತುಪ್ಪ,1,tsp,staple,true,9
tomato-rasam,Coriander leaves,हरा धनिया,ಕೊತ್ತಂಬರಿ ಸೊಪ್ಪು,0.1,bunch,vegetable,false,10
curd-rice,Rice,चावल,ಅಕ್ಕಿ,70,g,other,false,1
curd-rice,Curd,दही,ಮೊಸರು,150,g,dairy,false,2
curd-rice,Milk,दूध,ಹಾಲು,30,ml,dairy,false,3
curd-rice,Green chilli,हरी मिर्च,ಹಸಿ ಮೆಣಸಿನಕಾಯಿ,0.5,piece,vegetable,false,4
curd-rice,Ginger,अदरक,ಶುಂಠಿ,5,g,vegetable,false,5
curd-rice,Chana dal,चना दाल,ಕಡಲೆ ಬೇಳೆ,5,g,protein,false,6
curd-rice,Mustard seeds,राई,ಸಾಸಿವೆ,0.3,tsp,staple,true,7
curd-rice,Curry leaves,करी पत्ता,ಕರಿಬೇವು,0.2,bunch,staple,true,8
curd-rice,Cooking oil,तेल,ಎಣ್ಣೆ,2,tsp,staple,true,9
lemon-rice,Rice,चावल,ಅಕ್ಕಿ,75,g,other,false,1
lemon-rice,Lemon,नींबू,ನಿಂಬೆಹಣ್ಣು,0.5,piece,vegetable,false,2
lemon-rice,Peanuts,मूंगफली,ಕಡಲೆಕಾಯಿ ಬೀಜ,10,g,other,false,3
lemon-rice,Chana dal,चना दाल,ಕಡಲೆ ಬೇಳೆ,5,g,protein,false,4
lemon-rice,Green chilli,हरी मिर्च,ಹಸಿ ಮೆಣಸಿನಕಾಯಿ,0.7,piece,vegetable,false,5
lemon-rice,Mustard seeds,राई,ಸಾಸಿವೆ,0.3,tsp,staple,true,6
lemon-rice,Curry leaves,करी पत्ता,ಕರಿಬೇವು,0.2,bunch,staple,true,7
lemon-rice,Asafoetida (hing),हींग,ಇಂಗು,0.1,tsp,staple,true,8
lemon-rice,Turmeric,हल्दी,ಅರಿಶಿನ,0.2,tsp,staple,true,9
lemon-rice,Cooking oil,तेल,ಎಣ್ಣೆ,2,tsp,staple,true,10
tomato-rice,Rice,चावल,ಅಕ್ಕಿ,75,g,other,false,1
tomato-rice,Tomato (medium),टमाटर,ಟೊಮೇಟೊ,1.5,piece,vegetable,false,2
tomato-rice,Onion (medium),प्याज़,ಈರುಳ್ಳಿ,0.5,piece,vegetable,false,3
tomato-rice,Green chilli,हरी मिर्च,ಹಸಿ ಮೆಣಸಿನಕಾಯಿ,0.5,piece,vegetable,false,4
tomato-rice,Mint leaves,पुदीना,ಪುದೀನ,0.1,bunch,vegetable,false,5
tomato-rice,"Whole spices (bay leaf, cinnamon, cloves)",खड़े मसाले,"ಇಡೀ ಮಸಾಲೆ (ಚಕ್ಕೆ, ಲವಂಗ)",1,piece,staple,true,6
tomato-rice,Mustard seeds,राई,ಸಾಸಿವೆ,0.3,tsp,staple,true,7
tomato-rice,Turmeric,हल्दी,ಅರಿಶಿನ,0.2,tsp,staple,true,8
tomato-rice,Red chilli powder,लाल मिर्च पाउडर,ಕೆಂಪು ಮೆಣಸಿನ ಪುಡಿ,0.3,tsp,staple,true,9
tomato-rice,Cooking oil,तेल,ಎಣ್ಣೆ,2,tsp,staple,true,10
tomato-rice,Coriander leaves,हरा धनिया,ಕೊತ್ತಂಬರಿ ಸೊಪ್ಪು,0.1,bunch,vegetable,false,11
bisi-bele-bath,Rice,चावल,ಅಕ್ಕಿ,60,g,other,false,1
bisi-bele-bath,Toor dal,अरहर दाल,ತೊಗರಿ ಬೇಳೆ,40,g,protein,false,2
bisi-bele-bath,Sambar powder,सांभर पाउडर,ಸಾಂಬಾರ್ ಪುಡಿ,1.5,tsp,staple,true,3
bisi-bele-bath,Tamarind,इमली,ಹುಣಸೆಹಣ್ಣು,8,g,other,false,4
bisi-bele-bath,Jaggery,गुड़,ಬೆಲ್ಲ,5,g,other,false,5
bisi-bele-bath,Carrot,गाजर,ಕ್ಯಾರೆಟ್,0.3,piece,vegetable,false,6
bisi-bele-bath,French beans,बीन्स,ಹುರುಳಿಕಾಯಿ,30,g,vegetable,false,7
bisi-bele-bath,Green peas,हरी मटर,ಹಸಿರು ಬಟಾಣಿ,20,g,vegetable,false,8
bisi-bele-bath,Peanuts,मूंगफली,ಕಡಲೆಕಾಯಿ ಬೀಜ,10,g,other,false,9
bisi-bele-bath,Mustard seeds,राई,ಸಾಸಿವೆ,0.3,tsp,staple,true,10
bisi-bele-bath,Curry leaves,करी पत्ता,ಕರಿಬೇವು,0.2,bunch,staple,true,11
bisi-bele-bath,Dried red chilli,सूखी लाल मिर्च,ಒಣ ಕೆಂಪು ಮೆಣಸಿನಕಾಯಿ,0.5,piece,staple,true,12
bisi-bele-bath,Ghee,घी,ತುಪ್ಪ,1,tsp,staple,true,13
veg-kurma,Carrot,गाजर,ಕ್ಯಾರೆಟ್,0.3,piece,vegetable,false,1
veg-kurma,French beans,बीन्स,ಹುರುಳಿಕಾಯಿ,30,g,vegetable,false,2
veg-kurma,Potato (medium),आलू,ಆಲೂಗಡ್ಡೆ,0.5,piece,vegetable,false,3
veg-kurma,Green peas,हरी मटर,ಹಸಿರು ಬಟಾಣಿ,20,g,vegetable,false,4
veg-kurma,Grated coconut,कसा नारियल,ತೆಂಗಿನ ತುರಿ,20,g,other,false,5
veg-kurma,Cashews,काजू,ಗೋಡಂಬಿ,5,g,other,false,6
veg-kurma,Onion (medium),प्याज़,ಈರುಳ್ಳಿ,0.7,piece,vegetable,false,7
veg-kurma,Tomato (medium),टमाटर,ಟೊಮೇಟೊ,0.5,piece,vegetable,false,8
veg-kurma,Green chilli,हरी मिर्च,ಹಸಿ ಮೆಣಸಿನಕಾಯಿ,0.7,piece,vegetable,false,9
veg-kurma,Ginger-garlic paste,अदरक-लहसुन पेस्ट,ಶುಂಠಿ-ಬೆಳ್ಳುಳ್ಳಿ ಪೇಸ್ಟ್,1,tsp,staple,true,10
veg-kurma,"Whole spices (bay leaf, cinnamon, cloves)",खड़े मसाले,"ಇಡೀ ಮಸಾಲೆ (ಚಕ್ಕೆ, ಲವಂಗ)",1,piece,staple,true,11
veg-kurma,Turmeric,हल्दी,ಅರಿಶಿನ,0.2,tsp,staple,true,12
veg-kurma,Cooking oil,तेल,ಎಣ್ಣೆ,2,tsp,staple,true,13
beans-palya,French beans,बीन्स,ಹುರುಳಿಕಾಯಿ,120,g,vegetable,false,1
beans-palya,Grated coconut,कसा नारियल,ತೆಂಗಿನ ತುರಿ,15,g,other,false,2
beans-palya,White urad dal,सफ़ेद उड़द दाल,ಉದ್ದಿನ ಬೇಳೆ,5,g,protein,false,3
beans-palya,Mustard seeds,राई,ಸಾಸಿವೆ,0.3,tsp,staple,true,4
beans-palya,Dried red chilli,सूखी लाल मिर्च,ಒಣ ಕೆಂಪು ಮೆಣಸಿನಕಾಯಿ,0.5,piece,staple,true,5
beans-palya,Curry leaves,करी पत्ता,ಕರಿಬೇವು,0.2,bunch,staple,true,6
beans-palya,Turmeric,हल्दी,ಅರಿಶಿನ,0.2,tsp,staple,true,7
beans-palya,Cooking oil,तेल,ಎಣ್ಣೆ,2,tsp,staple,true,8
cabbage-poriyal,Cabbage,पत्ता गोभी,ಎಲೆಕೋಸು,150,g,vegetable,false,1
cabbage-poriyal,Grated coconut,कसा नारियल,ತೆಂಗಿನ ತುರಿ,15,g,other,false,2
cabbage-poriyal,White urad dal,सफ़ेद उड़द दाल,ಉದ್ದಿನ ಬೇಳೆ,5,g,protein,false,3
cabbage-poriyal,Green chilli,हरी मिर्च,ಹಸಿ ಮೆಣಸಿನಕಾಯಿ,0.5,piece,vegetable,false,4
cabbage-poriyal,Mustard seeds,राई,ಸಾಸಿವೆ,0.3,tsp,staple,true,5
cabbage-poriyal,Curry leaves,करी पत्ता,ಕರಿಬೇವು,0.2,bunch,staple,true,6
cabbage-poriyal,Turmeric,हल्दी,ಅರಿಶಿನ,0.2,tsp,staple,true,7
cabbage-poriyal,Cooking oil,तेल,ಎಣ್ಣೆ,2,tsp,staple,true,8
avial,Carrot,गाजर,ಕ್ಯಾರೆಟ್,0.4,piece,vegetable,false,1
avial,French beans,बीन्स,ಹುರುಳಿಕಾಯಿ,40,g,vegetable,false,2
avial,Potato (medium),आलू,ಆಲೂಗಡ್ಡೆ,0.5,piece,vegetable,false,3
avial,Bottle gourd (lauki),लौकी,ಸೋರೆಕಾಯಿ,60,g,vegetable,false,4
avial,Grated coconut,कसा नारियल,ತೆಂಗಿನ ತುರಿ,25,g,other,false,5
avial,Curd,दही,ಮೊಸರು,50,g,dairy,false,6
avial,Green chilli,हरी मिर्च,ಹಸಿ ಮೆಣಸಿನಕಾಯಿ,0.7,piece,vegetable,false,7
avial,Cumin (jeera),जीरा,ಜೀರಿಗೆ,0.4,tsp,staple,true,8
avial,Turmeric,हल्दी,ಅರಿಶಿನ,0.2,tsp,staple,true,9
avial,Curry leaves,करी पत्ता,ಕರಿಬೇವು,0.2,bunch,staple,true,10
avial,Cooking oil,तेल,ಎಣ್ಣೆ,2,tsp,staple,true,11
puliogare,Rice,चावल,ಅಕ್ಕಿ,75,g,other,false,1
puliogare,Tamarind,इमली,ಹುಣಸೆಹಣ್ಣು,15,g,other,false,2
puliogare,Peanuts,मूंगफली,ಕಡಲೆಕಾಯಿ ಬೀಜ,12,g,other,false,3
puliogare,Chana dal,चना दाल,ಕಡಲೆ ಬೇಳೆ,5,g,protein,false,4
puliogare,Jaggery,गुड़,ಬೆಲ್ಲ,5,g,other,false,5
puliogare,Mustard seeds,राई,ಸಾಸಿವೆ,0.3,tsp,staple,true,6
puliogare,Dried red chilli,सूखी लाल मिर्च,ಒಣ ಕೆಂಪು ಮೆಣಸಿನಕಾಯಿ,1,piece,staple,true,7
puliogare,Curry leaves,करी पत्ता,ಕರಿಬೇವು,0.2,bunch,staple,true,8
puliogare,Asafoetida (hing),हींग,ಇಂಗು,0.1,tsp,staple,true,9
puliogare,Turmeric,हल्दी,ಅರಿಶಿನ,0.2,tsp,staple,true,10
puliogare,Cooking oil,तेल,ಎಣ್ಣೆ,2.5,tsp,staple,true,11
vangi-bath,Rice,चावल,ಅಕ್ಕಿ,75,g,other,false,1
vangi-bath,Brinjal (large),बड़ा बैंगन,ದೊಡ್ಡ ಬದನೆಕಾಯಿ,0.5,piece,vegetable,false,2
vangi-bath,Sambar powder,सांभर पाउडर,ಸಾಂಬಾರ್ ಪುಡಿ,1.5,tsp,staple,true,3
vangi-bath,Tamarind,इमली,ಹುಣಸೆಹಣ್ಣು,10,g,other,false,4
vangi-bath,Jaggery,गुड़,ಬೆಲ್ಲ,5,g,other,false,5
vangi-bath,Peanuts,मूंगफली,ಕಡಲೆಕಾಯಿ ಬೀಜ,8,g,other,false,6
vangi-bath,Mustard seeds,राई,ಸಾಸಿವೆ,0.3,tsp,staple,true,7
vangi-bath,Cumin (jeera),जीरा,ಜೀರಿಗೆ,0.4,tsp,staple,true,8
vangi-bath,Curry leaves,करी पत्ता,ಕರಿಬೇವು,0.2,bunch,staple,true,9
vangi-bath,Dried red chilli,सूखी लाल मिर्च,ಒಣ ಕೆಂಪು ಮೆಣಸಿನಕಾಯಿ,0.5,piece,staple,true,10
vangi-bath,Turmeric,हल्दी,ಅರಿಶಿನ,0.2,tsp,staple,true,11
vangi-bath,Cooking oil,तेल,ಎಣ್ಣೆ,2,tsp,staple,true,12
vangi-bath,Coriander leaves,हरा धनिया,ಕೊತ್ತಂಬರಿ ಸೊಪ್ಪು,0.1,bunch,vegetable,false,13
akki-rotti,Rice flour,चावल का आटा,ಅಕ್ಕಿ ಹಿಟ್ಟು,70,g,other,false,1
akki-rotti,Carrot,गाजर,ಕ್ಯಾರೆಟ್,0.2,piece,vegetable,false,2
akki-rotti,Onion (medium),प्याज़,ಈರುಳ್ಳಿ,0.3,piece,vegetable,false,3
akki-rotti,Coriander leaves,हरा धनिया,ಕೊತ್ತಂಬರಿ ಸೊಪ್ಪು,0.1,bunch,vegetable,false,4
akki-rotti,Cooking oil,तेल,ಎಣ್ಣೆ,2,tsp,staple,true,5
uppittu,Vermicelli (semiya),सेवइयां,ಶಾವಿಗೆ,60,g,other,false,1
uppittu,Carrot,गाजर,ಕ್ಯಾರೆಟ್,0.3,piece,vegetable,false,2
uppittu,Green peas,हरी मटर,ಹಸಿರು ಬಟಾಣಿ,20,g,vegetable,false,3
uppittu,Capsicum,शिमला मिर्च,ದೊಣ್ಣೆ ಮೆಣಸಿನಕಾಯಿ,0.2,piece,vegetable,false,4
uppittu,French beans,बीन्स,ಹುರುಳಿಕಾಯಿ,20,g,vegetable,false,5
uppittu,Onion (medium),प्याज़,ಈರುಳ್ಳಿ,0.3,piece,vegetable,false,6
uppittu,Green chilli,हरी मिर्च,ಹಸಿ ಮೆಣಸಿನಕಾಯಿ,0.5,piece,vegetable,false,7
uppittu,Peanuts,मूंगफली,ಕಡಲೆಕಾಯಿ ಬೀಜ,10,g,other,false,8
uppittu,Grated coconut,कसा नारियल,ತೆಂಗಿನ ತುರಿ,15,g,other,false,9
uppittu,Lemon,नींबू,ನಿಂಬೆಹಣ್ಣು,0.2,piece,vegetable,false,10
uppittu,Mustard seeds,राई,ಸಾಸಿವೆ,0.3,tsp,staple,true,11
uppittu,Cumin (jeera),जीरा,ಜೀರಿಗೆ,0.4,tsp,staple,true,12
uppittu,Curry leaves,करी पत्ता,ಕರಿಬೇವು,0.2,bunch,staple,true,13
uppittu,Asafoetida (hing),हींग,ಇಂಗು,0.1,tsp,staple,true,14
uppittu,Turmeric,हल्दी,ಅರಿಶಿನ,0.2,tsp,staple,true,15
uppittu,Cooking oil,तेल,ಎಣ್ಣೆ,2,tsp,staple,true,16
uppittu,Coriander leaves,हरा धनिया,ಕೊತ್ತಂಬರಿ ಸೊಪ್ಪು,0.1,bunch,vegetable,false,17
ragi-mudde,Ragi flour (finger millet),रागी का आटा,ರಾಗಿ ಹಿಟ್ಟು,65,g,other,false,1
ragi-mudde,Toor dal,अरहर दाल,ತೊಗರಿ ಬೇಳೆ,25,g,protein,false,2
ragi-mudde,Tomato (medium),टमाटर,ಟೊಮೇಟೊ,1,piece,vegetable,false,3
ragi-mudde,Rasam powder,रसम पाउडर,ರಸಂ ಪುಡಿ,1.2,tsp,staple,true,4
ragi-mudde,Tamarind,इमली,ಹುಣಸೆಹಣ್ಣು,8,g,other,false,5
ragi-mudde,Ghee,घी,ತುಪ್ಪ,1,tsp,staple,true,6
ragi-mudde,Cumin (jeera),जीरा,ಜೀರಿಗೆ,0.4,tsp,staple,true,7
ragi-mudde,Curry leaves,करी पत्ता,ಕರಿಬೇವು,0.2,bunch,staple,true,8
majjige-huli,Ivy gourd (tindora),तिंडोरा,ತೊಂಡೆಕಾಯಿ,120,g,vegetable,false,1
majjige-huli,Curd,दही,ಮೊಸರು,80,g,dairy,false,2
majjige-huli,Grated coconut,कसा नारियल,ತೆಂಗಿನ ತುರಿ,25,g,other,false,3
majjige-huli,Rice,चावल,ಅಕ್ಕಿ,5,g,other,false,4
majjige-huli,Green chilli,हरी मिर्च,ಹಸಿ ಮೆಣಸಿನಕಾಯಿ,0.7,piece,vegetable,false,5
majjige-huli,Curry leaves,करी पत्ता,ಕರಿಬೇವು,0.2,bunch,staple,true,6
majjige-huli,Mustard seeds,राई,ಸಾಸಿವೆ,0.3,tsp,staple,true,7
majjige-huli,Cumin (jeera),जीरा,ಜೀರಿಗೆ,0.4,tsp,staple,true,8
majjige-huli,Dried red chilli,सूखी लाल मिर्च,ಒಣ ಕೆಂಪು ಮೆಣಸಿನಕಾಯಿ,0.3,piece,staple,true,9
majjige-huli,Cooking oil,तेल,ಎಣ್ಣೆ,2,tsp,staple,true,10
tomato-gojju,Tomato (medium),टमाटर,ಟೊಮೇಟೊ,1.5,piece,vegetable,false,1
tomato-gojju,Onion (medium),प्याज़,ಈರುಳ್ಳಿ,0.3,piece,vegetable,false,2
tomato-gojju,Sambar powder,सांभर पाउडर,ಸಾಂಬಾರ್ ಪುಡಿ,1,tsp,staple,true,3
tomato-gojju,Tamarind,इमली,ಹುಣಸೆಹಣ್ಣು,8,g,other,false,4
tomato-gojju,Jaggery,गुड़,ಬೆಲ್ಲ,3,g,other,false,5
tomato-gojju,Mustard seeds,राई,ಸಾಸಿವೆ,0.3,tsp,staple,true,6
tomato-gojju,Cumin (jeera),जीरा,ಜೀರಿಗೆ,0.4,tsp,staple,true,7
tomato-gojju,Curry leaves,करी पत्ता,ಕರಿಬೇವು,0.2,bunch,staple,true,8
tomato-gojju,Asafoetida (hing),हींग,ಇಂಗು,0.1,tsp,staple,true,9
tomato-gojju,Turmeric,हल्दी,ಅರಿಶಿನ,0.2,tsp,staple,true,10
tomato-gojju,Cooking oil,तेल,ಎಣ್ಣೆ,2,tsp,staple,true,11
tomato-gojju,Coriander leaves,हरा धनिया,ಕೊತ್ತಂಬರಿ ಸೊಪ್ಪು,0.1,bunch,vegetable,false,12
dosa-with-chutney,Dosa batter,डोसा बैटर,ದೋಸೆ ಹಿಟ್ಟು,0.4,packet,other,false,1
dosa-with-chutney,Grated coconut,कसा नारियल,ತೆಂಗಿನ ತುರಿ,25,g,other,false,2
dosa-with-chutney,Chana dal,चना दाल,ಕಡಲೆ ಬೇಳೆ,10,g,protein,false,3
dosa-with-chutney,Green chilli,हरी मिर्च,ಹಸಿ ಮೆಣಸಿನಕಾಯಿ,0.7,piece,vegetable,false,4
dosa-with-chutney,Ginger,अदरक,ಶುಂಠಿ,4,g,vegetable,false,5
dosa-with-chutney,Mustard seeds,राई,ಸಾಸಿವೆ,0.3,tsp,staple,true,6
dosa-with-chutney,Curry leaves,करी पत्ता,ಕರಿಬೇವು,0.2,bunch,staple,true,7
dosa-with-chutney,Cooking oil,तेल,ಎಣ್ಣೆ,2.5,tsp,staple,true,8
set-dosa,Rava (semolina),सूजी,ರವೆ,50,g,other,false,1
set-dosa,Poha (flattened rice),पोहा,ಅವಲಕ್ಕಿ,25,g,other,false,2
set-dosa,Curd,दही,ಮೊಸರು,40,g,dairy,false,3
set-dosa,Eno fruit salt,इनो फ्रूट सॉल्ट,ಇನೋ ಫ್ರೂಟ್ ಸಾಲ್ಟ್,0.3,tsp,other,false,4
set-dosa,Cooking oil,तेल,ಎಣ್ಣೆ,1.5,tsp,staple,true,5
veg-pulao,Basmati rice,बासमती चावल,ಬಾಸ್ಮತಿ ಅಕ್ಕಿ,80,g,other,false,1
veg-pulao,Onion (medium),प्याज़,ಈರುಳ್ಳಿ,0.5,piece,vegetable,false,2
veg-pulao,Carrot,गाजर,ಕ್ಯಾರೆಟ್,0.3,piece,vegetable,false,3
veg-pulao,French beans,बीन्स,ಹುರುಳಿಕಾಯಿ,30,g,vegetable,false,4
veg-pulao,Green peas,हरी मटर,ಹಸಿರು ಬಟಾಣಿ,25,g,vegetable,false,5
veg-pulao,"Whole spices (bay leaf, cinnamon, cloves)",खड़े मसाले,"ಇಡೀ ಮಸಾಲೆ (ಚಕ್ಕೆ, ಲವಂಗ)",1,piece,staple,true,6
veg-pulao,Cumin (jeera),जीरा,ಜೀರಿಗೆ,0.4,tsp,staple,true,7
veg-pulao,Ghee,घी,ತುಪ್ಪ,1,tsp,staple,true,8
tawa-pulao,Basmati rice,बासमती चावल,ಬಾಸ್ಮತಿ ಅಕ್ಕಿ,75,g,other,false,1
tawa-pulao,Paneer,पनीर,ಪನೀರ್,40,g,dairy,false,2
tawa-pulao,Potato (medium),आलू,ಆಲೂಗಡ್ಡೆ,0.3,piece,vegetable,false,3
tawa-pulao,Capsicum,शिमला मिर्च,ದೊಣ್ಣೆ ಮೆಣಸಿನಕಾಯಿ,0.3,piece,vegetable,false,4
tawa-pulao,Carrot,गाजर,ಕ್ಯಾರೆಟ್,0.3,piece,vegetable,false,5
tawa-pulao,French beans,बीन्स,ಹುರುಳಿಕಾಯಿ,20,g,vegetable,false,6
tawa-pulao,Green peas,हरी मटर,ಹಸಿರು ಬಟಾಣಿ,20,g,vegetable,false,7
tawa-pulao,Tomato (medium),टमाटर,ಟೊಮೇಟೊ,0.5,piece,vegetable,false,8
tawa-pulao,Onion (medium),प्याज़,ಈರುಳ್ಳಿ,0.5,piece,vegetable,false,9
tawa-pulao,Green chilli,हरी मिर्च,ಹಸಿ ಮೆಣಸಿನಕಾಯಿ,0.5,piece,vegetable,false,10
tawa-pulao,Ginger-garlic paste,अदरक-लहसुन पेस्ट,ಶುಂಠಿ-ಬೆಳ್ಳುಳ್ಳಿ ಪೇಸ್ಟ್,1,tsp,staple,true,11
tawa-pulao,Red chilli powder,लाल मिर्च पाउडर,ಕೆಂಪು ಮೆಣಸಿನ ಪುಡಿ,0.3,tsp,staple,true,12
tawa-pulao,Pav bhaji masala,पाव भाजी मसाला,ಪಾವ್ ಭಾಜಿ ಮಸಾಲ,1.5,tsp,staple,true,13
tawa-pulao,Turmeric,हल्दी,ಅರಿಶಿನ,0.2,tsp,staple,true,14
tawa-pulao,Kasuri methi,कसूरी मेथी,ಕಸೂರಿ ಮೆಂತ್ಯ,0.3,tsp,staple,true,15
tawa-pulao,Cumin (jeera),जीरा,ಜೀರಿಗೆ,0.4,tsp,staple,true,16
tawa-pulao,Butter,मक्खन,ಬೆಣ್ಣೆ,8,g,dairy,false,17
tawa-pulao,Coriander leaves,हरा धनिया,ಕೊತ್ತಂಬರಿ ಸೊಪ್ಪು,0.1,bunch,vegetable,false,18
tawa-pulao,Cooking oil,तेल,ಎಣ್ಣೆ,2,tsp,staple,true,19
veg-biryani,Basmati rice,बासमती चावल,ಬಾಸ್ಮತಿ ಅಕ್ಕಿ,80,g,other,false,1
veg-biryani,Carrot,गाजर,ಕ್ಯಾರೆಟ್,0.3,piece,vegetable,false,2
veg-biryani,French beans,बीन्स,ಹುರುಳಿಕಾಯಿ,30,g,vegetable,false,3
veg-biryani,Potato (medium),आलू,ಆಲೂಗಡ್ಡೆ,0.5,piece,vegetable,false,4
veg-biryani,Green peas,हरी मटर,ಹಸಿರು ಬಟಾಣಿ,20,g,vegetable,false,5
veg-biryani,Onion (medium),प्याज़,ಈರುಳ್ಳಿ,1,piece,vegetable,false,6
veg-biryani,Curd,दही,ಮೊಸರು,30,g,dairy,false,7
veg-biryani,Biryani masala,बिरयानी मसाला,ಬಿರಿಯಾನಿ ಮಸಾಲ,1,tsp,staple,true,8
veg-biryani,Mint leaves,पुदीना,ಪುದೀನ,0.2,bunch,vegetable,false,9
veg-biryani,Ginger-garlic paste,अदरक-लहसुन पेस्ट,ಶುಂಠಿ-ಬೆಳ್ಳುಳ್ಳಿ ಪೇಸ್ಟ್,1,tsp,staple,true,10
veg-biryani,"Whole spices (bay leaf, cinnamon, cloves)",खड़े मसाले,"ಇಡೀ ಮಸಾಲೆ (ಚಕ್ಕೆ, ಲವಂಗ)",1,piece,staple,true,11
veg-biryani,Ghee,घी,ತುಪ್ಪ,1,tsp,staple,true,12
besan-chilla,Besan (gram flour),बेसन,ಕಡಲೆ ಹಿಟ್ಟು,50,g,other,false,1
besan-chilla,Rava (semolina),सूजी,ರವೆ,10,g,other,false,2
besan-chilla,Curd,दही,ಮೊಸರು,15,g,dairy,false,3
besan-chilla,Paneer,पनीर,ಪನೀರ್,40,g,dairy,false,4
besan-chilla,Carrot,गाजर,ಕ್ಯಾರೆಟ್,0.2,piece,vegetable,false,5
besan-chilla,Capsicum,शिमला मिर्च,ದೊಣ್ಣೆ ಮೆಣಸಿನಕಾಯಿ,0.2,piece,vegetable,false,6
besan-chilla,Tomato (medium),टमाटर,ಟೊಮೇಟೊ,0.3,piece,vegetable,false,7
besan-chilla,Coriander leaves,हरा धनिया,ಕೊತ್ತಂಬರಿ ಸೊಪ್ಪು,0.1,bunch,vegetable,false,8
besan-chilla,Turmeric,हल्दी,ಅರಿಶಿನ,0.2,tsp,staple,true,9
besan-chilla,Cooking oil,तेल,ಎಣ್ಣೆ,1.5,tsp,staple,true,10
moong-dal-khichdi,Rice,चावल,ಅಕ್ಕಿ,50,g,other,false,1
moong-dal-khichdi,Moong dal,मूंग दाल,ಹೆಸರು ಬೇಳೆ,40,g,protein,false,2
moong-dal-khichdi,Ghee,घी,ತುಪ್ಪ,1,tsp,staple,true,3
moong-dal-khichdi,Cumin (jeera),जीरा,ಜೀರಿಗೆ,0.4,tsp,staple,true,4
moong-dal-khichdi,Asafoetida (hing),हींग,ಇಂಗು,0.1,tsp,staple,true,5
moong-dal-khichdi,Turmeric,हल्दी,ಅರಿಶಿನ,0.2,tsp,staple,true,6
veg-fried-rice,Rice,चावल,ಅಕ್ಕಿ,75,g,other,false,1
veg-fried-rice,Carrot,गाजर,ಕ್ಯಾರೆಟ್,0.3,piece,vegetable,false,2
veg-fried-rice,French beans,बीन्स,ಹುರುಳಿಕಾಯಿ,30,g,vegetable,false,3
veg-fried-rice,Capsicum,शिमला मिर्च,ದೊಣ್ಣೆ ಮೆಣಸಿನಕಾಯಿ,0.3,piece,vegetable,false,4
veg-fried-rice,Garlic cloves,लहसुन,ಬೆಳ್ಳುಳ್ಳಿ,2,piece,vegetable,false,5
veg-fried-rice,Spring onion,हरा प्याज़,ಹಸಿರು ಈರುಳ್ಳಿ,0.2,bunch,vegetable,false,6
veg-fried-rice,Soy sauce,सोया सॉस,ಸೋಯಾ ಸಾಸ್,1,tsp,other,false,7
veg-fried-rice,Vinegar,सिरका,ವಿನೆಗರ್,0.5,tsp,other,false,8
veg-fried-rice,Black pepper (crushed),कुटी काली मिर्च,ಕರಿಮೆಣಸು ಪುಡಿ,0.3,tsp,staple,true,9
veg-fried-rice,Cooking oil,तेल,ಎಣ್ಣೆ,2,tsp,staple,true,10
hakka-noodles,Noodles,नूडल्स,ನೂಡಲ್ಸ್,80,g,other,false,1
hakka-noodles,Cabbage,पत्ता गोभी,ಎಲೆಕೋಸು,40,g,vegetable,false,2
hakka-noodles,Carrot,गाजर,ಕ್ಯಾರೆಟ್,0.3,piece,vegetable,false,3
hakka-noodles,Capsicum,शिमला मिर्च,ದೊಣ್ಣೆ ಮೆಣಸಿನಕಾಯಿ,0.3,piece,vegetable,false,4
hakka-noodles,Garlic cloves,लहसुन,ಬೆಳ್ಳುಳ್ಳಿ,3,piece,vegetable,false,5
hakka-noodles,Spring onion,हरा प्याज़,ಹಸಿರು ಈರುಳ್ಳಿ,0.2,bunch,vegetable,false,6
hakka-noodles,Soy sauce,सोया सॉस,ಸೋಯಾ ಸಾಸ್,1,tsp,other,false,7
hakka-noodles,Vinegar,सिरका,ವಿನೆಗರ್,0.5,tsp,other,false,8
hakka-noodles,Black pepper (crushed),कुटी काली मिर्च,ಕರಿಮೆಣಸು ಪುಡಿ,0.3,tsp,staple,true,9
hakka-noodles,Cooking oil,तेल,ಎಣ್ಣೆ,2.5,tsp,staple,true,10
chilli-paneer,Paneer,पनीर,ಪನೀರ್,75,g,dairy,false,1
chilli-paneer,Capsicum,शिमला मिर्च,ದೊಣ್ಣೆ ಮೆಣಸಿನಕಾಯಿ,0.5,piece,vegetable,false,2
chilli-paneer,Onion (medium),प्याज़,ಈರುಳ್ಳಿ,0.5,piece,vegetable,false,3
chilli-paneer,Garlic cloves,लहसुन,ಬೆಳ್ಳುಳ್ಳಿ,3,piece,vegetable,false,4
chilli-paneer,Cornflour,कॉर्नफ्लोर,ಕಾರ್ನ್ ಫ್ಲೋರ್,10,g,other,false,5
chilli-paneer,Soy sauce,सोया सॉस,ಸೋಯಾ ಸಾಸ್,1,tsp,other,false,6
chilli-paneer,Tomato ketchup,टोमैटो सॉस,ಟೊಮೇಟೊ ಸಾಸ್,1,tbsp,other,false,7
chilli-paneer,Vinegar,सिरका,ವಿನೆಗರ್,0.5,tsp,other,false,8
chilli-paneer,Black pepper (crushed),कुटी काली मिर्च,ಕರಿಮೆಣಸು ಪುಡಿ,0.3,tsp,staple,true,9
chilli-paneer,Cooking oil,तेल,ಎಣ್ಣೆ,3,tsp,staple,true,10
paneer-fried-rice,Rice,चावल,ಅಕ್ಕಿ,75,g,other,false,1
paneer-fried-rice,Paneer,पनीर,ಪನೀರ್,50,g,dairy,false,2
paneer-fried-rice,Onion (medium),प्याज़,ಈರುಳ್ಳಿ,0.5,piece,vegetable,false,3
paneer-fried-rice,French beans,बीन्स,ಹುರುಳಿಕಾಯಿ,20,g,vegetable,false,4
paneer-fried-rice,Carrot,गाजर,ಕ್ಯಾರೆಟ್,0.3,piece,vegetable,false,5
paneer-fried-rice,Capsicum,शिमला मिर्च,ದೊಣ್ಣೆ ಮೆಣಸಿನಕಾಯಿ,0.3,piece,vegetable,false,6
paneer-fried-rice,Cabbage,पत्ता गोभी,ಎಲೆಕೋಸು,20,g,vegetable,false,7
paneer-fried-rice,Garlic cloves,लहसुन,ಬೆಳ್ಳುಳ್ಳಿ,2,piece,vegetable,false,8
paneer-fried-rice,Green chilli,हरी मिर्च,ಹಸಿ ಮೆಣಸಿನಕಾಯಿ,0.7,piece,vegetable,false,9
paneer-fried-rice,Spring onion,हरा प्याज़,ಹಸಿರು ಈರುಳ್ಳಿ,0.2,bunch,vegetable,false,10
paneer-fried-rice,Chilli sauce,चिल्ली सॉस,ಚಿಲ್ಲಿ ಸಾಸ್,1,tsp,other,false,11
paneer-fried-rice,Schezwan sauce,शेजवान सॉस,ಶೆಜ್ವಾನ್ ಸಾಸ್,1,tsp,other,false,12
paneer-fried-rice,Vinegar,सिरका,ವಿನೆಗರ್,0.5,tsp,other,false,13
paneer-fried-rice,Soy sauce,सोया सॉस,ಸೋಯಾ ಸಾಸ್,1,tsp,other,false,14
paneer-fried-rice,Black pepper (crushed),कुटी काली मिर्च,ಕರಿಮೆಣಸು ಪುಡಿ,0.3,tsp,staple,true,15
paneer-fried-rice,Cooking oil,तेल,ಎಣ್ಣೆ,3,tsp,staple,true,16
schezwan-noodles,Noodles,नूडल्स,ನೂಡಲ್ಸ್,80,g,other,false,1
schezwan-noodles,Onion (medium),प्याज़,ಈರುಳ್ಳಿ,0.5,piece,vegetable,false,2
schezwan-noodles,Carrot,गाजर,ಕ್ಯಾರೆಟ್,0.3,piece,vegetable,false,3
schezwan-noodles,Cabbage,पत्ता गोभी,ಎಲೆಕೋಸು,30,g,vegetable,false,4
schezwan-noodles,French beans,बीन्स,ಹುರುಳಿಕಾಯಿ,20,g,vegetable,false,5
schezwan-noodles,Capsicum,शिमला मिर्च,ದೊಣ್ಣೆ ಮೆಣಸಿನಕಾಯಿ,0.3,piece,vegetable,false,6
schezwan-noodles,Garlic cloves,लहसुन,ಬೆಳ್ಳುಳ್ಳಿ,3,piece,vegetable,false,7
schezwan-noodles,Spring onion,हरा प्याज़,ಹಸಿರು ಈರುಳ್ಳಿ,0.3,bunch,vegetable,false,8
schezwan-noodles,Schezwan sauce,शेजवान सॉस,ಶೆಜ್ವಾನ್ ಸಾಸ್,1.5,tsp,other,false,9
schezwan-noodles,Cooking oil,तेल,ಎಣ್ಣೆ,3,tsp,staple,true,10
gobi-manchurian,Cauliflower,फूलगोभी,ಹೂಕೋಸು,150,g,vegetable,false,1
gobi-manchurian,Maida,मैदा,ಮೈದಾ,15,g,other,false,2
gobi-manchurian,Cornflour,कॉर्नफ्लोर,ಕಾರ್ನ್ ಫ್ಲೋರ್,15,g,other,false,3
gobi-manchurian,Onion (medium),प्याज़,ಈರುಳ್ಳಿ,0.5,piece,vegetable,false,4
gobi-manchurian,Garlic cloves,लहसुन,ಬೆಳ್ಳುಳ್ಳಿ,3,piece,vegetable,false,5
gobi-manchurian,Spring onion,हरा प्याज़,ಹಸಿರು ಈರುಳ್ಳಿ,0.2,bunch,vegetable,false,6
gobi-manchurian,Soy sauce,सोया सॉस,ಸೋಯಾ ಸಾಸ್,1,tsp,other,false,7
gobi-manchurian,Tomato ketchup,टोमैटो सॉस,ಟೊಮೇಟೊ ಸಾಸ್,1,tbsp,other,false,8
gobi-manchurian,Vinegar,सिरका,ವಿನೆಗರ್,0.5,tsp,other,false,9
gobi-manchurian,Black pepper (crushed),कुटी काली मिर्च,ಕರಿಮೆಣಸು ಪುಡಿ,0.3,tsp,staple,true,10
gobi-manchurian,Cooking oil,तेल,ಎಣ್ಣೆ,4,tsp,staple,true,11
veg-manchurian-gravy,Cabbage,पत्ता गोभी,ಎಲೆಕೋಸು,60,g,vegetable,false,1
veg-manchurian-gravy,Carrot,गाजर,ಕ್ಯಾರೆಟ್,60,g,vegetable,false,2
veg-manchurian-gravy,Capsicum,शिमला मिर्च,ದೊಣ್ಣೆ ಮೆಣಸಿನಕಾಯಿ,40,g,vegetable,false,3
veg-manchurian-gravy,Spring onion,हरा प्याज़,ಹಸಿರು ಈರುಳ್ಳಿ,0.3,bunch,vegetable,false,4
veg-manchurian-gravy,Maida,मैदा,ಮೈದಾ,15,g,other,false,5
veg-manchurian-gravy,Cornflour,कॉर्नफ्लोर,ಕಾರ್ನ್ ಫ್ಲೋರ್,20,g,other,false,6
veg-manchurian-gravy,Garlic cloves,लहसुन,ಬೆಳ್ಳುಳ್ಳಿ,3,piece,vegetable,false,7
veg-manchurian-gravy,Ginger,अदरक,ಶುಂಠಿ,4,g,vegetable,false,8
veg-manchurian-gravy,Green chilli,हरी मिर्च,ಹಸಿ ಮೆಣಸಿನಕಾಯಿ,0.7,piece,vegetable,false,9
veg-manchurian-gravy,Soy sauce,सोया सॉस,ಸೋಯಾ ಸಾಸ್,1,tsp,other,false,10
veg-manchurian-gravy,Tomato ketchup,टोमैटो सॉस,ಟೊಮೇಟೊ ಸಾಸ್,1,tbsp,other,false,11
veg-manchurian-gravy,Vinegar,सिरका,ವಿನೆಗರ್,0.5,tsp,other,false,12
veg-manchurian-gravy,Sugar,चीनी,ಸಕ್ಕರೆ,0.2,tsp,other,false,13
veg-manchurian-gravy,Black pepper (crushed),कुटी काली मिर्च,ಕರಿಮೆಣಸು ಪುಡಿ,0.3,tsp,staple,true,14
veg-manchurian-gravy,Cooking oil,तेल,ಎಣ್ಣೆ,4,tsp,staple,true,15
egg-bhurji,Eggs,अंडे,ಮೊಟ್ಟೆ,2,piece,protein,false,1
egg-bhurji,Onion (medium),प्याज़,ಈರುಳ್ಳಿ,0.7,piece,vegetable,false,2
egg-bhurji,Tomato (medium),टमाटर,ಟೊಮೇಟೊ,0.5,piece,vegetable,false,3
egg-bhurji,Green chilli,हरी मिर्च,ಹಸಿ ಮೆಣಸಿನಕಾಯಿ,0.5,piece,vegetable,false,4
egg-bhurji,Turmeric,हल्दी,ಅರಿಶಿನ,0.2,tsp,staple,true,5
egg-bhurji,Red chilli powder,लाल मिर्च पाउडर,ಕೆಂಪು ಮೆಣಸಿನ ಪುಡಿ,0.3,tsp,staple,true,6
egg-bhurji,Cooking oil,तेल,ಎಣ್ಣೆ,2,tsp,staple,true,7
egg-bhurji,Coriander leaves,हरा धनिया,ಕೊತ್ತಂಬರಿ ಸೊಪ್ಪು,0.1,bunch,vegetable,false,8
egg-curry,Eggs,अंडे,ಮೊಟ್ಟೆ,1.5,piece,protein,false,1
egg-curry,Onion (medium),प्याज़,ಈರುಳ್ಳಿ,1,piece,vegetable,false,2
egg-curry,Tomato (medium),टमाटर,ಟೊಮೇಟೊ,1,piece,vegetable,false,3
egg-curry,Ginger-garlic paste,अदरक-लहसुन पेस्ट,ಶುಂಠಿ-ಬೆಳ್ಳುಳ್ಳಿ ಪೇಸ್ಟ್,1,tsp,staple,true,4
egg-curry,Turmeric,हल्दी,ಅರಿಶಿನ,0.2,tsp,staple,true,5
egg-curry,Red chilli powder,लाल मिर्च पाउडर,ಕೆಂಪು ಮೆಣಸಿನ ಪುಡಿ,0.3,tsp,staple,true,6
egg-curry,Coriander powder,धनिया पाउडर,ಧನಿಯಾ ಪುಡಿ,0.4,tsp,staple,true,7
egg-curry,Garam masala,गरम मसाला,ಗರಂ ಮಸಾಲ,0.3,tsp,staple,true,8
egg-curry,Cooking oil,तेल,ಎಣ್ಣೆ,2,tsp,staple,true,9
egg-curry,Coriander leaves,हरा धनिया,ಕೊತ್ತಂಬರಿ ಸೊಪ್ಪು,0.1,bunch,vegetable,false,10
egg-fried-rice,Rice,चावल,ಅಕ್ಕಿ,75,g,other,false,1
egg-fried-rice,Eggs,अंडे,ಮೊಟ್ಟೆ,1,piece,protein,false,2
egg-fried-rice,Carrot,गाजर,ಕ್ಯಾರೆಟ್,0.3,piece,vegetable,false,3
egg-fried-rice,French beans,बीन्स,ಹುರುಳಿಕಾಯಿ,30,g,vegetable,false,4
egg-fried-rice,Garlic cloves,लहसुन,ಬೆಳ್ಳುಳ್ಳಿ,2,piece,vegetable,false,5
egg-fried-rice,Spring onion,हरा प्याज़,ಹಸಿರು ಈರುಳ್ಳಿ,0.2,bunch,vegetable,false,6
egg-fried-rice,Soy sauce,सोया सॉस,ಸೋಯಾ ಸಾಸ್,1,tsp,other,false,7
egg-fried-rice,Black pepper (crushed),कुटी काली मिर्च,ಕರಿಮೆಣಸು ಪುಡಿ,0.3,tsp,staple,true,8
egg-fried-rice,Cooking oil,तेल,ಎಣ್ಣೆ,2,tsp,staple,true,9
masala-omelette,Eggs,अंडे,ಮೊಟ್ಟೆ,2,piece,protein,false,1
masala-omelette,Onion (medium),प्याज़,ಈರುಳ್ಳಿ,0.5,piece,vegetable,false,2
masala-omelette,Tomato (medium),टमाटर,ಟೊಮೇಟೊ,0.3,piece,vegetable,false,3
masala-omelette,Green chilli,हरी मिर्च,ಹಸಿ ಮೆಣಸಿನಕಾಯಿ,0.5,piece,vegetable,false,4
masala-omelette,Turmeric,हल्दी,ಅರಿಶಿನ,0.2,tsp,staple,true,5
masala-omelette,Cooking oil,तेल,ಎಣ್ಣೆ,2,tsp,staple,true,6
masala-omelette,Coriander leaves,हरा धनिया,ಕೊತ್ತಂಬರಿ ಸೊಪ್ಪು,0.1,bunch,vegetable,false,7
chicken-curry,Chicken (curry cut),चिकन (करी कट),ಕೋಳಿ ಮಾಂಸ (ಕರಿ ಕಟ್),200,g,protein,false,1
chicken-curry,Onion (medium),प्याज़,ಈರುಳ್ಳಿ,1,piece,vegetable,false,2
chicken-curry,Tomato (medium),टमाटर,ಟೊಮೇಟೊ,1,piece,vegetable,false,3
chicken-curry,Ginger-garlic paste,अदरक-लहसुन पेस्ट,ಶುಂಠಿ-ಬೆಳ್ಳುಳ್ಳಿ ಪೇಸ್ಟ್,1.5,tsp,staple,true,4
chicken-curry,Turmeric,हल्दी,ಅರಿಶಿನ,0.2,tsp,staple,true,5
chicken-curry,Red chilli powder,लाल मिर्च पाउडर,ಕೆಂಪು ಮೆಣಸಿನ ಪುಡಿ,0.3,tsp,staple,true,6
chicken-curry,Coriander powder,धनिया पाउडर,ಧನಿಯಾ ಪುಡಿ,0.4,tsp,staple,true,7
chicken-curry,Chicken masala,चिकन मसाला,ಚಿಕನ್ ಮಸಾಲ,1,tsp,staple,true,8
chicken-curry,Garam masala,गरम मसाला,ಗರಂ ಮಸಾಲ,0.3,tsp,staple,true,9
chicken-curry,Cooking oil,तेल,ಎಣ್ಣೆ,3,tsp,staple,true,10
chicken-curry,Coriander leaves,हरा धनिया,ಕೊತ್ತಂಬರಿ ಸೊಪ್ಪು,0.1,bunch,vegetable,false,11
butter-chicken,Chicken (curry cut),चिकन (करी कट),ಕೋಳಿ ಮಾಂಸ (ಕರಿ ಕಟ್),180,g,protein,false,1
butter-chicken,Tomato (medium),टमाटर,ಟೊಮೇಟೊ,2,piece,vegetable,false,2
butter-chicken,Butter,मक्खन,ಬೆಣ್ಣೆ,15,g,dairy,false,3
butter-chicken,Fresh cream,क्रीम,ಕ್ರೀಮ್,20,ml,dairy,false,4
butter-chicken,Curd,दही,ಮೊಸರು,30,g,dairy,false,5
butter-chicken,Cashews,काजू,ಗೋಡಂಬಿ,8,g,other,false,6
butter-chicken,Ginger-garlic paste,अदरक-लहसुन पेस्ट,ಶುಂಠಿ-ಬೆಳ್ಳುಳ್ಳಿ ಪೇಸ್ಟ್,1,tsp,staple,true,7
butter-chicken,Red chilli powder,लाल मिर्च पाउडर,ಕೆಂಪು ಮೆಣಸಿನ ಪುಡಿ,0.3,tsp,staple,true,8
butter-chicken,Kasuri methi,कसूरी मेथी,ಕಸೂರಿ ಮೆಂತ್ಯ,0.3,tsp,staple,true,9
chicken-biryani,Chicken (curry cut),चिकन (करी कट),ಕೋಳಿ ಮಾಂಸ (ಕರಿ ಕಟ್),200,g,protein,false,1
chicken-biryani,Basmati rice,बासमती चावल,ಬಾಸ್ಮತಿ ಅಕ್ಕಿ,80,g,other,false,2
chicken-biryani,Curd,दही,ಮೊಸರು,40,g,dairy,false,3
chicken-biryani,Biryani masala,बिरयानी मसाला,ಬಿರಿಯಾನಿ ಮಸಾಲ,1.5,tsp,staple,true,4
chicken-biryani,Onion (medium),प्याज़,ಈರುಳ್ಳಿ,1,piece,vegetable,false,5
chicken-biryani,Mint leaves,पुदीना,ಪುದೀನ,0.2,bunch,vegetable,false,6
chicken-biryani,Ginger-garlic paste,अदरक-लहसुन पेस्ट,ಶುಂಠಿ-ಬೆಳ್ಳುಳ್ಳಿ ಪೇಸ್ಟ್,1,tsp,staple,true,7
chicken-biryani,"Whole spices (bay leaf, cinnamon, cloves)",खड़े मसाले,"ಇಡೀ ಮಸಾಲೆ (ಚಕ್ಕೆ, ಲವಂಗ)",1,piece,staple,true,8
chicken-biryani,Ghee,घी,ತುಪ್ಪ,1,tsp,staple,true,9
chicken-ghee-roast,Chicken (curry cut),चिकन (करी कट),ಕೋಳಿ ಮಾಂಸ (ಕರಿ ಕಟ್),180,g,protein,false,1
chicken-ghee-roast,Ghee,घी,ತುಪ್ಪ,20,g,dairy,false,2
chicken-ghee-roast,Garlic cloves,लहसुन,ಬೆಳ್ಳುಳ್ಳಿ,5,piece,vegetable,false,3
chicken-ghee-roast,Red chilli powder,लाल मिर्च पाउडर,ಕೆಂಪು ಮೆಣಸಿನ ಪುಡಿ,1.5,tsp,staple,true,4
chicken-ghee-roast,Coriander powder,धनिया पाउडर,ಧನಿಯಾ ಪುಡಿ,0.4,tsp,staple,true,5
chicken-ghee-roast,Cumin (jeera),जीरा,ಜೀರಿಗೆ,0.4,tsp,staple,true,6
chicken-ghee-roast,Tamarind,इमली,ಹುಣಸೆಹಣ್ಣು,10,g,other,false,7
chicken-ghee-roast,Curry leaves,करी पत्ता,ಕರಿಬೇವು,0.2,bunch,staple,true,8
chicken-korma,Chicken (curry cut),चिकन (करी कट),ಕೋಳಿ ಮಾಂಸ (ಕರಿ ಕಟ್),180,g,protein,false,1
chicken-korma,Onion (medium),प्याज़,ಈರುಳ್ಳಿ,1,piece,vegetable,false,2
chicken-korma,Cashews,काजू,ಗೋಡಂಬಿ,8,g,other,false,3
chicken-korma,Curd,दही,ಮೊಸರು,40,g,dairy,false,4
chicken-korma,Ginger-garlic paste,अदरक-लहसुन पेस्ट,ಶುಂಠಿ-ಬೆಳ್ಳುಳ್ಳಿ ಪೇಸ್ಟ್,1,tsp,staple,true,5
chicken-korma,Green chilli,हरी मिर्च,ಹಸಿ ಮೆಣಸಿನಕಾಯಿ,0.5,piece,vegetable,false,6
chicken-korma,Ghee,घी,ತುಪ್ಪ,1,tsp,staple,true,7
chicken-korma,Cumin (jeera),जीरा,ಜೀರಿಗೆ,0.4,tsp,staple,true,8
chicken-korma,"Whole spices (bay leaf, cinnamon, cloves)",खड़े मसाले,"ಇಡೀ ಮಸಾಲೆ (ಚಕ್ಕೆ, ಲವಂಗ)",1,piece,staple,true,9
chicken-korma,Turmeric,हल्दी,ಅರಿಶಿನ,0.2,tsp,staple,true,10
chicken-korma,Red chilli powder,लाल मिर्च पाउडर,ಕೆಂಪು ಮೆಣಸಿನ ಪುಡಿ,0.5,tsp,staple,true,11
chicken-korma,Coriander powder,धनिया पाउडर,ಧನಿಯಾ ಪುಡಿ,0.4,tsp,staple,true,12
chicken-korma,Black pepper (crushed),कुटी काली मिर्च,ಕರಿಮೆಣಸು ಪುಡಿ,0.3,tsp,staple,true,13
chicken-chettinad,Chicken (curry cut),चिकन (करी कट),ಕೋಳಿ ಮಾಂಸ (ಕರಿ ಕಟ್),180,g,protein,false,1
chicken-chettinad,Onion (medium),प्याज़,ಈರುಳ್ಳಿ,1,piece,vegetable,false,2
chicken-chettinad,Tomato (medium),टमाटर,ಟೊಮೇಟೊ,1,piece,vegetable,false,3
chicken-chettinad,Grated coconut,कसा नारियल,ತೆಂಗಿನ ತುರಿ,20,g,other,false,4
chicken-chettinad,Ginger-garlic paste,अदरक-लहसुन पेस्ट,ಶುಂಠಿ-ಬೆಳ್ಳುಳ್ಳಿ ಪೇಸ್ಟ್,1,tsp,staple,true,5
chicken-chettinad,Curry leaves,करी पत्ता,ಕರಿಬೇವು,0.2,bunch,staple,true,6
chicken-chettinad,Ghee,घी,ತುಪ್ಪ,1,tsp,staple,true,7
chicken-chettinad,Turmeric,हल्दी,ಅರಿಶಿನ,0.2,tsp,staple,true,8
chicken-chettinad,Red chilli powder,लाल मिर्च पाउडर,ಕೆಂಪು ಮೆಣಸಿನ ಪುಡಿ,1,tsp,staple,true,9
chicken-chettinad,Cumin (jeera),जीरा,ಜೀರಿಗೆ,0.4,tsp,staple,true,10
chicken-chettinad,Coriander powder,धनिया पाउडर,ಧನಿಯಾ ಪುಡಿ,0.4,tsp,staple,true,11
chicken-chettinad,"Whole spices (bay leaf, cinnamon, cloves)",खड़े मसाले,"ಇಡೀ ಮಸಾಲೆ (ಚಕ್ಕೆ, ಲವಂಗ)",1,piece,staple,true,12
chicken-chettinad,Dried red chilli,सूखी लाल मिर्च,ಒಣ ಕೆಂಪು ಮೆಣಸಿನಕಾಯಿ,1,piece,staple,true,13
chicken-chettinad,Tamarind,इमली,ಹುಣಸೆಹಣ್ಣು,8,g,other,false,14
chicken-chettinad,Coriander leaves,हरा धनिया,ಕೊತ್ತಂಬರಿ ಸೊಪ್ಪು,0.1,bunch,vegetable,false,15
chicken-65,Chicken (curry cut),चिकन (करी कट),ಕೋಳಿ ಮಾಂಸ (ಕರಿ ಕಟ್),180,g,protein,false,1
chicken-65,Curd,दही,ಮೊಸರು,30,g,dairy,false,2
chicken-65,Green chilli,हरी मिर्च,ಹಸಿ ಮೆಣಸಿನಕಾಯಿ,1,piece,vegetable,false,3
chicken-65,Garlic cloves,लहसुन,ಬೆಳ್ಳುಳ್ಳಿ,3,piece,vegetable,false,4
chicken-65,Ginger,अदरक,ಶುಂಠಿ,5,g,vegetable,false,5
chicken-65,Ginger-garlic paste,अदरक-लहसुन पेस्ट,ಶುಂಠಿ-ಬೆಳ್ಳುಳ್ಳಿ ಪೇಸ್ಟ್,1,tsp,staple,true,6
chicken-65,Rice flour,चावल का आटा,ಅಕ್ಕಿ ಹಿಟ್ಟು,15,g,other,false,7
chicken-65,Cornflour,कॉर्नफ्लोर,ಕಾರ್ನ್ ಫ್ಲೋರ್,20,g,other,false,8
chicken-65,Turmeric,हल्दी,ಅರಿಶಿನ,0.2,tsp,staple,true,9
chicken-65,Red chilli powder,लाल मिर्च पाउडर,ಕೆಂಪು ಮೆಣಸಿನ ಪುಡಿ,1,tsp,staple,true,10
chicken-65,Coriander powder,धनिया पाउडर,ಧನಿಯಾ ಪುಡಿ,0.4,tsp,staple,true,11
chicken-65,Cumin (jeera),जीरा,ಜೀರಿಗೆ,0.4,tsp,staple,true,12
chicken-65,Curry leaves,करी पत्ता,ಕರಿಬೇವು,0.2,bunch,staple,true,13
chicken-65,Cooking oil,तेल,ಎಣ್ಣೆ,4,tsp,staple,true,14
pepper-chicken,Chicken (curry cut),चिकन (करी कट),ಕೋಳಿ ಮಾಂಸ (ಕರಿ ಕಟ್),180,g,protein,false,1
pepper-chicken,Onion (medium),प्याज़,ಈರುಳ್ಳಿ,1,piece,vegetable,false,2
pepper-chicken,Curry leaves,करी पत्ता,ಕರಿಬೇವು,0.2,bunch,staple,true,3
pepper-chicken,Ginger-garlic paste,अदरक-लहसुन पेस्ट,ಶುಂಠಿ-ಬೆಳ್ಳುಳ್ಳಿ ಪೇಸ್ಟ್,1,tsp,staple,true,4
pepper-chicken,Turmeric,हल्दी,ಅರಿಶಿನ,0.2,tsp,staple,true,5
pepper-chicken,Black pepper (crushed),कुटी काली मिर्च,ಕರಿಮೆಣಸು ಪುಡಿ,1,tsp,staple,true,6
pepper-chicken,Garam masala,गरम मसाला,ಗರಂ ಮಸಾಲ,0.3,tsp,staple,true,7
pepper-chicken,Cooking oil,तेल,ಎಣ್ಣೆ,3,tsp,staple,true,8
prawn-fry,Prawns,झींगा,ಸೀಗಡಿ,150,g,protein,false,1
prawn-fry,Ginger-garlic paste,अदरक-लहसुन पेस्ट,ಶುಂಠಿ-ಬೆಳ್ಳುಳ್ಳಿ ಪೇಸ್ಟ್,1,tsp,staple,true,2
prawn-fry,Red chilli powder,लाल मिर्च पाउडर,ಕೆಂಪು ಮೆಣಸಿನ ಪುಡಿ,1,tsp,staple,true,3
prawn-fry,Turmeric,हल्दी,ಅರಿಶಿನ,0.2,tsp,staple,true,4
prawn-fry,Garam masala,गरम मसाला,ಗರಂ ಮಸಾಲ,0.3,tsp,staple,true,5
prawn-fry,Black pepper (crushed),कुटी काली मिर्च,ಕರಿಮೆಣಸು ಪುಡಿ,0.5,tsp,staple,true,6
prawn-fry,Lemon,नींबू,ನಿಂಬೆಹಣ್ಣು,0.3,piece,vegetable,false,7
prawn-fry,Curry leaves,करी पत्ता,ಕರಿಬೇವು,0.2,bunch,staple,true,8
prawn-fry,Maida,मैदा,ಮೈದಾ,10,g,other,false,9
prawn-fry,Cornflour,कॉर्नफ्लोर,ಕಾರ್ನ್ ಫ್ಲೋರ್,15,g,other,false,10
prawn-fry,Cooking oil,तेल,ಎಣ್ಣೆ,4,tsp,staple,true,11
chicken-fry,Chicken (curry cut),चिकन (करी कट),ಕೋಳಿ ಮಾಂಸ (ಕರಿ ಕಟ್),180,g,protein,false,1
chicken-fry,Ginger-garlic paste,अदरक-लहसुन पेस्ट,ಶುಂಠಿ-ಬೆಳ್ಳುಳ್ಳಿ ಪೇಸ್ಟ್,1,tsp,staple,true,2
chicken-fry,Turmeric,हल्दी,ಅರಿಶಿನ,0.2,tsp,staple,true,3
chicken-fry,Red chilli powder,लाल मिर्च पाउडर,ಕೆಂಪು ಮೆಣಸಿನ ಪುಡಿ,0.7,tsp,staple,true,4
chicken-fry,Lemon,नींबू,ನಿಂಬೆಹಣ್ಣು,0.3,piece,vegetable,false,5
chicken-fry,Curry leaves,करी पत्ता,ಕರಿಬೇವು,0.2,bunch,staple,true,6
chicken-fry,Onion (medium),प्याज़,ಈರುಳ್ಳಿ,0.3,piece,vegetable,false,7
chicken-fry,Cooking oil,तेल,ಎಣ್ಣೆ,3,tsp,staple,true,8
andhra-chicken-curry,Chicken (curry cut),चिकन (करी कट),ಕೋಳಿ ಮಾಂಸ (ಕರಿ ಕಟ್),180,g,protein,false,1
andhra-chicken-curry,Onion (medium),प्याज़,ಈರುಳ್ಳಿ,1,piece,vegetable,false,2
andhra-chicken-curry,Green chilli,हरी मिर्च,ಹಸಿ ಮೆಣಸಿನಕಾಯಿ,0.7,piece,vegetable,false,3
andhra-chicken-curry,Ginger-garlic paste,अदरक-लहसुन पेस्ट,ಶುಂಠಿ-ಬೆಳ್ಳುಳ್ಳಿ ಪೇಸ್ಟ್,1,tsp,staple,true,4
andhra-chicken-curry,Curry leaves,करी पत्ता,ಕರಿಬೇವು,0.2,bunch,staple,true,5
andhra-chicken-curry,Red chilli powder,लाल मिर्च पाउडर,ಕೆಂಪು ಮೆಣಸಿನ ಪುಡಿ,1,tsp,staple,true,6
andhra-chicken-curry,Coriander powder,धनिया पाउडर,ಧನಿಯಾ ಪುಡಿ,0.4,tsp,staple,true,7
andhra-chicken-curry,Turmeric,हल्दी,ಅರಿಶಿನ,0.2,tsp,staple,true,8
andhra-chicken-curry,Cumin (jeera),जीरा,ಜೀರಿಗೆ,0.4,tsp,staple,true,9
andhra-chicken-curry,Garam masala,गरम मसाला,ಗರಂ ಮಸಾಲ,0.3,tsp,staple,true,10
andhra-chicken-curry,"Whole spices (bay leaf, cinnamon, cloves)",खड़े मसाले,"ಇಡೀ ಮಸಾಲೆ (ಚಕ್ಕೆ, ಲವಂಗ)",1,piece,staple,true,11
andhra-chicken-curry,Dried red chilli,सूखी लाल मिर्च,ಒಣ ಕೆಂಪು ಮೆಣಸಿನಕಾಯಿ,0.5,piece,staple,true,12
andhra-chicken-curry,Butter,मक्खन,ಬೆಣ್ಣೆ,8,g,dairy,false,13
andhra-chicken-curry,Cooking oil,तेल,ಎಣ್ಣೆ,2.5,tsp,staple,true,14
andhra-chicken-curry,Coriander leaves,हरा धनिया,ಕೊತ್ತಂಬರಿ ಸೊಪ್ಪು,0.1,bunch,vegetable,false,15
mutton-curry,Mutton (curry cut),मटन (करी कट),ಮಟನ್ (ಕರಿ ಕಟ್),200,g,protein,false,1
mutton-curry,Onion (medium),प्याज़,ಈರುಳ್ಳಿ,1.5,piece,vegetable,false,2
mutton-curry,Tomato (medium),टमाटर,ಟೊಮೇಟೊ,2,piece,vegetable,false,3
mutton-curry,Green chilli,हरी मिर्च,ಹಸಿ ಮೆಣಸಿನಕಾಯಿ,1,piece,vegetable,false,4
mutton-curry,Ginger-garlic paste,अदरक-लहसुन पेस्ट,ಶುಂಠಿ-ಬೆಳ್ಳುಳ್ಳಿ ಪೇಸ್ಟ್,1,tsp,staple,true,5
mutton-curry,Coriander powder,धनिया पाउडर,ಧನಿಯಾ ಪುಡಿ,0.4,tsp,staple,true,6
mutton-curry,Red chilli powder,लाल मिर्च पाउडर,ಕೆಂಪು ಮೆಣಸಿನ ಪುಡಿ,1,tsp,staple,true,7
mutton-curry,Garam masala,गरम मसाला,ಗರಂ ಮಸಾಲ,0.3,tsp,staple,true,8
mutton-curry,Kasuri methi,कसूरी मेथी,ಕಸೂರಿ ಮೆಂತ್ಯ,0.5,tsp,staple,true,9
mutton-curry,"Whole spices (bay leaf, cinnamon, cloves)",खड़े मसाले,"ಇಡೀ ಮಸಾಲೆ (ಚಕ್ಕೆ, ಲವಂಗ)",1,piece,staple,true,10
mutton-curry,Ghee,घी,ತುಪ್ಪ,1,tsp,staple,true,11
mutton-curry,Cooking oil,तेल,ಎಣ್ಣೆ,3,tsp,staple,true,12
keema-matar,Mutton keema,मटन कीमा,ಮಟನ್ ಕೀಮಾ,150,g,protein,false,1
keema-matar,Green peas,हरी मटर,ಹಸಿರು ಬಟಾಣಿ,40,g,vegetable,false,2
keema-matar,Onion (medium),प्याज़,ಈರುಳ್ಳಿ,1,piece,vegetable,false,3
keema-matar,Tomato (medium),टमाटर,ಟೊಮೇಟೊ,1,piece,vegetable,false,4
keema-matar,Ginger-garlic paste,अदरक-लहसुन पेस्ट,ಶುಂಠಿ-ಬೆಳ್ಳುಳ್ಳಿ ಪೇಸ್ಟ್,1,tsp,staple,true,5
keema-matar,Turmeric,हल्दी,ಅರಿಶಿನ,0.2,tsp,staple,true,6
keema-matar,Red chilli powder,लाल मिर्च पाउडर,ಕೆಂಪು ಮೆಣಸಿನ ಪುಡಿ,0.3,tsp,staple,true,7
keema-matar,Coriander powder,धनिया पाउडर,ಧನಿಯಾ ಪುಡಿ,0.4,tsp,staple,true,8
keema-matar,Garam masala,गरम मसाला,ಗರಂ ಮಸಾಲ,0.3,tsp,staple,true,9
keema-matar,Cooking oil,तेल,ಎಣ್ಣೆ,3,tsp,staple,true,10
keema-matar,Coriander leaves,हरा धनिया,ಕೊತ್ತಂಬರಿ ಸೊಪ್ಪು,0.1,bunch,vegetable,false,11
fish-fry,Fish (slices),मछली (टुकड़े),ಮೀನು (ತುಂಡುಗಳು),200,g,protein,false,1
fish-fry,Red chilli powder,लाल मिर्च पाउडर,ಕೆಂಪು ಮೆಣಸಿನ ಪುಡಿ,0.7,tsp,staple,true,2
fish-fry,Turmeric,हल्दी,ಅರಿಶಿನ,0.2,tsp,staple,true,3
fish-fry,Ginger-garlic paste,अदरक-लहसुन पेस्ट,ಶುಂಠಿ-ಬೆಳ್ಳುಳ್ಳಿ ಪೇಸ್ಟ್,1,tsp,staple,true,4
fish-fry,Lemon,नींबू,ನಿಂಬೆಹಣ್ಣು,0.3,piece,vegetable,false,5
fish-fry,Cornflour,कॉर्नफ्लोर,ಕಾರ್ನ್ ಫ್ಲೋರ್,10,g,other,false,6
fish-fry,Cooking oil,तेल,ಎಣ್ಣೆ,3,tsp,staple,true,7
fish-curry,Fish (slices),मछली (टुकड़े),ಮೀನು (ತುಂಡುಗಳು),200,g,protein,false,1
fish-curry,Coconut milk,नारियल का दूध,ತೆಂಗಿನ ಹಾಲು,60,ml,other,false,2
fish-curry,Tamarind,इमली,ಹುಣಸೆಹಣ್ಣು,8,g,other,false,3
fish-curry,Onion (medium),प्याज़,ಈರುಳ್ಳಿ,0.7,piece,vegetable,false,4
fish-curry,Tomato (medium),टमाटर,ಟೊಮೇಟೊ,0.7,piece,vegetable,false,5
fish-curry,Ginger-garlic paste,अदरक-लहसुन पेस्ट,ಶುಂಠಿ-ಬೆಳ್ಳುಳ್ಳಿ ಪೇಸ್ಟ್,1,tsp,staple,true,6
fish-curry,Mustard seeds,राई,ಸಾಸಿವೆ,0.3,tsp,staple,true,7
fish-curry,Curry leaves,करी पत्ता,ಕರಿಬೇವು,0.2,bunch,staple,true,8
fish-curry,Turmeric,हल्दी,ಅರಿಶಿನ,0.2,tsp,staple,true,9
fish-curry,Red chilli powder,लाल मिर्च पाउडर,ಕೆಂಪು ಮೆಣಸಿನ ಪುಡಿ,0.3,tsp,staple,true,10
fish-curry,Cooking oil,तेल,ಎಣ್ಣೆ,2,tsp,staple,true,11
tomato-soup,Tomato (medium),टमाटर,ಟೊಮೇಟೊ,2,piece,vegetable,false,1
tomato-soup,Carrot,गाजर,ಕ್ಯಾರೆಟ್,0.3,piece,vegetable,false,2
tomato-soup,Onion (medium),प्याज़,ಈರುಳ್ಳಿ,0.3,piece,vegetable,false,3
tomato-soup,Garlic cloves,लहसुन,ಬೆಳ್ಳುಳ್ಳಿ,2,piece,vegetable,false,4
tomato-soup,Fresh cream,क्रीम,ಕ್ರೀಮ್,15,ml,dairy,false,5
tomato-soup,Butter,मक्खन,ಬೆಣ್ಣೆ,5,g,dairy,false,6
tomato-soup,"Whole spices (bay leaf, cinnamon, cloves)",खड़े मसाले,"ಇಡೀ ಮಸಾಲೆ (ಚಕ್ಕೆ, ಲವಂಗ)",0.3,piece,staple,true,7
tomato-soup,Sugar,चीनी,ಸಕ್ಕರೆ,0.3,tsp,other,false,8
tomato-soup,Black pepper (crushed),कुटी काली मिर्च,ಕರಿಮೆಣಸು ಪುಡಿ,0.3,tsp,staple,true,9
poha,Poha (flattened rice),पोहा,ಅವಲಕ್ಕಿ,70,g,other,false,1
poha,Onion (medium),प्याज़,ಈರುಳ್ಳಿ,0.5,piece,vegetable,false,2
poha,Green chilli,हरी मिर्च,ಹಸಿ ಮೆಣಸಿನಕಾಯಿ,0.5,piece,vegetable,false,3
poha,Ginger,अदरक,ಶುಂಠಿ,3,g,vegetable,false,4
poha,Peanuts,मूंगफली,ಕಡಲೆಕಾಯಿ ಬೀಜ,10,g,other,false,5
poha,Lemon,नींबू,ನಿಂಬೆಹಣ್ಣು,0.2,piece,vegetable,false,6
poha,Mustard seeds,राई,ಸಾಸಿವೆ,0.3,tsp,staple,true,7
poha,Cumin (jeera),जीरा,ಜೀರಿಗೆ,0.4,tsp,staple,true,8
poha,White urad dal,सफ़ेद उड़द दाल,ಉದ್ದಿನ ಬೇಳೆ,3,g,protein,false,9
poha,Dried red chilli,सूखी लाल मिर्च,ಒಣ ಕೆಂಪು ಮೆಣಸಿನಕಾಯಿ,0.3,piece,staple,true,10
poha,Curry leaves,करी पत्ता,ಕರಿಬೇವು,0.2,bunch,staple,true,11
poha,Asafoetida (hing),हींग,ಇಂಗು,0.1,tsp,staple,true,12
poha,Turmeric,हल्दी,ಅರಿಶಿನ,0.2,tsp,staple,true,13
poha,Sugar,चीनी,ಸಕ್ಕರೆ,0.2,tsp,other,false,14
poha,Coriander leaves,हरा धनिया,ಕೊತ್ತಂಬರಿ ಸೊಪ್ಪು,0.1,bunch,vegetable,false,15
poha,Cooking oil,तेल,ಎಣ್ಣೆ,2,tsp,staple,true,16
aloo-curry,Potato (medium),आलू,ಆಲೂಗಡ್ಡೆ,1.33,piece,vegetable,false,1
aloo-curry,Onion (medium),प्याज़,ಈರುಳ್ಳಿ,0.67,piece,vegetable,false,2
aloo-curry,Ginger-garlic paste,अदरक-लहसुन पेस्ट,ಶುಂಠಿ-ಬೆಳ್ಳುಳ್ಳಿ ಪೇಸ್ಟ್,0.33,tbsp,staple,true,3
aloo-curry,Tomato (medium),टमाटर,ಟೊಮೇಟೊ,0.67,piece,vegetable,false,4
aloo-curry,Green chilli,हरी मिर्च,ಹಸಿ ಮೆಣಸಿನಕಾಯಿ,0.67,piece,vegetable,false,5
aloo-curry,Cumin (jeera),जीरा,ಜೀರಿಗೆ,0.33,tsp,staple,true,6
aloo-curry,Turmeric,हल्दी,ಅರಿಶಿನ,0.17,tsp,staple,true,7
aloo-curry,Red chilli powder,लाल मिर्च पाउडर,ಕೆಂಪು ಮೆಣಸಿನ ಪುಡಿ,0.33,tsp,staple,true,8
aloo-curry,Garam masala,गरम मसाला,ಗರಂ ಮಸಾಲ,0.33,tsp,staple,true,9
aloo-curry,Cooking oil,तेल,ಎಣ್ಣೆ,0.67,tbsp,staple,true,10
aloo-curry,Coriander leaves,हरा धनिया,ಕೊತ್ತಂಬರಿ ಸೊಪ್ಪು,0.67,tbsp,vegetable,false,11
aloo-masala,Potato (medium),आलू,ಆಲೂಗಡ್ಡೆ,1.33,piece,vegetable,false,1
aloo-masala,Onion (medium),प्याज़,ಈರುಳ್ಳಿ,0.67,piece,vegetable,false,2
aloo-masala,Ginger-garlic paste,अदरक-लहसुन पेस्ट,ಶುಂಠಿ-ಬೆಳ್ಳುಳ್ಳಿ ಪೇಸ್ಟ್,0.33,tbsp,staple,true,3
aloo-masala,Tomato (medium),टमाटर,ಟೊಮೇಟೊ,0.67,piece,vegetable,false,4
aloo-masala,Green chilli,हरी मिर्च,ಹಸಿ ಮೆಣಸಿನಕಾಯಿ,0.67,piece,vegetable,false,5
aloo-masala,Cumin (jeera),जीरा,ಜೀರಿಗೆ,0.33,tsp,staple,true,6
aloo-masala,Turmeric,हल्दी,ಅರಿಶಿನ,0.17,tsp,staple,true,7
aloo-masala,Red chilli powder,लाल मिर्च पाउडर,ಕೆಂಪು ಮೆಣಸಿನ ಪುಡಿ,0.33,tsp,staple,true,8
aloo-masala,Garam masala,गरम मसाला,ಗರಂ ಮಸಾಲ,0.33,tsp,staple,true,9
aloo-masala,Cooking oil,तेल,ಎಣ್ಣೆ,0.67,tbsp,staple,true,10
aloo-masala,Coriander leaves,हरा धनिया,ಕೊತ್ತಂಬರಿ ಸೊಪ್ಪು,0.67,tbsp,vegetable,false,11
aloo-fry,Potato (medium),आलू,ಆಲೂಗಡ್ಡೆ,1.33,piece,vegetable,false,1
aloo-fry,Onion (medium),प्याज़,ಈರುಳ್ಳಿ,0.67,piece,vegetable,false,2
aloo-fry,Ginger-garlic paste,अदरक-लहसुन पेस्ट,ಶುಂಠಿ-ಬೆಳ್ಳುಳ್ಳಿ ಪೇಸ್ಟ್,0.33,tbsp,staple,true,3
aloo-fry,Tomato (medium),टमाटर,ಟೊಮೇಟೊ,0.67,piece,vegetable,false,4
aloo-fry,Green chilli,हरी मिर्च,ಹಸಿ ಮೆಣಸಿನಕಾಯಿ,0.67,piece,vegetable,false,5
aloo-fry,Cumin (jeera),जीरा,ಜೀರಿಗೆ,0.33,tsp,staple,true,6
aloo-fry,Turmeric,हल्दी,ಅರಿಶಿನ,0.17,tsp,staple,true,7
aloo-fry,Red chilli powder,लाल मिर्च पाउडर,ಕೆಂಪು ಮೆಣಸಿನ ಪುಡಿ,0.33,tsp,staple,true,8
aloo-fry,Garam masala,गरम मसाला,ಗರಂ ಮಸಾಲ,0.33,tsp,staple,true,9
aloo-fry,Cooking oil,तेल,ಎಣ್ಣೆ,0.67,tbsp,staple,true,10
aloo-fry,Coriander leaves,हरा धनिया,ಕೊತ್ತಂಬರಿ ಸೊಪ್ಪು,0.67,tbsp,vegetable,false,11
aloo-roast,Potato (medium),आलू,ಆಲೂಗಡ್ಡೆ,1.33,piece,vegetable,false,1
aloo-roast,Onion (medium),प्याज़,ಈರುಳ್ಳಿ,0.67,piece,vegetable,false,2
aloo-roast,Ginger-garlic paste,अदरक-लहसुन पेस्ट,ಶುಂಠಿ-ಬೆಳ್ಳುಳ್ಳಿ ಪೇಸ್ಟ್,0.33,tbsp,staple,true,3
aloo-roast,Tomato (medium),टमाटर,ಟೊಮೇಟೊ,0.67,piece,vegetable,false,4
aloo-roast,Green chilli,हरी मिर्च,ಹಸಿ ಮೆಣಸಿನಕಾಯಿ,0.67,piece,vegetable,false,5
aloo-roast,Cumin (jeera),जीरा,ಜೀರಿಗೆ,0.33,tsp,staple,true,6
aloo-roast,Turmeric,हल्दी,ಅರಿಶಿನ,0.17,tsp,staple,true,7
aloo-roast,Red chilli powder,लाल मिर्च पाउडर,ಕೆಂಪು ಮೆಣಸಿನ ಪುಡಿ,0.33,tsp,staple,true,8
aloo-roast,Garam masala,गरम मसाला,ಗರಂ ಮಸಾಲ,0.33,tsp,staple,true,9
aloo-roast,Cooking oil,तेल,ಎಣ್ಣೆ,0.67,tbsp,staple,true,10
aloo-roast,Coriander leaves,हरा धनिया,ಕೊತ್ತಂಬರಿ ಸೊಪ್ಪು,0.67,tbsp,vegetable,false,11
aloo-tikka,Potato (medium),आलू,ಆಲೂಗಡ್ಡೆ,1.33,piece,vegetable,false,1
aloo-tikka,Onion (medium),प्याज़,ಈರುಳ್ಳಿ,0.67,piece,vegetable,false,2
aloo-tikka,Ginger-garlic paste,अदरक-लहसुन पेस्ट,ಶುಂಠಿ-ಬೆಳ್ಳುಳ್ಳಿ ಪೇಸ್ಟ್,0.33,tbsp,staple,true,3
aloo-tikka,Tomato (medium),टमाटर,ಟೊಮೇಟೊ,0.67,piece,vegetable,false,4
aloo-tikka,Green chilli,हरी मिर्च,ಹಸಿ ಮೆಣಸಿನಕಾಯಿ,0.67,piece,vegetable,false,5
aloo-tikka,Cumin (jeera),जीरा,ಜೀರಿಗೆ,0.33,tsp,staple,true,6
aloo-tikka,Turmeric,हल्दी,ಅರಿಶಿನ,0.17,tsp,staple,true,7
aloo-tikka,Red chilli powder,लाल मिर्च पाउडर,ಕೆಂಪು ಮೆಣಸಿನ ಪುಡಿ,0.33,tsp,staple,true,8
aloo-tikka,Garam masala,गरम मसाला,ಗರಂ ಮಸಾಲ,0.33,tsp,staple,true,9
aloo-tikka,Cooking oil,तेल,ಎಣ್ಣೆ,0.67,tbsp,staple,true,10
aloo-tikka,Coriander leaves,हरा धनिया,ಕೊತ್ತಂಬರಿ ಸೊಪ್ಪು,0.67,tbsp,vegetable,false,11
aloo-korma,Potato (medium),आलू,ಆಲೂಗಡ್ಡೆ,1.33,piece,vegetable,false,1
aloo-korma,Onion (medium),प्याज़,ಈರುಳ್ಳಿ,0.67,piece,vegetable,false,2
aloo-korma,Ginger-garlic paste,अदरक-लहसुन पेस्ट,ಶುಂಠಿ-ಬೆಳ್ಳುಳ್ಳಿ ಪೇಸ್ಟ್,0.33,tbsp,staple,true,3
aloo-korma,Tomato (medium),टमाटर,ಟೊಮೇಟೊ,0.67,piece,vegetable,false,4
aloo-korma,Green chilli,हरी मिर्च,ಹಸಿ ಮೆಣಸಿನಕಾಯಿ,0.67,piece,vegetable,false,5
aloo-korma,Cumin (jeera),जीरा,ಜೀರಿಗೆ,0.33,tsp,staple,true,6
aloo-korma,Turmeric,हल्दी,ಅರಿಶಿನ,0.17,tsp,staple,true,7
aloo-korma,Red chilli powder,लाल मिर्च पाउडर,ಕೆಂಪು ಮೆಣಸಿನ ಪುಡಿ,0.33,tsp,staple,true,8
aloo-korma,Garam masala,गरम मसाला,ಗರಂ ಮಸಾಲ,0.33,tsp,staple,true,9
aloo-korma,Cooking oil,तेल,ಎಣ್ಣೆ,0.67,tbsp,staple,true,10
aloo-korma,Coriander leaves,हरा धनिया,ಕೊತ್ತಂಬರಿ ಸೊಪ್ಪು,0.67,tbsp,vegetable,false,11
aloo-makhani,Potato (medium),आलू,ಆಲೂಗಡ್ಡೆ,1.33,piece,vegetable,false,1
aloo-makhani,Onion (medium),प्याज़,ಈರುಳ್ಳಿ,0.67,piece,vegetable,false,2
aloo-makhani,Ginger-garlic paste,अदरक-लहसुन पेस्ट,ಶುಂಠಿ-ಬೆಳ್ಳುಳ್ಳಿ ಪೇಸ್ಟ್,0.33,tbsp,staple,true,3
aloo-makhani,Tomato (medium),टमाटर,ಟೊಮೇಟೊ,0.67,piece,vegetable,false,4
aloo-makhani,Green chilli,हरी मिर्च,ಹಸಿ ಮೆಣಸಿನಕಾಯಿ,0.67,piece,vegetable,false,5
aloo-makhani,Cumin (jeera),जीरा,ಜೀರಿಗೆ,0.33,tsp,staple,true,6
aloo-makhani,Turmeric,हल्दी,ಅರಿಶಿನ,0.17,tsp,staple,true,7
aloo-makhani,Red chilli powder,लाल मिर्च पाउडर,ಕೆಂಪು ಮೆಣಸಿನ ಪುಡಿ,0.33,tsp,staple,true,8
aloo-makhani,Garam masala,गरम मसाला,ಗರಂ ಮಸಾಲ,0.33,tsp,staple,true,9
aloo-makhani,Butter,मक्खन,ಬೆಣ್ಣೆ,1,tbsp,dairy,false,10
aloo-makhani,Fresh cream,क्रीम,ಕ್ರೀಮ್,0.08,cup,dairy,false,11
aloo-makhani,Kasuri methi,कसूरी मेथी,ಕಸೂರಿ ಮೆಂತ್ಯ,0.33,tsp,staple,true,12
aloo-makhani,Coriander leaves,हरा धनिया,ಕೊತ್ತಂಬರಿ ಸೊಪ್ಪು,0.67,tbsp,vegetable,false,13
aloo-bhurji,Potato (medium),आलू,ಆಲೂಗಡ್ಡೆ,1.33,piece,vegetable,false,1
aloo-bhurji,Onion (medium),प्याज़,ಈರುಳ್ಳಿ,0.67,piece,vegetable,false,2
aloo-bhurji,Ginger-garlic paste,अदरक-लहसुन पेस्ट,ಶುಂಠಿ-ಬೆಳ್ಳುಳ್ಳಿ ಪೇಸ್ಟ್,0.33,tbsp,staple,true,3
aloo-bhurji,Tomato (medium),टमाटर,ಟೊಮೇಟೊ,0.67,piece,vegetable,false,4
aloo-bhurji,Green chilli,हरी मिर्च,ಹಸಿ ಮೆಣಸಿನಕಾಯಿ,0.67,piece,vegetable,false,5
aloo-bhurji,Cumin (jeera),जीरा,ಜೀರಿಗೆ,0.33,tsp,staple,true,6
aloo-bhurji,Turmeric,हल्दी,ಅರಿಶಿನ,0.17,tsp,staple,true,7
aloo-bhurji,Red chilli powder,लाल मिर्च पाउडर,ಕೆಂಪು ಮೆಣಸಿನ ಪುಡಿ,0.33,tsp,staple,true,8
aloo-bhurji,Garam masala,गरम मसाला,ಗರಂ ಮಸಾಲ,0.33,tsp,staple,true,9
aloo-bhurji,Cooking oil,तेल,ಎಣ್ಣೆ,0.67,tbsp,staple,true,10
aloo-bhurji,Coriander leaves,हरा धनिया,ಕೊತ್ತಂಬರಿ ಸೊಪ್ಪು,0.67,tbsp,vegetable,false,11
aloo-kofta,Potato (medium),आलू,ಆಲೂಗಡ್ಡೆ,1.33,piece,vegetable,false,1
aloo-kofta,Onion (medium),प्याज़,ಈರುಳ್ಳಿ,0.67,piece,vegetable,false,2
aloo-kofta,Ginger-garlic paste,अदरक-लहसुन पेस्ट,ಶುಂಠಿ-ಬೆಳ್ಳುಳ್ಳಿ ಪೇಸ್ಟ್,0.33,tbsp,staple,true,3
aloo-kofta,Tomato (medium),टमाटर,ಟೊಮೇಟೊ,0.67,piece,vegetable,false,4
aloo-kofta,Green chilli,हरी मिर्च,ಹಸಿ ಮೆಣಸಿನಕಾಯಿ,0.67,piece,vegetable,false,5
aloo-kofta,Cumin (jeera),जीरा,ಜೀರಿಗೆ,0.33,tsp,staple,true,6
aloo-kofta,Turmeric,हल्दी,ಅರಿಶಿನ,0.17,tsp,staple,true,7
aloo-kofta,Red chilli powder,लाल मिर्च पाउडर,ಕೆಂಪು ಮೆಣಸಿನ ಪುಡಿ,0.33,tsp,staple,true,8
aloo-kofta,Garam masala,गरम मसाला,ಗರಂ ಮಸಾಲ,0.33,tsp,staple,true,9
aloo-kofta,Cooking oil,तेल,ಎಣ್ಣೆ,0.67,tbsp,staple,true,10
aloo-kofta,Coriander leaves,हरा धनिया,ಕೊತ್ತಂಬರಿ ಸೊಪ್ಪು,0.67,tbsp,vegetable,false,11
aloo-saag,Potato (medium),आलू,ಆಲೂಗಡ್ಡೆ,1.33,piece,vegetable,false,1
aloo-saag,Onion (medium),प्याज़,ಈರುಳ್ಳಿ,0.67,piece,vegetable,false,2
aloo-saag,Ginger-garlic paste,अदरक-लहसुन पेस्ट,ಶುಂಠಿ-ಬೆಳ್ಳುಳ್ಳಿ ಪೇಸ್ಟ್,0.33,tbsp,staple,true,3
aloo-saag,Tomato (medium),टमाटर,ಟೊಮೇಟೊ,0.67,piece,vegetable,false,4
aloo-saag,Green chilli,हरी मिर्च,ಹಸಿ ಮೆಣಸಿನಕಾಯಿ,0.67,piece,vegetable,false,5
aloo-saag,Cumin (jeera),जीरा,ಜೀರಿಗೆ,0.33,tsp,staple,true,6
aloo-saag,Turmeric,हल्दी,ಅರಿಶಿನ,0.17,tsp,staple,true,7
aloo-saag,Red chilli powder,लाल मिर्च पाउडर,ಕೆಂಪು ಮೆಣಸಿನ ಪುಡಿ,0.33,tsp,staple,true,8
aloo-saag,Garam masala,गरम मसाला,ಗರಂ ಮಸಾಲ,0.33,tsp,staple,true,9
aloo-saag,Cooking oil,तेल,ಎಣ್ಣೆ,0.67,tbsp,staple,true,10
aloo-saag,Coriander leaves,हरा धनिया,ಕೊತ್ತಂಬರಿ ಸೊಪ್ಪು,0.67,tbsp,vegetable,false,11
aloo-vindaloo,Potato (medium),आलू,ಆಲೂಗಡ್ಡೆ,1.33,piece,vegetable,false,1
aloo-vindaloo,Onion (medium),प्याज़,ಈರುಳ್ಳಿ,0.67,piece,vegetable,false,2
aloo-vindaloo,Ginger-garlic paste,अदरक-लहसुन पेस्ट,ಶುಂಠಿ-ಬೆಳ್ಳುಳ್ಳಿ ಪೇಸ್ಟ್,0.33,tbsp,staple,true,3
aloo-vindaloo,Tomato (medium),टमाटर,ಟೊಮೇಟೊ,0.67,piece,vegetable,false,4
aloo-vindaloo,Green chilli,हरी मिर्च,ಹಸಿ ಮೆಣಸಿನಕಾಯಿ,0.67,piece,vegetable,false,5
aloo-vindaloo,Cumin (jeera),जीरा,ಜೀರಿಗೆ,0.33,tsp,staple,true,6
aloo-vindaloo,Turmeric,हल्दी,ಅರಿಶಿನ,0.17,tsp,staple,true,7
aloo-vindaloo,Red chilli powder,लाल मिर्च पाउडर,ಕೆಂಪು ಮೆಣಸಿನ ಪುಡಿ,0.33,tsp,staple,true,8
aloo-vindaloo,Garam masala,गरम मसाला,ಗರಂ ಮಸಾಲ,0.33,tsp,staple,true,9
aloo-vindaloo,Cooking oil,तेल,ಎಣ್ಣೆ,0.67,tbsp,staple,true,10
aloo-vindaloo,Coriander leaves,हरा धनिया,ಕೊತ್ತಂಬರಿ ಸೊಪ್ಪು,0.67,tbsp,vegetable,false,11
aloo-chettinad,Potato (medium),आलू,ಆಲೂಗಡ್ಡೆ,1.33,piece,vegetable,false,1
aloo-chettinad,Onion (medium),प्याज़,ಈರುಳ್ಳಿ,0.67,piece,vegetable,false,2
aloo-chettinad,Ginger-garlic paste,अदरक-लहसुन पेस्ट,ಶುಂಠಿ-ಬೆಳ್ಳುಳ್ಳಿ ಪೇಸ್ಟ್,0.33,tbsp,staple,true,3
aloo-chettinad,Tomato (medium),टमाटर,ಟೊಮೇಟೊ,0.67,piece,vegetable,false,4
aloo-chettinad,Green chilli,हरी मिर्च,ಹಸಿ ಮೆಣಸಿನಕಾಯಿ,0.67,piece,vegetable,false,5
aloo-chettinad,Cumin (jeera),जीरा,ಜೀರಿಗೆ,0.33,tsp,staple,true,6
aloo-chettinad,Turmeric,हल्दी,ಅರಿಶಿನ,0.17,tsp,staple,true,7
aloo-chettinad,Red chilli powder,लाल मिर्च पाउडर,ಕೆಂಪು ಮೆಣಸಿನ ಪುಡಿ,0.33,tsp,staple,true,8
aloo-chettinad,Garam masala,गरम मसाला,ಗರಂ ಮಸಾಲ,0.33,tsp,staple,true,9
aloo-chettinad,Cooking oil,तेल,ಎಣ್ಣೆ,0.67,tbsp,staple,true,10
aloo-chettinad,Coriander leaves,हरा धनिया,ಕೊತ್ತಂಬರಿ ಸೊಪ್ಪು,0.67,tbsp,vegetable,false,11
aloo-do-pyaza,Potato (medium),आलू,ಆಲೂಗಡ್ಡೆ,1.33,piece,vegetable,false,1
aloo-do-pyaza,Onion (medium),प्याज़,ಈರುಳ್ಳಿ,0.67,piece,vegetable,false,2
aloo-do-pyaza,Ginger-garlic paste,अदरक-लहसुन पेस्ट,ಶುಂಠಿ-ಬೆಳ್ಳುಳ್ಳಿ ಪೇಸ್ಟ್,0.33,tbsp,staple,true,3
aloo-do-pyaza,Tomato (medium),टमाटर,ಟೊಮೇಟೊ,0.67,piece,vegetable,false,4
aloo-do-pyaza,Green chilli,हरी मिर्च,ಹಸಿ ಮೆಣಸಿನಕಾಯಿ,0.67,piece,vegetable,false,5
aloo-do-pyaza,Cumin (jeera),जीरा,ಜೀರಿಗೆ,0.33,tsp,staple,true,6
aloo-do-pyaza,Turmeric,हल्दी,ಅರಿಶಿನ,0.17,tsp,staple,true,7
aloo-do-pyaza,Red chilli powder,लाल मिर्च पाउडर,ಕೆಂಪು ಮೆಣಸಿನ ಪುಡಿ,0.33,tsp,staple,true,8
aloo-do-pyaza,Garam masala,गरम मसाला,ಗರಂ ಮಸಾಲ,0.33,tsp,staple,true,9
aloo-do-pyaza,Cooking oil,तेल,ಎಣ್ಣೆ,0.67,tbsp,staple,true,10
aloo-do-pyaza,Coriander leaves,हरा धनिया,ಕೊತ್ತಂಬರಿ ಸೊಪ್ಪು,0.67,tbsp,vegetable,false,11
aloo-salna,Potato (medium),आलू,ಆಲೂಗಡ್ಡೆ,1.33,piece,vegetable,false,1
aloo-salna,Onion (medium),प्याज़,ಈರುಳ್ಳಿ,0.67,piece,vegetable,false,2
aloo-salna,Ginger-garlic paste,अदरक-लहसुन पेस्ट,ಶುಂಠಿ-ಬೆಳ್ಳುಳ್ಳಿ ಪೇಸ್ಟ್,0.33,tbsp,staple,true,3
aloo-salna,Tomato (medium),टमाटर,ಟೊಮೇಟೊ,0.67,piece,vegetable,false,4
aloo-salna,Green chilli,हरी मिर्च,ಹಸಿ ಮೆಣಸಿನಕಾಯಿ,0.67,piece,vegetable,false,5
aloo-salna,Cumin (jeera),जीरा,ಜೀರಿಗೆ,0.33,tsp,staple,true,6
aloo-salna,Turmeric,हल्दी,ಅರಿಶಿನ,0.17,tsp,staple,true,7
aloo-salna,Red chilli powder,लाल मिर्च पाउडर,ಕೆಂಪು ಮೆಣಸಿನ ಪುಡಿ,0.33,tsp,staple,true,8
aloo-salna,Garam masala,गरम मसाला,ಗರಂ ಮಸಾಲ,0.33,tsp,staple,true,9
aloo-salna,Cooking oil,तेल,ಎಣ್ಣೆ,0.67,tbsp,staple,true,10
aloo-salna,Coriander leaves,हरा धनिया,ಕೊತ್ತಂಬರಿ ಸೊಪ್ಪು,0.67,tbsp,vegetable,false,11
aloo-kurma,Potato (medium),आलू,ಆಲೂಗಡ್ಡೆ,1.33,piece,vegetable,false,1
aloo-kurma,Onion (medium),प्याज़,ಈರುಳ್ಳಿ,0.67,piece,vegetable,false,2
aloo-kurma,Ginger-garlic paste,अदरक-लहसुन पेस्ट,ಶುಂಠಿ-ಬೆಳ್ಳುಳ್ಳಿ ಪೇಸ್ಟ್,0.33,tbsp,staple,true,3
aloo-kurma,Tomato (medium),टमाटर,ಟೊಮೇಟೊ,0.67,piece,vegetable,false,4
aloo-kurma,Green chilli,हरी मिर्च,ಹಸಿ ಮೆಣಸಿನಕಾಯಿ,0.67,piece,vegetable,false,5
aloo-kurma,Cumin (jeera),जीरा,ಜೀರಿಗೆ,0.33,tsp,staple,true,6
aloo-kurma,Turmeric,हल्दी,ಅರಿಶಿನ,0.17,tsp,staple,true,7
aloo-kurma,Red chilli powder,लाल मिर्च पाउडर,ಕೆಂಪು ಮೆಣಸಿನ ಪುಡಿ,0.33,tsp,staple,true,8
aloo-kurma,Garam masala,गरम मसाला,ಗರಂ ಮಸಾಲ,0.33,tsp,staple,true,9
aloo-kurma,Cooking oil,तेल,ಎಣ್ಣೆ,0.67,tbsp,staple,true,10
aloo-kurma,Coriander leaves,हरा धनिया,ಕೊತ್ತಂಬರಿ ಸೊಪ್ಪು,0.67,tbsp,vegetable,false,11
paneer-curry,Paneer,पनीर,ಪನೀರ್,250,g,dairy,false,1
paneer-curry,Green chilli,हरी मिर्च,ಹಸಿ ಮೆಣಸಿನಕಾಯಿ,0.67,piece,vegetable,false,2
paneer-curry,Cumin (jeera),जीरा,ಜೀರಿಗೆ,0.33,tsp,staple,true,3
paneer-curry,Turmeric,हल्दी,ಅರಿಶಿನ,0.17,tsp,staple,true,4
paneer-curry,Red chilli powder,लाल मिर्च पाउडर,ಕೆಂಪು ಮೆಣಸಿನ ಪುಡಿ,0.33,tsp,staple,true,5
paneer-curry,Garam masala,गरम मसाला,ಗರಂ ಮಸಾಲ,0.33,tsp,staple,true,6
paneer-curry,Cooking oil,तेल,ಎಣ್ಣೆ,0.67,tbsp,staple,true,7
paneer-curry,Coriander leaves,हरा धनिया,ಕೊತ್ತಂಬರಿ ಸೊಪ್ಪು,0.67,tbsp,vegetable,false,8
paneer-masala,Paneer,पनीर,ಪನೀರ್,250,g,dairy,false,1
paneer-masala,Green chilli,हरी मिर्च,ಹಸಿ ಮೆಣಸಿನಕಾಯಿ,0.67,piece,vegetable,false,2
paneer-masala,Cumin (jeera),जीरा,ಜೀರಿಗೆ,0.33,tsp,staple,true,3
paneer-masala,Turmeric,हल्दी,ಅರಿಶಿನ,0.17,tsp,staple,true,4
paneer-masala,Red chilli powder,लाल मिर्च पाउडर,ಕೆಂಪು ಮೆಣಸಿನ ಪುಡಿ,0.33,tsp,staple,true,5
paneer-masala,Garam masala,गरम मसाला,ಗರಂ ಮಸಾಲ,0.33,tsp,staple,true,6
paneer-masala,Cooking oil,तेल,ಎಣ್ಣೆ,0.67,tbsp,staple,true,7
paneer-masala,Coriander leaves,हरा धनिया,ಕೊತ್ತಂಬರಿ ಸೊಪ್ಪು,0.67,tbsp,vegetable,false,8
paneer-fry,Paneer,पनीर,ಪನೀರ್,250,g,dairy,false,1
paneer-fry,Green chilli,हरी मिर्च,ಹಸಿ ಮೆಣಸಿನಕಾಯಿ,0.67,piece,vegetable,false,2
paneer-fry,Cumin (jeera),जीरा,ಜೀರಿಗೆ,0.33,tsp,staple,true,3
paneer-fry,Turmeric,हल्दी,ಅರಿಶಿನ,0.17,tsp,staple,true,4
paneer-fry,Red chilli powder,लाल मिर्च पाउडर,ಕೆಂಪು ಮೆಣಸಿನ ಪುಡಿ,0.33,tsp,staple,true,5
paneer-fry,Garam masala,गरम मसाला,ಗರಂ ಮಸಾಲ,0.33,tsp,staple,true,6
paneer-fry,Cooking oil,तेल,ಎಣ್ಣೆ,0.67,tbsp,staple,true,7
paneer-fry,Coriander leaves,हरा धनिया,ಕೊತ್ತಂಬರಿ ಸೊಪ್ಪು,0.67,tbsp,vegetable,false,8
paneer-roast,Paneer,पनीर,ಪನೀರ್,250,g,dairy,false,1
paneer-roast,Onion (medium),प्याज़,ಈರುಳ್ಳಿ,0.67,piece,vegetable,false,2
paneer-roast,Ginger-garlic paste,अदरक-लहसुन पेस्ट,ಶುಂಠಿ-ಬೆಳ್ಳುಳ್ಳಿ ಪೇಸ್ಟ್,0.33,tbsp,staple,true,3
paneer-roast,Tomato (medium),टमाटर,ಟೊಮೇಟೊ,0.67,piece,vegetable,false,4
paneer-roast,Green chilli,हरी मिर्च,ಹಸಿ ಮೆಣಸಿನಕಾಯಿ,0.67,piece,vegetable,false,5
paneer-roast,Cumin (jeera),जीरा,ಜೀರಿಗೆ,0.33,tsp,staple,true,6
paneer-roast,Turmeric,हल्दी,ಅರಿಶಿನ,0.17,tsp,staple,true,7
paneer-roast,Red chilli powder,लाल मिर्च पाउडर,ಕೆಂಪು ಮೆಣಸಿನ ಪುಡಿ,0.33,tsp,staple,true,8
paneer-roast,Garam masala,गरम मसाला,ಗರಂ ಮಸಾಲ,0.33,tsp,staple,true,9
paneer-roast,Cooking oil,तेल,ಎಣ್ಣೆ,0.67,tbsp,staple,true,10
paneer-roast,Coriander leaves,हरा धनिया,ಕೊತ್ತಂಬರಿ ಸೊಪ್ಪು,0.67,tbsp,vegetable,false,11
paneer-tikka,Paneer,पनीर,ಪನೀರ್,250,g,dairy,false,1
paneer-tikka,Onion (medium),प्याज़,ಈರುಳ್ಳಿ,0.67,piece,vegetable,false,2
paneer-tikka,Ginger-garlic paste,अदरक-लहसुन पेस्ट,ಶುಂಠಿ-ಬೆಳ್ಳುಳ್ಳಿ ಪೇಸ್ಟ್,0.33,tbsp,staple,true,3
paneer-tikka,Tomato (medium),टमाटर,ಟೊಮೇಟೊ,0.67,piece,vegetable,false,4
paneer-tikka,Green chilli,हरी मिर्च,ಹಸಿ ಮೆಣಸಿನಕಾಯಿ,0.67,piece,vegetable,false,5
paneer-tikka,Cumin (jeera),जीरा,ಜೀರಿಗೆ,0.33,tsp,staple,true,6
paneer-tikka,Turmeric,हल्दी,ಅರಿಶಿನ,0.17,tsp,staple,true,7
paneer-tikka,Red chilli powder,लाल मिर्च पाउडर,ಕೆಂಪು ಮೆಣಸಿನ ಪುಡಿ,0.33,tsp,staple,true,8
paneer-tikka,Garam masala,गरम मसाला,ಗರಂ ಮಸಾಲ,0.33,tsp,staple,true,9
paneer-tikka,Cooking oil,तेल,ಎಣ್ಣೆ,0.67,tbsp,staple,true,10
paneer-tikka,Coriander leaves,हरा धनिया,ಕೊತ್ತಂಬರಿ ಸೊಪ್ಪು,0.67,tbsp,vegetable,false,11
paneer-korma,Paneer,पनीर,ಪನೀರ್,250,g,dairy,false,1
paneer-korma,Onion (medium),प्याज़,ಈರುಳ್ಳಿ,0.67,piece,vegetable,false,2
paneer-korma,Ginger-garlic paste,अदरक-लहसुन पेस्ट,ಶುಂಠಿ-ಬೆಳ್ಳುಳ್ಳಿ ಪೇಸ್ಟ್,0.33,tbsp,staple,true,3
paneer-korma,Tomato (medium),टमाटर,ಟೊಮೇಟೊ,0.67,piece,vegetable,false,4
paneer-korma,Green chilli,हरी मिर्च,ಹಸಿ ಮೆಣಸಿನಕಾಯಿ,0.67,piece,vegetable,false,5
paneer-korma,Cumin (jeera),जीरा,ಜೀರಿಗೆ,0.33,tsp,staple,true,6
paneer-korma,Turmeric,हल्दी,ಅರಿಶಿನ,0.17,tsp,staple,true,7
paneer-korma,Red chilli powder,लाल मिर्च पाउडर,ಕೆಂಪು ಮೆಣಸಿನ ಪುಡಿ,0.33,tsp,staple,true,8
paneer-korma,Garam masala,गरम मसाला,ಗರಂ ಮಸಾಲ,0.33,tsp,staple,true,9
paneer-korma,Cooking oil,तेल,ಎಣ್ಣೆ,0.67,tbsp,staple,true,10
paneer-korma,Coriander leaves,हरा धनिया,ಕೊತ್ತಂಬರಿ ಸೊಪ್ಪು,0.67,tbsp,vegetable,false,11
paneer-makhani,Paneer,पनीर,ಪನೀರ್,250,g,dairy,false,1
paneer-makhani,Green chilli,हरी मिर्च,ಹಸಿ ಮೆಣಸಿನಕಾಯಿ,0.67,piece,vegetable,false,2
paneer-makhani,Cumin (jeera),जीरा,ಜೀರಿಗೆ,0.33,tsp,staple,true,3
paneer-makhani,Turmeric,हल्दी,ಅರಿಶಿನ,0.17,tsp,staple,true,4
paneer-makhani,Red chilli powder,लाल मिर्च पाउडर,ಕೆಂಪು ಮೆಣಸಿನ ಪುಡಿ,0.33,tsp,staple,true,5
paneer-makhani,Garam masala,गरम मसाला,ಗರಂ ಮಸಾಲ,0.33,tsp,staple,true,6
paneer-makhani,Butter,मक्खन,ಬೆಣ್ಣೆ,1,tbsp,dairy,false,7
paneer-makhani,Fresh cream,क्रीम,ಕ್ರೀಮ್,0.08,cup,dairy,false,8
paneer-makhani,Kasuri methi,कसूरी मेथी,ಕಸೂರಿ ಮೆಂತ್ಯ,0.33,tsp,staple,true,9
paneer-makhani,Coriander leaves,हरा धनिया,ಕೊತ್ತಂಬರಿ ಸೊಪ್ಪು,0.67,tbsp,vegetable,false,10
paneer-kofta,Paneer,पनीर,ಪನೀರ್,250,g,dairy,false,1
paneer-kofta,Onion (medium),प्याज़,ಈರುಳ್ಳಿ,0.67,piece,vegetable,false,2
paneer-kofta,Ginger-garlic paste,अदरक-लहसुन पेस्ट,ಶುಂಠಿ-ಬೆಳ್ಳುಳ್ಳಿ ಪೇಸ್ಟ್,0.33,tbsp,staple,true,3
paneer-kofta,Tomato (medium),टमाटर,ಟೊಮೇಟೊ,0.67,piece,vegetable,false,4
paneer-kofta,Green chilli,हरी मिर्च,ಹಸಿ ಮೆಣಸಿನಕಾಯಿ,0.67,piece,vegetable,false,5
paneer-kofta,Cumin (jeera),जीरा,ಜೀರಿಗೆ,0.33,tsp,staple,true,6
paneer-kofta,Turmeric,हल्दी,ಅರಿಶಿನ,0.17,tsp,staple,true,7
paneer-kofta,Red chilli powder,लाल मिर्च पाउडर,ಕೆಂಪು ಮೆಣಸಿನ ಪುಡಿ,0.33,tsp,staple,true,8
paneer-kofta,Garam masala,गरम मसाला,ಗರಂ ಮಸಾಲ,0.33,tsp,staple,true,9
paneer-kofta,Cooking oil,तेल,ಎಣ್ಣೆ,0.67,tbsp,staple,true,10
paneer-kofta,Coriander leaves,हरा धनिया,ಕೊತ್ತಂಬರಿ ಸೊಪ್ಪು,0.67,tbsp,vegetable,false,11
paneer-saag,Paneer,पनीर,ಪನೀರ್,250,g,dairy,false,1
paneer-saag,Green chilli,हरी मिर्च,ಹಸಿ ಮೆಣಸಿನಕಾಯಿ,0.67,piece,vegetable,false,2
paneer-saag,Cumin (jeera),जीरा,ಜೀರಿಗೆ,0.33,tsp,staple,true,3
paneer-saag,Turmeric,हल्दी,ಅರಿಶಿನ,0.17,tsp,staple,true,4
paneer-saag,Red chilli powder,लाल मिर्च पाउडर,ಕೆಂಪು ಮೆಣಸಿನ ಪುಡಿ,0.33,tsp,staple,true,5
paneer-saag,Garam masala,गरम मसाला,ಗರಂ ಮಸಾಲ,0.33,tsp,staple,true,6
paneer-saag,Cooking oil,तेल,ಎಣ್ಣೆ,0.67,tbsp,staple,true,7
paneer-saag,Coriander leaves,हरा धनिया,ಕೊತ್ತಂಬರಿ ಸೊಪ್ಪು,0.67,tbsp,vegetable,false,8
paneer-vindaloo,Paneer,पनीर,ಪನೀರ್,250,g,dairy,false,1
paneer-vindaloo,Onion (medium),प्याज़,ಈರುಳ್ಳಿ,0.67,piece,vegetable,false,2
paneer-vindaloo,Ginger-garlic paste,अदरक-लहसुन पेस्ट,ಶುಂಠಿ-ಬೆಳ್ಳುಳ್ಳಿ ಪೇಸ್ಟ್,0.33,tbsp,staple,true,3
paneer-vindaloo,Tomato (medium),टमाटर,ಟೊಮೇಟೊ,0.67,piece,vegetable,false,4
paneer-vindaloo,Green chilli,हरी मिर्च,ಹಸಿ ಮೆಣಸಿನಕಾಯಿ,0.67,piece,vegetable,false,5
paneer-vindaloo,Cumin (jeera),जीरा,ಜೀರಿಗೆ,0.33,tsp,staple,true,6
paneer-vindaloo,Turmeric,हल्दी,ಅರಿಶಿನ,0.17,tsp,staple,true,7
paneer-vindaloo,Red chilli powder,लाल मिर्च पाउडर,ಕೆಂಪು ಮೆಣಸಿನ ಪುಡಿ,0.33,tsp,staple,true,8
paneer-vindaloo,Garam masala,गरम मसाला,ಗರಂ ಮಸಾಲ,0.33,tsp,staple,true,9
paneer-vindaloo,Cooking oil,तेल,ಎಣ್ಣೆ,0.67,tbsp,staple,true,10
paneer-vindaloo,Coriander leaves,हरा धनिया,ಕೊತ್ತಂಬರಿ ಸೊಪ್ಪು,0.67,tbsp,vegetable,false,11
paneer-chettinad,Paneer,पनीर,ಪನೀರ್,250,g,dairy,false,1
paneer-chettinad,Green chilli,हरी मिर्च,ಹಸಿ ಮೆಣಸಿನಕಾಯಿ,0.67,piece,vegetable,false,2
paneer-chettinad,Cumin (jeera),जीरा,ಜೀರಿಗೆ,0.33,tsp,staple,true,3
paneer-chettinad,Turmeric,हल्दी,ಅರಿಶಿನ,0.17,tsp,staple,true,4
paneer-chettinad,Red chilli powder,लाल मिर्च पाउडर,ಕೆಂಪು ಮೆಣಸಿನ ಪುಡಿ,0.33,tsp,staple,true,5
paneer-chettinad,Garam masala,गरम मसाला,ಗರಂ ಮಸಾಲ,0.33,tsp,staple,true,6
paneer-chettinad,Cooking oil,तेल,ಎಣ್ಣೆ,0.67,tbsp,staple,true,7
paneer-chettinad,Coriander leaves,हरा धनिया,ಕೊತ್ತಂಬರಿ ಸೊಪ್ಪು,0.67,tbsp,vegetable,false,8
paneer-do-pyaza,Paneer,पनीर,ಪನೀರ್,250,g,dairy,false,1
paneer-do-pyaza,Onion (medium),प्याज़,ಈರುಳ್ಳಿ,0.67,piece,vegetable,false,2
paneer-do-pyaza,Ginger-garlic paste,अदरक-लहसुन पेस्ट,ಶುಂಠಿ-ಬೆಳ್ಳುಳ್ಳಿ ಪೇಸ್ಟ್,0.33,tbsp,staple,true,3
paneer-do-pyaza,Tomato (medium),टमाटर,ಟೊಮೇಟೊ,0.67,piece,vegetable,false,4
paneer-do-pyaza,Green chilli,हरी मिर्च,ಹಸಿ ಮೆಣಸಿನಕಾಯಿ,0.67,piece,vegetable,false,5
paneer-do-pyaza,Cumin (jeera),जीरा,ಜೀರಿಗೆ,0.33,tsp,staple,true,6
paneer-do-pyaza,Turmeric,हल्दी,ಅರಿಶಿನ,0.17,tsp,staple,true,7
paneer-do-pyaza,Red chilli powder,लाल मिर्च पाउडर,ಕೆಂಪು ಮೆಣಸಿನ ಪುಡಿ,0.33,tsp,staple,true,8
paneer-do-pyaza,Garam masala,गरम मसाला,ಗರಂ ಮಸಾಲ,0.33,tsp,staple,true,9
paneer-do-pyaza,Cooking oil,तेल,ಎಣ್ಣೆ,0.67,tbsp,staple,true,10
paneer-do-pyaza,Coriander leaves,हरा धनिया,ಕೊತ್ತಂಬರಿ ಸೊಪ್ಪು,0.67,tbsp,vegetable,false,11
paneer-salna,Paneer,पनीर,ಪನೀರ್,250,g,dairy,false,1
paneer-salna,Green chilli,हरी मिर्च,ಹಸಿ ಮೆಣಸಿನಕಾಯಿ,0.67,piece,vegetable,false,2
paneer-salna,Cumin (jeera),जीरा,ಜೀರಿಗೆ,0.33,tsp,staple,true,3
paneer-salna,Turmeric,हल्दी,ಅರಿಶಿನ,0.17,tsp,staple,true,4
paneer-salna,Red chilli powder,लाल मिर्च पाउडर,ಕೆಂಪು ಮೆಣಸಿನ ಪುಡಿ,0.33,tsp,staple,true,5
paneer-salna,Garam masala,गरम मसाला,ಗರಂ ಮಸಾಲ,0.33,tsp,staple,true,6
paneer-salna,Cooking oil,तेल,ಎಣ್ಣೆ,0.67,tbsp,staple,true,7
paneer-salna,Coriander leaves,हरा धनिया,ಕೊತ್ತಂಬರಿ ಸೊಪ್ಪು,0.67,tbsp,vegetable,false,8
paneer-kurma,Paneer,पनीर,ಪನೀರ್,250,g,dairy,false,1
paneer-kurma,Green chilli,हरी मिर्च,ಹಸಿ ಮೆಣಸಿನಕಾಯಿ,0.67,piece,vegetable,false,2
paneer-kurma,Cumin (jeera),जीरा,ಜೀರಿಗೆ,0.33,tsp,staple,true,3
paneer-kurma,Turmeric,हल्दी,ಅರಿಶಿನ,0.17,tsp,staple,true,4
paneer-kurma,Red chilli powder,लाल मिर्च पाउडर,ಕೆಂಪು ಮೆಣಸಿನ ಪುಡಿ,0.33,tsp,staple,true,5
paneer-kurma,Garam masala,गरम मसाला,ಗರಂ ಮಸಾಲ,0.33,tsp,staple,true,6
paneer-kurma,Cooking oil,तेल,ಎಣ್ಣೆ,0.67,tbsp,staple,true,7
paneer-kurma,Coriander leaves,हरा धनिया,ಕೊತ್ತಂಬರಿ ಸೊಪ್ಪು,0.67,tbsp,vegetable,false,8
gobi-curry,Cauliflower,फूलगोभी,ಹೂಕೋಸು,500,g,vegetable,false,1
gobi-curry,Onion (medium),प्याज़,ಈರುಳ್ಳಿ,0.67,piece,vegetable,false,2
gobi-curry,Ginger-garlic paste,अदरक-लहसुन पेस्ट,ಶುಂಠಿ-ಬೆಳ್ಳುಳ್ಳಿ ಪೇಸ್ಟ್,0.33,tbsp,staple,true,3
gobi-curry,Tomato (medium),टमाटर,ಟೊಮೇಟೊ,0.67,piece,vegetable,false,4
gobi-curry,Green chilli,हरी मिर्च,ಹಸಿ ಮೆಣಸಿನಕಾಯಿ,0.67,piece,vegetable,false,5
gobi-curry,Cumin (jeera),जीरा,ಜೀರಿಗೆ,0.33,tsp,staple,true,6
gobi-curry,Turmeric,हल्दी,ಅರಿಶಿನ,0.17,tsp,staple,true,7
gobi-curry,Red chilli powder,लाल मिर्च पाउडर,ಕೆಂಪು ಮೆಣಸಿನ ಪುಡಿ,0.33,tsp,staple,true,8
gobi-curry,Garam masala,गरम मसाला,ಗರಂ ಮಸಾಲ,0.33,tsp,staple,true,9
gobi-curry,Cooking oil,तेल,ಎಣ್ಣೆ,0.67,tbsp,staple,true,10
gobi-curry,Coriander leaves,हरा धनिया,ಕೊತ್ತಂಬರಿ ಸೊಪ್ಪು,0.67,tbsp,vegetable,false,11
gobi-masala,Cauliflower,फूलगोभी,ಹೂಕೋಸು,500,g,vegetable,false,1
gobi-masala,Green chilli,हरी मिर्च,ಹಸಿ ಮೆಣಸಿನಕಾಯಿ,0.67,piece,vegetable,false,2
gobi-masala,Cumin (jeera),जीरा,ಜೀರಿಗೆ,0.33,tsp,staple,true,3
gobi-masala,Turmeric,हल्दी,ಅರಿಶಿನ,0.17,tsp,staple,true,4
gobi-masala,Red chilli powder,लाल मिर्च पाउडर,ಕೆಂಪು ಮೆಣಸಿನ ಪುಡಿ,0.33,tsp,staple,true,5
gobi-masala,Garam masala,गरम मसाला,ಗರಂ ಮಸಾಲ,0.33,tsp,staple,true,6
gobi-masala,Cooking oil,तेल,ಎಣ್ಣೆ,0.67,tbsp,staple,true,7
gobi-masala,Coriander leaves,हरा धनिया,ಕೊತ್ತಂಬರಿ ಸೊಪ್ಪು,0.67,tbsp,vegetable,false,8
gobi-fry,Cauliflower,फूलगोभी,ಹೂಕೋಸು,500,g,vegetable,false,1
gobi-fry,Green chilli,हरी मिर्च,ಹಸಿ ಮೆಣಸಿನಕಾಯಿ,0.67,piece,vegetable,false,2
gobi-fry,Cumin (jeera),जीरा,ಜೀರಿಗೆ,0.33,tsp,staple,true,3
gobi-fry,Turmeric,हल्दी,ಅರಿಶಿನ,0.17,tsp,staple,true,4
gobi-fry,Red chilli powder,लाल मिर्च पाउडर,ಕೆಂಪು ಮೆಣಸಿನ ಪುಡಿ,0.33,tsp,staple,true,5
gobi-fry,Garam masala,गरम मसाला,ಗರಂ ಮಸಾಲ,0.33,tsp,staple,true,6
gobi-fry,Cooking oil,तेल,ಎಣ್ಣೆ,0.67,tbsp,staple,true,7
gobi-fry,Coriander leaves,हरा धनिया,ಕೊತ್ತಂಬರಿ ಸೊಪ್ಪು,0.67,tbsp,vegetable,false,8
gobi-roast,Cauliflower,फूलगोभी,ಹೂಕೋಸು,500,g,vegetable,false,1
gobi-roast,Onion (medium),प्याज़,ಈರುಳ್ಳಿ,0.67,piece,vegetable,false,2
gobi-roast,Ginger-garlic paste,अदरक-लहसुन पेस्ट,ಶುಂಠಿ-ಬೆಳ್ಳುಳ್ಳಿ ಪೇಸ್ಟ್,0.33,tbsp,staple,true,3
gobi-roast,Tomato (medium),टमाटर,ಟೊಮೇಟೊ,0.67,piece,vegetable,false,4
gobi-roast,Green chilli,हरी मिर्च,ಹಸಿ ಮೆಣಸಿನಕಾಯಿ,0.67,piece,vegetable,false,5
gobi-roast,Cumin (jeera),जीरा,ಜೀರಿಗೆ,0.33,tsp,staple,true,6
gobi-roast,Turmeric,हल्दी,ಅರಿಶಿನ,0.17,tsp,staple,true,7
gobi-roast,Red chilli powder,लाल मिर्च पाउडर,ಕೆಂಪು ಮೆಣಸಿನ ಪುಡಿ,0.33,tsp,staple,true,8
gobi-roast,Garam masala,गरम मसाला,ಗರಂ ಮಸಾಲ,0.33,tsp,staple,true,9
gobi-roast,Cooking oil,तेल,ಎಣ್ಣೆ,0.67,tbsp,staple,true,10
gobi-roast,Coriander leaves,हरा धनिया,ಕೊತ್ತಂಬರಿ ಸೊಪ್ಪು,0.67,tbsp,vegetable,false,11
gobi-tikka,Cauliflower,फूलगोभी,ಹೂಕೋಸು,500,g,vegetable,false,1
gobi-tikka,Green chilli,हरी मिर्च,ಹಸಿ ಮೆಣಸಿನಕಾಯಿ,0.67,piece,vegetable,false,2
gobi-tikka,Cumin (jeera),जीरा,ಜೀರಿಗೆ,0.33,tsp,staple,true,3
gobi-tikka,Turmeric,हल्दी,ಅರಿಶಿನ,0.17,tsp,staple,true,4
gobi-tikka,Red chilli powder,लाल मिर्च पाउडर,ಕೆಂಪು ಮೆಣಸಿನ ಪುಡಿ,0.33,tsp,staple,true,5
gobi-tikka,Garam masala,गरम मसाला,ಗರಂ ಮಸಾಲ,0.33,tsp,staple,true,6
gobi-tikka,Cooking oil,तेल,ಎಣ್ಣೆ,0.67,tbsp,staple,true,7
gobi-tikka,Coriander leaves,हरा धनिया,ಕೊತ್ತಂಬರಿ ಸೊಪ್ಪು,0.67,tbsp,vegetable,false,8
gobi-korma,Cauliflower,फूलगोभी,ಹೂಕೋಸು,500,g,vegetable,false,1
gobi-korma,Onion (medium),प्याज़,ಈರುಳ್ಳಿ,0.67,piece,vegetable,false,2
gobi-korma,Ginger-garlic paste,अदरक-लहसुन पेस्ट,ಶುಂಠಿ-ಬೆಳ್ಳುಳ್ಳಿ ಪೇಸ್ಟ್,0.33,tbsp,staple,true,3
gobi-korma,Tomato (medium),टमाटर,ಟೊಮೇಟೊ,0.67,piece,vegetable,false,4
gobi-korma,Green chilli,हरी मिर्च,ಹಸಿ ಮೆಣಸಿನಕಾಯಿ,0.67,piece,vegetable,false,5
gobi-korma,Cumin (jeera),जीरा,ಜೀರಿಗೆ,0.33,tsp,staple,true,6
gobi-korma,Turmeric,हल्दी,ಅರಿಶಿನ,0.17,tsp,staple,true,7
gobi-korma,Red chilli powder,लाल मिर्च पाउडर,ಕೆಂಪು ಮೆಣಸಿನ ಪುಡಿ,0.33,tsp,staple,true,8
gobi-korma,Garam masala,गरम मसाला,ಗರಂ ಮಸಾಲ,0.33,tsp,staple,true,9
gobi-korma,Cooking oil,तेल,ಎಣ್ಣೆ,0.67,tbsp,staple,true,10
gobi-korma,Coriander leaves,हरा धनिया,ಕೊತ್ತಂಬರಿ ಸೊಪ್ಪು,0.67,tbsp,vegetable,false,11
gobi-makhani,Cauliflower,फूलगोभी,ಹೂಕೋಸು,500,g,vegetable,false,1
gobi-makhani,Green chilli,हरी मिर्च,ಹಸಿ ಮೆಣಸಿನಕಾಯಿ,0.67,piece,vegetable,false,2
gobi-makhani,Cumin (jeera),जीरा,ಜೀರಿಗೆ,0.33,tsp,staple,true,3
gobi-makhani,Turmeric,हल्दी,ಅರಿಶಿನ,0.17,tsp,staple,true,4
gobi-makhani,Red chilli powder,लाल मिर्च पाउडर,ಕೆಂಪು ಮೆಣಸಿನ ಪುಡಿ,0.33,tsp,staple,true,5
gobi-makhani,Garam masala,गरम मसाला,ಗರಂ ಮಸಾಲ,0.33,tsp,staple,true,6
gobi-makhani,Butter,मक्खन,ಬೆಣ್ಣೆ,1,tbsp,dairy,false,7
gobi-makhani,Fresh cream,क्रीम,ಕ್ರೀಮ್,0.08,cup,dairy,false,8
gobi-makhani,Kasuri methi,कसूरी मेथी,ಕಸೂರಿ ಮೆಂತ್ಯ,0.33,tsp,staple,true,9
gobi-makhani,Coriander leaves,हरा धनिया,ಕೊತ್ತಂಬರಿ ಸೊಪ್ಪು,0.67,tbsp,vegetable,false,10
gobi-bhurji,Cauliflower,फूलगोभी,ಹೂಕೋಸು,500,g,vegetable,false,1
gobi-bhurji,Green chilli,हरी मिर्च,ಹಸಿ ಮೆಣಸಿನಕಾಯಿ,0.67,piece,vegetable,false,2
gobi-bhurji,Cumin (jeera),जीरा,ಜೀರಿಗೆ,0.33,tsp,staple,true,3
gobi-bhurji,Turmeric,हल्दी,ಅರಿಶಿನ,0.17,tsp,staple,true,4
gobi-bhurji,Red chilli powder,लाल मिर्च पाउडर,ಕೆಂಪು ಮೆಣಸಿನ ಪುಡಿ,0.33,tsp,staple,true,5
gobi-bhurji,Garam masala,गरम मसाला,ಗರಂ ಮಸಾಲ,0.33,tsp,staple,true,6
gobi-bhurji,Cooking oil,तेल,ಎಣ್ಣೆ,0.67,tbsp,staple,true,7
gobi-bhurji,Coriander leaves,हरा धनिया,ಕೊತ್ತಂಬರಿ ಸೊಪ್ಪು,0.67,tbsp,vegetable,false,8
gobi-kofta,Cauliflower,फूलगोभी,ಹೂಕೋಸು,500,g,vegetable,false,1
gobi-kofta,Onion (medium),प्याज़,ಈರುಳ್ಳಿ,0.67,piece,vegetable,false,2
gobi-kofta,Ginger-garlic paste,अदरक-लहसुन पेस्ट,ಶುಂಠಿ-ಬೆಳ್ಳುಳ್ಳಿ ಪೇಸ್ಟ್,0.33,tbsp,staple,true,3
gobi-kofta,Tomato (medium),टमाटर,ಟೊಮೇಟೊ,0.67,piece,vegetable,false,4
gobi-kofta,Green chilli,हरी मिर्च,ಹಸಿ ಮೆಣಸಿನಕಾಯಿ,0.67,piece,vegetable,false,5
gobi-kofta,Cumin (jeera),जीरा,ಜೀರಿಗೆ,0.33,tsp,staple,true,6
gobi-kofta,Turmeric,हल्दी,ಅರಿಶಿನ,0.17,tsp,staple,true,7
gobi-kofta,Red chilli powder,लाल मिर्च पाउडर,ಕೆಂಪು ಮೆಣಸಿನ ಪುಡಿ,0.33,tsp,staple,true,8
gobi-kofta,Garam masala,गरम मसाला,ಗರಂ ಮಸಾಲ,0.33,tsp,staple,true,9
gobi-kofta,Cooking oil,तेल,ಎಣ್ಣೆ,0.67,tbsp,staple,true,10
gobi-kofta,Coriander leaves,हरा धनिया,ಕೊತ್ತಂಬರಿ ಸೊಪ್ಪು,0.67,tbsp,vegetable,false,11
gobi-saag,Cauliflower,फूलगोभी,ಹೂಕೋಸು,500,g,vegetable,false,1
gobi-saag,Onion (medium),प्याज़,ಈರುಳ್ಳಿ,0.67,piece,vegetable,false,2
gobi-saag,Ginger-garlic paste,अदरक-लहसुन पेस्ट,ಶುಂಠಿ-ಬೆಳ್ಳುಳ್ಳಿ ಪೇಸ್ಟ್,0.33,tbsp,staple,true,3
gobi-saag,Tomato (medium),टमाटर,ಟೊಮೇಟೊ,0.67,piece,vegetable,false,4
gobi-saag,Green chilli,हरी मिर्च,ಹಸಿ ಮೆಣಸಿನಕಾಯಿ,0.67,piece,vegetable,false,5
gobi-saag,Cumin (jeera),जीरा,ಜೀರಿಗೆ,0.33,tsp,staple,true,6
gobi-saag,Turmeric,हल्दी,ಅರಿಶಿನ,0.17,tsp,staple,true,7
gobi-saag,Red chilli powder,लाल मिर्च पाउडर,ಕೆಂಪು ಮೆಣಸಿನ ಪುಡಿ,0.33,tsp,staple,true,8
gobi-saag,Garam masala,गरम मसाला,ಗರಂ ಮಸಾಲ,0.33,tsp,staple,true,9
gobi-saag,Cooking oil,तेल,ಎಣ್ಣೆ,0.67,tbsp,staple,true,10
gobi-saag,Coriander leaves,हरा धनिया,ಕೊತ್ತಂಬರಿ ಸೊಪ್ಪು,0.67,tbsp,vegetable,false,11
gobi-vindaloo,Cauliflower,फूलगोभी,ಹೂಕೋಸು,500,g,vegetable,false,1
gobi-vindaloo,Onion (medium),प्याज़,ಈರುಳ್ಳಿ,0.67,piece,vegetable,false,2
gobi-vindaloo,Ginger-garlic paste,अदरक-लहसुन पेस्ट,ಶುಂಠಿ-ಬೆಳ್ಳುಳ್ಳಿ ಪೇಸ್ಟ್,0.33,tbsp,staple,true,3
gobi-vindaloo,Tomato (medium),टमाटर,ಟೊಮೇಟೊ,0.67,piece,vegetable,false,4
gobi-vindaloo,Green chilli,हरी मिर्च,ಹಸಿ ಮೆಣಸಿನಕಾಯಿ,0.67,piece,vegetable,false,5
gobi-vindaloo,Cumin (jeera),जीरा,ಜೀರಿಗೆ,0.33,tsp,staple,true,6
gobi-vindaloo,Turmeric,हल्दी,ಅರಿಶಿನ,0.17,tsp,staple,true,7
gobi-vindaloo,Red chilli powder,लाल मिर्च पाउडर,ಕೆಂಪು ಮೆಣಸಿನ ಪುಡಿ,0.33,tsp,staple,true,8
gobi-vindaloo,Garam masala,गरम मसाला,ಗರಂ ಮಸಾಲ,0.33,tsp,staple,true,9
gobi-vindaloo,Cooking oil,तेल,ಎಣ್ಣೆ,0.67,tbsp,staple,true,10
gobi-vindaloo,Coriander leaves,हरा धनिया,ಕೊತ್ತಂಬರಿ ಸೊಪ್ಪು,0.67,tbsp,vegetable,false,11
gobi-chettinad,Cauliflower,फूलगोभी,ಹೂಕೋಸು,500,g,vegetable,false,1
gobi-chettinad,Onion (medium),प्याज़,ಈರುಳ್ಳಿ,0.67,piece,vegetable,false,2
gobi-chettinad,Ginger-garlic paste,अदरक-लहसुन पेस्ट,ಶುಂಠಿ-ಬೆಳ್ಳುಳ್ಳಿ ಪೇಸ್ಟ್,0.33,tbsp,staple,true,3
gobi-chettinad,Tomato (medium),टमाटर,ಟೊಮೇಟೊ,0.67,piece,vegetable,false,4
gobi-chettinad,Green chilli,हरी मिर्च,ಹಸಿ ಮೆಣಸಿನಕಾಯಿ,0.67,piece,vegetable,false,5
gobi-chettinad,Cumin (jeera),जीरा,ಜೀರಿಗೆ,0.33,tsp,staple,true,6
gobi-chettinad,Turmeric,हल्दी,ಅರಿಶಿನ,0.17,tsp,staple,true,7
gobi-chettinad,Red chilli powder,लाल मिर्च पाउडर,ಕೆಂಪು ಮೆಣಸಿನ ಪುಡಿ,0.33,tsp,staple,true,8
gobi-chettinad,Garam masala,गरम मसाला,ಗರಂ ಮಸಾಲ,0.33,tsp,staple,true,9
gobi-chettinad,Cooking oil,तेल,ಎಣ್ಣೆ,0.67,tbsp,staple,true,10
gobi-chettinad,Coriander leaves,हरा धनिया,ಕೊತ್ತಂಬರಿ ಸೊಪ್ಪು,0.67,tbsp,vegetable,false,11
gobi-do-pyaza,Cauliflower,फूलगोभी,ಹೂಕೋಸು,500,g,vegetable,false,1
gobi-do-pyaza,Onion (medium),प्याज़,ಈರುಳ್ಳಿ,0.67,piece,vegetable,false,2
gobi-do-pyaza,Ginger-garlic paste,अदरक-लहसुन पेस्ट,ಶುಂಠಿ-ಬೆಳ್ಳುಳ್ಳಿ ಪೇಸ್ಟ್,0.33,tbsp,staple,true,3
gobi-do-pyaza,Tomato (medium),टमाटर,ಟೊಮೇಟೊ,0.67,piece,vegetable,false,4
gobi-do-pyaza,Green chilli,हरी मिर्च,ಹಸಿ ಮೆಣಸಿನಕಾಯಿ,0.67,piece,vegetable,false,5
gobi-do-pyaza,Cumin (jeera),जीरा,ಜೀರಿಗೆ,0.33,tsp,staple,true,6
gobi-do-pyaza,Turmeric,हल्दी,ಅರಿಶಿನ,0.17,tsp,staple,true,7
gobi-do-pyaza,Red chilli powder,लाल मिर्च पाउडर,ಕೆಂಪು ಮೆಣಸಿನ ಪುಡಿ,0.33,tsp,staple,true,8
gobi-do-pyaza,Garam masala,गरम मसाला,ಗರಂ ಮಸಾಲ,0.33,tsp,staple,true,9
gobi-do-pyaza,Cooking oil,तेल,ಎಣ್ಣೆ,0.67,tbsp,staple,true,10
gobi-do-pyaza,Coriander leaves,हरा धनिया,ಕೊತ್ತಂಬರಿ ಸೊಪ್ಪು,0.67,tbsp,vegetable,false,11
gobi-salna,Cauliflower,फूलगोभी,ಹೂಕೋಸು,500,g,vegetable,false,1
gobi-salna,Green chilli,हरी मिर्च,ಹಸಿ ಮೆಣಸಿನಕಾಯಿ,0.67,piece,vegetable,false,2
gobi-salna,Cumin (jeera),जीरा,ಜೀರಿಗೆ,0.33,tsp,staple,true,3
gobi-salna,Turmeric,हल्दी,ಅರಿಶಿನ,0.17,tsp,staple,true,4
gobi-salna,Red chilli powder,लाल मिर्च पाउडर,ಕೆಂಪು ಮೆಣಸಿನ ಪುಡಿ,0.33,tsp,staple,true,5
gobi-salna,Garam masala,गरम मसाला,ಗರಂ ಮಸಾಲ,0.33,tsp,staple,true,6
gobi-salna,Cooking oil,तेल,ಎಣ್ಣೆ,0.67,tbsp,staple,true,7
gobi-salna,Coriander leaves,हरा धनिया,ಕೊತ್ತಂಬರಿ ಸೊಪ್ಪು,0.67,tbsp,vegetable,false,8
gobi-kurma,Cauliflower,फूलगोभी,ಹೂಕೋಸು,500,g,vegetable,false,1
gobi-kurma,Green chilli,हरी मिर्च,ಹಸಿ ಮೆಣಸಿನಕಾಯಿ,0.67,piece,vegetable,false,2
gobi-kurma,Cumin (jeera),जीरा,ಜೀರಿಗೆ,0.33,tsp,staple,true,3
gobi-kurma,Turmeric,हल्दी,ಅರಿಶಿನ,0.17,tsp,staple,true,4
gobi-kurma,Red chilli powder,लाल मिर्च पाउडर,ಕೆಂಪು ಮೆಣಸಿನ ಪುಡಿ,0.33,tsp,staple,true,5
gobi-kurma,Garam masala,गरम मसाला,ಗರಂ ಮಸಾಲ,0.33,tsp,staple,true,6
gobi-kurma,Cooking oil,तेल,ಎಣ್ಣೆ,0.67,tbsp,staple,true,7
gobi-kurma,Coriander leaves,हरा धनिया,ಕೊತ್ತಂಬರಿ ಸೊಪ್ಪು,0.67,tbsp,vegetable,false,8
bhindi-curry,Okra (bhindi),भिंडी,ಬೆಂಡೆಕಾಯಿ,500,g,vegetable,false,1
bhindi-curry,Onion (medium),प्याज़,ಈರುಳ್ಳಿ,0.67,piece,vegetable,false,2
bhindi-curry,Ginger-garlic paste,अदरक-लहसुन पेस्ट,ಶುಂಠಿ-ಬೆಳ್ಳುಳ್ಳಿ ಪೇಸ್ಟ್,0.33,tbsp,staple,true,3
bhindi-curry,Tomato (medium),टमाटर,ಟೊಮೇಟೊ,0.67,piece,vegetable,false,4
bhindi-curry,Green chilli,हरी मिर्च,ಹಸಿ ಮೆಣಸಿನಕಾಯಿ,0.67,piece,vegetable,false,5
bhindi-curry,Cumin (jeera),जीरा,ಜೀರಿಗೆ,0.33,tsp,staple,true,6
bhindi-curry,Turmeric,हल्दी,ಅರಿಶಿನ,0.17,tsp,staple,true,7
bhindi-curry,Red chilli powder,लाल मिर्च पाउडर,ಕೆಂಪು ಮೆಣಸಿನ ಪುಡಿ,0.33,tsp,staple,true,8
bhindi-curry,Garam masala,गरम मसाला,ಗರಂ ಮಸಾಲ,0.33,tsp,staple,true,9
bhindi-curry,Cooking oil,तेल,ಎಣ್ಣೆ,0.67,tbsp,staple,true,10
bhindi-curry,Coriander leaves,हरा धनिया,ಕೊತ್ತಂಬರಿ ಸೊಪ್ಪು,0.67,tbsp,vegetable,false,11
bhindi-masala,Okra (bhindi),भिंडी,ಬೆಂಡೆಕಾಯಿ,500,g,vegetable,false,1
bhindi-masala,Onion (medium),प्याज़,ಈರುಳ್ಳಿ,0.67,piece,vegetable,false,2
bhindi-masala,Ginger-garlic paste,अदरक-लहसुन पेस्ट,ಶುಂಠಿ-ಬೆಳ್ಳುಳ್ಳಿ ಪೇಸ್ಟ್,0.33,tbsp,staple,true,3
bhindi-masala,Tomato (medium),टमाटर,ಟೊಮೇಟೊ,0.67,piece,vegetable,false,4
bhindi-masala,Green chilli,हरी मिर्च,ಹಸಿ ಮೆಣಸಿನಕಾಯಿ,0.67,piece,vegetable,false,5
bhindi-masala,Cumin (jeera),जीरा,ಜೀರಿಗೆ,0.33,tsp,staple,true,6
bhindi-masala,Turmeric,हल्दी,ಅರಿಶಿನ,0.17,tsp,staple,true,7
bhindi-masala,Red chilli powder,लाल मिर्च पाउडर,ಕೆಂಪು ಮೆಣಸಿನ ಪುಡಿ,0.33,tsp,staple,true,8
bhindi-masala,Garam masala,गरम मसाला,ಗರಂ ಮಸಾಲ,0.33,tsp,staple,true,9
bhindi-masala,Cooking oil,तेल,ಎಣ್ಣೆ,0.67,tbsp,staple,true,10
bhindi-masala,Coriander leaves,हरा धनिया,ಕೊತ್ತಂಬರಿ ಸೊಪ್ಪು,0.67,tbsp,vegetable,false,11
bhindi-roast,Okra (bhindi),भिंडी,ಬೆಂಡೆಕಾಯಿ,500,g,vegetable,false,1
bhindi-roast,Green chilli,हरी मिर्च,ಹಸಿ ಮೆಣಸಿನಕಾಯಿ,0.67,piece,vegetable,false,2
bhindi-roast,Cumin (jeera),जीरा,ಜೀರಿಗೆ,0.33,tsp,staple,true,3
bhindi-roast,Turmeric,हल्दी,ಅರಿಶಿನ,0.17,tsp,staple,true,4
bhindi-roast,Red chilli powder,लाल मिर्च पाउडर,ಕೆಂಪು ಮೆಣಸಿನ ಪುಡಿ,0.33,tsp,staple,true,5
bhindi-roast,Garam masala,गरम मसाला,ಗರಂ ಮಸಾಲ,0.33,tsp,staple,true,6
bhindi-roast,Cooking oil,तेल,ಎಣ್ಣೆ,0.67,tbsp,staple,true,7
bhindi-roast,Coriander leaves,हरा धनिया,ಕೊತ್ತಂಬರಿ ಸೊಪ್ಪು,0.67,tbsp,vegetable,false,8
bhindi-tikka,Okra (bhindi),भिंडी,ಬೆಂಡೆಕಾಯಿ,500,g,vegetable,false,1
bhindi-tikka,Onion (medium),प्याज़,ಈರುಳ್ಳಿ,0.67,piece,vegetable,false,2
bhindi-tikka,Ginger-garlic paste,अदरक-लहसुन पेस्ट,ಶುಂಠಿ-ಬೆಳ್ಳುಳ್ಳಿ ಪೇಸ್ಟ್,0.33,tbsp,staple,true,3
bhindi-tikka,Tomato (medium),टमाटर,ಟೊಮೇಟೊ,0.67,piece,vegetable,false,4
bhindi-tikka,Green chilli,हरी मिर्च,ಹಸಿ ಮೆಣಸಿನಕಾಯಿ,0.67,piece,vegetable,false,5
bhindi-tikka,Cumin (jeera),जीरा,ಜೀರಿಗೆ,0.33,tsp,staple,true,6
bhindi-tikka,Turmeric,हल्दी,ಅರಿಶಿನ,0.17,tsp,staple,true,7
bhindi-tikka,Red chilli powder,लाल मिर्च पाउडर,ಕೆಂಪು ಮೆಣಸಿನ ಪುಡಿ,0.33,tsp,staple,true,8
bhindi-tikka,Garam masala,गरम मसाला,ಗರಂ ಮಸಾಲ,0.33,tsp,staple,true,9
bhindi-tikka,Cooking oil,तेल,ಎಣ್ಣೆ,0.67,tbsp,staple,true,10
bhindi-tikka,Coriander leaves,हरा धनिया,ಕೊತ್ತಂಬರಿ ಸೊಪ್ಪು,0.67,tbsp,vegetable,false,11
bhindi-korma,Okra (bhindi),भिंडी,ಬೆಂಡೆಕಾಯಿ,500,g,vegetable,false,1
bhindi-korma,Onion (medium),प्याज़,ಈರುಳ್ಳಿ,0.67,piece,vegetable,false,2
bhindi-korma,Ginger-garlic paste,अदरक-लहसुन पेस्ट,ಶುಂಠಿ-ಬೆಳ್ಳುಳ್ಳಿ ಪೇಸ್ಟ್,0.33,tbsp,staple,true,3
bhindi-korma,Tomato (medium),टमाटर,ಟೊಮೇಟೊ,0.67,piece,vegetable,false,4
bhindi-korma,Green chilli,हरी मिर्च,ಹಸಿ ಮೆಣಸಿನಕಾಯಿ,0.67,piece,vegetable,false,5
bhindi-korma,Cumin (jeera),जीरा,ಜೀರಿಗೆ,0.33,tsp,staple,true,6
bhindi-korma,Turmeric,हल्दी,ಅರಿಶಿನ,0.17,tsp,staple,true,7
bhindi-korma,Red chilli powder,लाल मिर्च पाउडर,ಕೆಂಪು ಮೆಣಸಿನ ಪುಡಿ,0.33,tsp,staple,true,8
bhindi-korma,Garam masala,गरम मसाला,ಗರಂ ಮಸಾಲ,0.33,tsp,staple,true,9
bhindi-korma,Cooking oil,तेल,ಎಣ್ಣೆ,0.67,tbsp,staple,true,10
bhindi-korma,Coriander leaves,हरा धनिया,ಕೊತ್ತಂಬರಿ ಸೊಪ್ಪು,0.67,tbsp,vegetable,false,11
bhindi-makhani,Okra (bhindi),भिंडी,ಬೆಂಡೆಕಾಯಿ,500,g,vegetable,false,1
bhindi-makhani,Green chilli,हरी मिर्च,ಹಸಿ ಮೆಣಸಿನಕಾಯಿ,0.67,piece,vegetable,false,2
bhindi-makhani,Cumin (jeera),जीरा,ಜೀರಿಗೆ,0.33,tsp,staple,true,3
bhindi-makhani,Turmeric,हल्दी,ಅರಿಶಿನ,0.17,tsp,staple,true,4
bhindi-makhani,Red chilli powder,लाल मिर्च पाउडर,ಕೆಂಪು ಮೆಣಸಿನ ಪುಡಿ,0.33,tsp,staple,true,5
bhindi-makhani,Garam masala,गरम मसाला,ಗರಂ ಮಸಾಲ,0.33,tsp,staple,true,6
bhindi-makhani,Butter,मक्खन,ಬೆಣ್ಣೆ,1,tbsp,dairy,false,7
bhindi-makhani,Fresh cream,क्रीम,ಕ್ರೀಮ್,0.08,cup,dairy,false,8
bhindi-makhani,Kasuri methi,कसूरी मेथी,ಕಸೂರಿ ಮೆಂತ್ಯ,0.33,tsp,staple,true,9
bhindi-makhani,Coriander leaves,हरा धनिया,ಕೊತ್ತಂಬರಿ ಸೊಪ್ಪು,0.67,tbsp,vegetable,false,10
bhindi-bhurji,Okra (bhindi),भिंडी,ಬೆಂಡೆಕಾಯಿ,500,g,vegetable,false,1
bhindi-bhurji,Green chilli,हरी मिर्च,ಹಸಿ ಮೆಣಸಿನಕಾಯಿ,0.67,piece,vegetable,false,2
bhindi-bhurji,Cumin (jeera),जीरा,ಜೀರಿಗೆ,0.33,tsp,staple,true,3
bhindi-bhurji,Turmeric,हल्दी,ಅರಿಶಿನ,0.17,tsp,staple,true,4
bhindi-bhurji,Red chilli powder,लाल मिर्च पाउडर,ಕೆಂಪು ಮೆಣಸಿನ ಪುಡಿ,0.33,tsp,staple,true,5
bhindi-bhurji,Garam masala,गरम मसाला,ಗರಂ ಮಸಾಲ,0.33,tsp,staple,true,6
bhindi-bhurji,Cooking oil,तेल,ಎಣ್ಣೆ,0.67,tbsp,staple,true,7
bhindi-bhurji,Coriander leaves,हरा धनिया,ಕೊತ್ತಂಬರಿ ಸೊಪ್ಪು,0.67,tbsp,vegetable,false,8
bhindi-kofta,Okra (bhindi),भिंडी,ಬೆಂಡೆಕಾಯಿ,500,g,vegetable,false,1
bhindi-kofta,Green chilli,हरी मिर्च,ಹಸಿ ಮೆಣಸಿನಕಾಯಿ,0.67,piece,vegetable,false,2
bhindi-kofta,Cumin (jeera),जीरा,ಜೀರಿಗೆ,0.33,tsp,staple,true,3
bhindi-kofta,Turmeric,हल्दी,ಅರಿಶಿನ,0.17,tsp,staple,true,4
bhindi-kofta,Red chilli powder,लाल मिर्च पाउडर,ಕೆಂಪು ಮೆಣಸಿನ ಪುಡಿ,0.33,tsp,staple,true,5
bhindi-kofta,Garam masala,गरम मसाला,ಗರಂ ಮಸಾಲ,0.33,tsp,staple,true,6
bhindi-kofta,Cooking oil,तेल,ಎಣ್ಣೆ,0.67,tbsp,staple,true,7
bhindi-kofta,Coriander leaves,हरा धनिया,ಕೊತ್ತಂಬರಿ ಸೊಪ್ಪು,0.67,tbsp,vegetable,false,8
bhindi-saag,Okra (bhindi),भिंडी,ಬೆಂಡೆಕಾಯಿ,500,g,vegetable,false,1
bhindi-saag,Green chilli,हरी मिर्च,ಹಸಿ ಮೆಣಸಿನಕಾಯಿ,0.67,piece,vegetable,false,2
bhindi-saag,Cumin (jeera),जीरा,ಜೀರಿಗೆ,0.33,tsp,staple,true,3
bhindi-saag,Turmeric,हल्दी,ಅರಿಶಿನ,0.17,tsp,staple,true,4
bhindi-saag,Red chilli powder,लाल मिर्च पाउडर,ಕೆಂಪು ಮೆಣಸಿನ ಪುಡಿ,0.33,tsp,staple,true,5
bhindi-saag,Garam masala,गरम मसाला,ಗರಂ ಮಸಾಲ,0.33,tsp,staple,true,6
bhindi-saag,Cooking oil,तेल,ಎಣ್ಣೆ,0.67,tbsp,staple,true,7
bhindi-saag,Coriander leaves,हरा धनिया,ಕೊತ್ತಂಬರಿ ಸೊಪ್ಪು,0.67,tbsp,vegetable,false,8
bhindi-vindaloo,Okra (bhindi),भिंडी,ಬೆಂಡೆಕಾಯಿ,500,g,vegetable,false,1
bhindi-vindaloo,Onion (medium),प्याज़,ಈರುಳ್ಳಿ,0.67,piece,vegetable,false,2
bhindi-vindaloo,Ginger-garlic paste,अदरक-लहसुन पेस्ट,ಶುಂಠಿ-ಬೆಳ್ಳುಳ್ಳಿ ಪೇಸ್ಟ್,0.33,tbsp,staple,true,3
bhindi-vindaloo,Tomato (medium),टमाटर,ಟೊಮೇಟೊ,0.67,piece,vegetable,false,4
bhindi-vindaloo,Green chilli,हरी मिर्च,ಹಸಿ ಮೆಣಸಿನಕಾಯಿ,0.67,piece,vegetable,false,5
bhindi-vindaloo,Cumin (jeera),जीरा,ಜೀರಿಗೆ,0.33,tsp,staple,true,6
bhindi-vindaloo,Turmeric,हल्दी,ಅರಿಶಿನ,0.17,tsp,staple,true,7
bhindi-vindaloo,Red chilli powder,लाल मिर्च पाउडर,ಕೆಂಪು ಮೆಣಸಿನ ಪುಡಿ,0.33,tsp,staple,true,8
bhindi-vindaloo,Garam masala,गरम मसाला,ಗರಂ ಮಸಾಲ,0.33,tsp,staple,true,9
bhindi-vindaloo,Cooking oil,तेल,ಎಣ್ಣೆ,0.67,tbsp,staple,true,10
bhindi-vindaloo,Coriander leaves,हरा धनिया,ಕೊತ್ತಂಬರಿ ಸೊಪ್ಪು,0.67,tbsp,vegetable,false,11
bhindi-chettinad,Okra (bhindi),भिंडी,ಬೆಂಡೆಕಾಯಿ,500,g,vegetable,false,1
bhindi-chettinad,Green chilli,हरी मिर्च,ಹಸಿ ಮೆಣಸಿನಕಾಯಿ,0.67,piece,vegetable,false,2
bhindi-chettinad,Cumin (jeera),जीरा,ಜೀರಿಗೆ,0.33,tsp,staple,true,3
bhindi-chettinad,Turmeric,हल्दी,ಅರಿಶಿನ,0.17,tsp,staple,true,4
bhindi-chettinad,Red chilli powder,लाल मिर्च पाउडर,ಕೆಂಪು ಮೆಣಸಿನ ಪುಡಿ,0.33,tsp,staple,true,5
bhindi-chettinad,Garam masala,गरम मसाला,ಗರಂ ಮಸಾಲ,0.33,tsp,staple,true,6
bhindi-chettinad,Cooking oil,तेल,ಎಣ್ಣೆ,0.67,tbsp,staple,true,7
bhindi-chettinad,Coriander leaves,हरा धनिया,ಕೊತ್ತಂಬರಿ ಸೊಪ್ಪು,0.67,tbsp,vegetable,false,8
bhindi-do-pyaza,Okra (bhindi),भिंडी,ಬೆಂಡೆಕಾಯಿ,500,g,vegetable,false,1
bhindi-do-pyaza,Green chilli,हरी मिर्च,ಹಸಿ ಮೆಣಸಿನಕಾಯಿ,0.67,piece,vegetable,false,2
bhindi-do-pyaza,Cumin (jeera),जीरा,ಜೀರಿಗೆ,0.33,tsp,staple,true,3
bhindi-do-pyaza,Turmeric,हल्दी,ಅರಿಶಿನ,0.17,tsp,staple,true,4
bhindi-do-pyaza,Red chilli powder,लाल मिर्च पाउडर,ಕೆಂಪು ಮೆಣಸಿನ ಪುಡಿ,0.33,tsp,staple,true,5
bhindi-do-pyaza,Garam masala,गरम मसाला,ಗರಂ ಮಸಾಲ,0.33,tsp,staple,true,6
bhindi-do-pyaza,Cooking oil,तेल,ಎಣ್ಣೆ,0.67,tbsp,staple,true,7
bhindi-do-pyaza,Coriander leaves,हरा धनिया,ಕೊತ್ತಂಬರಿ ಸೊಪ್ಪು,0.67,tbsp,vegetable,false,8
bhindi-salna,Okra (bhindi),भिंडी,ಬೆಂಡೆಕಾಯಿ,500,g,vegetable,false,1
bhindi-salna,Green chilli,हरी मिर्च,ಹಸಿ ಮೆಣಸಿನಕಾಯಿ,0.67,piece,vegetable,false,2
bhindi-salna,Cumin (jeera),जीरा,ಜೀರಿಗೆ,0.33,tsp,staple,true,3
bhindi-salna,Turmeric,हल्दी,ಅರಿಶಿನ,0.17,tsp,staple,true,4
bhindi-salna,Red chilli powder,लाल मिर्च पाउडर,ಕೆಂಪು ಮೆಣಸಿನ ಪುಡಿ,0.33,tsp,staple,true,5
bhindi-salna,Garam masala,गरम मसाला,ಗರಂ ಮಸಾಲ,0.33,tsp,staple,true,6
bhindi-salna,Cooking oil,तेल,ಎಣ್ಣೆ,0.67,tbsp,staple,true,7
bhindi-salna,Coriander leaves,हरा धनिया,ಕೊತ್ತಂಬರಿ ಸೊಪ್ಪು,0.67,tbsp,vegetable,false,8
bhindi-kurma,Okra (bhindi),भिंडी,ಬೆಂಡೆಕಾಯಿ,500,g,vegetable,false,1
bhindi-kurma,Onion (medium),प्याज़,ಈರುಳ್ಳಿ,0.67,piece,vegetable,false,2
bhindi-kurma,Ginger-garlic paste,अदरक-लहसुन पेस्ट,ಶುಂಠಿ-ಬೆಳ್ಳುಳ್ಳಿ ಪೇಸ್ಟ್,0.33,tbsp,staple,true,3
bhindi-kurma,Tomato (medium),टमाटर,ಟೊಮೇಟೊ,0.67,piece,vegetable,false,4
bhindi-kurma,Green chilli,हरी मिर्च,ಹಸಿ ಮೆಣಸಿನಕಾಯಿ,0.67,piece,vegetable,false,5
bhindi-kurma,Cumin (jeera),जीरा,ಜೀರಿಗೆ,0.33,tsp,staple,true,6
bhindi-kurma,Turmeric,हल्दी,ಅರಿಶಿನ,0.17,tsp,staple,true,7
bhindi-kurma,Red chilli powder,लाल मिर्च पाउडर,ಕೆಂಪು ಮೆಣಸಿನ ಪುಡಿ,0.33,tsp,staple,true,8
bhindi-kurma,Garam masala,गरम मसाला,ಗರಂ ಮಸಾಲ,0.33,tsp,staple,true,9
bhindi-kurma,Cooking oil,तेल,ಎಣ್ಣೆ,0.67,tbsp,staple,true,10
bhindi-kurma,Coriander leaves,हरा धनिया,ಕೊತ್ತಂಬರಿ ಸೊಪ್ಪು,0.67,tbsp,vegetable,false,11
baingan-curry,Brinjal (large),बड़ा बैंगन,ದೊಡ್ಡ ಬದನೆಕಾಯಿ,500,g,vegetable,false,1
baingan-curry,Green chilli,हरी मिर्च,ಹಸಿ ಮೆಣಸಿನಕಾಯಿ,0.67,piece,vegetable,false,2
baingan-curry,Cumin (jeera),जीरा,ಜೀರಿಗೆ,0.33,tsp,staple,true,3
baingan-curry,Turmeric,हल्दी,ಅರಿಶಿನ,0.17,tsp,staple,true,4
baingan-curry,Red chilli powder,लाल मिर्च पाउडर,ಕೆಂಪು ಮೆಣಸಿನ ಪುಡಿ,0.33,tsp,staple,true,5
baingan-curry,Garam masala,गरम मसाला,ಗರಂ ಮಸಾಲ,0.33,tsp,staple,true,6
baingan-curry,Cooking oil,तेल,ಎಣ್ಣೆ,0.67,tbsp,staple,true,7
baingan-curry,Coriander leaves,हरा धनिया,ಕೊತ್ತಂಬರಿ ಸೊಪ್ಪು,0.67,tbsp,vegetable,false,8
baingan-masala,Brinjal (large),बड़ा बैंगन,ದೊಡ್ಡ ಬದನೆಕಾಯಿ,500,g,vegetable,false,1
baingan-masala,Onion (medium),प्याज़,ಈರುಳ್ಳಿ,0.67,piece,vegetable,false,2
baingan-masala,Ginger-garlic paste,अदरक-लहसुन पेस्ट,ಶುಂಠಿ-ಬೆಳ್ಳುಳ್ಳಿ ಪೇಸ್ಟ್,0.33,tbsp,staple,true,3
baingan-masala,Tomato (medium),टमाटर,ಟೊಮೇಟೊ,0.67,piece,vegetable,false,4
baingan-masala,Green chilli,हरी मिर्च,ಹಸಿ ಮೆಣಸಿನಕಾಯಿ,0.67,piece,vegetable,false,5
baingan-masala,Cumin (jeera),जीरा,ಜೀರಿಗೆ,0.33,tsp,staple,true,6
baingan-masala,Turmeric,हल्दी,ಅರಿಶಿನ,0.17,tsp,staple,true,7
baingan-masala,Red chilli powder,लाल मिर्च पाउडर,ಕೆಂಪು ಮೆಣಸಿನ ಪುಡಿ,0.33,tsp,staple,true,8
baingan-masala,Garam masala,गरम मसाला,ಗರಂ ಮಸಾಲ,0.33,tsp,staple,true,9
baingan-masala,Cooking oil,तेल,ಎಣ್ಣೆ,0.67,tbsp,staple,true,10
baingan-masala,Coriander leaves,हरा धनिया,ಕೊತ್ತಂಬರಿ ಸೊಪ್ಪು,0.67,tbsp,vegetable,false,11
baingan-fry,Brinjal (large),बड़ा बैंगन,ದೊಡ್ಡ ಬದನೆಕಾಯಿ,500,g,vegetable,false,1
baingan-fry,Onion (medium),प्याज़,ಈರುಳ್ಳಿ,0.67,piece,vegetable,false,2
baingan-fry,Ginger-garlic paste,अदरक-लहसुन पेस्ट,ಶುಂಠಿ-ಬೆಳ್ಳುಳ್ಳಿ ಪೇಸ್ಟ್,0.33,tbsp,staple,true,3
baingan-fry,Tomato (medium),टमाटर,ಟೊಮೇಟೊ,0.67,piece,vegetable,false,4
baingan-fry,Green chilli,हरी मिर्च,ಹಸಿ ಮೆಣಸಿನಕಾಯಿ,0.67,piece,vegetable,false,5
baingan-fry,Cumin (jeera),जीरा,ಜೀರಿಗೆ,0.33,tsp,staple,true,6
baingan-fry,Turmeric,हल्दी,ಅರಿಶಿನ,0.17,tsp,staple,true,7
baingan-fry,Red chilli powder,लाल मिर्च पाउडर,ಕೆಂಪು ಮೆಣಸಿನ ಪುಡಿ,0.33,tsp,staple,true,8
baingan-fry,Garam masala,गरम मसाला,ಗರಂ ಮಸಾಲ,0.33,tsp,staple,true,9
baingan-fry,Cooking oil,तेल,ಎಣ್ಣೆ,0.67,tbsp,staple,true,10
baingan-fry,Coriander leaves,हरा धनिया,ಕೊತ್ತಂಬರಿ ಸೊಪ್ಪು,0.67,tbsp,vegetable,false,11
baingan-roast,Brinjal (large),बड़ा बैंगन,ದೊಡ್ಡ ಬದನೆಕಾಯಿ,500,g,vegetable,false,1
baingan-roast,Onion (medium),प्याज़,ಈರುಳ್ಳಿ,0.67,piece,vegetable,false,2
baingan-roast,Ginger-garlic paste,अदरक-लहसुन पेस्ट,ಶುಂಠಿ-ಬೆಳ್ಳುಳ್ಳಿ ಪೇಸ್ಟ್,0.33,tbsp,staple,true,3
baingan-roast,Tomato (medium),टमाटर,ಟೊಮೇಟೊ,0.67,piece,vegetable,false,4
baingan-roast,Green chilli,हरी मिर्च,ಹಸಿ ಮೆಣಸಿನಕಾಯಿ,0.67,piece,vegetable,false,5
baingan-roast,Cumin (jeera),जीरा,ಜೀರಿಗೆ,0.33,tsp,staple,true,6
baingan-roast,Turmeric,हल्दी,ಅರಿಶಿನ,0.17,tsp,staple,true,7
baingan-roast,Red chilli powder,लाल मिर्च पाउडर,ಕೆಂಪು ಮೆಣಸಿನ ಪುಡಿ,0.33,tsp,staple,true,8
baingan-roast,Garam masala,गरम मसाला,ಗರಂ ಮಸಾಲ,0.33,tsp,staple,true,9
baingan-roast,Cooking oil,तेल,ಎಣ್ಣೆ,0.67,tbsp,staple,true,10
baingan-roast,Coriander leaves,हरा धनिया,ಕೊತ್ತಂಬರಿ ಸೊಪ್ಪು,0.67,tbsp,vegetable,false,11
baingan-tikka,Brinjal (large),बड़ा बैंगन,ದೊಡ್ಡ ಬದನೆಕಾಯಿ,500,g,vegetable,false,1
baingan-tikka,Onion (medium),प्याज़,ಈರುಳ್ಳಿ,0.67,piece,vegetable,false,2
baingan-tikka,Ginger-garlic paste,अदरक-लहसुन पेस्ट,ಶುಂಠಿ-ಬೆಳ್ಳುಳ್ಳಿ ಪೇಸ್ಟ್,0.33,tbsp,staple,true,3
baingan-tikka,Tomato (medium),टमाटर,ಟೊಮೇಟೊ,0.67,piece,vegetable,false,4
baingan-tikka,Green chilli,हरी मिर्च,ಹಸಿ ಮೆಣಸಿನಕಾಯಿ,0.67,piece,vegetable,false,5
baingan-tikka,Cumin (jeera),जीरा,ಜೀರಿಗೆ,0.33,tsp,staple,true,6
baingan-tikka,Turmeric,हल्दी,ಅರಿಶಿನ,0.17,tsp,staple,true,7
baingan-tikka,Red chilli powder,लाल मिर्च पाउडर,ಕೆಂಪು ಮೆಣಸಿನ ಪುಡಿ,0.33,tsp,staple,true,8
baingan-tikka,Garam masala,गरम मसाला,ಗರಂ ಮಸಾಲ,0.33,tsp,staple,true,9
baingan-tikka,Cooking oil,तेल,ಎಣ್ಣೆ,0.67,tbsp,staple,true,10
baingan-tikka,Coriander leaves,हरा धनिया,ಕೊತ್ತಂಬರಿ ಸೊಪ್ಪು,0.67,tbsp,vegetable,false,11
baingan-korma,Brinjal (large),बड़ा बैंगन,ದೊಡ್ಡ ಬದನೆಕಾಯಿ,500,g,vegetable,false,1
baingan-korma,Onion (medium),प्याज़,ಈರುಳ್ಳಿ,0.67,piece,vegetable,false,2
baingan-korma,Ginger-garlic paste,अदरक-लहसुन पेस्ट,ಶುಂಠಿ-ಬೆಳ್ಳುಳ್ಳಿ ಪೇಸ್ಟ್,0.33,tbsp,staple,true,3
baingan-korma,Tomato (medium),टमाटर,ಟೊಮೇಟೊ,0.67,piece,vegetable,false,4
baingan-korma,Green chilli,हरी मिर्च,ಹಸಿ ಮೆಣಸಿನಕಾಯಿ,0.67,piece,vegetable,false,5
baingan-korma,Cumin (jeera),जीरा,ಜೀರಿಗೆ,0.33,tsp,staple,true,6
baingan-korma,Turmeric,हल्दी,ಅರಿಶಿನ,0.17,tsp,staple,true,7
baingan-korma,Red chilli powder,लाल मिर्च पाउडर,ಕೆಂಪು ಮೆಣಸಿನ ಪುಡಿ,0.33,tsp,staple,true,8
baingan-korma,Garam masala,गरम मसाला,ಗರಂ ಮಸಾಲ,0.33,tsp,staple,true,9
baingan-korma,Cooking oil,तेल,ಎಣ್ಣೆ,0.67,tbsp,staple,true,10
baingan-korma,Coriander leaves,हरा धनिया,ಕೊತ್ತಂಬರಿ ಸೊಪ್ಪು,0.67,tbsp,vegetable,false,11
baingan-makhani,Brinjal (large),बड़ा बैंगन,ದೊಡ್ಡ ಬದನೆಕಾಯಿ,500,g,vegetable,false,1
baingan-makhani,Onion (medium),प्याज़,ಈರುಳ್ಳಿ,0.67,piece,vegetable,false,2
baingan-makhani,Ginger-garlic paste,अदरक-लहसुन पेस्ट,ಶುಂಠಿ-ಬೆಳ್ಳುಳ್ಳಿ ಪೇಸ್ಟ್,0.33,tbsp,staple,true,3
baingan-makhani,Tomato (medium),टमाटर,ಟೊಮೇಟೊ,0.67,piece,vegetable,false,4
baingan-makhani,Green chilli,हरी मिर्च,ಹಸಿ ಮೆಣಸಿನಕಾಯಿ,0.67,piece,vegetable,false,5
baingan-makhani,Cumin (jeera),जीरा,ಜೀರಿಗೆ,0.33,tsp,staple,true,6
baingan-makhani,Turmeric,हल्दी,ಅರಿಶಿನ,0.17,tsp,staple,true,7
baingan-makhani,Red chilli powder,लाल मिर्च पाउडर,ಕೆಂಪು ಮೆಣಸಿನ ಪುಡಿ,0.33,tsp,staple,true,8
baingan-makhani,Garam masala,गरम मसाला,ಗರಂ ಮಸಾಲ,0.33,tsp,staple,true,9
baingan-makhani,Butter,मक्खन,ಬೆಣ್ಣೆ,1,tbsp,dairy,false,10
baingan-makhani,Fresh cream,क्रीम,ಕ್ರೀಮ್,0.08,cup,dairy,false,11
baingan-makhani,Kasuri methi,कसूरी मेथी,ಕಸೂರಿ ಮೆಂತ್ಯ,0.33,tsp,staple,true,12
baingan-makhani,Coriander leaves,हरा धनिया,ಕೊತ್ತಂಬರಿ ಸೊಪ್ಪು,0.67,tbsp,vegetable,false,13
baingan-bhurji,Brinjal (large),बड़ा बैंगन,ದೊಡ್ಡ ಬದನೆಕಾಯಿ,500,g,vegetable,false,1
baingan-bhurji,Green chilli,हरी मिर्च,ಹಸಿ ಮೆಣಸಿನಕಾಯಿ,0.67,piece,vegetable,false,2
baingan-bhurji,Cumin (jeera),जीरा,ಜೀರಿಗೆ,0.33,tsp,staple,true,3
baingan-bhurji,Turmeric,हल्दी,ಅರಿಶಿನ,0.17,tsp,staple,true,4
baingan-bhurji,Red chilli powder,लाल मिर्च पाउडर,ಕೆಂಪು ಮೆಣಸಿನ ಪುಡಿ,0.33,tsp,staple,true,5
baingan-bhurji,Garam masala,गरम मसाला,ಗರಂ ಮಸಾಲ,0.33,tsp,staple,true,6
baingan-bhurji,Cooking oil,तेल,ಎಣ್ಣೆ,0.67,tbsp,staple,true,7
baingan-bhurji,Coriander leaves,हरा धनिया,ಕೊತ್ತಂಬರಿ ಸೊಪ್ಪು,0.67,tbsp,vegetable,false,8
baingan-kofta,Brinjal (large),बड़ा बैंगन,ದೊಡ್ಡ ಬದನೆಕಾಯಿ,500,g,vegetable,false,1
baingan-kofta,Green chilli,हरी मिर्च,ಹಸಿ ಮೆಣಸಿನಕಾಯಿ,0.67,piece,vegetable,false,2
baingan-kofta,Cumin (jeera),जीरा,ಜೀರಿಗೆ,0.33,tsp,staple,true,3
baingan-kofta,Turmeric,हल्दी,ಅರಿಶಿನ,0.17,tsp,staple,true,4
baingan-kofta,Red chilli powder,लाल मिर्च पाउडर,ಕೆಂಪು ಮೆಣಸಿನ ಪುಡಿ,0.33,tsp,staple,true,5
baingan-kofta,Garam masala,गरम मसाला,ಗರಂ ಮಸಾಲ,0.33,tsp,staple,true,6
baingan-kofta,Cooking oil,तेल,ಎಣ್ಣೆ,0.67,tbsp,staple,true,7
baingan-kofta,Coriander leaves,हरा धनिया,ಕೊತ್ತಂಬರಿ ಸೊಪ್ಪು,0.67,tbsp,vegetable,false,8
baingan-saag,Brinjal (large),बड़ा बैंगन,ದೊಡ್ಡ ಬದನೆಕಾಯಿ,500,g,vegetable,false,1
baingan-saag,Green chilli,हरी मिर्च,ಹಸಿ ಮೆಣಸಿನಕಾಯಿ,0.67,piece,vegetable,false,2
baingan-saag,Cumin (jeera),जीरा,ಜೀರಿಗೆ,0.33,tsp,staple,true,3
baingan-saag,Turmeric,हल्दी,ಅರಿಶಿನ,0.17,tsp,staple,true,4
baingan-saag,Red chilli powder,लाल मिर्च पाउडर,ಕೆಂಪು ಮೆಣಸಿನ ಪುಡಿ,0.33,tsp,staple,true,5
baingan-saag,Garam masala,गरम मसाला,ಗರಂ ಮಸಾಲ,0.33,tsp,staple,true,6
baingan-saag,Cooking oil,तेल,ಎಣ್ಣೆ,0.67,tbsp,staple,true,7
baingan-saag,Coriander leaves,हरा धनिया,ಕೊತ್ತಂಬರಿ ಸೊಪ್ಪು,0.67,tbsp,vegetable,false,8
baingan-vindaloo,Brinjal (large),बड़ा बैंगन,ದೊಡ್ಡ ಬದನೆಕಾಯಿ,500,g,vegetable,false,1
baingan-vindaloo,Green chilli,हरी मिर्च,ಹಸಿ ಮೆಣಸಿನಕಾಯಿ,0.67,piece,vegetable,false,2
baingan-vindaloo,Cumin (jeera),जीरा,ಜೀರಿಗೆ,0.33,tsp,staple,true,3
baingan-vindaloo,Turmeric,हल्दी,ಅರಿಶಿನ,0.17,tsp,staple,true,4
baingan-vindaloo,Red chilli powder,लाल मिर्च पाउडर,ಕೆಂಪು ಮೆಣಸಿನ ಪುಡಿ,0.33,tsp,staple,true,5
baingan-vindaloo,Garam masala,गरम मसाला,ಗರಂ ಮಸಾಲ,0.33,tsp,staple,true,6
baingan-vindaloo,Cooking oil,तेल,ಎಣ್ಣೆ,0.67,tbsp,staple,true,7
baingan-vindaloo,Coriander leaves,हरा धनिया,ಕೊತ್ತಂಬರಿ ಸೊಪ್ಪು,0.67,tbsp,vegetable,false,8
baingan-chettinad,Brinjal (large),बड़ा बैंगन,ದೊಡ್ಡ ಬದನೆಕಾಯಿ,500,g,vegetable,false,1
baingan-chettinad,Onion (medium),प्याज़,ಈರುಳ್ಳಿ,0.67,piece,vegetable,false,2
baingan-chettinad,Ginger-garlic paste,अदरक-लहसुन पेस्ट,ಶುಂಠಿ-ಬೆಳ್ಳುಳ್ಳಿ ಪೇಸ್ಟ್,0.33,tbsp,staple,true,3
baingan-chettinad,Tomato (medium),टमाटर,ಟೊಮೇಟೊ,0.67,piece,vegetable,false,4
baingan-chettinad,Green chilli,हरी मिर्च,ಹಸಿ ಮೆಣಸಿನಕಾಯಿ,0.67,piece,vegetable,false,5
baingan-chettinad,Cumin (jeera),जीरा,ಜೀರಿಗೆ,0.33,tsp,staple,true,6
baingan-chettinad,Turmeric,हल्दी,ಅರಿಶಿನ,0.17,tsp,staple,true,7
baingan-chettinad,Red chilli powder,लाल मिर्च पाउडर,ಕೆಂಪು ಮೆಣಸಿನ ಪುಡಿ,0.33,tsp,staple,true,8
baingan-chettinad,Garam masala,गरम मसाला,ಗರಂ ಮಸಾಲ,0.33,tsp,staple,true,9
baingan-chettinad,Cooking oil,तेल,ಎಣ್ಣೆ,0.67,tbsp,staple,true,10
baingan-chettinad,Coriander leaves,हरा धनिया,ಕೊತ್ತಂಬರಿ ಸೊಪ್ಪು,0.67,tbsp,vegetable,false,11
baingan-do-pyaza,Brinjal (large),बड़ा बैंगन,ದೊಡ್ಡ ಬದನೆಕಾಯಿ,500,g,vegetable,false,1
baingan-do-pyaza,Green chilli,हरी मिर्च,ಹಸಿ ಮೆಣಸಿನಕಾಯಿ,0.67,piece,vegetable,false,2
baingan-do-pyaza,Cumin (jeera),जीरा,ಜೀರಿಗೆ,0.33,tsp,staple,true,3
baingan-do-pyaza,Turmeric,हल्दी,ಅರಿಶಿನ,0.17,tsp,staple,true,4
baingan-do-pyaza,Red chilli powder,लाल मिर्च पाउडर,ಕೆಂಪು ಮೆಣಸಿನ ಪುಡಿ,0.33,tsp,staple,true,5
baingan-do-pyaza,Garam masala,गरम मसाला,ಗರಂ ಮಸಾಲ,0.33,tsp,staple,true,6
baingan-do-pyaza,Cooking oil,तेल,ಎಣ್ಣೆ,0.67,tbsp,staple,true,7
baingan-do-pyaza,Coriander leaves,हरा धनिया,ಕೊತ್ತಂಬರಿ ಸೊಪ್ಪು,0.67,tbsp,vegetable,false,8
baingan-salna,Brinjal (large),बड़ा बैंगन,ದೊಡ್ಡ ಬದನೆಕಾಯಿ,500,g,vegetable,false,1
baingan-salna,Green chilli,हरी मिर्च,ಹಸಿ ಮೆಣಸಿನಕಾಯಿ,0.67,piece,vegetable,false,2
baingan-salna,Cumin (jeera),जीरा,ಜೀರಿಗೆ,0.33,tsp,staple,true,3
baingan-salna,Turmeric,हल्दी,ಅರಿಶಿನ,0.17,tsp,staple,true,4
baingan-salna,Red chilli powder,लाल मिर्च पाउडर,ಕೆಂಪು ಮೆಣಸಿನ ಪುಡಿ,0.33,tsp,staple,true,5
baingan-salna,Garam masala,गरम मसाला,ಗರಂ ಮಸಾಲ,0.33,tsp,staple,true,6
baingan-salna,Cooking oil,तेल,ಎಣ್ಣೆ,0.67,tbsp,staple,true,7
baingan-salna,Coriander leaves,हरा धनिया,ಕೊತ್ತಂಬರಿ ಸೊಪ್ಪು,0.67,tbsp,vegetable,false,8
baingan-kurma,Brinjal (large),बड़ा बैंगन,ದೊಡ್ಡ ಬದನೆಕಾಯಿ,500,g,vegetable,false,1
baingan-kurma,Green chilli,हरी मिर्च,ಹಸಿ ಮೆಣಸಿನಕಾಯಿ,0.67,piece,vegetable,false,2
baingan-kurma,Cumin (jeera),जीरा,ಜೀರಿಗೆ,0.33,tsp,staple,true,3
baingan-kurma,Turmeric,हल्दी,ಅರಿಶಿನ,0.17,tsp,staple,true,4
baingan-kurma,Red chilli powder,लाल मिर्च पाउडर,ಕೆಂಪು ಮೆಣಸಿನ ಪುಡಿ,0.33,tsp,staple,true,5
baingan-kurma,Garam masala,गरम मसाला,ಗರಂ ಮಸಾಲ,0.33,tsp,staple,true,6
baingan-kurma,Cooking oil,तेल,ಎಣ್ಣೆ,0.67,tbsp,staple,true,7
baingan-kurma,Coriander leaves,हरा धनिया,ಕೊತ್ತಂಬರಿ ಸೊಪ್ಪು,0.67,tbsp,vegetable,false,8
palak-curry,Spinach (palak),पालक,ಪಾಲಕ್ ಸೊಪ್ಪು,500,g,vegetable,false,1
palak-curry,Green chilli,हरी मिर्च,ಹಸಿ ಮೆಣಸಿನಕಾಯಿ,0.67,piece,vegetable,false,2
palak-curry,Cumin (jeera),जीरा,ಜೀರಿಗೆ,0.33,tsp,staple,true,3
palak-curry,Turmeric,हल्दी,ಅರಿಶಿನ,0.17,tsp,staple,true,4
palak-curry,Red chilli powder,लाल मिर्च पाउडर,ಕೆಂಪು ಮೆಣಸಿನ ಪುಡಿ,0.33,tsp,staple,true,5
palak-curry,Garam masala,गरम मसाला,ಗರಂ ಮಸಾಲ,0.33,tsp,staple,true,6
palak-curry,Cooking oil,तेल,ಎಣ್ಣೆ,0.67,tbsp,staple,true,7
palak-curry,Coriander leaves,हरा धनिया,ಕೊತ್ತಂಬರಿ ಸೊಪ್ಪು,0.67,tbsp,vegetable,false,8
palak-masala,Spinach (palak),पालक,ಪಾಲಕ್ ಸೊಪ್ಪು,500,g,vegetable,false,1
palak-masala,Green chilli,हरी मिर्च,ಹಸಿ ಮೆಣಸಿನಕಾಯಿ,0.67,piece,vegetable,false,2
palak-masala,Cumin (jeera),जीरा,ಜೀರಿಗೆ,0.33,tsp,staple,true,3
palak-masala,Turmeric,हल्दी,ಅರಿಶಿನ,0.17,tsp,staple,true,4
palak-masala,Red chilli powder,लाल मिर्च पाउडर,ಕೆಂಪು ಮೆಣಸಿನ ಪುಡಿ,0.33,tsp,staple,true,5
palak-masala,Garam masala,गरम मसाला,ಗರಂ ಮಸಾಲ,0.33,tsp,staple,true,6
palak-masala,Cooking oil,तेल,ಎಣ್ಣೆ,0.67,tbsp,staple,true,7
palak-masala,Coriander leaves,हरा धनिया,ಕೊತ್ತಂಬರಿ ಸೊಪ್ಪು,0.67,tbsp,vegetable,false,8
palak-fry,Spinach (palak),पालक,ಪಾಲಕ್ ಸೊಪ್ಪು,500,g,vegetable,false,1
palak-fry,Green chilli,हरी मिर्च,ಹಸಿ ಮೆಣಸಿನಕಾಯಿ,0.67,piece,vegetable,false,2
palak-fry,Cumin (jeera),जीरा,ಜೀರಿಗೆ,0.33,tsp,staple,true,3
palak-fry,Turmeric,हल्दी,ಅರಿಶಿನ,0.17,tsp,staple,true,4
palak-fry,Red chilli powder,लाल मिर्च पाउडर,ಕೆಂಪು ಮೆಣಸಿನ ಪುಡಿ,0.33,tsp,staple,true,5
palak-fry,Garam masala,गरम मसाला,ಗರಂ ಮಸಾಲ,0.33,tsp,staple,true,6
palak-fry,Cooking oil,तेल,ಎಣ್ಣೆ,0.67,tbsp,staple,true,7
palak-fry,Coriander leaves,हरा धनिया,ಕೊತ್ತಂಬರಿ ಸೊಪ್ಪು,0.67,tbsp,vegetable,false,8
palak-roast,Spinach (palak),पालक,ಪಾಲಕ್ ಸೊಪ್ಪು,500,g,vegetable,false,1
palak-roast,Green chilli,हरी मिर्च,ಹಸಿ ಮೆಣಸಿನಕಾಯಿ,0.67,piece,vegetable,false,2
palak-roast,Cumin (jeera),जीरा,ಜೀರಿಗೆ,0.33,tsp,staple,true,3
palak-roast,Turmeric,हल्दी,ಅರಿಶಿನ,0.17,tsp,staple,true,4
palak-roast,Red chilli powder,लाल मिर्च पाउडर,ಕೆಂಪು ಮೆಣಸಿನ ಪುಡಿ,0.33,tsp,staple,true,5
palak-roast,Garam masala,गरम मसाला,ಗರಂ ಮಸಾಲ,0.33,tsp,staple,true,6
palak-roast,Cooking oil,तेल,ಎಣ್ಣೆ,0.67,tbsp,staple,true,7
palak-roast,Coriander leaves,हरा धनिया,ಕೊತ್ತಂಬರಿ ಸೊಪ್ಪು,0.67,tbsp,vegetable,false,8
palak-tikka,Spinach (palak),पालक,ಪಾಲಕ್ ಸೊಪ್ಪು,500,g,vegetable,false,1
palak-tikka,Onion (medium),प्याज़,ಈರುಳ್ಳಿ,0.67,piece,vegetable,false,2
palak-tikka,Ginger-garlic paste,अदरक-लहसुन पेस्ट,ಶುಂಠಿ-ಬೆಳ್ಳುಳ್ಳಿ ಪೇಸ್ಟ್,0.33,tbsp,staple,true,3
palak-tikka,Tomato (medium),टमाटर,ಟೊಮೇಟೊ,0.67,piece,vegetable,false,4
palak-tikka,Green chilli,हरी मिर्च,ಹಸಿ ಮೆಣಸಿನಕಾಯಿ,0.67,piece,vegetable,false,5
palak-tikka,Cumin (jeera),जीरा,ಜೀರಿಗೆ,0.33,tsp,staple,true,6
palak-tikka,Turmeric,हल्दी,ಅರಿಶಿನ,0.17,tsp,staple,true,7
palak-tikka,Red chilli powder,लाल मिर्च पाउडर,ಕೆಂಪು ಮೆಣಸಿನ ಪುಡಿ,0.33,tsp,staple,true,8
palak-tikka,Garam masala,गरम मसाला,ಗರಂ ಮಸಾಲ,0.33,tsp,staple,true,9
palak-tikka,Cooking oil,तेल,ಎಣ್ಣೆ,0.67,tbsp,staple,true,10
palak-tikka,Coriander leaves,हरा धनिया,ಕೊತ್ತಂಬರಿ ಸೊಪ್ಪು,0.67,tbsp,vegetable,false,11
palak-korma,Spinach (palak),पालक,ಪಾಲಕ್ ಸೊಪ್ಪು,500,g,vegetable,false,1
palak-korma,Onion (medium),प्याज़,ಈರುಳ್ಳಿ,0.67,piece,vegetable,false,2
palak-korma,Ginger-garlic paste,अदरक-लहसुन पेस्ट,ಶುಂಠಿ-ಬೆಳ್ಳುಳ್ಳಿ ಪೇಸ್ಟ್,0.33,tbsp,staple,true,3
palak-korma,Tomato (medium),टमाटर,ಟೊಮೇಟೊ,0.67,piece,vegetable,false,4
palak-korma,Green chilli,हरी मिर्च,ಹಸಿ ಮೆಣಸಿನಕಾಯಿ,0.67,piece,vegetable,false,5
palak-korma,Cumin (jeera),जीरा,ಜೀರಿಗೆ,0.33,tsp,staple,true,6
palak-korma,Turmeric,हल्दी,ಅರಿಶಿನ,0.17,tsp,staple,true,7
palak-korma,Red chilli powder,लाल मिर्च पाउडर,ಕೆಂಪು ಮೆಣಸಿನ ಪುಡಿ,0.33,tsp,staple,true,8
palak-korma,Garam masala,गरम मसाला,ಗರಂ ಮಸಾಲ,0.33,tsp,staple,true,9
palak-korma,Cooking oil,तेल,ಎಣ್ಣೆ,0.67,tbsp,staple,true,10
palak-korma,Coriander leaves,हरा धनिया,ಕೊತ್ತಂಬರಿ ಸೊಪ್ಪು,0.67,tbsp,vegetable,false,11
palak-makhani,Spinach (palak),पालक,ಪಾಲಕ್ ಸೊಪ್ಪು,500,g,vegetable,false,1
palak-makhani,Onion (medium),प्याज़,ಈರುಳ್ಳಿ,0.67,piece,vegetable,false,2
palak-makhani,Ginger-garlic paste,अदरक-लहसुन पेस्ट,ಶುಂಠಿ-ಬೆಳ್ಳುಳ್ಳಿ ಪೇಸ್ಟ್,0.33,tbsp,staple,true,3
palak-makhani,Tomato (medium),टमाटर,ಟೊಮೇಟೊ,0.67,piece,vegetable,false,4
palak-makhani,Green chilli,हरी मिर्च,ಹಸಿ ಮೆಣಸಿನಕಾಯಿ,0.67,piece,vegetable,false,5
palak-makhani,Cumin (jeera),जीरा,ಜೀರಿಗೆ,0.33,tsp,staple,true,6
palak-makhani,Turmeric,हल्दी,ಅರಿಶಿನ,0.17,tsp,staple,true,7
palak-makhani,Red chilli powder,लाल मिर्च पाउडर,ಕೆಂಪು ಮೆಣಸಿನ ಪುಡಿ,0.33,tsp,staple,true,8
palak-makhani,Garam masala,गरम मसाला,ಗರಂ ಮಸಾಲ,0.33,tsp,staple,true,9
palak-makhani,Butter,मक्खन,ಬೆಣ್ಣೆ,1,tbsp,dairy,false,10
palak-makhani,Fresh cream,क्रीम,ಕ್ರೀಮ್,0.08,cup,dairy,false,11
palak-makhani,Kasuri methi,कसूरी मेथी,ಕಸೂರಿ ಮೆಂತ್ಯ,0.33,tsp,staple,true,12
palak-makhani,Coriander leaves,हरा धनिया,ಕೊತ್ತಂಬರಿ ಸೊಪ್ಪು,0.67,tbsp,vegetable,false,13
palak-bhurji,Spinach (palak),पालक,ಪಾಲಕ್ ಸೊಪ್ಪು,500,g,vegetable,false,1
palak-bhurji,Onion (medium),प्याज़,ಈರುಳ್ಳಿ,0.67,piece,vegetable,false,2
palak-bhurji,Ginger-garlic paste,अदरक-लहसुन पेस्ट,ಶುಂಠಿ-ಬೆಳ್ಳುಳ್ಳಿ ಪೇಸ್ಟ್,0.33,tbsp,staple,true,3
palak-bhurji,Tomato (medium),टमाटर,ಟೊಮೇಟೊ,0.67,piece,vegetable,false,4
palak-bhurji,Green chilli,हरी मिर्च,ಹಸಿ ಮೆಣಸಿನಕಾಯಿ,0.67,piece,vegetable,false,5
palak-bhurji,Cumin (jeera),जीरा,ಜೀರಿಗೆ,0.33,tsp,staple,true,6
palak-bhurji,Turmeric,हल्दी,ಅರಿಶಿನ,0.17,tsp,staple,true,7
palak-bhurji,Red chilli powder,लाल मिर्च पाउडर,ಕೆಂಪು ಮೆಣಸಿನ ಪುಡಿ,0.33,tsp,staple,true,8
palak-bhurji,Garam masala,गरम मसाला,ಗರಂ ಮಸಾಲ,0.33,tsp,staple,true,9
palak-bhurji,Cooking oil,तेल,ಎಣ್ಣೆ,0.67,tbsp,staple,true,10
palak-bhurji,Coriander leaves,हरा धनिया,ಕೊತ್ತಂಬರಿ ಸೊಪ್ಪು,0.67,tbsp,vegetable,false,11
palak-kofta,Spinach (palak),पालक,ಪಾಲಕ್ ಸೊಪ್ಪು,500,g,vegetable,false,1
palak-kofta,Green chilli,हरी मिर्च,ಹಸಿ ಮೆಣಸಿನಕಾಯಿ,0.67,piece,vegetable,false,2
palak-kofta,Cumin (jeera),जीरा,ಜೀರಿಗೆ,0.33,tsp,staple,true,3
palak-kofta,Turmeric,हल्दी,ಅರಿಶಿನ,0.17,tsp,staple,true,4
palak-kofta,Red chilli powder,लाल मिर्च पाउडर,ಕೆಂಪು ಮೆಣಸಿನ ಪುಡಿ,0.33,tsp,staple,true,5
palak-kofta,Garam masala,गरम मसाला,ಗರಂ ಮಸಾಲ,0.33,tsp,staple,true,6
palak-kofta,Cooking oil,तेल,ಎಣ್ಣೆ,0.67,tbsp,staple,true,7
palak-kofta,Coriander leaves,हरा धनिया,ಕೊತ್ತಂಬರಿ ಸೊಪ್ಪು,0.67,tbsp,vegetable,false,8
palak-saag,Spinach (palak),पालक,ಪಾಲಕ್ ಸೊಪ್ಪು,500,g,vegetable,false,1
palak-saag,Green chilli,हरी मिर्च,ಹಸಿ ಮೆಣಸಿನಕಾಯಿ,0.67,piece,vegetable,false,2
palak-saag,Cumin (jeera),जीरा,ಜೀರಿಗೆ,0.33,tsp,staple,true,3
palak-saag,Turmeric,हल्दी,ಅರಿಶಿನ,0.17,tsp,staple,true,4
palak-saag,Red chilli powder,लाल मिर्च पाउडर,ಕೆಂಪು ಮೆಣಸಿನ ಪುಡಿ,0.33,tsp,staple,true,5
palak-saag,Garam masala,गरम मसाला,ಗರಂ ಮಸಾಲ,0.33,tsp,staple,true,6
palak-saag,Cooking oil,तेल,ಎಣ್ಣೆ,0.67,tbsp,staple,true,7
palak-saag,Coriander leaves,हरा धनिया,ಕೊತ್ತಂಬರಿ ಸೊಪ್ಪು,0.67,tbsp,vegetable,false,8
palak-vindaloo,Spinach (palak),पालक,ಪಾಲಕ್ ಸೊಪ್ಪು,500,g,vegetable,false,1
palak-vindaloo,Onion (medium),प्याज़,ಈರುಳ್ಳಿ,0.67,piece,vegetable,false,2
palak-vindaloo,Ginger-garlic paste,अदरक-लहसुन पेस्ट,ಶುಂಠಿ-ಬೆಳ್ಳುಳ್ಳಿ ಪೇಸ್ಟ್,0.33,tbsp,staple,true,3
palak-vindaloo,Tomato (medium),टमाटर,ಟೊಮೇಟೊ,0.67,piece,vegetable,false,4
palak-vindaloo,Green chilli,हरी मिर्च,ಹಸಿ ಮೆಣಸಿನಕಾಯಿ,0.67,piece,vegetable,false,5
palak-vindaloo,Cumin (jeera),जीरा,ಜೀರಿಗೆ,0.33,tsp,staple,true,6
palak-vindaloo,Turmeric,हल्दी,ಅರಿಶಿನ,0.17,tsp,staple,true,7
palak-vindaloo,Red chilli powder,लाल मिर्च पाउडर,ಕೆಂಪು ಮೆಣಸಿನ ಪುಡಿ,0.33,tsp,staple,true,8
palak-vindaloo,Garam masala,गरम मसाला,ಗರಂ ಮಸಾಲ,0.33,tsp,staple,true,9
palak-vindaloo,Cooking oil,तेल,ಎಣ್ಣೆ,0.67,tbsp,staple,true,10
palak-vindaloo,Coriander leaves,हरा धनिया,ಕೊತ್ತಂಬರಿ ಸೊಪ್ಪು,0.67,tbsp,vegetable,false,11
palak-chettinad,Spinach (palak),पालक,ಪಾಲಕ್ ಸೊಪ್ಪು,500,g,vegetable,false,1
palak-chettinad,Onion (medium),प्याज़,ಈರುಳ್ಳಿ,0.67,piece,vegetable,false,2
palak-chettinad,Ginger-garlic paste,अदरक-लहसुन पेस्ट,ಶುಂಠಿ-ಬೆಳ್ಳುಳ್ಳಿ ಪೇಸ್ಟ್,0.33,tbsp,staple,true,3
palak-chettinad,Tomato (medium),टमाटर,ಟೊಮೇಟೊ,0.67,piece,vegetable,false,4
palak-chettinad,Green chilli,हरी मिर्च,ಹಸಿ ಮೆಣಸಿನಕಾಯಿ,0.67,piece,vegetable,false,5
palak-chettinad,Cumin (jeera),जीरा,ಜೀರಿಗೆ,0.33,tsp,staple,true,6
palak-chettinad,Turmeric,हल्दी,ಅರಿಶಿನ,0.17,tsp,staple,true,7
palak-chettinad,Red chilli powder,लाल मिर्च पाउडर,ಕೆಂಪು ಮೆಣಸಿನ ಪುಡಿ,0.33,tsp,staple,true,8
palak-chettinad,Garam masala,गरम मसाला,ಗರಂ ಮಸಾಲ,0.33,tsp,staple,true,9
palak-chettinad,Cooking oil,तेल,ಎಣ್ಣೆ,0.67,tbsp,staple,true,10
palak-chettinad,Coriander leaves,हरा धनिया,ಕೊತ್ತಂಬರಿ ಸೊಪ್ಪು,0.67,tbsp,vegetable,false,11
palak-do-pyaza,Spinach (palak),पालक,ಪಾಲಕ್ ಸೊಪ್ಪು,500,g,vegetable,false,1
palak-do-pyaza,Onion (medium),प्याज़,ಈರುಳ್ಳಿ,0.67,piece,vegetable,false,2
palak-do-pyaza,Ginger-garlic paste,अदरक-लहसुन पेस्ट,ಶುಂಠಿ-ಬೆಳ್ಳುಳ್ಳಿ ಪೇಸ್ಟ್,0.33,tbsp,staple,true,3
palak-do-pyaza,Tomato (medium),टमाटर,ಟೊಮೇಟೊ,0.67,piece,vegetable,false,4
palak-do-pyaza,Green chilli,हरी मिर्च,ಹಸಿ ಮೆಣಸಿನಕಾಯಿ,0.67,piece,vegetable,false,5
palak-do-pyaza,Cumin (jeera),जीरा,ಜೀರಿಗೆ,0.33,tsp,staple,true,6
palak-do-pyaza,Turmeric,हल्दी,ಅರಿಶಿನ,0.17,tsp,staple,true,7
palak-do-pyaza,Red chilli powder,लाल मिर्च पाउडर,ಕೆಂಪು ಮೆಣಸಿನ ಪುಡಿ,0.33,tsp,staple,true,8
palak-do-pyaza,Garam masala,गरम मसाला,ಗರಂ ಮಸಾಲ,0.33,tsp,staple,true,9
palak-do-pyaza,Cooking oil,तेल,ಎಣ್ಣೆ,0.67,tbsp,staple,true,10
palak-do-pyaza,Coriander leaves,हरा धनिया,ಕೊತ್ತಂಬರಿ ಸೊಪ್ಪು,0.67,tbsp,vegetable,false,11
palak-salna,Spinach (palak),पालक,ಪಾಲಕ್ ಸೊಪ್ಪು,500,g,vegetable,false,1
palak-salna,Green chilli,हरी मिर्च,ಹಸಿ ಮೆಣಸಿನಕಾಯಿ,0.67,piece,vegetable,false,2
palak-salna,Cumin (jeera),जीरा,ಜೀರಿಗೆ,0.33,tsp,staple,true,3
palak-salna,Turmeric,हल्दी,ಅರಿಶಿನ,0.17,tsp,staple,true,4
palak-salna,Red chilli powder,लाल मिर्च पाउडर,ಕೆಂಪು ಮೆಣಸಿನ ಪುಡಿ,0.33,tsp,staple,true,5
palak-salna,Garam masala,गरम मसाला,ಗರಂ ಮಸಾಲ,0.33,tsp,staple,true,6
palak-salna,Cooking oil,तेल,ಎಣ್ಣೆ,0.67,tbsp,staple,true,7
palak-salna,Coriander leaves,हरा धनिया,ಕೊತ್ತಂಬರಿ ಸೊಪ್ಪು,0.67,tbsp,vegetable,false,8
palak-kurma,Spinach (palak),पालक,ಪಾಲಕ್ ಸೊಪ್ಪು,500,g,vegetable,false,1
palak-kurma,Green chilli,हरी मिर्च,ಹಸಿ ಮೆಣಸಿನಕಾಯಿ,0.67,piece,vegetable,false,2
palak-kurma,Cumin (jeera),जीरा,ಜೀರಿಗೆ,0.33,tsp,staple,true,3
palak-kurma,Turmeric,हल्दी,ಅರಿಶಿನ,0.17,tsp,staple,true,4
palak-kurma,Red chilli powder,लाल मिर्च पाउडर,ಕೆಂಪು ಮೆಣಸಿನ ಪುಡಿ,0.33,tsp,staple,true,5
palak-kurma,Garam masala,गरम मसाला,ಗರಂ ಮಸಾಲ,0.33,tsp,staple,true,6
palak-kurma,Cooking oil,तेल,ಎಣ್ಣೆ,0.67,tbsp,staple,true,7
palak-kurma,Coriander leaves,हरा धनिया,ಕೊತ್ತಂಬರಿ ಸೊಪ್ಪು,0.67,tbsp,vegetable,false,8
mushroom-curry,Mushroom,मशरूम,ಅಣಬೆ,500,g,vegetable,false,1
mushroom-curry,Onion (medium),प्याज़,ಈರುಳ್ಳಿ,0.67,piece,vegetable,false,2
mushroom-curry,Ginger-garlic paste,अदरक-लहसुन पेस्ट,ಶುಂಠಿ-ಬೆಳ್ಳುಳ್ಳಿ ಪೇಸ್ಟ್,0.33,tbsp,staple,true,3
mushroom-curry,Tomato (medium),टमाटर,ಟೊಮೇಟೊ,0.67,piece,vegetable,false,4
mushroom-curry,Green chilli,हरी मिर्च,ಹಸಿ ಮೆಣಸಿನಕಾಯಿ,0.67,piece,vegetable,false,5
mushroom-curry,Cumin (jeera),जीरा,ಜೀರಿಗೆ,0.33,tsp,staple,true,6
mushroom-curry,Turmeric,हल्दी,ಅರಿಶಿನ,0.17,tsp,staple,true,7
mushroom-curry,Red chilli powder,लाल मिर्च पाउडर,ಕೆಂಪು ಮೆಣಸಿನ ಪುಡಿ,0.33,tsp,staple,true,8
mushroom-curry,Garam masala,गरम मसाला,ಗರಂ ಮಸಾಲ,0.33,tsp,staple,true,9
mushroom-curry,Cooking oil,तेल,ಎಣ್ಣೆ,0.67,tbsp,staple,true,10
mushroom-curry,Coriander leaves,हरा धनिया,ಕೊತ್ತಂಬರಿ ಸೊಪ್ಪು,0.67,tbsp,vegetable,false,11
mushroom-masala,Mushroom,मशरूम,ಅಣಬೆ,500,g,vegetable,false,1
mushroom-masala,Onion (medium),प्याज़,ಈರುಳ್ಳಿ,0.67,piece,vegetable,false,2
mushroom-masala,Ginger-garlic paste,अदरक-लहसुन पेस्ट,ಶುಂಠಿ-ಬೆಳ್ಳುಳ್ಳಿ ಪೇಸ್ಟ್,0.33,tbsp,staple,true,3
mushroom-masala,Tomato (medium),टमाटर,ಟೊಮೇಟೊ,0.67,piece,vegetable,false,4
mushroom-masala,Green chilli,हरी मिर्च,ಹಸಿ ಮೆಣಸಿನಕಾಯಿ,0.67,piece,vegetable,false,5
mushroom-masala,Cumin (jeera),जीरा,ಜೀರಿಗೆ,0.33,tsp,staple,true,6
mushroom-masala,Turmeric,हल्दी,ಅರಿಶಿನ,0.17,tsp,staple,true,7
mushroom-masala,Red chilli powder,लाल मिर्च पाउडर,ಕೆಂಪು ಮೆಣಸಿನ ಪುಡಿ,0.33,tsp,staple,true,8
mushroom-masala,Garam masala,गरम मसाला,ಗರಂ ಮಸಾಲ,0.33,tsp,staple,true,9
mushroom-masala,Cooking oil,तेल,ಎಣ್ಣೆ,0.67,tbsp,staple,true,10
mushroom-masala,Coriander leaves,हरा धनिया,ಕೊತ್ತಂಬರಿ ಸೊಪ್ಪು,0.67,tbsp,vegetable,false,11
mushroom-fry,Mushroom,मशरूम,ಅಣಬೆ,500,g,vegetable,false,1
mushroom-fry,Onion (medium),प्याज़,ಈರುಳ್ಳಿ,0.67,piece,vegetable,false,2
mushroom-fry,Ginger-garlic paste,अदरक-लहसुन पेस्ट,ಶುಂಠಿ-ಬೆಳ್ಳುಳ್ಳಿ ಪೇಸ್ಟ್,0.33,tbsp,staple,true,3
mushroom-fry,Tomato (medium),टमाटर,ಟೊಮೇಟೊ,0.67,piece,vegetable,false,4
mushroom-fry,Green chilli,हरी मिर्च,ಹಸಿ ಮೆಣಸಿನಕಾಯಿ,0.67,piece,vegetable,false,5
mushroom-fry,Cumin (jeera),जीरा,ಜೀರಿಗೆ,0.33,tsp,staple,true,6
mushroom-fry,Turmeric,हल्दी,ಅರಿಶಿನ,0.17,tsp,staple,true,7
mushroom-fry,Red chilli powder,लाल मिर्च पाउडर,ಕೆಂಪು ಮೆಣಸಿನ ಪುಡಿ,0.33,tsp,staple,true,8
mushroom-fry,Garam masala,गरम मसाला,ಗರಂ ಮಸಾಲ,0.33,tsp,staple,true,9
mushroom-fry,Cooking oil,तेल,ಎಣ್ಣೆ,0.67,tbsp,staple,true,10
mushroom-fry,Coriander leaves,हरा धनिया,ಕೊತ್ತಂಬರಿ ಸೊಪ್ಪು,0.67,tbsp,vegetable,false,11
mushroom-roast,Mushroom,मशरूम,ಅಣಬೆ,500,g,vegetable,false,1
mushroom-roast,Onion (medium),प्याज़,ಈರುಳ್ಳಿ,0.67,piece,vegetable,false,2
mushroom-roast,Ginger-garlic paste,अदरक-लहसुन पेस्ट,ಶುಂಠಿ-ಬೆಳ್ಳುಳ್ಳಿ ಪೇಸ್ಟ್,0.33,tbsp,staple,true,3
mushroom-roast,Tomato (medium),टमाटर,ಟೊಮೇಟೊ,0.67,piece,vegetable,false,4
mushroom-roast,Green chilli,हरी मिर्च,ಹಸಿ ಮೆಣಸಿನಕಾಯಿ,0.67,piece,vegetable,false,5
mushroom-roast,Cumin (jeera),जीरा,ಜೀರಿಗೆ,0.33,tsp,staple,true,6
mushroom-roast,Turmeric,हल्दी,ಅರಿಶಿನ,0.17,tsp,staple,true,7
mushroom-roast,Red chilli powder,लाल मिर्च पाउडर,ಕೆಂಪು ಮೆಣಸಿನ ಪುಡಿ,0.33,tsp,staple,true,8
mushroom-roast,Garam masala,गरम मसाला,ಗರಂ ಮಸಾಲ,0.33,tsp,staple,true,9
mushroom-roast,Cooking oil,तेल,ಎಣ್ಣೆ,0.67,tbsp,staple,true,10
mushroom-roast,Coriander leaves,हरा धनिया,ಕೊತ್ತಂಬರಿ ಸೊಪ್ಪು,0.67,tbsp,vegetable,false,11
mushroom-tikka,Mushroom,मशरूम,ಅಣಬೆ,500,g,vegetable,false,1
mushroom-tikka,Onion (medium),प्याज़,ಈರುಳ್ಳಿ,0.67,piece,vegetable,false,2
mushroom-tikka,Ginger-garlic paste,अदरक-लहसुन पेस्ट,ಶುಂಠಿ-ಬೆಳ್ಳುಳ್ಳಿ ಪೇಸ್ಟ್,0.33,tbsp,staple,true,3
mushroom-tikka,Tomato (medium),टमाटर,ಟೊಮೇಟೊ,0.67,piece,vegetable,false,4
mushroom-tikka,Green chilli,हरी मिर्च,ಹಸಿ ಮೆಣಸಿನಕಾಯಿ,0.67,piece,vegetable,false,5
mushroom-tikka,Cumin (jeera),जीरा,ಜೀರಿಗೆ,0.33,tsp,staple,true,6
mushroom-tikka,Turmeric,हल्दी,ಅರಿಶಿನ,0.17,tsp,staple,true,7
mushroom-tikka,Red chilli powder,लाल मिर्च पाउडर,ಕೆಂಪು ಮೆಣಸಿನ ಪುಡಿ,0.33,tsp,staple,true,8
mushroom-tikka,Garam masala,गरम मसाला,ಗರಂ ಮಸಾಲ,0.33,tsp,staple,true,9
mushroom-tikka,Cooking oil,तेल,ಎಣ್ಣೆ,0.67,tbsp,staple,true,10
mushroom-tikka,Coriander leaves,हरा धनिया,ಕೊತ್ತಂಬರಿ ಸೊಪ್ಪು,0.67,tbsp,vegetable,false,11
mushroom-korma,Mushroom,मशरूम,ಅಣಬೆ,500,g,vegetable,false,1
mushroom-korma,Onion (medium),प्याज़,ಈರುಳ್ಳಿ,0.67,piece,vegetable,false,2
mushroom-korma,Ginger-garlic paste,अदरक-लहसुन पेस्ट,ಶುಂಠಿ-ಬೆಳ್ಳುಳ್ಳಿ ಪೇಸ್ಟ್,0.33,tbsp,staple,true,3
mushroom-korma,Tomato (medium),टमाटर,ಟೊಮೇಟೊ,0.67,piece,vegetable,false,4
mushroom-korma,Green chilli,हरी मिर्च,ಹಸಿ ಮೆಣಸಿನಕಾಯಿ,0.67,piece,vegetable,false,5
mushroom-korma,Cumin (jeera),जीरा,ಜೀರಿಗೆ,0.33,tsp,staple,true,6
mushroom-korma,Turmeric,हल्दी,ಅರಿಶಿನ,0.17,tsp,staple,true,7
mushroom-korma,Red chilli powder,लाल मिर्च पाउडर,ಕೆಂಪು ಮೆಣಸಿನ ಪುಡಿ,0.33,tsp,staple,true,8
mushroom-korma,Garam masala,गरम मसाला,ಗರಂ ಮಸಾಲ,0.33,tsp,staple,true,9
mushroom-korma,Cooking oil,तेल,ಎಣ್ಣೆ,0.67,tbsp,staple,true,10
mushroom-korma,Coriander leaves,हरा धनिया,ಕೊತ್ತಂಬರಿ ಸೊಪ್ಪು,0.67,tbsp,vegetable,false,11
mushroom-makhani,Mushroom,मशरूम,ಅಣಬೆ,500,g,vegetable,false,1
mushroom-makhani,Onion (medium),प्याज़,ಈರುಳ್ಳಿ,0.67,piece,vegetable,false,2
mushroom-makhani,Ginger-garlic paste,अदरक-लहसुन पेस्ट,ಶುಂಠಿ-ಬೆಳ್ಳುಳ್ಳಿ ಪೇಸ್ಟ್,0.33,tbsp,staple,true,3
mushroom-makhani,Tomato (medium),टमाटर,ಟೊಮೇಟೊ,0.67,piece,vegetable,false,4
mushroom-makhani,Green chilli,हरी मिर्च,ಹಸಿ ಮೆಣಸಿನಕಾಯಿ,0.67,piece,vegetable,false,5
mushroom-makhani,Cumin (jeera),जीरा,ಜೀರಿಗೆ,0.33,tsp,staple,true,6
mushroom-makhani,Turmeric,हल्दी,ಅರಿಶಿನ,0.17,tsp,staple,true,7
mushroom-makhani,Red chilli powder,लाल मिर्च पाउडर,ಕೆಂಪು ಮೆಣಸಿನ ಪುಡಿ,0.33,tsp,staple,true,8
mushroom-makhani,Garam masala,गरम मसाला,ಗರಂ ಮಸಾಲ,0.33,tsp,staple,true,9
mushroom-makhani,Butter,मक्खन,ಬೆಣ್ಣೆ,1,tbsp,dairy,false,10
mushroom-makhani,Fresh cream,क्रीम,ಕ್ರೀಮ್,0.08,cup,dairy,false,11
mushroom-makhani,Kasuri methi,कसूरी मेथी,ಕಸೂರಿ ಮೆಂತ್ಯ,0.33,tsp,staple,true,12
mushroom-makhani,Coriander leaves,हरा धनिया,ಕೊತ್ತಂಬರಿ ಸೊಪ್ಪು,0.67,tbsp,vegetable,false,13
mushroom-bhurji,Mushroom,मशरूम,ಅಣಬೆ,500,g,vegetable,false,1
mushroom-bhurji,Onion (medium),प्याज़,ಈರುಳ್ಳಿ,0.67,piece,vegetable,false,2
mushroom-bhurji,Ginger-garlic paste,अदरक-लहसुन पेस्ट,ಶುಂಠಿ-ಬೆಳ್ಳುಳ್ಳಿ ಪೇಸ್ಟ್,0.33,tbsp,staple,true,3
mushroom-bhurji,Tomato (medium),टमाटर,ಟೊಮೇಟೊ,0.67,piece,vegetable,false,4
mushroom-bhurji,Green chilli,हरी मिर्च,ಹಸಿ ಮೆಣಸಿನಕಾಯಿ,0.67,piece,vegetable,false,5
mushroom-bhurji,Cumin (jeera),जीरा,ಜೀರಿಗೆ,0.33,tsp,staple,true,6
mushroom-bhurji,Turmeric,हल्दी,ಅರಿಶಿನ,0.17,tsp,staple,true,7
mushroom-bhurji,Red chilli powder,लाल मिर्च पाउडर,ಕೆಂಪು ಮೆಣಸಿನ ಪುಡಿ,0.33,tsp,staple,true,8
mushroom-bhurji,Garam masala,गरम मसाला,ಗರಂ ಮಸಾಲ,0.33,tsp,staple,true,9
mushroom-bhurji,Cooking oil,तेल,ಎಣ್ಣೆ,0.67,tbsp,staple,true,10
mushroom-bhurji,Coriander leaves,हरा धनिया,ಕೊತ್ತಂಬರಿ ಸೊಪ್ಪು,0.67,tbsp,vegetable,false,11
mushroom-kofta,Mushroom,मशरूम,ಅಣಬೆ,500,g,vegetable,false,1
mushroom-kofta,Onion (medium),प्याज़,ಈರುಳ್ಳಿ,0.67,piece,vegetable,false,2
mushroom-kofta,Ginger-garlic paste,अदरक-लहसुन पेस्ट,ಶುಂಠಿ-ಬೆಳ್ಳುಳ್ಳಿ ಪೇಸ್ಟ್,0.33,tbsp,staple,true,3
mushroom-kofta,Tomato (medium),टमाटर,ಟೊಮೇಟೊ,0.67,piece,vegetable,false,4
mushroom-kofta,Green chilli,हरी मिर्च,ಹಸಿ ಮೆಣಸಿನಕಾಯಿ,0.67,piece,vegetable,false,5
mushroom-kofta,Cumin (jeera),जीरा,ಜೀರಿಗೆ,0.33,tsp,staple,true,6
mushroom-kofta,Turmeric,हल्दी,ಅರಿಶಿನ,0.17,tsp,staple,true,7
mushroom-kofta,Red chilli powder,लाल मिर्च पाउडर,ಕೆಂಪು ಮೆಣಸಿನ ಪುಡಿ,0.33,tsp,staple,true,8
mushroom-kofta,Garam masala,गरम मसाला,ಗರಂ ಮಸಾಲ,0.33,tsp,staple,true,9
mushroom-kofta,Cooking oil,तेल,ಎಣ್ಣೆ,0.67,tbsp,staple,true,10
mushroom-kofta,Coriander leaves,हरा धनिया,ಕೊತ್ತಂಬರಿ ಸೊಪ್ಪು,0.67,tbsp,vegetable,false,11
mushroom-saag,Mushroom,मशरूम,ಅಣಬೆ,500,g,vegetable,false,1
mushroom-saag,Onion (medium),प्याज़,ಈರುಳ್ಳಿ,0.67,piece,vegetable,false,2
mushroom-saag,Ginger-garlic paste,अदरक-लहसुन पेस्ट,ಶುಂಠಿ-ಬೆಳ್ಳುಳ್ಳಿ ಪೇಸ್ಟ್,0.33,tbsp,staple,true,3
mushroom-saag,Tomato (medium),टमाटर,ಟೊಮೇಟೊ,0.67,piece,vegetable,false,4
mushroom-saag,Green chilli,हरी मिर्च,ಹಸಿ ಮೆಣಸಿನಕಾಯಿ,0.67,piece,vegetable,false,5
mushroom-saag,Cumin (jeera),जीरा,ಜೀರಿಗೆ,0.33,tsp,staple,true,6
mushroom-saag,Turmeric,हल्दी,ಅರಿಶಿನ,0.17,tsp,staple,true,7
mushroom-saag,Red chilli powder,लाल मिर्च पाउडर,ಕೆಂಪು ಮೆಣಸಿನ ಪುಡಿ,0.33,tsp,staple,true,8
mushroom-saag,Garam masala,गरम मसाला,ಗರಂ ಮಸಾಲ,0.33,tsp,staple,true,9
mushroom-saag,Cooking oil,तेल,ಎಣ್ಣೆ,0.67,tbsp,staple,true,10
mushroom-saag,Coriander leaves,हरा धनिया,ಕೊತ್ತಂಬರಿ ಸೊಪ್ಪು,0.67,tbsp,vegetable,false,11
mushroom-vindaloo,Mushroom,मशरूम,ಅಣಬೆ,500,g,vegetable,false,1
mushroom-vindaloo,Onion (medium),प्याज़,ಈರುಳ್ಳಿ,0.67,piece,vegetable,false,2
mushroom-vindaloo,Ginger-garlic paste,अदरक-लहसुन पेस्ट,ಶುಂಠಿ-ಬೆಳ್ಳುಳ್ಳಿ ಪೇಸ್ಟ್,0.33,tbsp,staple,true,3
mushroom-vindaloo,Tomato (medium),टमाटर,ಟೊಮೇಟೊ,0.67,piece,vegetable,false,4
mushroom-vindaloo,Green chilli,हरी मिर्च,ಹಸಿ ಮೆಣಸಿನಕಾಯಿ,0.67,piece,vegetable,false,5
mushroom-vindaloo,Cumin (jeera),जीरा,ಜೀರಿಗೆ,0.33,tsp,staple,true,6
mushroom-vindaloo,Turmeric,हल्दी,ಅರಿಶಿನ,0.17,tsp,staple,true,7
mushroom-vindaloo,Red chilli powder,लाल मिर्च पाउडर,ಕೆಂಪು ಮೆಣಸಿನ ಪುಡಿ,0.33,tsp,staple,true,8
mushroom-vindaloo,Garam masala,गरम मसाला,ಗರಂ ಮಸಾಲ,0.33,tsp,staple,true,9
mushroom-vindaloo,Cooking oil,तेल,ಎಣ್ಣೆ,0.67,tbsp,staple,true,10
mushroom-vindaloo,Coriander leaves,हरा धनिया,ಕೊತ್ತಂಬರಿ ಸೊಪ್ಪು,0.67,tbsp,vegetable,false,11
mushroom-chettinad,Mushroom,मशरूम,ಅಣಬೆ,500,g,vegetable,false,1
mushroom-chettinad,Onion (medium),प्याज़,ಈರುಳ್ಳಿ,0.67,piece,vegetable,false,2
mushroom-chettinad,Ginger-garlic paste,अदरक-लहसुन पेस्ट,ಶುಂಠಿ-ಬೆಳ್ಳುಳ್ಳಿ ಪೇಸ್ಟ್,0.33,tbsp,staple,true,3
mushroom-chettinad,Tomato (medium),टमाटर,ಟೊಮೇಟೊ,0.67,piece,vegetable,false,4
mushroom-chettinad,Green chilli,हरी मिर्च,ಹಸಿ ಮೆಣಸಿನಕಾಯಿ,0.67,piece,vegetable,false,5
mushroom-chettinad,Cumin (jeera),जीरा,ಜೀರಿಗೆ,0.33,tsp,staple,true,6
mushroom-chettinad,Turmeric,हल्दी,ಅರಿಶಿನ,0.17,tsp,staple,true,7
mushroom-chettinad,Red chilli powder,लाल मिर्च पाउडर,ಕೆಂಪು ಮೆಣಸಿನ ಪುಡಿ,0.33,tsp,staple,true,8
mushroom-chettinad,Garam masala,गरम मसाला,ಗರಂ ಮಸಾಲ,0.33,tsp,staple,true,9
mushroom-chettinad,Cooking oil,तेल,ಎಣ್ಣೆ,0.67,tbsp,staple,true,10
mushroom-chettinad,Coriander leaves,हरा धनिया,ಕೊತ್ತಂಬರಿ ಸೊಪ್ಪು,0.67,tbsp,vegetable,false,11
mushroom-do-pyaza,Mushroom,मशरूम,ಅಣಬೆ,500,g,vegetable,false,1
mushroom-do-pyaza,Onion (medium),प्याज़,ಈರುಳ್ಳಿ,0.67,piece,vegetable,false,2
mushroom-do-pyaza,Ginger-garlic paste,अदरक-लहसुन पेस्ट,ಶುಂಠಿ-ಬೆಳ್ಳುಳ್ಳಿ ಪೇಸ್ಟ್,0.33,tbsp,staple,true,3
mushroom-do-pyaza,Tomato (medium),टमाटर,ಟೊಮೇಟೊ,0.67,piece,vegetable,false,4
mushroom-do-pyaza,Green chilli,हरी मिर्च,ಹಸಿ ಮೆಣಸಿನಕಾಯಿ,0.67,piece,vegetable,false,5
mushroom-do-pyaza,Cumin (jeera),जीरा,ಜೀರಿಗೆ,0.33,tsp,staple,true,6
mushroom-do-pyaza,Turmeric,हल्दी,ಅರಿಶಿನ,0.17,tsp,staple,true,7
mushroom-do-pyaza,Red chilli powder,लाल मिर्च पाउडर,ಕೆಂಪು ಮೆಣಸಿನ ಪುಡಿ,0.33,tsp,staple,true,8
mushroom-do-pyaza,Garam masala,गरम मसाला,ಗರಂ ಮಸಾಲ,0.33,tsp,staple,true,9
mushroom-do-pyaza,Cooking oil,तेल,ಎಣ್ಣೆ,0.67,tbsp,staple,true,10
mushroom-do-pyaza,Coriander leaves,हरा धनिया,ಕೊತ್ತಂಬರಿ ಸೊಪ್ಪು,0.67,tbsp,vegetable,false,11
mushroom-salna,Mushroom,मशरूम,ಅಣಬೆ,500,g,vegetable,false,1
mushroom-salna,Onion (medium),प्याज़,ಈರುಳ್ಳಿ,0.67,piece,vegetable,false,2
mushroom-salna,Ginger-garlic paste,अदरक-लहसुन पेस्ट,ಶುಂಠಿ-ಬೆಳ್ಳುಳ್ಳಿ ಪೇಸ್ಟ್,0.33,tbsp,staple,true,3
mushroom-salna,Tomato (medium),टमाटर,ಟೊಮೇಟೊ,0.67,piece,vegetable,false,4
mushroom-salna,Green chilli,हरी मिर्च,ಹಸಿ ಮೆಣಸಿನಕಾಯಿ,0.67,piece,vegetable,false,5
mushroom-salna,Cumin (jeera),जीरा,ಜೀರಿಗೆ,0.33,tsp,staple,true,6
mushroom-salna,Turmeric,हल्दी,ಅರಿಶಿನ,0.17,tsp,staple,true,7
mushroom-salna,Red chilli powder,लाल मिर्च पाउडर,ಕೆಂಪು ಮೆಣಸಿನ ಪುಡಿ,0.33,tsp,staple,true,8
mushroom-salna,Garam masala,गरम मसाला,ಗರಂ ಮಸಾಲ,0.33,tsp,staple,true,9
mushroom-salna,Cooking oil,तेल,ಎಣ್ಣೆ,0.67,tbsp,staple,true,10
mushroom-salna,Coriander leaves,हरा धनिया,ಕೊತ್ತಂಬರಿ ಸೊಪ್ಪು,0.67,tbsp,vegetable,false,11
mushroom-kurma,Mushroom,मशरूम,ಅಣಬೆ,500,g,vegetable,false,1
mushroom-kurma,Onion (medium),प्याज़,ಈರುಳ್ಳಿ,0.67,piece,vegetable,false,2
mushroom-kurma,Ginger-garlic paste,अदरक-लहसुन पेस्ट,ಶುಂಠಿ-ಬೆಳ್ಳುಳ್ಳಿ ಪೇಸ್ಟ್,0.33,tbsp,staple,true,3
mushroom-kurma,Tomato (medium),टमाटर,ಟೊಮೇಟೊ,0.67,piece,vegetable,false,4
mushroom-kurma,Green chilli,हरी मिर्च,ಹಸಿ ಮೆಣಸಿನಕಾಯಿ,0.67,piece,vegetable,false,5
mushroom-kurma,Cumin (jeera),जीरा,ಜೀರಿಗೆ,0.33,tsp,staple,true,6
mushroom-kurma,Turmeric,हल्दी,ಅರಿಶಿನ,0.17,tsp,staple,true,7
mushroom-kurma,Red chilli powder,लाल मिर्च पाउडर,ಕೆಂಪು ಮೆಣಸಿನ ಪುಡಿ,0.33,tsp,staple,true,8
mushroom-kurma,Garam masala,गरम मसाला,ಗರಂ ಮಸಾಲ,0.33,tsp,staple,true,9
mushroom-kurma,Cooking oil,तेल,ಎಣ್ಣೆ,0.67,tbsp,staple,true,10
mushroom-kurma,Coriander leaves,हरा धनिया,ಕೊತ್ತಂಬರಿ ಸೊಪ್ಪು,0.67,tbsp,vegetable,false,11
matar-curry,Green peas,हरी मटर,ಹಸಿರು ಬಟಾಣಿ,500,g,vegetable,false,1
matar-curry,Onion (medium),प्याज़,ಈರುಳ್ಳಿ,0.67,piece,vegetable,false,2
matar-curry,Ginger-garlic paste,अदरक-लहसुन पेस्ट,ಶುಂಠಿ-ಬೆಳ್ಳುಳ್ಳಿ ಪೇಸ್ಟ್,0.33,tbsp,staple,true,3
matar-curry,Tomato (medium),टमाटर,ಟೊಮೇಟೊ,0.67,piece,vegetable,false,4
matar-curry,Green chilli,हरी मिर्च,ಹಸಿ ಮೆಣಸಿನಕಾಯಿ,0.67,piece,vegetable,false,5
matar-curry,Cumin (jeera),जीरा,ಜೀರಿಗೆ,0.33,tsp,staple,true,6
matar-curry,Turmeric,हल्दी,ಅರಿಶಿನ,0.17,tsp,staple,true,7
matar-curry,Red chilli powder,लाल मिर्च पाउडर,ಕೆಂಪು ಮೆಣಸಿನ ಪುಡಿ,0.33,tsp,staple,true,8
matar-curry,Garam masala,गरम मसाला,ಗರಂ ಮಸಾಲ,0.33,tsp,staple,true,9
matar-curry,Cooking oil,तेल,ಎಣ್ಣೆ,0.67,tbsp,staple,true,10
matar-curry,Coriander leaves,हरा धनिया,ಕೊತ್ತಂಬರಿ ಸೊಪ್ಪು,0.67,tbsp,vegetable,false,11
matar-masala,Green peas,हरी मटर,ಹಸಿರು ಬಟಾಣಿ,500,g,vegetable,false,1
matar-masala,Green chilli,हरी मिर्च,ಹಸಿ ಮೆಣಸಿನಕಾಯಿ,0.67,piece,vegetable,false,2
matar-masala,Cumin (jeera),जीरा,ಜೀರಿಗೆ,0.33,tsp,staple,true,3
matar-masala,Turmeric,हल्दी,ಅರಿಶಿನ,0.17,tsp,staple,true,4
matar-masala,Red chilli powder,लाल मिर्च पाउडर,ಕೆಂಪು ಮೆಣಸಿನ ಪುಡಿ,0.33,tsp,staple,true,5
matar-masala,Garam masala,गरम मसाला,ಗರಂ ಮಸಾಲ,0.33,tsp,staple,true,6
matar-masala,Cooking oil,तेल,ಎಣ್ಣೆ,0.67,tbsp,staple,true,7
matar-masala,Coriander leaves,हरा धनिया,ಕೊತ್ತಂಬರಿ ಸೊಪ್ಪು,0.67,tbsp,vegetable,false,8
matar-fry,Green peas,हरी मटर,ಹಸಿರು ಬಟಾಣಿ,500,g,vegetable,false,1
matar-fry,Onion (medium),प्याज़,ಈರುಳ್ಳಿ,0.67,piece,vegetable,false,2
matar-fry,Ginger-garlic paste,अदरक-लहसुन पेस्ट,ಶುಂಠಿ-ಬೆಳ್ಳುಳ್ಳಿ ಪೇಸ್ಟ್,0.33,tbsp,staple,true,3
matar-fry,Tomato (medium),टमाटर,ಟೊಮೇಟೊ,0.67,piece,vegetable,false,4
matar-fry,Green chilli,हरी मिर्च,ಹಸಿ ಮೆಣಸಿನಕಾಯಿ,0.67,piece,vegetable,false,5
matar-fry,Cumin (jeera),जीरा,ಜೀರಿಗೆ,0.33,tsp,staple,true,6
matar-fry,Turmeric,हल्दी,ಅರಿಶಿನ,0.17,tsp,staple,true,7
matar-fry,Red chilli powder,लाल मिर्च पाउडर,ಕೆಂಪು ಮೆಣಸಿನ ಪುಡಿ,0.33,tsp,staple,true,8
matar-fry,Garam masala,गरम मसाला,ಗರಂ ಮಸಾಲ,0.33,tsp,staple,true,9
matar-fry,Cooking oil,तेल,ಎಣ್ಣೆ,0.67,tbsp,staple,true,10
matar-fry,Coriander leaves,हरा धनिया,ಕೊತ್ತಂಬರಿ ಸೊಪ್ಪು,0.67,tbsp,vegetable,false,11
matar-roast,Green peas,हरी मटर,ಹಸಿರು ಬಟಾಣಿ,500,g,vegetable,false,1
matar-roast,Green chilli,हरी मिर्च,ಹಸಿ ಮೆಣಸಿನಕಾಯಿ,0.67,piece,vegetable,false,2
matar-roast,Cumin (jeera),जीरा,ಜೀರಿಗೆ,0.33,tsp,staple,true,3
matar-roast,Turmeric,हल्दी,ಅರಿಶಿನ,0.17,tsp,staple,true,4
matar-roast,Red chilli powder,लाल मिर्च पाउडर,ಕೆಂಪು ಮೆಣಸಿನ ಪುಡಿ,0.33,tsp,staple,true,5
matar-roast,Garam masala,गरम मसाला,ಗರಂ ಮಸಾಲ,0.33,tsp,staple,true,6
matar-roast,Cooking oil,तेल,ಎಣ್ಣೆ,0.67,tbsp,staple,true,7
matar-roast,Coriander leaves,हरा धनिया,ಕೊತ್ತಂಬರಿ ಸೊಪ್ಪು,0.67,tbsp,vegetable,false,8
matar-tikka,Green peas,हरी मटर,ಹಸಿರು ಬಟಾಣಿ,500,g,vegetable,false,1
matar-tikka,Green chilli,हरी मिर्च,ಹಸಿ ಮೆಣಸಿನಕಾಯಿ,0.67,piece,vegetable,false,2
matar-tikka,Cumin (jeera),जीरा,ಜೀರಿಗೆ,0.33,tsp,staple,true,3
matar-tikka,Turmeric,हल्दी,ಅರಿಶಿನ,0.17,tsp,staple,true,4
matar-tikka,Red chilli powder,लाल मिर्च पाउडर,ಕೆಂಪು ಮೆಣಸಿನ ಪುಡಿ,0.33,tsp,staple,true,5
matar-tikka,Garam masala,गरम मसाला,ಗರಂ ಮಸಾಲ,0.33,tsp,staple,true,6
matar-tikka,Cooking oil,तेल,ಎಣ್ಣೆ,0.67,tbsp,staple,true,7
matar-tikka,Coriander leaves,हरा धनिया,ಕೊತ್ತಂಬರಿ ಸೊಪ್ಪು,0.67,tbsp,vegetable,false,8
matar-korma,Green peas,हरी मटर,ಹಸಿರು ಬಟಾಣಿ,500,g,vegetable,false,1
matar-korma,Green chilli,हरी मिर्च,ಹಸಿ ಮೆಣಸಿನಕಾಯಿ,0.67,piece,vegetable,false,2
matar-korma,Cumin (jeera),जीरा,ಜೀರಿಗೆ,0.33,tsp,staple,true,3
matar-korma,Turmeric,हल्दी,ಅರಿಶಿನ,0.17,tsp,staple,true,4
matar-korma,Red chilli powder,लाल मिर्च पाउडर,ಕೆಂಪು ಮೆಣಸಿನ ಪುಡಿ,0.33,tsp,staple,true,5
matar-korma,Garam masala,गरम मसाला,ಗರಂ ಮಸಾಲ,0.33,tsp,staple,true,6
matar-korma,Cooking oil,तेल,ಎಣ್ಣೆ,0.67,tbsp,staple,true,7
matar-korma,Coriander leaves,हरा धनिया,ಕೊತ್ತಂಬರಿ ಸೊಪ್ಪು,0.67,tbsp,vegetable,false,8
matar-makhani,Green peas,हरी मटर,ಹಸಿರು ಬಟಾಣಿ,500,g,vegetable,false,1
matar-makhani,Onion (medium),प्याज़,ಈರುಳ್ಳಿ,0.67,piece,vegetable,false,2
matar-makhani,Ginger-garlic paste,अदरक-लहसुन पेस्ट,ಶುಂಠಿ-ಬೆಳ್ಳುಳ್ಳಿ ಪೇಸ್ಟ್,0.33,tbsp,staple,true,3
matar-makhani,Tomato (medium),टमाटर,ಟೊಮೇಟೊ,0.67,piece,vegetable,false,4
matar-makhani,Green chilli,हरी मिर्च,ಹಸಿ ಮೆಣಸಿನಕಾಯಿ,0.67,piece,vegetable,false,5
matar-makhani,Cumin (jeera),जीरा,ಜೀರಿಗೆ,0.33,tsp,staple,true,6
matar-makhani,Turmeric,हल्दी,ಅರಿಶಿನ,0.17,tsp,staple,true,7
matar-makhani,Red chilli powder,लाल मिर्च पाउडर,ಕೆಂಪು ಮೆಣಸಿನ ಪುಡಿ,0.33,tsp,staple,true,8
matar-makhani,Garam masala,गरम मसाला,ಗರಂ ಮಸಾಲ,0.33,tsp,staple,true,9
matar-makhani,Butter,मक्खन,ಬೆಣ್ಣೆ,1,tbsp,dairy,false,10
matar-makhani,Fresh cream,क्रीम,ಕ್ರೀಮ್,0.08,cup,dairy,false,11
matar-makhani,Kasuri methi,कसूरी मेथी,ಕಸೂರಿ ಮೆಂತ್ಯ,0.33,tsp,staple,true,12
matar-makhani,Coriander leaves,हरा धनिया,ಕೊತ್ತಂಬರಿ ಸೊಪ್ಪು,0.67,tbsp,vegetable,false,13
matar-bhurji,Green peas,हरी मटर,ಹಸಿರು ಬಟಾಣಿ,500,g,vegetable,false,1
matar-bhurji,Green chilli,हरी मिर्च,ಹಸಿ ಮೆಣಸಿನಕಾಯಿ,0.67,piece,vegetable,false,2
matar-bhurji,Cumin (jeera),जीरा,ಜೀರಿಗೆ,0.33,tsp,staple,true,3
matar-bhurji,Turmeric,हल्दी,ಅರಿಶಿನ,0.17,tsp,staple,true,4
matar-bhurji,Red chilli powder,लाल मिर्च पाउडर,ಕೆಂಪು ಮೆಣಸಿನ ಪುಡಿ,0.33,tsp,staple,true,5
matar-bhurji,Garam masala,गरम मसाला,ಗರಂ ಮಸಾಲ,0.33,tsp,staple,true,6
matar-bhurji,Cooking oil,तेल,ಎಣ್ಣೆ,0.67,tbsp,staple,true,7
matar-bhurji,Coriander leaves,हरा धनिया,ಕೊತ್ತಂಬರಿ ಸೊಪ್ಪು,0.67,tbsp,vegetable,false,8
matar-kofta,Green peas,हरी मटर,ಹಸಿರು ಬಟಾಣಿ,500,g,vegetable,false,1
matar-kofta,Green chilli,हरी मिर्च,ಹಸಿ ಮೆಣಸಿನಕಾಯಿ,0.67,piece,vegetable,false,2
matar-kofta,Cumin (jeera),जीरा,ಜೀರಿಗೆ,0.33,tsp,staple,true,3
matar-kofta,Turmeric,हल्दी,ಅರಿಶಿನ,0.17,tsp,staple,true,4
matar-kofta,Red chilli powder,लाल मिर्च पाउडर,ಕೆಂಪು ಮೆಣಸಿನ ಪುಡಿ,0.33,tsp,staple,true,5
matar-kofta,Garam masala,गरम मसाला,ಗರಂ ಮಸಾಲ,0.33,tsp,staple,true,6
matar-kofta,Cooking oil,तेल,ಎಣ್ಣೆ,0.67,tbsp,staple,true,7
matar-kofta,Coriander leaves,हरा धनिया,ಕೊತ್ತಂಬರಿ ಸೊಪ್ಪು,0.67,tbsp,vegetable,false,8
matar-saag,Green peas,हरी मटर,ಹಸಿರು ಬಟಾಣಿ,500,g,vegetable,false,1
matar-saag,Green chilli,हरी मिर्च,ಹಸಿ ಮೆಣಸಿನಕಾಯಿ,0.67,piece,vegetable,false,2
matar-saag,Cumin (jeera),जीरा,ಜೀರಿಗೆ,0.33,tsp,staple,true,3
matar-saag,Turmeric,हल्दी,ಅರಿಶಿನ,0.17,tsp,staple,true,4
matar-saag,Red chilli powder,लाल मिर्च पाउडर,ಕೆಂಪು ಮೆಣಸಿನ ಪುಡಿ,0.33,tsp,staple,true,5
matar-saag,Garam masala,गरम मसाला,ಗರಂ ಮಸಾಲ,0.33,tsp,staple,true,6
matar-saag,Cooking oil,तेल,ಎಣ್ಣೆ,0.67,tbsp,staple,true,7
matar-saag,Coriander leaves,हरा धनिया,ಕೊತ್ತಂಬರಿ ಸೊಪ್ಪು,0.67,tbsp,vegetable,false,8
matar-vindaloo,Green peas,हरी मटर,ಹಸಿರು ಬಟಾಣಿ,500,g,vegetable,false,1
matar-vindaloo,Green chilli,हरी मिर्च,ಹಸಿ ಮೆಣಸಿನಕಾಯಿ,0.67,piece,vegetable,false,2
matar-vindaloo,Cumin (jeera),जीरा,ಜೀರಿಗೆ,0.33,tsp,staple,true,3
matar-vindaloo,Turmeric,हल्दी,ಅರಿಶಿನ,0.17,tsp,staple,true,4
matar-vindaloo,Red chilli powder,लाल मिर्च पाउडर,ಕೆಂಪು ಮೆಣಸಿನ ಪುಡಿ,0.33,tsp,staple,true,5
matar-vindaloo,Garam masala,गरम मसाला,ಗರಂ ಮಸಾಲ,0.33,tsp,staple,true,6
matar-vindaloo,Cooking oil,तेल,ಎಣ್ಣೆ,0.67,tbsp,staple,true,7
matar-vindaloo,Coriander leaves,हरा धनिया,ಕೊತ್ತಂಬರಿ ಸೊಪ್ಪು,0.67,tbsp,vegetable,false,8
matar-chettinad,Green peas,हरी मटर,ಹಸಿರು ಬಟಾಣಿ,500,g,vegetable,false,1
matar-chettinad,Onion (medium),प्याज़,ಈರುಳ್ಳಿ,0.67,piece,vegetable,false,2
matar-chettinad,Ginger-garlic paste,अदरक-लहसुन पेस्ट,ಶುಂಠಿ-ಬೆಳ್ಳುಳ್ಳಿ ಪೇಸ್ಟ್,0.33,tbsp,staple,true,3
matar-chettinad,Tomato (medium),टमाटर,ಟೊಮೇಟೊ,0.67,piece,vegetable,false,4
matar-chettinad,Green chilli,हरी मिर्च,ಹಸಿ ಮೆಣಸಿನಕಾಯಿ,0.67,piece,vegetable,false,5
matar-chettinad,Cumin (jeera),जीरा,ಜೀರಿಗೆ,0.33,tsp,staple,true,6
matar-chettinad,Turmeric,हल्दी,ಅರಿಶಿನ,0.17,tsp,staple,true,7
matar-chettinad,Red chilli powder,लाल मिर्च पाउडर,ಕೆಂಪು ಮೆಣಸಿನ ಪುಡಿ,0.33,tsp,staple,true,8
matar-chettinad,Garam masala,गरम मसाला,ಗರಂ ಮಸಾಲ,0.33,tsp,staple,true,9
matar-chettinad,Cooking oil,तेल,ಎಣ್ಣೆ,0.67,tbsp,staple,true,10
matar-chettinad,Coriander leaves,हरा धनिया,ಕೊತ್ತಂಬರಿ ಸೊಪ್ಪು,0.67,tbsp,vegetable,false,11
matar-do-pyaza,Green peas,हरी मटर,ಹಸಿರು ಬಟಾಣಿ,500,g,vegetable,false,1
matar-do-pyaza,Onion (medium),प्याज़,ಈರುಳ್ಳಿ,0.67,piece,vegetable,false,2
matar-do-pyaza,Ginger-garlic paste,अदरक-लहसुन पेस्ट,ಶುಂಠಿ-ಬೆಳ್ಳುಳ್ಳಿ ಪೇಸ್ಟ್,0.33,tbsp,staple,true,3
matar-do-pyaza,Tomato (medium),टमाटर,ಟೊಮೇಟೊ,0.67,piece,vegetable,false,4
matar-do-pyaza,Green chilli,हरी मिर्च,ಹಸಿ ಮೆಣಸಿನಕಾಯಿ,0.67,piece,vegetable,false,5
matar-do-pyaza,Cumin (jeera),जीरा,ಜೀರಿಗೆ,0.33,tsp,staple,true,6
matar-do-pyaza,Turmeric,हल्दी,ಅರಿಶಿನ,0.17,tsp,staple,true,7
matar-do-pyaza,Red chilli powder,लाल मिर्च पाउडर,ಕೆಂಪು ಮೆಣಸಿನ ಪುಡಿ,0.33,tsp,staple,true,8
matar-do-pyaza,Garam masala,गरम मसाला,ಗರಂ ಮಸಾಲ,0.33,tsp,staple,true,9
matar-do-pyaza,Cooking oil,तेल,ಎಣ್ಣೆ,0.67,tbsp,staple,true,10
matar-do-pyaza,Coriander leaves,हरा धनिया,ಕೊತ್ತಂಬರಿ ಸೊಪ್ಪು,0.67,tbsp,vegetable,false,11
matar-salna,Green peas,हरी मटर,ಹಸಿರು ಬಟಾಣಿ,500,g,vegetable,false,1
matar-salna,Onion (medium),प्याज़,ಈರುಳ್ಳಿ,0.67,piece,vegetable,false,2
matar-salna,Ginger-garlic paste,अदरक-लहसुन पेस्ट,ಶುಂಠಿ-ಬೆಳ್ಳುಳ್ಳಿ ಪೇಸ್ಟ್,0.33,tbsp,staple,true,3
matar-salna,Tomato (medium),टमाटर,ಟೊಮೇಟೊ,0.67,piece,vegetable,false,4
matar-salna,Green chilli,हरी मिर्च,ಹಸಿ ಮೆಣಸಿನಕಾಯಿ,0.67,piece,vegetable,false,5
matar-salna,Cumin (jeera),जीरा,ಜೀರಿಗೆ,0.33,tsp,staple,true,6
matar-salna,Turmeric,हल्दी,ಅರಿಶಿನ,0.17,tsp,staple,true,7
matar-salna,Red chilli powder,लाल मिर्च पाउडर,ಕೆಂಪು ಮೆಣಸಿನ ಪುಡಿ,0.33,tsp,staple,true,8
matar-salna,Garam masala,गरम मसाला,ಗರಂ ಮಸಾಲ,0.33,tsp,staple,true,9
matar-salna,Cooking oil,तेल,ಎಣ್ಣೆ,0.67,tbsp,staple,true,10
matar-salna,Coriander leaves,हरा धनिया,ಕೊತ್ತಂಬರಿ ಸೊಪ್ಪು,0.67,tbsp,vegetable,false,11
matar-kurma,Green peas,हरी मटर,ಹಸಿರು ಬಟಾಣಿ,500,g,vegetable,false,1
matar-kurma,Green chilli,हरी मिर्च,ಹಸಿ ಮೆಣಸಿನಕಾಯಿ,0.67,piece,vegetable,false,2
matar-kurma,Cumin (jeera),जीरा,ಜೀರಿಗೆ,0.33,tsp,staple,true,3
matar-kurma,Turmeric,हल्दी,ಅರಿಶಿನ,0.17,tsp,staple,true,4
matar-kurma,Red chilli powder,लाल मिर्च पाउडर,ಕೆಂಪು ಮೆಣಸಿನ ಪುಡಿ,0.33,tsp,staple,true,5
matar-kurma,Garam masala,गरम मसाला,ಗರಂ ಮಸಾಲ,0.33,tsp,staple,true,6
matar-kurma,Cooking oil,तेल,ಎಣ್ಣೆ,0.67,tbsp,staple,true,7
matar-kurma,Coriander leaves,हरा धनिया,ಕೊತ್ತಂಬರಿ ಸೊಪ್ಪು,0.67,tbsp,vegetable,false,8
chana-curry,Chickpeas (kabuli chana),काबुली चना,ಕಡಲೆಕಾಳು,0.33,cup,protein,false,1
chana-curry,Onion (medium),प्याज़,ಈರುಳ್ಳಿ,0.67,piece,vegetable,false,2
chana-curry,Ginger-garlic paste,अदरक-लहसुन पेस्ट,ಶುಂಠಿ-ಬೆಳ್ಳುಳ್ಳಿ ಪೇಸ್ಟ್,0.33,tbsp,staple,true,3
chana-curry,Tomato (medium),टमाटर,ಟೊಮೇಟೊ,0.67,piece,vegetable,false,4
chana-curry,Green chilli,हरी मिर्च,ಹಸಿ ಮೆಣಸಿನಕಾಯಿ,0.67,piece,vegetable,false,5
chana-curry,Cumin (jeera),जीरा,ಜೀರಿಗೆ,0.33,tsp,staple,true,6
chana-curry,Turmeric,हल्दी,ಅರಿಶಿನ,0.17,tsp,staple,true,7
chana-curry,Red chilli powder,लाल मिर्च पाउडर,ಕೆಂಪು ಮೆಣಸಿನ ಪುಡಿ,0.33,tsp,staple,true,8
chana-curry,Garam masala,गरम मसाला,ಗರಂ ಮಸಾಲ,0.33,tsp,staple,true,9
chana-curry,Cooking oil,तेल,ಎಣ್ಣೆ,0.67,tbsp,staple,true,10
chana-curry,Coriander leaves,हरा धनिया,ಕೊತ್ತಂಬರಿ ಸೊಪ್ಪು,0.67,tbsp,vegetable,false,11
chana-masala,Chickpeas (kabuli chana),काबुली चना,ಕಡಲೆಕಾಳು,0.33,cup,protein,false,1
chana-masala,Onion (medium),प्याज़,ಈರುಳ್ಳಿ,0.67,piece,vegetable,false,2
chana-masala,Ginger-garlic paste,अदरक-लहसुन पेस्ट,ಶುಂಠಿ-ಬೆಳ್ಳುಳ್ಳಿ ಪೇಸ್ಟ್,0.33,tbsp,staple,true,3
chana-masala,Tomato (medium),टमाटर,ಟೊಮೇಟೊ,0.67,piece,vegetable,false,4
chana-masala,Green chilli,हरी मिर्च,ಹಸಿ ಮೆಣಸಿನಕಾಯಿ,0.67,piece,vegetable,false,5
chana-masala,Cumin (jeera),जीरा,ಜೀರಿಗೆ,0.33,tsp,staple,true,6
chana-masala,Turmeric,हल्दी,ಅರಿಶಿನ,0.17,tsp,staple,true,7
chana-masala,Red chilli powder,लाल मिर्च पाउडर,ಕೆಂಪು ಮೆಣಸಿನ ಪುಡಿ,0.33,tsp,staple,true,8
chana-masala,Garam masala,गरम मसाला,ಗರಂ ಮಸಾಲ,0.33,tsp,staple,true,9
chana-masala,Cooking oil,तेल,ಎಣ್ಣೆ,0.67,tbsp,staple,true,10
chana-masala,Coriander leaves,हरा धनिया,ಕೊತ್ತಂಬರಿ ಸೊಪ್ಪು,0.67,tbsp,vegetable,false,11
chana-fry,Chickpeas (kabuli chana),काबुली चना,ಕಡಲೆಕಾಳು,0.33,cup,protein,false,1
chana-fry,Onion (medium),प्याज़,ಈರುಳ್ಳಿ,0.67,piece,vegetable,false,2
chana-fry,Ginger-garlic paste,अदरक-लहसुन पेस्ट,ಶುಂಠಿ-ಬೆಳ್ಳುಳ್ಳಿ ಪೇಸ್ಟ್,0.33,tbsp,staple,true,3
chana-fry,Tomato (medium),टमाटर,ಟೊಮೇಟೊ,0.67,piece,vegetable,false,4
chana-fry,Green chilli,हरी मिर्च,ಹಸಿ ಮೆಣಸಿನಕಾಯಿ,0.67,piece,vegetable,false,5
chana-fry,Cumin (jeera),जीरा,ಜೀರಿಗೆ,0.33,tsp,staple,true,6
chana-fry,Turmeric,हल्दी,ಅರಿಶಿನ,0.17,tsp,staple,true,7
chana-fry,Red chilli powder,लाल मिर्च पाउडर,ಕೆಂಪು ಮೆಣಸಿನ ಪುಡಿ,0.33,tsp,staple,true,8
chana-fry,Garam masala,गरम मसाला,ಗರಂ ಮಸಾಲ,0.33,tsp,staple,true,9
chana-fry,Cooking oil,तेल,ಎಣ್ಣೆ,0.67,tbsp,staple,true,10
chana-fry,Coriander leaves,हरा धनिया,ಕೊತ್ತಂಬರಿ ಸೊಪ್ಪು,0.67,tbsp,vegetable,false,11
chana-roast,Chickpeas (kabuli chana),काबुली चना,ಕಡಲೆಕಾಳು,0.33,cup,protein,false,1
chana-roast,Onion (medium),प्याज़,ಈರುಳ್ಳಿ,0.67,piece,vegetable,false,2
chana-roast,Ginger-garlic paste,अदरक-लहसुन पेस्ट,ಶುಂಠಿ-ಬೆಳ್ಳುಳ್ಳಿ ಪೇಸ್ಟ್,0.33,tbsp,staple,true,3
chana-roast,Tomato (medium),टमाटर,ಟೊಮೇಟೊ,0.67,piece,vegetable,false,4
chana-roast,Green chilli,हरी मिर्च,ಹಸಿ ಮೆಣಸಿನಕಾಯಿ,0.67,piece,vegetable,false,5
chana-roast,Cumin (jeera),जीरा,ಜೀರಿಗೆ,0.33,tsp,staple,true,6
chana-roast,Turmeric,हल्दी,ಅರಿಶಿನ,0.17,tsp,staple,true,7
chana-roast,Red chilli powder,लाल मिर्च पाउडर,ಕೆಂಪು ಮೆಣಸಿನ ಪುಡಿ,0.33,tsp,staple,true,8
chana-roast,Garam masala,गरम मसाला,ಗರಂ ಮಸಾಲ,0.33,tsp,staple,true,9
chana-roast,Cooking oil,तेल,ಎಣ್ಣೆ,0.67,tbsp,staple,true,10
chana-roast,Coriander leaves,हरा धनिया,ಕೊತ್ತಂಬರಿ ಸೊಪ್ಪು,0.67,tbsp,vegetable,false,11
chana-tikka,Chickpeas (kabuli chana),काबुली चना,ಕಡಲೆಕಾಳು,0.33,cup,protein,false,1
chana-tikka,Onion (medium),प्याज़,ಈರುಳ್ಳಿ,0.67,piece,vegetable,false,2
chana-tikka,Ginger-garlic paste,अदरक-लहसुन पेस्ट,ಶುಂಠಿ-ಬೆಳ್ಳುಳ್ಳಿ ಪೇಸ್ಟ್,0.33,tbsp,staple,true,3
chana-tikka,Tomato (medium),टमाटर,ಟೊಮೇಟೊ,0.67,piece,vegetable,false,4
chana-tikka,Green chilli,हरी मिर्च,ಹಸಿ ಮೆಣಸಿನಕಾಯಿ,0.67,piece,vegetable,false,5
chana-tikka,Cumin (jeera),जीरा,ಜೀರಿಗೆ,0.33,tsp,staple,true,6
chana-tikka,Turmeric,हल्दी,ಅರಿಶಿನ,0.17,tsp,staple,true,7
chana-tikka,Red chilli powder,लाल मिर्च पाउडर,ಕೆಂಪು ಮೆಣಸಿನ ಪುಡಿ,0.33,tsp,staple,true,8
chana-tikka,Garam masala,गरम मसाला,ಗರಂ ಮಸಾಲ,0.33,tsp,staple,true,9
chana-tikka,Cooking oil,तेल,ಎಣ್ಣೆ,0.67,tbsp,staple,true,10
chana-tikka,Coriander leaves,हरा धनिया,ಕೊತ್ತಂಬರಿ ಸೊಪ್ಪು,0.67,tbsp,vegetable,false,11
chana-korma,Chickpeas (kabuli chana),काबुली चना,ಕಡಲೆಕಾಳು,0.33,cup,protein,false,1
chana-korma,Onion (medium),प्याज़,ಈರುಳ್ಳಿ,0.67,piece,vegetable,false,2
chana-korma,Ginger-garlic paste,अदरक-लहसुन पेस्ट,ಶುಂಠಿ-ಬೆಳ್ಳುಳ್ಳಿ ಪೇಸ್ಟ್,0.33,tbsp,staple,true,3
chana-korma,Tomato (medium),टमाटर,ಟೊಮೇಟೊ,0.67,piece,vegetable,false,4
chana-korma,Green chilli,हरी मिर्च,ಹಸಿ ಮೆಣಸಿನಕಾಯಿ,0.67,piece,vegetable,false,5
chana-korma,Cumin (jeera),जीरा,ಜೀರಿಗೆ,0.33,tsp,staple,true,6
chana-korma,Turmeric,हल्दी,ಅರಿಶಿನ,0.17,tsp,staple,true,7
chana-korma,Red chilli powder,लाल मिर्च पाउडर,ಕೆಂಪು ಮೆಣಸಿನ ಪುಡಿ,0.33,tsp,staple,true,8
chana-korma,Garam masala,गरम मसाला,ಗರಂ ಮಸಾಲ,0.33,tsp,staple,true,9
chana-korma,Cooking oil,तेल,ಎಣ್ಣೆ,0.67,tbsp,staple,true,10
chana-korma,Coriander leaves,हरा धनिया,ಕೊತ್ತಂಬರಿ ಸೊಪ್ಪು,0.67,tbsp,vegetable,false,11
chana-makhani,Chickpeas (kabuli chana),काबुली चना,ಕಡಲೆಕಾಳು,0.33,cup,protein,false,1
chana-makhani,Green chilli,हरी मिर्च,ಹಸಿ ಮೆಣಸಿನಕಾಯಿ,0.67,piece,vegetable,false,2
chana-makhani,Cumin (jeera),जीरा,ಜೀರಿಗೆ,0.33,tsp,staple,true,3
chana-makhani,Turmeric,हल्दी,ಅರಿಶಿನ,0.17,tsp,staple,true,4
chana-makhani,Red chilli powder,लाल मिर्च पाउडर,ಕೆಂಪು ಮೆಣಸಿನ ಪುಡಿ,0.33,tsp,staple,true,5
chana-makhani,Garam masala,गरम मसाला,ಗರಂ ಮಸಾಲ,0.33,tsp,staple,true,6
chana-makhani,Butter,मक्खन,ಬೆಣ್ಣೆ,1,tbsp,dairy,false,7
chana-makhani,Fresh cream,क्रीम,ಕ್ರೀಮ್,0.08,cup,dairy,false,8
chana-makhani,Kasuri methi,कसूरी मेथी,ಕಸೂರಿ ಮೆಂತ್ಯ,0.33,tsp,staple,true,9
chana-makhani,Coriander leaves,हरा धनिया,ಕೊತ್ತಂಬರಿ ಸೊಪ್ಪು,0.67,tbsp,vegetable,false,10
chana-bhurji,Chickpeas (kabuli chana),काबुली चना,ಕಡಲೆಕಾಳು,0.33,cup,protein,false,1
chana-bhurji,Green chilli,हरी मिर्च,ಹಸಿ ಮೆಣಸಿನಕಾಯಿ,0.67,piece,vegetable,false,2
chana-bhurji,Cumin (jeera),जीरा,ಜೀರಿಗೆ,0.33,tsp,staple,true,3
chana-bhurji,Turmeric,हल्दी,ಅರಿಶಿನ,0.17,tsp,staple,true,4
chana-bhurji,Red chilli powder,लाल मिर्च पाउडर,ಕೆಂಪು ಮೆಣಸಿನ ಪುಡಿ,0.33,tsp,staple,true,5
chana-bhurji,Garam masala,गरम मसाला,ಗರಂ ಮಸಾಲ,0.33,tsp,staple,true,6
chana-bhurji,Cooking oil,तेल,ಎಣ್ಣೆ,0.67,tbsp,staple,true,7
chana-bhurji,Coriander leaves,हरा धनिया,ಕೊತ್ತಂಬರಿ ಸೊಪ್ಪು,0.67,tbsp,vegetable,false,8
chana-kofta,Chickpeas (kabuli chana),काबुली चना,ಕಡಲೆಕಾಳು,0.33,cup,protein,false,1
chana-kofta,Onion (medium),प्याज़,ಈರುಳ್ಳಿ,0.67,piece,vegetable,false,2
chana-kofta,Ginger-garlic paste,अदरक-लहसुन पेस्ट,ಶುಂಠಿ-ಬೆಳ್ಳುಳ್ಳಿ ಪೇಸ್ಟ್,0.33,tbsp,staple,true,3
chana-kofta,Tomato (medium),टमाटर,ಟೊಮೇಟೊ,0.67,piece,vegetable,false,4
chana-kofta,Green chilli,हरी मिर्च,ಹಸಿ ಮೆಣಸಿನಕಾಯಿ,0.67,piece,vegetable,false,5
chana-kofta,Cumin (jeera),जीरा,ಜೀರಿಗೆ,0.33,tsp,staple,true,6
chana-kofta,Turmeric,हल्दी,ಅರಿಶಿನ,0.17,tsp,staple,true,7
chana-kofta,Red chilli powder,लाल मिर्च पाउडर,ಕೆಂಪು ಮೆಣಸಿನ ಪುಡಿ,0.33,tsp,staple,true,8
chana-kofta,Garam masala,गरम मसाला,ಗರಂ ಮಸಾಲ,0.33,tsp,staple,true,9
chana-kofta,Cooking oil,तेल,ಎಣ್ಣೆ,0.67,tbsp,staple,true,10
chana-kofta,Coriander leaves,हरा धनिया,ಕೊತ್ತಂಬರಿ ಸೊಪ್ಪು,0.67,tbsp,vegetable,false,11
chana-saag,Chickpeas (kabuli chana),काबुली चना,ಕಡಲೆಕಾಳು,0.33,cup,protein,false,1
chana-saag,Onion (medium),प्याज़,ಈರುಳ್ಳಿ,0.67,piece,vegetable,false,2
chana-saag,Ginger-garlic paste,अदरक-लहसुन पेस्ट,ಶುಂಠಿ-ಬೆಳ್ಳುಳ್ಳಿ ಪೇಸ್ಟ್,0.33,tbsp,staple,true,3
chana-saag,Tomato (medium),टमाटर,ಟೊಮೇಟೊ,0.67,piece,vegetable,false,4
chana-saag,Green chilli,हरी मिर्च,ಹಸಿ ಮೆಣಸಿನಕಾಯಿ,0.67,piece,vegetable,false,5
chana-saag,Cumin (jeera),जीरा,ಜೀರಿಗೆ,0.33,tsp,staple,true,6
chana-saag,Turmeric,हल्दी,ಅರಿಶಿನ,0.17,tsp,staple,true,7
chana-saag,Red chilli powder,लाल मिर्च पाउडर,ಕೆಂಪು ಮೆಣಸಿನ ಪುಡಿ,0.33,tsp,staple,true,8
chana-saag,Garam masala,गरम मसाला,ಗರಂ ಮಸಾಲ,0.33,tsp,staple,true,9
chana-saag,Cooking oil,तेल,ಎಣ್ಣೆ,0.67,tbsp,staple,true,10
chana-saag,Coriander leaves,हरा धनिया,ಕೊತ್ತಂಬರಿ ಸೊಪ್ಪು,0.67,tbsp,vegetable,false,11
chana-vindaloo,Chickpeas (kabuli chana),काबुली चना,ಕಡಲೆಕಾಳು,0.33,cup,protein,false,1
chana-vindaloo,Onion (medium),प्याज़,ಈರುಳ್ಳಿ,0.67,piece,vegetable,false,2
chana-vindaloo,Ginger-garlic paste,अदरक-लहसुन पेस्ट,ಶುಂಠಿ-ಬೆಳ್ಳುಳ್ಳಿ ಪೇಸ್ಟ್,0.33,tbsp,staple,true,3
chana-vindaloo,Tomato (medium),टमाटर,ಟೊಮೇಟೊ,0.67,piece,vegetable,false,4
chana-vindaloo,Green chilli,हरी मिर्च,ಹಸಿ ಮೆಣಸಿನಕಾಯಿ,0.67,piece,vegetable,false,5
chana-vindaloo,Cumin (jeera),जीरा,ಜೀರಿಗೆ,0.33,tsp,staple,true,6
chana-vindaloo,Turmeric,हल्दी,ಅರಿಶಿನ,0.17,tsp,staple,true,7
chana-vindaloo,Red chilli powder,लाल मिर्च पाउडर,ಕೆಂಪು ಮೆಣಸಿನ ಪುಡಿ,0.33,tsp,staple,true,8
chana-vindaloo,Garam masala,गरम मसाला,ಗರಂ ಮಸಾಲ,0.33,tsp,staple,true,9
chana-vindaloo,Cooking oil,तेल,ಎಣ್ಣೆ,0.67,tbsp,staple,true,10
chana-vindaloo,Coriander leaves,हरा धनिया,ಕೊತ್ತಂಬರಿ ಸೊಪ್ಪು,0.67,tbsp,vegetable,false,11
chana-chettinad,Chickpeas (kabuli chana),काबुली चना,ಕಡಲೆಕಾಳು,0.33,cup,protein,false,1
chana-chettinad,Green chilli,हरी मिर्च,ಹಸಿ ಮೆಣಸಿನಕಾಯಿ,0.67,piece,vegetable,false,2
chana-chettinad,Cumin (jeera),जीरा,ಜೀರಿಗೆ,0.33,tsp,staple,true,3
chana-chettinad,Turmeric,हल्दी,ಅರಿಶಿನ,0.17,tsp,staple,true,4
chana-chettinad,Red chilli powder,लाल मिर्च पाउडर,ಕೆಂಪು ಮೆಣಸಿನ ಪುಡಿ,0.33,tsp,staple,true,5
chana-chettinad,Garam masala,गरम मसाला,ಗರಂ ಮಸಾಲ,0.33,tsp,staple,true,6
chana-chettinad,Cooking oil,तेल,ಎಣ್ಣೆ,0.67,tbsp,staple,true,7
chana-chettinad,Coriander leaves,हरा धनिया,ಕೊತ್ತಂಬರಿ ಸೊಪ್ಪು,0.67,tbsp,vegetable,false,8
chana-do-pyaza,Chickpeas (kabuli chana),काबुली चना,ಕಡಲೆಕಾಳು,0.33,cup,protein,false,1
chana-do-pyaza,Green chilli,हरी मिर्च,ಹಸಿ ಮೆಣಸಿನಕಾಯಿ,0.67,piece,vegetable,false,2
chana-do-pyaza,Cumin (jeera),जीरा,ಜೀರಿಗೆ,0.33,tsp,staple,true,3
chana-do-pyaza,Turmeric,हल्दी,ಅರಿಶಿನ,0.17,tsp,staple,true,4
chana-do-pyaza,Red chilli powder,लाल मिर्च पाउडर,ಕೆಂಪು ಮೆಣಸಿನ ಪುಡಿ,0.33,tsp,staple,true,5
chana-do-pyaza,Garam masala,गरम मसाला,ಗರಂ ಮಸಾಲ,0.33,tsp,staple,true,6
chana-do-pyaza,Cooking oil,तेल,ಎಣ್ಣೆ,0.67,tbsp,staple,true,7
chana-do-pyaza,Coriander leaves,हरा धनिया,ಕೊತ್ತಂಬರಿ ಸೊಪ್ಪು,0.67,tbsp,vegetable,false,8
chana-salna,Chickpeas (kabuli chana),काबुली चना,ಕಡಲೆಕಾಳು,0.33,cup,protein,false,1
chana-salna,Green chilli,हरी मिर्च,ಹಸಿ ಮೆಣಸಿನಕಾಯಿ,0.67,piece,vegetable,false,2
chana-salna,Cumin (jeera),जीरा,ಜೀರಿಗೆ,0.33,tsp,staple,true,3
chana-salna,Turmeric,हल्दी,ಅರಿಶಿನ,0.17,tsp,staple,true,4
chana-salna,Red chilli powder,लाल मिर्च पाउडर,ಕೆಂಪು ಮೆಣಸಿನ ಪುಡಿ,0.33,tsp,staple,true,5
chana-salna,Garam masala,गरम मसाला,ಗರಂ ಮಸಾಲ,0.33,tsp,staple,true,6
chana-salna,Cooking oil,तेल,ಎಣ್ಣೆ,0.67,tbsp,staple,true,7
chana-salna,Coriander leaves,हरा धनिया,ಕೊತ್ತಂಬರಿ ಸೊಪ್ಪು,0.67,tbsp,vegetable,false,8
chana-kurma,Chickpeas (kabuli chana),काबुली चना,ಕಡಲೆಕಾಳು,0.33,cup,protein,false,1
chana-kurma,Green chilli,हरी मिर्च,ಹಸಿ ಮೆಣಸಿನಕಾಯಿ,0.67,piece,vegetable,false,2
chana-kurma,Cumin (jeera),जीरा,ಜೀರಿಗೆ,0.33,tsp,staple,true,3
chana-kurma,Turmeric,हल्दी,ಅರಿಶಿನ,0.17,tsp,staple,true,4
chana-kurma,Red chilli powder,लाल मिर्च पाउडर,ಕೆಂಪು ಮೆಣಸಿನ ಪುಡಿ,0.33,tsp,staple,true,5
chana-kurma,Garam masala,गरम मसाला,ಗರಂ ಮಸಾಲ,0.33,tsp,staple,true,6
chana-kurma,Cooking oil,तेल,ಎಣ್ಣೆ,0.67,tbsp,staple,true,7
chana-kurma,Coriander leaves,हरा धनिया,ಕೊತ್ತಂಬರಿ ಸೊಪ್ಪು,0.67,tbsp,vegetable,false,8
rajma-curry,Rajma,राजमा,ರಾಜ್ಮಾ,0.33,cup,protein,false,1
rajma-curry,Onion (medium),प्याज़,ಈರುಳ್ಳಿ,0.67,piece,vegetable,false,2
rajma-curry,Ginger-garlic paste,अदरक-लहसुन पेस्ट,ಶುಂಠಿ-ಬೆಳ್ಳುಳ್ಳಿ ಪೇಸ್ಟ್,0.33,tbsp,staple,true,3
rajma-curry,Tomato (medium),टमाटर,ಟೊಮೇಟೊ,0.67,piece,vegetable,false,4
rajma-curry,Green chilli,हरी मिर्च,ಹಸಿ ಮೆಣಸಿನಕಾಯಿ,0.67,piece,vegetable,false,5
rajma-curry,Cumin (jeera),जीरा,ಜೀರಿಗೆ,0.33,tsp,staple,true,6
rajma-curry,Turmeric,हल्दी,ಅರಿಶಿನ,0.17,tsp,staple,true,7
rajma-curry,Red chilli powder,लाल मिर्च पाउडर,ಕೆಂಪು ಮೆಣಸಿನ ಪುಡಿ,0.33,tsp,staple,true,8
rajma-curry,Garam masala,गरम मसाला,ಗರಂ ಮಸಾಲ,0.33,tsp,staple,true,9
rajma-curry,Cooking oil,तेल,ಎಣ್ಣೆ,0.67,tbsp,staple,true,10
rajma-curry,Coriander leaves,हरा धनिया,ಕೊತ್ತಂಬರಿ ಸೊಪ್ಪು,0.67,tbsp,vegetable,false,11
rajma-masala,Rajma,राजमा,ರಾಜ್ಮಾ,0.33,cup,protein,false,1
rajma-masala,Green chilli,हरी मिर्च,ಹಸಿ ಮೆಣಸಿನಕಾಯಿ,0.67,piece,vegetable,false,2
rajma-masala,Cumin (jeera),जीरा,ಜೀರಿಗೆ,0.33,tsp,staple,true,3
rajma-masala,Turmeric,हल्दी,ಅರಿಶಿನ,0.17,tsp,staple,true,4
rajma-masala,Red chilli powder,लाल मिर्च पाउडर,ಕೆಂಪು ಮೆಣಸಿನ ಪುಡಿ,0.33,tsp,staple,true,5
rajma-masala,Garam masala,गरम मसाला,ಗರಂ ಮಸಾಲ,0.33,tsp,staple,true,6
rajma-masala,Cooking oil,तेल,ಎಣ್ಣೆ,0.67,tbsp,staple,true,7
rajma-masala,Coriander leaves,हरा धनिया,ಕೊತ್ತಂಬರಿ ಸೊಪ್ಪು,0.67,tbsp,vegetable,false,8
rajma-fry,Rajma,राजमा,ರಾಜ್ಮಾ,0.33,cup,protein,false,1
rajma-fry,Green chilli,हरी मिर्च,ಹಸಿ ಮೆಣಸಿನಕಾಯಿ,0.67,piece,vegetable,false,2
rajma-fry,Cumin (jeera),जीरा,ಜೀರಿಗೆ,0.33,tsp,staple,true,3
rajma-fry,Turmeric,हल्दी,ಅರಿಶಿನ,0.17,tsp,staple,true,4
rajma-fry,Red chilli powder,लाल मिर्च पाउडर,ಕೆಂಪು ಮೆಣಸಿನ ಪುಡಿ,0.33,tsp,staple,true,5
rajma-fry,Garam masala,गरम मसाला,ಗರಂ ಮಸಾಲ,0.33,tsp,staple,true,6
rajma-fry,Cooking oil,तेल,ಎಣ್ಣೆ,0.67,tbsp,staple,true,7
rajma-fry,Coriander leaves,हरा धनिया,ಕೊತ್ತಂಬರಿ ಸೊಪ್ಪು,0.67,tbsp,vegetable,false,8
rajma-roast,Rajma,राजमा,ರಾಜ್ಮಾ,0.33,cup,protein,false,1
rajma-roast,Onion (medium),प्याज़,ಈರುಳ್ಳಿ,0.67,piece,vegetable,false,2
rajma-roast,Ginger-garlic paste,अदरक-लहसुन पेस्ट,ಶುಂಠಿ-ಬೆಳ್ಳುಳ್ಳಿ ಪೇಸ್ಟ್,0.33,tbsp,staple,true,3
rajma-roast,Tomato (medium),टमाटर,ಟೊಮೇಟೊ,0.67,piece,vegetable,false,4
rajma-roast,Green chilli,हरी मिर्च,ಹಸಿ ಮೆಣಸಿನಕಾಯಿ,0.67,piece,vegetable,false,5
rajma-roast,Cumin (jeera),जीरा,ಜೀರಿಗೆ,0.33,tsp,staple,true,6
rajma-roast,Turmeric,हल्दी,ಅರಿಶಿನ,0.17,tsp,staple,true,7
rajma-roast,Red chilli powder,लाल मिर्च पाउडर,ಕೆಂಪು ಮೆಣಸಿನ ಪುಡಿ,0.33,tsp,staple,true,8
rajma-roast,Garam masala,गरम मसाला,ಗರಂ ಮಸಾಲ,0.33,tsp,staple,true,9
rajma-roast,Cooking oil,तेल,ಎಣ್ಣೆ,0.67,tbsp,staple,true,10
rajma-roast,Coriander leaves,हरा धनिया,ಕೊತ್ತಂಬರಿ ಸೊಪ್ಪು,0.67,tbsp,vegetable,false,11
rajma-tikka,Rajma,राजमा,ರಾಜ್ಮಾ,0.33,cup,protein,false,1
rajma-tikka,Onion (medium),प्याज़,ಈರುಳ್ಳಿ,0.67,piece,vegetable,false,2
rajma-tikka,Ginger-garlic paste,अदरक-लहसुन पेस्ट,ಶುಂಠಿ-ಬೆಳ್ಳುಳ್ಳಿ ಪೇಸ್ಟ್,0.33,tbsp,staple,true,3
rajma-tikka,Tomato (medium),टमाटर,ಟೊಮೇಟೊ,0.67,piece,vegetable,false,4
rajma-tikka,Green chilli,हरी मिर्च,ಹಸಿ ಮೆಣಸಿನಕಾಯಿ,0.67,piece,vegetable,false,5
rajma-tikka,Cumin (jeera),जीरा,ಜೀರಿಗೆ,0.33,tsp,staple,true,6
rajma-tikka,Turmeric,हल्दी,ಅರಿಶಿನ,0.17,tsp,staple,true,7
rajma-tikka,Red chilli powder,लाल मिर्च पाउडर,ಕೆಂಪು ಮೆಣಸಿನ ಪುಡಿ,0.33,tsp,staple,true,8
rajma-tikka,Garam masala,गरम मसाला,ಗರಂ ಮಸಾಲ,0.33,tsp,staple,true,9
rajma-tikka,Cooking oil,तेल,ಎಣ್ಣೆ,0.67,tbsp,staple,true,10
rajma-tikka,Coriander leaves,हरा धनिया,ಕೊತ್ತಂಬರಿ ಸೊಪ್ಪು,0.67,tbsp,vegetable,false,11
rajma-korma,Rajma,राजमा,ರಾಜ್ಮಾ,0.33,cup,protein,false,1
rajma-korma,Onion (medium),प्याज़,ಈರುಳ್ಳಿ,0.67,piece,vegetable,false,2
rajma-korma,Ginger-garlic paste,अदरक-लहसुन पेस्ट,ಶುಂಠಿ-ಬೆಳ್ಳುಳ್ಳಿ ಪೇಸ್ಟ್,0.33,tbsp,staple,true,3
rajma-korma,Tomato (medium),टमाटर,ಟೊಮೇಟೊ,0.67,piece,vegetable,false,4
rajma-korma,Green chilli,हरी मिर्च,ಹಸಿ ಮೆಣಸಿನಕಾಯಿ,0.67,piece,vegetable,false,5
rajma-korma,Cumin (jeera),जीरा,ಜೀರಿಗೆ,0.33,tsp,staple,true,6
rajma-korma,Turmeric,हल्दी,ಅರಿಶಿನ,0.17,tsp,staple,true,7
rajma-korma,Red chilli powder,लाल मिर्च पाउडर,ಕೆಂಪು ಮೆಣಸಿನ ಪುಡಿ,0.33,tsp,staple,true,8
rajma-korma,Garam masala,गरम मसाला,ಗರಂ ಮಸಾಲ,0.33,tsp,staple,true,9
rajma-korma,Cooking oil,तेल,ಎಣ್ಣೆ,0.67,tbsp,staple,true,10
rajma-korma,Coriander leaves,हरा धनिया,ಕೊತ್ತಂಬರಿ ಸೊಪ್ಪು,0.67,tbsp,vegetable,false,11
rajma-makhani,Rajma,राजमा,ರಾಜ್ಮಾ,0.33,cup,protein,false,1
rajma-makhani,Green chilli,हरी मिर्च,ಹಸಿ ಮೆಣಸಿನಕಾಯಿ,0.67,piece,vegetable,false,2
rajma-makhani,Cumin (jeera),जीरा,ಜೀರಿಗೆ,0.33,tsp,staple,true,3
rajma-makhani,Turmeric,हल्दी,ಅರಿಶಿನ,0.17,tsp,staple,true,4
rajma-makhani,Red chilli powder,लाल मिर्च पाउडर,ಕೆಂಪು ಮೆಣಸಿನ ಪುಡಿ,0.33,tsp,staple,true,5
rajma-makhani,Garam masala,गरम मसाला,ಗರಂ ಮಸಾಲ,0.33,tsp,staple,true,6
rajma-makhani,Butter,मक्खन,ಬೆಣ್ಣೆ,1,tbsp,dairy,false,7
rajma-makhani,Fresh cream,क्रीम,ಕ್ರೀಮ್,0.08,cup,dairy,false,8
rajma-makhani,Kasuri methi,कसूरी मेथी,ಕಸೂರಿ ಮೆಂತ್ಯ,0.33,tsp,staple,true,9
rajma-makhani,Coriander leaves,हरा धनिया,ಕೊತ್ತಂಬರಿ ಸೊಪ್ಪು,0.67,tbsp,vegetable,false,10
rajma-bhurji,Rajma,राजमा,ರಾಜ್ಮಾ,0.33,cup,protein,false,1
rajma-bhurji,Onion (medium),प्याज़,ಈರುಳ್ಳಿ,0.67,piece,vegetable,false,2
rajma-bhurji,Ginger-garlic paste,अदरक-लहसुन पेस्ट,ಶುಂಠಿ-ಬೆಳ್ಳುಳ್ಳಿ ಪೇಸ್ಟ್,0.33,tbsp,staple,true,3
rajma-bhurji,Tomato (medium),टमाटर,ಟೊಮೇಟೊ,0.67,piece,vegetable,false,4
rajma-bhurji,Green chilli,हरी मिर्च,ಹಸಿ ಮೆಣಸಿನಕಾಯಿ,0.67,piece,vegetable,false,5
rajma-bhurji,Cumin (jeera),जीरा,ಜೀರಿಗೆ,0.33,tsp,staple,true,6
rajma-bhurji,Turmeric,हल्दी,ಅರಿಶಿನ,0.17,tsp,staple,true,7
rajma-bhurji,Red chilli powder,लाल मिर्च पाउडर,ಕೆಂಪು ಮೆಣಸಿನ ಪುಡಿ,0.33,tsp,staple,true,8
rajma-bhurji,Garam masala,गरम मसाला,ಗರಂ ಮಸಾಲ,0.33,tsp,staple,true,9
rajma-bhurji,Cooking oil,तेल,ಎಣ್ಣೆ,0.67,tbsp,staple,true,10
rajma-bhurji,Coriander leaves,हरा धनिया,ಕೊತ್ತಂಬರಿ ಸೊಪ್ಪು,0.67,tbsp,vegetable,false,11
rajma-kofta,Rajma,राजमा,ರಾಜ್ಮಾ,0.33,cup,protein,false,1
rajma-kofta,Onion (medium),प्याज़,ಈರುಳ್ಳಿ,0.67,piece,vegetable,false,2
rajma-kofta,Ginger-garlic paste,अदरक-लहसुन पेस्ट,ಶುಂಠಿ-ಬೆಳ್ಳುಳ್ಳಿ ಪೇಸ್ಟ್,0.33,tbsp,staple,true,3
rajma-kofta,Tomato (medium),टमाटर,ಟೊಮೇಟೊ,0.67,piece,vegetable,false,4
rajma-kofta,Green chilli,हरी मिर्च,ಹಸಿ ಮೆಣಸಿನಕಾಯಿ,0.67,piece,vegetable,false,5
rajma-kofta,Cumin (jeera),जीरा,ಜೀರಿಗೆ,0.33,tsp,staple,true,6
rajma-kofta,Turmeric,हल्दी,ಅರಿಶಿನ,0.17,tsp,staple,true,7
rajma-kofta,Red chilli powder,लाल मिर्च पाउडर,ಕೆಂಪು ಮೆಣಸಿನ ಪುಡಿ,0.33,tsp,staple,true,8
rajma-kofta,Garam masala,गरम मसाला,ಗರಂ ಮಸಾಲ,0.33,tsp,staple,true,9
rajma-kofta,Cooking oil,तेल,ಎಣ್ಣೆ,0.67,tbsp,staple,true,10
rajma-kofta,Coriander leaves,हरा धनिया,ಕೊತ್ತಂಬರಿ ಸೊಪ್ಪು,0.67,tbsp,vegetable,false,11
rajma-saag,Rajma,राजमा,ರಾಜ್ಮಾ,0.33,cup,protein,false,1
rajma-saag,Green chilli,हरी मिर्च,ಹಸಿ ಮೆಣಸಿನಕಾಯಿ,0.67,piece,vegetable,false,2
rajma-saag,Cumin (jeera),जीरा,ಜೀರಿಗೆ,0.33,tsp,staple,true,3
rajma-saag,Turmeric,हल्दी,ಅರಿಶಿನ,0.17,tsp,staple,true,4
rajma-saag,Red chilli powder,लाल मिर्च पाउडर,ಕೆಂಪು ಮೆಣಸಿನ ಪುಡಿ,0.33,tsp,staple,true,5
rajma-saag,Garam masala,गरम मसाला,ಗರಂ ಮಸಾಲ,0.33,tsp,staple,true,6
rajma-saag,Cooking oil,तेल,ಎಣ್ಣೆ,0.67,tbsp,staple,true,7
rajma-saag,Coriander leaves,हरा धनिया,ಕೊತ್ತಂಬರಿ ಸೊಪ್ಪು,0.67,tbsp,vegetable,false,8
rajma-vindaloo,Rajma,राजमा,ರಾಜ್ಮಾ,0.33,cup,protein,false,1
rajma-vindaloo,Onion (medium),प्याज़,ಈರುಳ್ಳಿ,0.67,piece,vegetable,false,2
rajma-vindaloo,Ginger-garlic paste,अदरक-लहसुन पेस्ट,ಶುಂಠಿ-ಬೆಳ್ಳುಳ್ಳಿ ಪೇಸ್ಟ್,0.33,tbsp,staple,true,3
rajma-vindaloo,Tomato (medium),टमाटर,ಟೊಮೇಟೊ,0.67,piece,vegetable,false,4
rajma-vindaloo,Green chilli,हरी मिर्च,ಹಸಿ ಮೆಣಸಿನಕಾಯಿ,0.67,piece,vegetable,false,5
rajma-vindaloo,Cumin (jeera),जीरा,ಜೀರಿಗೆ,0.33,tsp,staple,true,6
rajma-vindaloo,Turmeric,हल्दी,ಅರಿಶಿನ,0.17,tsp,staple,true,7
rajma-vindaloo,Red chilli powder,लाल मिर्च पाउडर,ಕೆಂಪು ಮೆಣಸಿನ ಪುಡಿ,0.33,tsp,staple,true,8
rajma-vindaloo,Garam masala,गरम मसाला,ಗರಂ ಮಸಾಲ,0.33,tsp,staple,true,9
rajma-vindaloo,Cooking oil,तेल,ಎಣ್ಣೆ,0.67,tbsp,staple,true,10
rajma-vindaloo,Coriander leaves,हरा धनिया,ಕೊತ್ತಂಬರಿ ಸೊಪ್ಪು,0.67,tbsp,vegetable,false,11
rajma-chettinad,Rajma,राजमा,ರಾಜ್ಮಾ,0.33,cup,protein,false,1
rajma-chettinad,Onion (medium),प्याज़,ಈರುಳ್ಳಿ,0.67,piece,vegetable,false,2
rajma-chettinad,Ginger-garlic paste,अदरक-लहसुन पेस्ट,ಶುಂಠಿ-ಬೆಳ್ಳುಳ್ಳಿ ಪೇಸ್ಟ್,0.33,tbsp,staple,true,3
rajma-chettinad,Tomato (medium),टमाटर,ಟೊಮೇಟೊ,0.67,piece,vegetable,false,4
rajma-chettinad,Green chilli,हरी मिर्च,ಹಸಿ ಮೆಣಸಿನಕಾಯಿ,0.67,piece,vegetable,false,5
rajma-chettinad,Cumin (jeera),जीरा,ಜೀರಿಗೆ,0.33,tsp,staple,true,6
rajma-chettinad,Turmeric,हल्दी,ಅರಿಶಿನ,0.17,tsp,staple,true,7
rajma-chettinad,Red chilli powder,लाल मिर्च पाउडर,ಕೆಂಪು ಮೆಣಸಿನ ಪುಡಿ,0.33,tsp,staple,true,8
rajma-chettinad,Garam masala,गरम मसाला,ಗರಂ ಮಸಾಲ,0.33,tsp,staple,true,9
rajma-chettinad,Cooking oil,तेल,ಎಣ್ಣೆ,0.67,tbsp,staple,true,10
rajma-chettinad,Coriander leaves,हरा धनिया,ಕೊತ್ತಂಬರಿ ಸೊಪ್ಪು,0.67,tbsp,vegetable,false,11
rajma-do-pyaza,Rajma,राजमा,ರಾಜ್ಮಾ,0.33,cup,protein,false,1
rajma-do-pyaza,Onion (medium),प्याज़,ಈರುಳ್ಳಿ,0.67,piece,vegetable,false,2
rajma-do-pyaza,Ginger-garlic paste,अदरक-लहसुन पेस्ट,ಶುಂಠಿ-ಬೆಳ್ಳುಳ್ಳಿ ಪೇಸ್ಟ್,0.33,tbsp,staple,true,3
rajma-do-pyaza,Tomato (medium),टमाटर,ಟೊಮೇಟೊ,0.67,piece,vegetable,false,4
rajma-do-pyaza,Green chilli,हरी मिर्च,ಹಸಿ ಮೆಣಸಿನಕಾಯಿ,0.67,piece,vegetable,false,5
rajma-do-pyaza,Cumin (jeera),जीरा,ಜೀರಿಗೆ,0.33,tsp,staple,true,6
rajma-do-pyaza,Turmeric,हल्दी,ಅರಿಶಿನ,0.17,tsp,staple,true,7
rajma-do-pyaza,Red chilli powder,लाल मिर्च पाउडर,ಕೆಂಪು ಮೆಣಸಿನ ಪುಡಿ,0.33,tsp,staple,true,8
rajma-do-pyaza,Garam masala,गरम मसाला,ಗರಂ ಮಸಾಲ,0.33,tsp,staple,true,9
rajma-do-pyaza,Cooking oil,तेल,ಎಣ್ಣೆ,0.67,tbsp,staple,true,10
rajma-do-pyaza,Coriander leaves,हरा धनिया,ಕೊತ್ತಂಬರಿ ಸೊಪ್ಪು,0.67,tbsp,vegetable,false,11
rajma-salna,Rajma,राजमा,ರಾಜ್ಮಾ,0.33,cup,protein,false,1
rajma-salna,Onion (medium),प्याज़,ಈರುಳ್ಳಿ,0.67,piece,vegetable,false,2
rajma-salna,Ginger-garlic paste,अदरक-लहसुन पेस्ट,ಶುಂಠಿ-ಬೆಳ್ಳುಳ್ಳಿ ಪೇಸ್ಟ್,0.33,tbsp,staple,true,3
rajma-salna,Tomato (medium),टमाटर,ಟೊಮೇಟೊ,0.67,piece,vegetable,false,4
rajma-salna,Green chilli,हरी मिर्च,ಹಸಿ ಮೆಣಸಿನಕಾಯಿ,0.67,piece,vegetable,false,5
rajma-salna,Cumin (jeera),जीरा,ಜೀರಿಗೆ,0.33,tsp,staple,true,6
rajma-salna,Turmeric,हल्दी,ಅರಿಶಿನ,0.17,tsp,staple,true,7
rajma-salna,Red chilli powder,लाल मिर्च पाउडर,ಕೆಂಪು ಮೆಣಸಿನ ಪುಡಿ,0.33,tsp,staple,true,8
rajma-salna,Garam masala,गरम मसाला,ಗರಂ ಮಸಾಲ,0.33,tsp,staple,true,9
rajma-salna,Cooking oil,तेल,ಎಣ್ಣೆ,0.67,tbsp,staple,true,10
rajma-salna,Coriander leaves,हरा धनिया,ಕೊತ್ತಂಬರಿ ಸೊಪ್ಪು,0.67,tbsp,vegetable,false,11
rajma-kurma,Rajma,राजमा,ರಾಜ್ಮಾ,0.33,cup,protein,false,1
rajma-kurma,Onion (medium),प्याज़,ಈರುಳ್ಳಿ,0.67,piece,vegetable,false,2
rajma-kurma,Ginger-garlic paste,अदरक-लहसुन पेस्ट,ಶುಂಠಿ-ಬೆಳ್ಳುಳ್ಳಿ ಪೇಸ್ಟ್,0.33,tbsp,staple,true,3
rajma-kurma,Tomato (medium),टमाटर,ಟೊಮೇಟೊ,0.67,piece,vegetable,false,4
rajma-kurma,Green chilli,हरी मिर्च,ಹಸಿ ಮೆಣಸಿನಕಾಯಿ,0.67,piece,vegetable,false,5
rajma-kurma,Cumin (jeera),जीरा,ಜೀರಿಗೆ,0.33,tsp,staple,true,6
rajma-kurma,Turmeric,हल्दी,ಅರಿಶಿನ,0.17,tsp,staple,true,7
rajma-kurma,Red chilli powder,लाल मिर्च पाउडर,ಕೆಂಪು ಮೆಣಸಿನ ಪುಡಿ,0.33,tsp,staple,true,8
rajma-kurma,Garam masala,गरम मसाला,ಗರಂ ಮಸಾಲ,0.33,tsp,staple,true,9
rajma-kurma,Cooking oil,तेल,ಎಣ್ಣೆ,0.67,tbsp,staple,true,10
rajma-kurma,Coriander leaves,हरा धनिया,ಕೊತ್ತಂಬರಿ ಸೊಪ್ಪು,0.67,tbsp,vegetable,false,11
dal-curry,Toor dal,अरहर दाल,ತೊಗರಿ ಬೇಳೆ,0.33,cup,protein,false,1
dal-curry,Green chilli,हरी मिर्च,ಹಸಿ ಮೆಣಸಿನಕಾಯಿ,0.67,piece,vegetable,false,2
dal-curry,Cumin (jeera),जीरा,ಜೀರಿಗೆ,0.33,tsp,staple,true,3
dal-curry,Turmeric,हल्दी,ಅರಿಶಿನ,0.17,tsp,staple,true,4
dal-curry,Red chilli powder,लाल मिर्च पाउडर,ಕೆಂಪು ಮೆಣಸಿನ ಪುಡಿ,0.33,tsp,staple,true,5
dal-curry,Garam masala,गरम मसाला,ಗರಂ ಮಸಾಲ,0.33,tsp,staple,true,6
dal-curry,Cooking oil,तेल,ಎಣ್ಣೆ,0.67,tbsp,staple,true,7
dal-curry,Coriander leaves,हरा धनिया,ಕೊತ್ತಂಬರಿ ಸೊಪ್ಪು,0.67,tbsp,vegetable,false,8
dal-masala,Toor dal,अरहर दाल,ತೊಗರಿ ಬೇಳೆ,0.33,cup,protein,false,1
dal-masala,Green chilli,हरी मिर्च,ಹಸಿ ಮೆಣಸಿನಕಾಯಿ,0.67,piece,vegetable,false,2
dal-masala,Cumin (jeera),जीरा,ಜೀರಿಗೆ,0.33,tsp,staple,true,3
dal-masala,Turmeric,हल्दी,ಅರಿಶಿನ,0.17,tsp,staple,true,4
dal-masala,Red chilli powder,लाल मिर्च पाउडर,ಕೆಂಪು ಮೆಣಸಿನ ಪುಡಿ,0.33,tsp,staple,true,5
dal-masala,Garam masala,गरम मसाला,ಗರಂ ಮಸಾಲ,0.33,tsp,staple,true,6
dal-masala,Cooking oil,तेल,ಎಣ್ಣೆ,0.67,tbsp,staple,true,7
dal-masala,Coriander leaves,हरा धनिया,ಕೊತ್ತಂಬರಿ ಸೊಪ್ಪು,0.67,tbsp,vegetable,false,8
dal-roast,Toor dal,अरहर दाल,ತೊಗರಿ ಬೇಳೆ,0.33,cup,protein,false,1
dal-roast,Onion (medium),प्याज़,ಈರುಳ್ಳಿ,0.67,piece,vegetable,false,2
dal-roast,Ginger-garlic paste,अदरक-लहसुन पेस्ट,ಶುಂಠಿ-ಬೆಳ್ಳುಳ್ಳಿ ಪೇಸ್ಟ್,0.33,tbsp,staple,true,3
dal-roast,Tomato (medium),टमाटर,ಟೊಮೇಟೊ,0.67,piece,vegetable,false,4
dal-roast,Green chilli,हरी मिर्च,ಹಸಿ ಮೆಣಸಿನಕಾಯಿ,0.67,piece,vegetable,false,5
dal-roast,Cumin (jeera),जीरा,ಜೀರಿಗೆ,0.33,tsp,staple,true,6
dal-roast,Turmeric,हल्दी,ಅರಿಶಿನ,0.17,tsp,staple,true,7
dal-roast,Red chilli powder,लाल मिर्च पाउडर,ಕೆಂಪು ಮೆಣಸಿನ ಪುಡಿ,0.33,tsp,staple,true,8
dal-roast,Garam masala,गरम मसाला,ಗರಂ ಮಸಾಲ,0.33,tsp,staple,true,9
dal-roast,Cooking oil,तेल,ಎಣ್ಣೆ,0.67,tbsp,staple,true,10
dal-roast,Coriander leaves,हरा धनिया,ಕೊತ್ತಂಬರಿ ಸೊಪ್ಪು,0.67,tbsp,vegetable,false,11
dal-tikka,Toor dal,अरहर दाल,ತೊಗರಿ ಬೇಳೆ,0.33,cup,protein,false,1
dal-tikka,Onion (medium),प्याज़,ಈರುಳ್ಳಿ,0.67,piece,vegetable,false,2
dal-tikka,Ginger-garlic paste,अदरक-लहसुन पेस्ट,ಶುಂಠಿ-ಬೆಳ್ಳುಳ್ಳಿ ಪೇಸ್ಟ್,0.33,tbsp,staple,true,3
dal-tikka,Tomato (medium),टमाटर,ಟೊಮೇಟೊ,0.67,piece,vegetable,false,4
dal-tikka,Green chilli,हरी मिर्च,ಹಸಿ ಮೆಣಸಿನಕಾಯಿ,0.67,piece,vegetable,false,5
dal-tikka,Cumin (jeera),जीरा,ಜೀರಿಗೆ,0.33,tsp,staple,true,6
dal-tikka,Turmeric,हल्दी,ಅರಿಶಿನ,0.17,tsp,staple,true,7
dal-tikka,Red chilli powder,लाल मिर्च पाउडर,ಕೆಂಪು ಮೆಣಸಿನ ಪುಡಿ,0.33,tsp,staple,true,8
dal-tikka,Garam masala,गरम मसाला,ಗರಂ ಮಸಾಲ,0.33,tsp,staple,true,9
dal-tikka,Cooking oil,तेल,ಎಣ್ಣೆ,0.67,tbsp,staple,true,10
dal-tikka,Coriander leaves,हरा धनिया,ಕೊತ್ತಂಬರಿ ಸೊಪ್ಪು,0.67,tbsp,vegetable,false,11
dal-korma,Toor dal,अरहर दाल,ತೊಗರಿ ಬೇಳೆ,0.33,cup,protein,false,1
dal-korma,Onion (medium),प्याज़,ಈರುಳ್ಳಿ,0.67,piece,vegetable,false,2
dal-korma,Ginger-garlic paste,अदरक-लहसुन पेस्ट,ಶುಂಠಿ-ಬೆಳ್ಳುಳ್ಳಿ ಪೇಸ್ಟ್,0.33,tbsp,staple,true,3
dal-korma,Tomato (medium),टमाटर,ಟೊಮೇಟೊ,0.67,piece,vegetable,false,4
dal-korma,Green chilli,हरी मिर्च,ಹಸಿ ಮೆಣಸಿನಕಾಯಿ,0.67,piece,vegetable,false,5
dal-korma,Cumin (jeera),जीरा,ಜೀರಿಗೆ,0.33,tsp,staple,true,6
dal-korma,Turmeric,हल्दी,ಅರಿಶಿನ,0.17,tsp,staple,true,7
dal-korma,Red chilli powder,लाल मिर्च पाउडर,ಕೆಂಪು ಮೆಣಸಿನ ಪುಡಿ,0.33,tsp,staple,true,8
dal-korma,Garam masala,गरम मसाला,ಗರಂ ಮಸಾಲ,0.33,tsp,staple,true,9
dal-korma,Cooking oil,तेल,ಎಣ್ಣೆ,0.67,tbsp,staple,true,10
dal-korma,Coriander leaves,हरा धनिया,ಕೊತ್ತಂಬರಿ ಸೊಪ್ಪು,0.67,tbsp,vegetable,false,11
dal-bhurji,Toor dal,अरहर दाल,ತೊಗರಿ ಬೇಳೆ,0.33,cup,protein,false,1
dal-bhurji,Green chilli,हरी मिर्च,ಹಸಿ ಮೆಣಸಿನಕಾಯಿ,0.67,piece,vegetable,false,2
dal-bhurji,Cumin (jeera),जीरा,ಜೀರಿಗೆ,0.33,tsp,staple,true,3
dal-bhurji,Turmeric,हल्दी,ಅರಿಶಿನ,0.17,tsp,staple,true,4
dal-bhurji,Red chilli powder,लाल मिर्च पाउडर,ಕೆಂಪು ಮೆಣಸಿನ ಪುಡಿ,0.33,tsp,staple,true,5
dal-bhurji,Garam masala,गरम मसाला,ಗರಂ ಮಸಾಲ,0.33,tsp,staple,true,6
dal-bhurji,Cooking oil,तेल,ಎಣ್ಣೆ,0.67,tbsp,staple,true,7
dal-bhurji,Coriander leaves,हरा धनिया,ಕೊತ್ತಂಬರಿ ಸೊಪ್ಪು,0.67,tbsp,vegetable,false,8
dal-kofta,Toor dal,अरहर दाल,ತೊಗರಿ ಬೇಳೆ,0.33,cup,protein,false,1
dal-kofta,Onion (medium),प्याज़,ಈರುಳ್ಳಿ,0.67,piece,vegetable,false,2
dal-kofta,Ginger-garlic paste,अदरक-लहसुन पेस्ट,ಶುಂಠಿ-ಬೆಳ್ಳುಳ್ಳಿ ಪೇಸ್ಟ್,0.33,tbsp,staple,true,3
dal-kofta,Tomato (medium),टमाटर,ಟೊಮೇಟೊ,0.67,piece,vegetable,false,4
dal-kofta,Green chilli,हरी मिर्च,ಹಸಿ ಮೆಣಸಿನಕಾಯಿ,0.67,piece,vegetable,false,5
dal-kofta,Cumin (jeera),जीरा,ಜೀರಿಗೆ,0.33,tsp,staple,true,6
dal-kofta,Turmeric,हल्दी,ಅರಿಶಿನ,0.17,tsp,staple,true,7
dal-kofta,Red chilli powder,लाल मिर्च पाउडर,ಕೆಂಪು ಮೆಣಸಿನ ಪುಡಿ,0.33,tsp,staple,true,8
dal-kofta,Garam masala,गरम मसाला,ಗರಂ ಮಸಾಲ,0.33,tsp,staple,true,9
dal-kofta,Cooking oil,तेल,ಎಣ್ಣೆ,0.67,tbsp,staple,true,10
dal-kofta,Coriander leaves,हरा धनिया,ಕೊತ್ತಂಬರಿ ಸೊಪ್ಪು,0.67,tbsp,vegetable,false,11
dal-saag,Toor dal,अरहर दाल,ತೊಗರಿ ಬೇಳೆ,0.33,cup,protein,false,1
dal-saag,Green chilli,हरी मिर्च,ಹಸಿ ಮೆಣಸಿನಕಾಯಿ,0.67,piece,vegetable,false,2
dal-saag,Cumin (jeera),जीरा,ಜೀರಿಗೆ,0.33,tsp,staple,true,3
dal-saag,Turmeric,हल्दी,ಅರಿಶಿನ,0.17,tsp,staple,true,4
dal-saag,Red chilli powder,लाल मिर्च पाउडर,ಕೆಂಪು ಮೆಣಸಿನ ಪುಡಿ,0.33,tsp,staple,true,5
dal-saag,Garam masala,गरम मसाला,ಗರಂ ಮಸಾಲ,0.33,tsp,staple,true,6
dal-saag,Cooking oil,तेल,ಎಣ್ಣೆ,0.67,tbsp,staple,true,7
dal-saag,Coriander leaves,हरा धनिया,ಕೊತ್ತಂಬರಿ ಸೊಪ್ಪು,0.67,tbsp,vegetable,false,8
dal-vindaloo,Toor dal,अरहर दाल,ತೊಗರಿ ಬೇಳೆ,0.33,cup,protein,false,1
dal-vindaloo,Onion (medium),प्याज़,ಈರುಳ್ಳಿ,0.67,piece,vegetable,false,2
dal-vindaloo,Ginger-garlic paste,अदरक-लहसुन पेस्ट,ಶುಂಠಿ-ಬೆಳ್ಳುಳ್ಳಿ ಪೇಸ್ಟ್,0.33,tbsp,staple,true,3
dal-vindaloo,Tomato (medium),टमाटर,ಟೊಮೇಟೊ,0.67,piece,vegetable,false,4
dal-vindaloo,Green chilli,हरी मिर्च,ಹಸಿ ಮೆಣಸಿನಕಾಯಿ,0.67,piece,vegetable,false,5
dal-vindaloo,Cumin (jeera),जीरा,ಜೀರಿಗೆ,0.33,tsp,staple,true,6
dal-vindaloo,Turmeric,हल्दी,ಅರಿಶಿನ,0.17,tsp,staple,true,7
dal-vindaloo,Red chilli powder,लाल मिर्च पाउडर,ಕೆಂಪು ಮೆಣಸಿನ ಪುಡಿ,0.33,tsp,staple,true,8
dal-vindaloo,Garam masala,गरम मसाला,ಗರಂ ಮಸಾಲ,0.33,tsp,staple,true,9
dal-vindaloo,Cooking oil,तेल,ಎಣ್ಣೆ,0.67,tbsp,staple,true,10
dal-vindaloo,Coriander leaves,हरा धनिया,ಕೊತ್ತಂಬರಿ ಸೊಪ್ಪು,0.67,tbsp,vegetable,false,11
dal-chettinad,Toor dal,अरहर दाल,ತೊಗರಿ ಬೇಳೆ,0.33,cup,protein,false,1
dal-chettinad,Onion (medium),प्याज़,ಈರುಳ್ಳಿ,0.67,piece,vegetable,false,2
dal-chettinad,Ginger-garlic paste,अदरक-लहसुन पेस्ट,ಶುಂಠಿ-ಬೆಳ್ಳುಳ್ಳಿ ಪೇಸ್ಟ್,0.33,tbsp,staple,true,3
dal-chettinad,Tomato (medium),टमाटर,ಟೊಮೇಟೊ,0.67,piece,vegetable,false,4
dal-chettinad,Green chilli,हरी मिर्च,ಹಸಿ ಮೆಣಸಿನಕಾಯಿ,0.67,piece,vegetable,false,5
dal-chettinad,Cumin (jeera),जीरा,ಜೀರಿಗೆ,0.33,tsp,staple,true,6
dal-chettinad,Turmeric,हल्दी,ಅರಿಶಿನ,0.17,tsp,staple,true,7
dal-chettinad,Red chilli powder,लाल मिर्च पाउडर,ಕೆಂಪು ಮೆಣಸಿನ ಪುಡಿ,0.33,tsp,staple,true,8
dal-chettinad,Garam masala,गरम मसाला,ಗರಂ ಮಸಾಲ,0.33,tsp,staple,true,9
dal-chettinad,Cooking oil,तेल,ಎಣ್ಣೆ,0.67,tbsp,staple,true,10
dal-chettinad,Coriander leaves,हरा धनिया,ಕೊತ್ತಂಬರಿ ಸೊಪ್ಪು,0.67,tbsp,vegetable,false,11
dal-do-pyaza,Toor dal,अरहर दाल,ತೊಗರಿ ಬೇಳೆ,0.33,cup,protein,false,1
dal-do-pyaza,Onion (medium),प्याज़,ಈರುಳ್ಳಿ,0.67,piece,vegetable,false,2
dal-do-pyaza,Ginger-garlic paste,अदरक-लहसुन पेस्ट,ಶುಂಠಿ-ಬೆಳ್ಳುಳ್ಳಿ ಪೇಸ್ಟ್,0.33,tbsp,staple,true,3
dal-do-pyaza,Tomato (medium),टमाटर,ಟೊಮೇಟೊ,0.67,piece,vegetable,false,4
dal-do-pyaza,Green chilli,हरी मिर्च,ಹಸಿ ಮೆಣಸಿನಕಾಯಿ,0.67,piece,vegetable,false,5
dal-do-pyaza,Cumin (jeera),जीरा,ಜೀರಿಗೆ,0.33,tsp,staple,true,6
dal-do-pyaza,Turmeric,हल्दी,ಅರಿಶಿನ,0.17,tsp,staple,true,7
dal-do-pyaza,Red chilli powder,लाल मिर्च पाउडर,ಕೆಂಪು ಮೆಣಸಿನ ಪುಡಿ,0.33,tsp,staple,true,8
dal-do-pyaza,Garam masala,गरम मसाला,ಗರಂ ಮಸಾಲ,0.33,tsp,staple,true,9
dal-do-pyaza,Cooking oil,तेल,ಎಣ್ಣೆ,0.67,tbsp,staple,true,10
dal-do-pyaza,Coriander leaves,हरा धनिया,ಕೊತ್ತಂಬರಿ ಸೊಪ್ಪು,0.67,tbsp,vegetable,false,11
dal-salna,Toor dal,अरहर दाल,ತೊಗರಿ ಬೇಳೆ,0.33,cup,protein,false,1
dal-salna,Green chilli,हरी मिर्च,ಹಸಿ ಮೆಣಸಿನಕಾಯಿ,0.67,piece,vegetable,false,2
dal-salna,Cumin (jeera),जीरा,ಜೀರಿಗೆ,0.33,tsp,staple,true,3
dal-salna,Turmeric,हल्दी,ಅರಿಶಿನ,0.17,tsp,staple,true,4
dal-salna,Red chilli powder,लाल मिर्च पाउडर,ಕೆಂಪು ಮೆಣಸಿನ ಪುಡಿ,0.33,tsp,staple,true,5
dal-salna,Garam masala,गरम मसाला,ಗರಂ ಮಸಾಲ,0.33,tsp,staple,true,6
dal-salna,Cooking oil,तेल,ಎಣ್ಣೆ,0.67,tbsp,staple,true,7
dal-salna,Coriander leaves,हरा धनिया,ಕೊತ್ತಂಬರಿ ಸೊಪ್ಪು,0.67,tbsp,vegetable,false,8
dal-kurma,Toor dal,अरहर दाल,ತೊಗರಿ ಬೇಳೆ,0.33,cup,protein,false,1
dal-kurma,Onion (medium),प्याज़,ಈರುಳ್ಳಿ,0.67,piece,vegetable,false,2
dal-kurma,Ginger-garlic paste,अदरक-लहसुन पेस्ट,ಶುಂಠಿ-ಬೆಳ್ಳುಳ್ಳಿ ಪೇಸ್ಟ್,0.33,tbsp,staple,true,3
dal-kurma,Tomato (medium),टमाटर,ಟೊಮೇಟೊ,0.67,piece,vegetable,false,4
dal-kurma,Green chilli,हरी मिर्च,ಹಸಿ ಮೆಣಸಿನಕಾಯಿ,0.67,piece,vegetable,false,5
dal-kurma,Cumin (jeera),जीरा,ಜೀರಿಗೆ,0.33,tsp,staple,true,6
dal-kurma,Turmeric,हल्दी,ಅರಿಶಿನ,0.17,tsp,staple,true,7
dal-kurma,Red chilli powder,लाल मिर्च पाउडर,ಕೆಂಪು ಮೆಣಸಿನ ಪುಡಿ,0.33,tsp,staple,true,8
dal-kurma,Garam masala,गरम मसाला,ಗರಂ ಮಸಾಲ,0.33,tsp,staple,true,9
dal-kurma,Cooking oil,तेल,ಎಣ್ಣೆ,0.67,tbsp,staple,true,10
dal-kurma,Coriander leaves,हरा धनिया,ಕೊತ್ತಂಬರಿ ಸೊಪ್ಪು,0.67,tbsp,vegetable,false,11
lauki-curry,Bottle gourd (lauki),लौकी,ಸೋರೆಕಾಯಿ,500,g,vegetable,false,1
lauki-curry,Green chilli,हरी मिर्च,ಹಸಿ ಮೆಣಸಿನಕಾಯಿ,0.67,piece,vegetable,false,2
lauki-curry,Cumin (jeera),जीरा,ಜೀರಿಗೆ,0.33,tsp,staple,true,3
lauki-curry,Turmeric,हल्दी,ಅರಿಶಿನ,0.17,tsp,staple,true,4
lauki-curry,Red chilli powder,लाल मिर्च पाउडर,ಕೆಂಪು ಮೆಣಸಿನ ಪುಡಿ,0.33,tsp,staple,true,5
lauki-curry,Garam masala,गरम मसाला,ಗರಂ ಮಸಾಲ,0.33,tsp,staple,true,6
lauki-curry,Cooking oil,तेल,ಎಣ್ಣೆ,0.67,tbsp,staple,true,7
lauki-curry,Coriander leaves,हरा धनिया,ಕೊತ್ತಂಬರಿ ಸೊಪ್ಪು,0.67,tbsp,vegetable,false,8
lauki-masala,Bottle gourd (lauki),लौकी,ಸೋರೆಕಾಯಿ,500,g,vegetable,false,1
lauki-masala,Onion (medium),प्याज़,ಈರುಳ್ಳಿ,0.67,piece,vegetable,false,2
lauki-masala,Ginger-garlic paste,अदरक-लहसुन पेस्ट,ಶುಂಠಿ-ಬೆಳ್ಳುಳ್ಳಿ ಪೇಸ್ಟ್,0.33,tbsp,staple,true,3
lauki-masala,Tomato (medium),टमाटर,ಟೊಮೇಟೊ,0.67,piece,vegetable,false,4
lauki-masala,Green chilli,हरी मिर्च,ಹಸಿ ಮೆಣಸಿನಕಾಯಿ,0.67,piece,vegetable,false,5
lauki-masala,Cumin (jeera),जीरा,ಜೀರಿಗೆ,0.33,tsp,staple,true,6
lauki-masala,Turmeric,हल्दी,ಅರಿಶಿನ,0.17,tsp,staple,true,7
lauki-masala,Red chilli powder,लाल मिर्च पाउडर,ಕೆಂಪು ಮೆಣಸಿನ ಪುಡಿ,0.33,tsp,staple,true,8
lauki-masala,Garam masala,गरम मसाला,ಗರಂ ಮಸಾಲ,0.33,tsp,staple,true,9
lauki-masala,Cooking oil,तेल,ಎಣ್ಣೆ,0.67,tbsp,staple,true,10
lauki-masala,Coriander leaves,हरा धनिया,ಕೊತ್ತಂಬರಿ ಸೊಪ್ಪು,0.67,tbsp,vegetable,false,11
lauki-fry,Bottle gourd (lauki),लौकी,ಸೋರೆಕಾಯಿ,500,g,vegetable,false,1
lauki-fry,Onion (medium),प्याज़,ಈರುಳ್ಳಿ,0.67,piece,vegetable,false,2
lauki-fry,Ginger-garlic paste,अदरक-लहसुन पेस्ट,ಶುಂಠಿ-ಬೆಳ್ಳುಳ್ಳಿ ಪೇಸ್ಟ್,0.33,tbsp,staple,true,3
lauki-fry,Tomato (medium),टमाटर,ಟೊಮೇಟೊ,0.67,piece,vegetable,false,4
lauki-fry,Green chilli,हरी मिर्च,ಹಸಿ ಮೆಣಸಿನಕಾಯಿ,0.67,piece,vegetable,false,5
lauki-fry,Cumin (jeera),जीरा,ಜೀರಿಗೆ,0.33,tsp,staple,true,6
lauki-fry,Turmeric,हल्दी,ಅರಿಶಿನ,0.17,tsp,staple,true,7
lauki-fry,Red chilli powder,लाल मिर्च पाउडर,ಕೆಂಪು ಮೆಣಸಿನ ಪುಡಿ,0.33,tsp,staple,true,8
lauki-fry,Garam masala,गरम मसाला,ಗರಂ ಮಸಾಲ,0.33,tsp,staple,true,9
lauki-fry,Cooking oil,तेल,ಎಣ್ಣೆ,0.67,tbsp,staple,true,10
lauki-fry,Coriander leaves,हरा धनिया,ಕೊತ್ತಂಬರಿ ಸೊಪ್ಪು,0.67,tbsp,vegetable,false,11
lauki-roast,Bottle gourd (lauki),लौकी,ಸೋರೆಕಾಯಿ,500,g,vegetable,false,1
lauki-roast,Green chilli,हरी मिर्च,ಹಸಿ ಮೆಣಸಿನಕಾಯಿ,0.67,piece,vegetable,false,2
lauki-roast,Cumin (jeera),जीरा,ಜೀರಿಗೆ,0.33,tsp,staple,true,3
lauki-roast,Turmeric,हल्दी,ಅರಿಶಿನ,0.17,tsp,staple,true,4
lauki-roast,Red chilli powder,लाल मिर्च पाउडर,ಕೆಂಪು ಮೆಣಸಿನ ಪುಡಿ,0.33,tsp,staple,true,5
lauki-roast,Garam masala,गरम मसाला,ಗರಂ ಮಸಾಲ,0.33,tsp,staple,true,6
lauki-roast,Cooking oil,तेल,ಎಣ್ಣೆ,0.67,tbsp,staple,true,7
lauki-roast,Coriander leaves,हरा धनिया,ಕೊತ್ತಂಬರಿ ಸೊಪ್ಪು,0.67,tbsp,vegetable,false,8
lauki-tikka,Bottle gourd (lauki),लौकी,ಸೋರೆಕಾಯಿ,500,g,vegetable,false,1
lauki-tikka,Green chilli,हरी मिर्च,ಹಸಿ ಮೆಣಸಿನಕಾಯಿ,0.67,piece,vegetable,false,2
lauki-tikka,Cumin (jeera),जीरा,ಜೀರಿಗೆ,0.33,tsp,staple,true,3
lauki-tikka,Turmeric,हल्दी,ಅರಿಶಿನ,0.17,tsp,staple,true,4
lauki-tikka,Red chilli powder,लाल मिर्च पाउडर,ಕೆಂಪು ಮೆಣಸಿನ ಪುಡಿ,0.33,tsp,staple,true,5
lauki-tikka,Garam masala,गरम मसाला,ಗರಂ ಮಸಾಲ,0.33,tsp,staple,true,6
lauki-tikka,Cooking oil,तेल,ಎಣ್ಣೆ,0.67,tbsp,staple,true,7
lauki-tikka,Coriander leaves,हरा धनिया,ಕೊತ್ತಂಬರಿ ಸೊಪ್ಪು,0.67,tbsp,vegetable,false,8
lauki-korma,Bottle gourd (lauki),लौकी,ಸೋರೆಕಾಯಿ,500,g,vegetable,false,1
lauki-korma,Onion (medium),प्याज़,ಈರುಳ್ಳಿ,0.67,piece,vegetable,false,2
lauki-korma,Ginger-garlic paste,अदरक-लहसुन पेस्ट,ಶುಂಠಿ-ಬೆಳ್ಳುಳ್ಳಿ ಪೇಸ್ಟ್,0.33,tbsp,staple,true,3
lauki-korma,Tomato (medium),टमाटर,ಟೊಮೇಟೊ,0.67,piece,vegetable,false,4
lauki-korma,Green chilli,हरी मिर्च,ಹಸಿ ಮೆಣಸಿನಕಾಯಿ,0.67,piece,vegetable,false,5
lauki-korma,Cumin (jeera),जीरा,ಜೀರಿಗೆ,0.33,tsp,staple,true,6
lauki-korma,Turmeric,हल्दी,ಅರಿಶಿನ,0.17,tsp,staple,true,7
lauki-korma,Red chilli powder,लाल मिर्च पाउडर,ಕೆಂಪು ಮೆಣಸಿನ ಪುಡಿ,0.33,tsp,staple,true,8
lauki-korma,Garam masala,गरम मसाला,ಗರಂ ಮಸಾಲ,0.33,tsp,staple,true,9
lauki-korma,Cooking oil,तेल,ಎಣ್ಣೆ,0.67,tbsp,staple,true,10
lauki-korma,Coriander leaves,हरा धनिया,ಕೊತ್ತಂಬರಿ ಸೊಪ್ಪು,0.67,tbsp,vegetable,false,11
lauki-makhani,Bottle gourd (lauki),लौकी,ಸೋರೆಕಾಯಿ,500,g,vegetable,false,1
lauki-makhani,Onion (medium),प्याज़,ಈರುಳ್ಳಿ,0.67,piece,vegetable,false,2
lauki-makhani,Ginger-garlic paste,अदरक-लहसुन पेस्ट,ಶುಂಠಿ-ಬೆಳ್ಳುಳ್ಳಿ ಪೇಸ್ಟ್,0.33,tbsp,staple,true,3
lauki-makhani,Tomato (medium),टमाटर,ಟೊಮೇಟೊ,0.67,piece,vegetable,false,4
lauki-makhani,Green chilli,हरी मिर्च,ಹಸಿ ಮೆಣಸಿನಕಾಯಿ,0.67,piece,vegetable,false,5
lauki-makhani,Cumin (jeera),जीरा,ಜೀರಿಗೆ,0.33,tsp,staple,true,6
lauki-makhani,Turmeric,हल्दी,ಅರಿಶಿನ,0.17,tsp,staple,true,7
lauki-makhani,Red chilli powder,लाल मिर्च पाउडर,ಕೆಂಪು ಮೆಣಸಿನ ಪುಡಿ,0.33,tsp,staple,true,8
lauki-makhani,Garam masala,गरम मसाला,ಗರಂ ಮಸಾಲ,0.33,tsp,staple,true,9
lauki-makhani,Butter,मक्खन,ಬೆಣ್ಣೆ,1,tbsp,dairy,false,10
lauki-makhani,Fresh cream,क्रीम,ಕ್ರೀಮ್,0.08,cup,dairy,false,11
lauki-makhani,Kasuri methi,कसूरी मेथी,ಕಸೂರಿ ಮೆಂತ್ಯ,0.33,tsp,staple,true,12
lauki-makhani,Coriander leaves,हरा धनिया,ಕೊತ್ತಂಬರಿ ಸೊಪ್ಪು,0.67,tbsp,vegetable,false,13
lauki-bhurji,Bottle gourd (lauki),लौकी,ಸೋರೆಕಾಯಿ,500,g,vegetable,false,1
lauki-bhurji,Onion (medium),प्याज़,ಈರುಳ್ಳಿ,0.67,piece,vegetable,false,2
lauki-bhurji,Ginger-garlic paste,अदरक-लहसुन पेस्ट,ಶುಂಠಿ-ಬೆಳ್ಳುಳ್ಳಿ ಪೇಸ್ಟ್,0.33,tbsp,staple,true,3
lauki-bhurji,Tomato (medium),टमाटर,ಟೊಮೇಟೊ,0.67,piece,vegetable,false,4
lauki-bhurji,Green chilli,हरी मिर्च,ಹಸಿ ಮೆಣಸಿನಕಾಯಿ,0.67,piece,vegetable,false,5
lauki-bhurji,Cumin (jeera),जीरा,ಜೀರಿಗೆ,0.33,tsp,staple,true,6
lauki-bhurji,Turmeric,हल्दी,ಅರಿಶಿನ,0.17,tsp,staple,true,7
lauki-bhurji,Red chilli powder,लाल मिर्च पाउडर,ಕೆಂಪು ಮೆಣಸಿನ ಪುಡಿ,0.33,tsp,staple,true,8
lauki-bhurji,Garam masala,गरम मसाला,ಗರಂ ಮಸಾಲ,0.33,tsp,staple,true,9
lauki-bhurji,Cooking oil,तेल,ಎಣ್ಣೆ,0.67,tbsp,staple,true,10
lauki-bhurji,Coriander leaves,हरा धनिया,ಕೊತ್ತಂಬರಿ ಸೊಪ್ಪು,0.67,tbsp,vegetable,false,11
lauki-kofta,Bottle gourd (lauki),लौकी,ಸೋರೆಕಾಯಿ,500,g,vegetable,false,1
lauki-kofta,Green chilli,हरी मिर्च,ಹಸಿ ಮೆಣಸಿನಕಾಯಿ,0.67,piece,vegetable,false,2
lauki-kofta,Cumin (jeera),जीरा,ಜೀರಿಗೆ,0.33,tsp,staple,true,3
lauki-kofta,Turmeric,हल्दी,ಅರಿಶಿನ,0.17,tsp,staple,true,4
lauki-kofta,Red chilli powder,लाल मिर्च पाउडर,ಕೆಂಪು ಮೆಣಸಿನ ಪುಡಿ,0.33,tsp,staple,true,5
lauki-kofta,Garam masala,गरम मसाला,ಗರಂ ಮಸಾಲ,0.33,tsp,staple,true,6
lauki-kofta,Cooking oil,तेल,ಎಣ್ಣೆ,0.67,tbsp,staple,true,7
lauki-kofta,Coriander leaves,हरा धनिया,ಕೊತ್ತಂಬರಿ ಸೊಪ್ಪು,0.67,tbsp,vegetable,false,8
lauki-saag,Bottle gourd (lauki),लौकी,ಸೋರೆಕಾಯಿ,500,g,vegetable,false,1
lauki-saag,Green chilli,हरी मिर्च,ಹಸಿ ಮೆಣಸಿನಕಾಯಿ,0.67,piece,vegetable,false,2
lauki-saag,Cumin (jeera),जीरा,ಜೀರಿಗೆ,0.33,tsp,staple,true,3
lauki-saag,Turmeric,हल्दी,ಅರಿಶಿನ,0.17,tsp,staple,true,4
lauki-saag,Red chilli powder,लाल मिर्च पाउडर,ಕೆಂಪು ಮೆಣಸಿನ ಪುಡಿ,0.33,tsp,staple,true,5
lauki-saag,Garam masala,गरम मसाला,ಗರಂ ಮಸಾಲ,0.33,tsp,staple,true,6
lauki-saag,Cooking oil,तेल,ಎಣ್ಣೆ,0.67,tbsp,staple,true,7
lauki-saag,Coriander leaves,हरा धनिया,ಕೊತ್ತಂಬರಿ ಸೊಪ್ಪು,0.67,tbsp,vegetable,false,8
lauki-vindaloo,Bottle gourd (lauki),लौकी,ಸೋರೆಕಾಯಿ,500,g,vegetable,false,1
lauki-vindaloo,Onion (medium),प्याज़,ಈರುಳ್ಳಿ,0.67,piece,vegetable,false,2
lauki-vindaloo,Ginger-garlic paste,अदरक-लहसुन पेस्ट,ಶುಂಠಿ-ಬೆಳ್ಳುಳ್ಳಿ ಪೇಸ್ಟ್,0.33,tbsp,staple,true,3
lauki-vindaloo,Tomato (medium),टमाटर,ಟೊಮೇಟೊ,0.67,piece,vegetable,false,4
lauki-vindaloo,Green chilli,हरी मिर्च,ಹಸಿ ಮೆಣಸಿನಕಾಯಿ,0.67,piece,vegetable,false,5
lauki-vindaloo,Cumin (jeera),जीरा,ಜೀರಿಗೆ,0.33,tsp,staple,true,6
lauki-vindaloo,Turmeric,हल्दी,ಅರಿಶಿನ,0.17,tsp,staple,true,7
lauki-vindaloo,Red chilli powder,लाल मिर्च पाउडर,ಕೆಂಪು ಮೆಣಸಿನ ಪುಡಿ,0.33,tsp,staple,true,8
lauki-vindaloo,Garam masala,गरम मसाला,ಗರಂ ಮಸಾಲ,0.33,tsp,staple,true,9
lauki-vindaloo,Cooking oil,तेल,ಎಣ್ಣೆ,0.67,tbsp,staple,true,10
lauki-vindaloo,Coriander leaves,हरा धनिया,ಕೊತ್ತಂಬರಿ ಸೊಪ್ಪು,0.67,tbsp,vegetable,false,11
lauki-chettinad,Bottle gourd (lauki),लौकी,ಸೋರೆಕಾಯಿ,500,g,vegetable,false,1
lauki-chettinad,Green chilli,हरी मिर्च,ಹಸಿ ಮೆಣಸಿನಕಾಯಿ,0.67,piece,vegetable,false,2
lauki-chettinad,Cumin (jeera),जीरा,ಜೀರಿಗೆ,0.33,tsp,staple,true,3
lauki-chettinad,Turmeric,हल्दी,ಅರಿಶಿನ,0.17,tsp,staple,true,4
lauki-chettinad,Red chilli powder,लाल मिर्च पाउडर,ಕೆಂಪು ಮೆಣಸಿನ ಪುಡಿ,0.33,tsp,staple,true,5
lauki-chettinad,Garam masala,गरम मसाला,ಗರಂ ಮಸಾಲ,0.33,tsp,staple,true,6
lauki-chettinad,Cooking oil,तेल,ಎಣ್ಣೆ,0.67,tbsp,staple,true,7
lauki-chettinad,Coriander leaves,हरा धनिया,ಕೊತ್ತಂಬರಿ ಸೊಪ್ಪು,0.67,tbsp,vegetable,false,8
lauki-do-pyaza,Bottle gourd (lauki),लौकी,ಸೋರೆಕಾಯಿ,500,g,vegetable,false,1
lauki-do-pyaza,Onion (medium),प्याज़,ಈರುಳ್ಳಿ,0.67,piece,vegetable,false,2
lauki-do-pyaza,Ginger-garlic paste,अदरक-लहसुन पेस्ट,ಶುಂಠಿ-ಬೆಳ್ಳುಳ್ಳಿ ಪೇಸ್ಟ್,0.33,tbsp,staple,true,3
lauki-do-pyaza,Tomato (medium),टमाटर,ಟೊಮೇಟೊ,0.67,piece,vegetable,false,4
lauki-do-pyaza,Green chilli,हरी मिर्च,ಹಸಿ ಮೆಣಸಿನಕಾಯಿ,0.67,piece,vegetable,false,5
lauki-do-pyaza,Cumin (jeera),जीरा,ಜೀರಿಗೆ,0.33,tsp,staple,true,6
lauki-do-pyaza,Turmeric,हल्दी,ಅರಿಶಿನ,0.17,tsp,staple,true,7
lauki-do-pyaza,Red chilli powder,लाल मिर्च पाउडर,ಕೆಂಪು ಮೆಣಸಿನ ಪುಡಿ,0.33,tsp,staple,true,8
lauki-do-pyaza,Garam masala,गरम मसाला,ಗರಂ ಮಸಾಲ,0.33,tsp,staple,true,9
lauki-do-pyaza,Cooking oil,तेल,ಎಣ್ಣೆ,0.67,tbsp,staple,true,10
lauki-do-pyaza,Coriander leaves,हरा धनिया,ಕೊತ್ತಂಬರಿ ಸೊಪ್ಪು,0.67,tbsp,vegetable,false,11
lauki-salna,Bottle gourd (lauki),लौकी,ಸೋರೆಕಾಯಿ,500,g,vegetable,false,1
lauki-salna,Onion (medium),प्याज़,ಈರುಳ್ಳಿ,0.67,piece,vegetable,false,2
lauki-salna,Ginger-garlic paste,अदरक-लहसुन पेस्ट,ಶುಂಠಿ-ಬೆಳ್ಳುಳ್ಳಿ ಪೇಸ್ಟ್,0.33,tbsp,staple,true,3
lauki-salna,Tomato (medium),टमाटर,ಟೊಮೇಟೊ,0.67,piece,vegetable,false,4
lauki-salna,Green chilli,हरी मिर्च,ಹಸಿ ಮೆಣಸಿನಕಾಯಿ,0.67,piece,vegetable,false,5
lauki-salna,Cumin (jeera),जीरा,ಜೀರಿಗೆ,0.33,tsp,staple,true,6
lauki-salna,Turmeric,हल्दी,ಅರಿಶಿನ,0.17,tsp,staple,true,7
lauki-salna,Red chilli powder,लाल मिर्च पाउडर,ಕೆಂಪು ಮೆಣಸಿನ ಪುಡಿ,0.33,tsp,staple,true,8
lauki-salna,Garam masala,गरम मसाला,ಗರಂ ಮಸಾಲ,0.33,tsp,staple,true,9
lauki-salna,Cooking oil,तेल,ಎಣ್ಣೆ,0.67,tbsp,staple,true,10
lauki-salna,Coriander leaves,हरा धनिया,ಕೊತ್ತಂಬರಿ ಸೊಪ್ಪು,0.67,tbsp,vegetable,false,11
lauki-kurma,Bottle gourd (lauki),लौकी,ಸೋರೆಕಾಯಿ,500,g,vegetable,false,1
lauki-kurma,Onion (medium),प्याज़,ಈರುಳ್ಳಿ,0.67,piece,vegetable,false,2
lauki-kurma,Ginger-garlic paste,अदरक-लहसुन पेस्ट,ಶುಂಠಿ-ಬೆಳ್ಳುಳ್ಳಿ ಪೇಸ್ಟ್,0.33,tbsp,staple,true,3
lauki-kurma,Tomato (medium),टमाटर,ಟೊಮೇಟೊ,0.67,piece,vegetable,false,4
lauki-kurma,Green chilli,हरी मिर्च,ಹಸಿ ಮೆಣಸಿನಕಾಯಿ,0.67,piece,vegetable,false,5
lauki-kurma,Cumin (jeera),जीरा,ಜೀರಿಗೆ,0.33,tsp,staple,true,6
lauki-kurma,Turmeric,हल्दी,ಅರಿಶಿನ,0.17,tsp,staple,true,7
lauki-kurma,Red chilli powder,लाल मिर्च पाउडर,ಕೆಂಪು ಮೆಣಸಿನ ಪುಡಿ,0.33,tsp,staple,true,8
lauki-kurma,Garam masala,गरम मसाला,ಗರಂ ಮಸಾಲ,0.33,tsp,staple,true,9
lauki-kurma,Cooking oil,तेल,ಎಣ್ಣೆ,0.67,tbsp,staple,true,10
lauki-kurma,Coriander leaves,हरा धनिया,ಕೊತ್ತಂಬರಿ ಸೊಪ್ಪು,0.67,tbsp,vegetable,false,11
tinda-curry,Tinda (apple gourd),टिंडा,ಟಿಂಡಾ,500,g,vegetable,false,1
tinda-curry,Green chilli,हरी मिर्च,ಹಸಿ ಮೆಣಸಿನಕಾಯಿ,0.67,piece,vegetable,false,2
tinda-curry,Cumin (jeera),जीरा,ಜೀರಿಗೆ,0.33,tsp,staple,true,3
tinda-curry,Turmeric,हल्दी,ಅರಿಶಿನ,0.17,tsp,staple,true,4
tinda-curry,Red chilli powder,लाल मिर्च पाउडर,ಕೆಂಪು ಮೆಣಸಿನ ಪುಡಿ,0.33,tsp,staple,true,5
tinda-curry,Garam masala,गरम मसाला,ಗರಂ ಮಸಾಲ,0.33,tsp,staple,true,6
tinda-curry,Cooking oil,तेल,ಎಣ್ಣೆ,0.67,tbsp,staple,true,7
tinda-curry,Coriander leaves,हरा धनिया,ಕೊತ್ತಂಬರಿ ಸೊಪ್ಪು,0.67,tbsp,vegetable,false,8
tinda-masala,Tinda (apple gourd),टिंडा,ಟಿಂಡಾ,500,g,vegetable,false,1
tinda-masala,Green chilli,हरी मिर्च,ಹಸಿ ಮೆಣಸಿನಕಾಯಿ,0.67,piece,vegetable,false,2
tinda-masala,Cumin (jeera),जीरा,ಜೀರಿಗೆ,0.33,tsp,staple,true,3
tinda-masala,Turmeric,हल्दी,ಅರಿಶಿನ,0.17,tsp,staple,true,4
tinda-masala,Red chilli powder,लाल मिर्च पाउडर,ಕೆಂಪು ಮೆಣಸಿನ ಪುಡಿ,0.33,tsp,staple,true,5
tinda-masala,Garam masala,गरम मसाला,ಗರಂ ಮಸಾಲ,0.33,tsp,staple,true,6
tinda-masala,Cooking oil,तेल,ಎಣ್ಣೆ,0.67,tbsp,staple,true,7
tinda-masala,Coriander leaves,हरा धनिया,ಕೊತ್ತಂಬರಿ ಸೊಪ್ಪು,0.67,tbsp,vegetable,false,8
tinda-fry,Tinda (apple gourd),टिंडा,ಟಿಂಡಾ,500,g,vegetable,false,1
tinda-fry,Green chilli,हरी मिर्च,ಹಸಿ ಮೆಣಸಿನಕಾಯಿ,0.67,piece,vegetable,false,2
tinda-fry,Cumin (jeera),जीरा,ಜೀರಿಗೆ,0.33,tsp,staple,true,3
tinda-fry,Turmeric,हल्दी,ಅರಿಶಿನ,0.17,tsp,staple,true,4
tinda-fry,Red chilli powder,लाल मिर्च पाउडर,ಕೆಂಪು ಮೆಣಸಿನ ಪುಡಿ,0.33,tsp,staple,true,5
tinda-fry,Garam masala,गरम मसाला,ಗರಂ ಮಸಾಲ,0.33,tsp,staple,true,6
tinda-fry,Cooking oil,तेल,ಎಣ್ಣೆ,0.67,tbsp,staple,true,7
tinda-fry,Coriander leaves,हरा धनिया,ಕೊತ್ತಂಬರಿ ಸೊಪ್ಪು,0.67,tbsp,vegetable,false,8
tinda-roast,Tinda (apple gourd),टिंडा,ಟಿಂಡಾ,500,g,vegetable,false,1
tinda-roast,Green chilli,हरी मिर्च,ಹಸಿ ಮೆಣಸಿನಕಾಯಿ,0.67,piece,vegetable,false,2
tinda-roast,Cumin (jeera),जीरा,ಜೀರಿಗೆ,0.33,tsp,staple,true,3
tinda-roast,Turmeric,हल्दी,ಅರಿಶಿನ,0.17,tsp,staple,true,4
tinda-roast,Red chilli powder,लाल मिर्च पाउडर,ಕೆಂಪು ಮೆಣಸಿನ ಪುಡಿ,0.33,tsp,staple,true,5
tinda-roast,Garam masala,गरम मसाला,ಗರಂ ಮಸಾಲ,0.33,tsp,staple,true,6
tinda-roast,Cooking oil,तेल,ಎಣ್ಣೆ,0.67,tbsp,staple,true,7
tinda-roast,Coriander leaves,हरा धनिया,ಕೊತ್ತಂಬರಿ ಸೊಪ್ಪು,0.67,tbsp,vegetable,false,8
tinda-tikka,Tinda (apple gourd),टिंडा,ಟಿಂಡಾ,500,g,vegetable,false,1
tinda-tikka,Onion (medium),प्याज़,ಈರುಳ್ಳಿ,0.67,piece,vegetable,false,2
tinda-tikka,Ginger-garlic paste,अदरक-लहसुन पेस्ट,ಶುಂಠಿ-ಬೆಳ್ಳುಳ್ಳಿ ಪೇಸ್ಟ್,0.33,tbsp,staple,true,3
tinda-tikka,Tomato (medium),टमाटर,ಟೊಮೇಟೊ,0.67,piece,vegetable,false,4
tinda-tikka,Green chilli,हरी मिर्च,ಹಸಿ ಮೆಣಸಿನಕಾಯಿ,0.67,piece,vegetable,false,5
tinda-tikka,Cumin (jeera),जीरा,ಜೀರಿಗೆ,0.33,tsp,staple,true,6
tinda-tikka,Turmeric,हल्दी,ಅರಿಶಿನ,0.17,tsp,staple,true,7
tinda-tikka,Red chilli powder,लाल मिर्च पाउडर,ಕೆಂಪು ಮೆಣಸಿನ ಪುಡಿ,0.33,tsp,staple,true,8
tinda-tikka,Garam masala,गरम मसाला,ಗರಂ ಮಸಾಲ,0.33,tsp,staple,true,9
tinda-tikka,Cooking oil,तेल,ಎಣ್ಣೆ,0.67,tbsp,staple,true,10
tinda-tikka,Coriander leaves,हरा धनिया,ಕೊತ್ತಂಬರಿ ಸೊಪ್ಪು,0.67,tbsp,vegetable,false,11
tinda-korma,Tinda (apple gourd),टिंडा,ಟಿಂಡಾ,500,g,vegetable,false,1
tinda-korma,Green chilli,हरी मिर्च,ಹಸಿ ಮೆಣಸಿನಕಾಯಿ,0.67,piece,vegetable,false,2
tinda-korma,Cumin (jeera),जीरा,ಜೀರಿಗೆ,0.33,tsp,staple,true,3
tinda-korma,Turmeric,हल्दी,ಅರಿಶಿನ,0.17,tsp,staple,true,4
tinda-korma,Red chilli powder,लाल मिर्च पाउडर,ಕೆಂಪು ಮೆಣಸಿನ ಪುಡಿ,0.33,tsp,staple,true,5
tinda-korma,Garam masala,गरम मसाला,ಗರಂ ಮಸಾಲ,0.33,tsp,staple,true,6
tinda-korma,Cooking oil,तेल,ಎಣ್ಣೆ,0.67,tbsp,staple,true,7
tinda-korma,Coriander leaves,हरा धनिया,ಕೊತ್ತಂಬರಿ ಸೊಪ್ಪು,0.67,tbsp,vegetable,false,8
tinda-makhani,Tinda (apple gourd),टिंडा,ಟಿಂಡಾ,500,g,vegetable,false,1
tinda-makhani,Onion (medium),प्याज़,ಈರುಳ್ಳಿ,0.67,piece,vegetable,false,2
tinda-makhani,Ginger-garlic paste,अदरक-लहसुन पेस्ट,ಶುಂಠಿ-ಬೆಳ್ಳುಳ್ಳಿ ಪೇಸ್ಟ್,0.33,tbsp,staple,true,3
tinda-makhani,Tomato (medium),टमाटर,ಟೊಮೇಟೊ,0.67,piece,vegetable,false,4
tinda-makhani,Green chilli,हरी मिर्च,ಹಸಿ ಮೆಣಸಿನಕಾಯಿ,0.67,piece,vegetable,false,5
tinda-makhani,Cumin (jeera),जीरा,ಜೀರಿಗೆ,0.33,tsp,staple,true,6
tinda-makhani,Turmeric,हल्दी,ಅರಿಶಿನ,0.17,tsp,staple,true,7
tinda-makhani,Red chilli powder,लाल मिर्च पाउडर,ಕೆಂಪು ಮೆಣಸಿನ ಪುಡಿ,0.33,tsp,staple,true,8
tinda-makhani,Garam masala,गरम मसाला,ಗರಂ ಮಸಾಲ,0.33,tsp,staple,true,9
tinda-makhani,Butter,मक्खन,ಬೆಣ್ಣೆ,1,tbsp,dairy,false,10
tinda-makhani,Fresh cream,क्रीम,ಕ್ರೀಮ್,0.08,cup,dairy,false,11
tinda-makhani,Kasuri methi,कसूरी मेथी,ಕಸೂರಿ ಮೆಂತ್ಯ,0.33,tsp,staple,true,12
tinda-makhani,Coriander leaves,हरा धनिया,ಕೊತ್ತಂಬರಿ ಸೊಪ್ಪು,0.67,tbsp,vegetable,false,13
tinda-bhurji,Tinda (apple gourd),टिंडा,ಟಿಂಡಾ,500,g,vegetable,false,1
tinda-bhurji,Green chilli,हरी मिर्च,ಹಸಿ ಮೆಣಸಿನಕಾಯಿ,0.67,piece,vegetable,false,2
tinda-bhurji,Cumin (jeera),जीरा,ಜೀರಿಗೆ,0.33,tsp,staple,true,3
tinda-bhurji,Turmeric,हल्दी,ಅರಿಶಿನ,0.17,tsp,staple,true,4
tinda-bhurji,Red chilli powder,लाल मिर्च पाउडर,ಕೆಂಪು ಮೆಣಸಿನ ಪುಡಿ,0.33,tsp,staple,true,5
tinda-bhurji,Garam masala,गरम मसाला,ಗರಂ ಮಸಾಲ,0.33,tsp,staple,true,6
tinda-bhurji,Cooking oil,तेल,ಎಣ್ಣೆ,0.67,tbsp,staple,true,7
tinda-bhurji,Coriander leaves,हरा धनिया,ಕೊತ್ತಂಬರಿ ಸೊಪ್ಪು,0.67,tbsp,vegetable,false,8
tinda-kofta,Tinda (apple gourd),टिंडा,ಟಿಂಡಾ,500,g,vegetable,false,1
tinda-kofta,Green chilli,हरी मिर्च,ಹಸಿ ಮೆಣಸಿನಕಾಯಿ,0.67,piece,vegetable,false,2
tinda-kofta,Cumin (jeera),जीरा,ಜೀರಿಗೆ,0.33,tsp,staple,true,3
tinda-kofta,Turmeric,हल्दी,ಅರಿಶಿನ,0.17,tsp,staple,true,4
tinda-kofta,Red chilli powder,लाल मिर्च पाउडर,ಕೆಂಪು ಮೆಣಸಿನ ಪುಡಿ,0.33,tsp,staple,true,5
tinda-kofta,Garam masala,गरम मसाला,ಗರಂ ಮಸಾಲ,0.33,tsp,staple,true,6
tinda-kofta,Cooking oil,तेल,ಎಣ್ಣೆ,0.67,tbsp,staple,true,7
tinda-kofta,Coriander leaves,हरा धनिया,ಕೊತ್ತಂಬರಿ ಸೊಪ್ಪು,0.67,tbsp,vegetable,false,8
tinda-saag,Tinda (apple gourd),टिंडा,ಟಿಂಡಾ,500,g,vegetable,false,1
tinda-saag,Green chilli,हरी मिर्च,ಹಸಿ ಮೆಣಸಿನಕಾಯಿ,0.67,piece,vegetable,false,2
tinda-saag,Cumin (jeera),जीरा,ಜೀರಿಗೆ,0.33,tsp,staple,true,3
tinda-saag,Turmeric,हल्दी,ಅರಿಶಿನ,0.17,tsp,staple,true,4
tinda-saag,Red chilli powder,लाल मिर्च पाउडर,ಕೆಂಪು ಮೆಣಸಿನ ಪುಡಿ,0.33,tsp,staple,true,5
tinda-saag,Garam masala,गरम मसाला,ಗರಂ ಮಸಾಲ,0.33,tsp,staple,true,6
tinda-saag,Cooking oil,तेल,ಎಣ್ಣೆ,0.67,tbsp,staple,true,7
tinda-saag,Coriander leaves,हरा धनिया,ಕೊತ್ತಂಬರಿ ಸೊಪ್ಪು,0.67,tbsp,vegetable,false,8
tinda-vindaloo,Tinda (apple gourd),टिंडा,ಟಿಂಡಾ,500,g,vegetable,false,1
tinda-vindaloo,Onion (medium),प्याज़,ಈರುಳ್ಳಿ,0.67,piece,vegetable,false,2
tinda-vindaloo,Ginger-garlic paste,अदरक-लहसुन पेस्ट,ಶುಂಠಿ-ಬೆಳ್ಳುಳ್ಳಿ ಪೇಸ್ಟ್,0.33,tbsp,staple,true,3
tinda-vindaloo,Tomato (medium),टमाटर,ಟೊಮೇಟೊ,0.67,piece,vegetable,false,4
tinda-vindaloo,Green chilli,हरी मिर्च,ಹಸಿ ಮೆಣಸಿನಕಾಯಿ,0.67,piece,vegetable,false,5
tinda-vindaloo,Cumin (jeera),जीरा,ಜೀರಿಗೆ,0.33,tsp,staple,true,6
tinda-vindaloo,Turmeric,हल्दी,ಅರಿಶಿನ,0.17,tsp,staple,true,7
tinda-vindaloo,Red chilli powder,लाल मिर्च पाउडर,ಕೆಂಪು ಮೆಣಸಿನ ಪುಡಿ,0.33,tsp,staple,true,8
tinda-vindaloo,Garam masala,गरम मसाला,ಗರಂ ಮಸಾಲ,0.33,tsp,staple,true,9
tinda-vindaloo,Cooking oil,तेल,ಎಣ್ಣೆ,0.67,tbsp,staple,true,10
tinda-vindaloo,Coriander leaves,हरा धनिया,ಕೊತ್ತಂಬರಿ ಸೊಪ್ಪು,0.67,tbsp,vegetable,false,11
tinda-chettinad,Tinda (apple gourd),टिंडा,ಟಿಂಡಾ,500,g,vegetable,false,1
tinda-chettinad,Green chilli,हरी मिर्च,ಹಸಿ ಮೆಣಸಿನಕಾಯಿ,0.67,piece,vegetable,false,2
tinda-chettinad,Cumin (jeera),जीरा,ಜೀರಿಗೆ,0.33,tsp,staple,true,3
tinda-chettinad,Turmeric,हल्दी,ಅರಿಶಿನ,0.17,tsp,staple,true,4
tinda-chettinad,Red chilli powder,लाल मिर्च पाउडर,ಕೆಂಪು ಮೆಣಸಿನ ಪುಡಿ,0.33,tsp,staple,true,5
tinda-chettinad,Garam masala,गरम मसाला,ಗರಂ ಮಸಾಲ,0.33,tsp,staple,true,6
tinda-chettinad,Cooking oil,तेल,ಎಣ್ಣೆ,0.67,tbsp,staple,true,7
tinda-chettinad,Coriander leaves,हरा धनिया,ಕೊತ್ತಂಬರಿ ಸೊಪ್ಪು,0.67,tbsp,vegetable,false,8
tinda-do-pyaza,Tinda (apple gourd),टिंडा,ಟಿಂಡಾ,500,g,vegetable,false,1
tinda-do-pyaza,Green chilli,हरी मिर्च,ಹಸಿ ಮೆಣಸಿನಕಾಯಿ,0.67,piece,vegetable,false,2
tinda-do-pyaza,Cumin (jeera),जीरा,ಜೀರಿಗೆ,0.33,tsp,staple,true,3
tinda-do-pyaza,Turmeric,हल्दी,ಅರಿಶಿನ,0.17,tsp,staple,true,4
tinda-do-pyaza,Red chilli powder,लाल मिर्च पाउडर,ಕೆಂಪು ಮೆಣಸಿನ ಪುಡಿ,0.33,tsp,staple,true,5
tinda-do-pyaza,Garam masala,गरम मसाला,ಗರಂ ಮಸಾಲ,0.33,tsp,staple,true,6
tinda-do-pyaza,Cooking oil,तेल,ಎಣ್ಣೆ,0.67,tbsp,staple,true,7
tinda-do-pyaza,Coriander leaves,हरा धनिया,ಕೊತ್ತಂಬರಿ ಸೊಪ್ಪು,0.67,tbsp,vegetable,false,8
tinda-salna,Tinda (apple gourd),टिंडा,ಟಿಂಡಾ,500,g,vegetable,false,1
tinda-salna,Onion (medium),प्याज़,ಈರುಳ್ಳಿ,0.67,piece,vegetable,false,2
tinda-salna,Ginger-garlic paste,अदरक-लहसुन पेस्ट,ಶುಂಠಿ-ಬೆಳ್ಳುಳ್ಳಿ ಪೇಸ್ಟ್,0.33,tbsp,staple,true,3
tinda-salna,Tomato (medium),टमाटर,ಟೊಮೇಟೊ,0.67,piece,vegetable,false,4
tinda-salna,Green chilli,हरी मिर्च,ಹಸಿ ಮೆಣಸಿನಕಾಯಿ,0.67,piece,vegetable,false,5
tinda-salna,Cumin (jeera),जीरा,ಜೀರಿಗೆ,0.33,tsp,staple,true,6
tinda-salna,Turmeric,हल्दी,ಅರಿಶಿನ,0.17,tsp,staple,true,7
tinda-salna,Red chilli powder,लाल मिर्च पाउडर,ಕೆಂಪು ಮೆಣಸಿನ ಪುಡಿ,0.33,tsp,staple,true,8
tinda-salna,Garam masala,गरम मसाला,ಗರಂ ಮಸಾಲ,0.33,tsp,staple,true,9
tinda-salna,Cooking oil,तेल,ಎಣ್ಣೆ,0.67,tbsp,staple,true,10
tinda-salna,Coriander leaves,हरा धनिया,ಕೊತ್ತಂಬರಿ ಸೊಪ್ಪು,0.67,tbsp,vegetable,false,11
tinda-kurma,Tinda (apple gourd),टिंडा,ಟಿಂಡಾ,500,g,vegetable,false,1
tinda-kurma,Onion (medium),प्याज़,ಈರುಳ್ಳಿ,0.67,piece,vegetable,false,2
tinda-kurma,Ginger-garlic paste,अदरक-लहसुन पेस्ट,ಶುಂಠಿ-ಬೆಳ್ಳುಳ್ಳಿ ಪೇಸ್ಟ್,0.33,tbsp,staple,true,3
tinda-kurma,Tomato (medium),टमाटर,ಟೊಮೇಟೊ,0.67,piece,vegetable,false,4
tinda-kurma,Green chilli,हरी मिर्च,ಹಸಿ ಮೆಣಸಿನಕಾಯಿ,0.67,piece,vegetable,false,5
tinda-kurma,Cumin (jeera),जीरा,ಜೀರಿಗೆ,0.33,tsp,staple,true,6
tinda-kurma,Turmeric,हल्दी,ಅರಿಶಿನ,0.17,tsp,staple,true,7
tinda-kurma,Red chilli powder,लाल मिर्च पाउडर,ಕೆಂಪು ಮೆಣಸಿನ ಪುಡಿ,0.33,tsp,staple,true,8
tinda-kurma,Garam masala,गरम मसाला,ಗರಂ ಮಸಾಲ,0.33,tsp,staple,true,9
tinda-kurma,Cooking oil,तेल,ಎಣ್ಣೆ,0.67,tbsp,staple,true,10
tinda-kurma,Coriander leaves,हरा धनिया,ಕೊತ್ತಂಬರಿ ಸೊಪ್ಪು,0.67,tbsp,vegetable,false,11
karela-curry,Karela (bitter gourd),करेला,ಹಾಗಲಕಾಯಿ,500,g,vegetable,false,1
karela-curry,Onion (medium),प्याज़,ಈರುಳ್ಳಿ,0.67,piece,vegetable,false,2
karela-curry,Ginger-garlic paste,अदरक-लहसुन पेस्ट,ಶುಂಠಿ-ಬೆಳ್ಳುಳ್ಳಿ ಪೇಸ್ಟ್,0.33,tbsp,staple,true,3
karela-curry,Tomato (medium),टमाटर,ಟೊಮೇಟೊ,0.67,piece,vegetable,false,4
karela-curry,Green chilli,हरी मिर्च,ಹಸಿ ಮೆಣಸಿನಕಾಯಿ,0.67,piece,vegetable,false,5
karela-curry,Cumin (jeera),जीरा,ಜೀರಿಗೆ,0.33,tsp,staple,true,6
karela-curry,Turmeric,हल्दी,ಅರಿಶಿನ,0.17,tsp,staple,true,7
karela-curry,Red chilli powder,लाल मिर्च पाउडर,ಕೆಂಪು ಮೆಣಸಿನ ಪುಡಿ,0.33,tsp,staple,true,8
karela-curry,Garam masala,गरम मसाला,ಗರಂ ಮಸಾಲ,0.33,tsp,staple,true,9
karela-curry,Cooking oil,तेल,ಎಣ್ಣೆ,0.67,tbsp,staple,true,10
karela-curry,Coriander leaves,हरा धनिया,ಕೊತ್ತಂಬರಿ ಸೊಪ್ಪು,0.67,tbsp,vegetable,false,11
karela-masala,Karela (bitter gourd),करेला,ಹಾಗಲಕಾಯಿ,500,g,vegetable,false,1
karela-masala,Onion (medium),प्याज़,ಈರುಳ್ಳಿ,0.67,piece,vegetable,false,2
karela-masala,Ginger-garlic paste,अदरक-लहसुन पेस्ट,ಶುಂಠಿ-ಬೆಳ್ಳುಳ್ಳಿ ಪೇಸ್ಟ್,0.33,tbsp,staple,true,3
karela-masala,Tomato (medium),टमाटर,ಟೊಮೇಟೊ,0.67,piece,vegetable,false,4
karela-masala,Green chilli,हरी मिर्च,ಹಸಿ ಮೆಣಸಿನಕಾಯಿ,0.67,piece,vegetable,false,5
karela-masala,Cumin (jeera),जीरा,ಜೀರಿಗೆ,0.33,tsp,staple,true,6
karela-masala,Turmeric,हल्दी,ಅರಿಶಿನ,0.17,tsp,staple,true,7
karela-masala,Red chilli powder,लाल मिर्च पाउडर,ಕೆಂಪು ಮೆಣಸಿನ ಪುಡಿ,0.33,tsp,staple,true,8
karela-masala,Garam masala,गरम मसाला,ಗರಂ ಮಸಾಲ,0.33,tsp,staple,true,9
karela-masala,Cooking oil,तेल,ಎಣ್ಣೆ,0.67,tbsp,staple,true,10
karela-masala,Coriander leaves,हरा धनिया,ಕೊತ್ತಂಬರಿ ಸೊಪ್ಪು,0.67,tbsp,vegetable,false,11
karela-fry,Karela (bitter gourd),करेला,ಹಾಗಲಕಾಯಿ,500,g,vegetable,false,1
karela-fry,Onion (medium),प्याज़,ಈರುಳ್ಳಿ,0.67,piece,vegetable,false,2
karela-fry,Ginger-garlic paste,अदरक-लहसुन पेस्ट,ಶುಂಠಿ-ಬೆಳ್ಳುಳ್ಳಿ ಪೇಸ್ಟ್,0.33,tbsp,staple,true,3
karela-fry,Tomato (medium),टमाटर,ಟೊಮೇಟೊ,0.67,piece,vegetable,false,4
karela-fry,Green chilli,हरी मिर्च,ಹಸಿ ಮೆಣಸಿನಕಾಯಿ,0.67,piece,vegetable,false,5
karela-fry,Cumin (jeera),जीरा,ಜೀರಿಗೆ,0.33,tsp,staple,true,6
karela-fry,Turmeric,हल्दी,ಅರಿಶಿನ,0.17,tsp,staple,true,7
karela-fry,Red chilli powder,लाल मिर्च पाउडर,ಕೆಂಪು ಮೆಣಸಿನ ಪುಡಿ,0.33,tsp,staple,true,8
karela-fry,Garam masala,गरम मसाला,ಗರಂ ಮಸಾಲ,0.33,tsp,staple,true,9
karela-fry,Cooking oil,तेल,ಎಣ್ಣೆ,0.67,tbsp,staple,true,10
karela-fry,Coriander leaves,हरा धनिया,ಕೊತ್ತಂಬರಿ ಸೊಪ್ಪು,0.67,tbsp,vegetable,false,11
karela-roast,Karela (bitter gourd),करेला,ಹಾಗಲಕಾಯಿ,500,g,vegetable,false,1
karela-roast,Onion (medium),प्याज़,ಈರುಳ್ಳಿ,0.67,piece,vegetable,false,2
karela-roast,Ginger-garlic paste,अदरक-लहसुन पेस्ट,ಶುಂಠಿ-ಬೆಳ್ಳುಳ್ಳಿ ಪೇಸ್ಟ್,0.33,tbsp,staple,true,3
karela-roast,Tomato (medium),टमाटर,ಟೊಮೇಟೊ,0.67,piece,vegetable,false,4
karela-roast,Green chilli,हरी मिर्च,ಹಸಿ ಮೆಣಸಿನಕಾಯಿ,0.67,piece,vegetable,false,5
karela-roast,Cumin (jeera),जीरा,ಜೀರಿಗೆ,0.33,tsp,staple,true,6
karela-roast,Turmeric,हल्दी,ಅರಿಶಿನ,0.17,tsp,staple,true,7
karela-roast,Red chilli powder,लाल मिर्च पाउडर,ಕೆಂಪು ಮೆಣಸಿನ ಪುಡಿ,0.33,tsp,staple,true,8
karela-roast,Garam masala,गरम मसाला,ಗರಂ ಮಸಾಲ,0.33,tsp,staple,true,9
karela-roast,Cooking oil,तेल,ಎಣ್ಣೆ,0.67,tbsp,staple,true,10
karela-roast,Coriander leaves,हरा धनिया,ಕೊತ್ತಂಬರಿ ಸೊಪ್ಪು,0.67,tbsp,vegetable,false,11
karela-tikka,Karela (bitter gourd),करेला,ಹಾಗಲಕಾಯಿ,500,g,vegetable,false,1
karela-tikka,Green chilli,हरी मिर्च,ಹಸಿ ಮೆಣಸಿನಕಾಯಿ,0.67,piece,vegetable,false,2
karela-tikka,Cumin (jeera),जीरा,ಜೀರಿಗೆ,0.33,tsp,staple,true,3
karela-tikka,Turmeric,हल्दी,ಅರಿಶಿನ,0.17,tsp,staple,true,4
karela-tikka,Red chilli powder,लाल मिर्च पाउडर,ಕೆಂಪು ಮೆಣಸಿನ ಪುಡಿ,0.33,tsp,staple,true,5
karela-tikka,Garam masala,गरम मसाला,ಗರಂ ಮಸಾಲ,0.33,tsp,staple,true,6
karela-tikka,Cooking oil,तेल,ಎಣ್ಣೆ,0.67,tbsp,staple,true,7
karela-tikka,Coriander leaves,हरा धनिया,ಕೊತ್ತಂಬರಿ ಸೊಪ್ಪು,0.67,tbsp,vegetable,false,8
karela-korma,Karela (bitter gourd),करेला,ಹಾಗಲಕಾಯಿ,500,g,vegetable,false,1
karela-korma,Onion (medium),प्याज़,ಈರುಳ್ಳಿ,0.67,piece,vegetable,false,2
karela-korma,Ginger-garlic paste,अदरक-लहसुन पेस्ट,ಶುಂಠಿ-ಬೆಳ್ಳುಳ್ಳಿ ಪೇಸ್ಟ್,0.33,tbsp,staple,true,3
karela-korma,Tomato (medium),टमाटर,ಟೊಮೇಟೊ,0.67,piece,vegetable,false,4
karela-korma,Green chilli,हरी मिर्च,ಹಸಿ ಮೆಣಸಿನಕಾಯಿ,0.67,piece,vegetable,false,5
karela-korma,Cumin (jeera),जीरा,ಜೀರಿಗೆ,0.33,tsp,staple,true,6
karela-korma,Turmeric,हल्दी,ಅರಿಶಿನ,0.17,tsp,staple,true,7
karela-korma,Red chilli powder,लाल मिर्च पाउडर,ಕೆಂಪು ಮೆಣಸಿನ ಪುಡಿ,0.33,tsp,staple,true,8
karela-korma,Garam masala,गरम मसाला,ಗರಂ ಮಸಾಲ,0.33,tsp,staple,true,9
karela-korma,Cooking oil,तेल,ಎಣ್ಣೆ,0.67,tbsp,staple,true,10
karela-korma,Coriander leaves,हरा धनिया,ಕೊತ್ತಂಬರಿ ಸೊಪ್ಪು,0.67,tbsp,vegetable,false,11
karela-makhani,Karela (bitter gourd),करेला,ಹಾಗಲಕಾಯಿ,500,g,vegetable,false,1
karela-makhani,Green chilli,हरी मिर्च,ಹಸಿ ಮೆಣಸಿನಕಾಯಿ,0.67,piece,vegetable,false,2
karela-makhani,Cumin (jeera),जीरा,ಜೀರಿಗೆ,0.33,tsp,staple,true,3
karela-makhani,Turmeric,हल्दी,ಅರಿಶಿನ,0.17,tsp,staple,true,4
karela-makhani,Red chilli powder,लाल मिर्च पाउडर,ಕೆಂಪು ಮೆಣಸಿನ ಪುಡಿ,0.33,tsp,staple,true,5
karela-makhani,Garam masala,गरम मसाला,ಗರಂ ಮಸಾಲ,0.33,tsp,staple,true,6
karela-makhani,Butter,मक्खन,ಬೆಣ್ಣೆ,1,tbsp,dairy,false,7
karela-makhani,Fresh cream,क्रीम,ಕ್ರೀಮ್,0.08,cup,dairy,false,8
karela-makhani,Kasuri methi,कसूरी मेथी,ಕಸೂರಿ ಮೆಂತ್ಯ,0.33,tsp,staple,true,9
karela-makhani,Coriander leaves,हरा धनिया,ಕೊತ್ತಂಬರಿ ಸೊಪ್ಪು,0.67,tbsp,vegetable,false,10
karela-bhurji,Karela (bitter gourd),करेला,ಹಾಗಲಕಾಯಿ,500,g,vegetable,false,1
karela-bhurji,Onion (medium),प्याज़,ಈರುಳ್ಳಿ,0.67,piece,vegetable,false,2
karela-bhurji,Ginger-garlic paste,अदरक-लहसुन पेस्ट,ಶುಂಠಿ-ಬೆಳ್ಳುಳ್ಳಿ ಪೇಸ್ಟ್,0.33,tbsp,staple,true,3
karela-bhurji,Tomato (medium),टमाटर,ಟೊಮೇಟೊ,0.67,piece,vegetable,false,4
karela-bhurji,Green chilli,हरी मिर्च,ಹಸಿ ಮೆಣಸಿನಕಾಯಿ,0.67,piece,vegetable,false,5
karela-bhurji,Cumin (jeera),जीरा,ಜೀರಿಗೆ,0.33,tsp,staple,true,6
karela-bhurji,Turmeric,हल्दी,ಅರಿಶಿನ,0.17,tsp,staple,true,7
karela-bhurji,Red chilli powder,लाल मिर्च पाउडर,ಕೆಂಪು ಮೆಣಸಿನ ಪುಡಿ,0.33,tsp,staple,true,8
karela-bhurji,Garam masala,गरम मसाला,ಗರಂ ಮಸಾಲ,0.33,tsp,staple,true,9
karela-bhurji,Cooking oil,तेल,ಎಣ್ಣೆ,0.67,tbsp,staple,true,10
karela-bhurji,Coriander leaves,हरा धनिया,ಕೊತ್ತಂಬರಿ ಸೊಪ್ಪು,0.67,tbsp,vegetable,false,11
karela-kofta,Karela (bitter gourd),करेला,ಹಾಗಲಕಾಯಿ,500,g,vegetable,false,1
karela-kofta,Green chilli,हरी मिर्च,ಹಸಿ ಮೆಣಸಿನಕಾಯಿ,0.67,piece,vegetable,false,2
karela-kofta,Cumin (jeera),जीरा,ಜೀರಿಗೆ,0.33,tsp,staple,true,3
karela-kofta,Turmeric,हल्दी,ಅರಿಶಿನ,0.17,tsp,staple,true,4
karela-kofta,Red chilli powder,लाल मिर्च पाउडर,ಕೆಂಪು ಮೆಣಸಿನ ಪುಡಿ,0.33,tsp,staple,true,5
karela-kofta,Garam masala,गरम मसाला,ಗರಂ ಮಸಾಲ,0.33,tsp,staple,true,6
karela-kofta,Cooking oil,तेल,ಎಣ್ಣೆ,0.67,tbsp,staple,true,7
karela-kofta,Coriander leaves,हरा धनिया,ಕೊತ್ತಂಬರಿ ಸೊಪ್ಪು,0.67,tbsp,vegetable,false,8
karela-saag,Karela (bitter gourd),करेला,ಹಾಗಲಕಾಯಿ,500,g,vegetable,false,1
karela-saag,Green chilli,हरी मिर्च,ಹಸಿ ಮೆಣಸಿನಕಾಯಿ,0.67,piece,vegetable,false,2
karela-saag,Cumin (jeera),जीरा,ಜೀರಿಗೆ,0.33,tsp,staple,true,3
karela-saag,Turmeric,हल्दी,ಅರಿಶಿನ,0.17,tsp,staple,true,4
karela-saag,Red chilli powder,लाल मिर्च पाउडर,ಕೆಂಪು ಮೆಣಸಿನ ಪುಡಿ,0.33,tsp,staple,true,5
karela-saag,Garam masala,गरम मसाला,ಗರಂ ಮಸಾಲ,0.33,tsp,staple,true,6
karela-saag,Cooking oil,तेल,ಎಣ್ಣೆ,0.67,tbsp,staple,true,7
karela-saag,Coriander leaves,हरा धनिया,ಕೊತ್ತಂಬರಿ ಸೊಪ್ಪು,0.67,tbsp,vegetable,false,8
karela-vindaloo,Karela (bitter gourd),करेला,ಹಾಗಲಕಾಯಿ,500,g,vegetable,false,1
karela-vindaloo,Green chilli,हरी मिर्च,ಹಸಿ ಮೆಣಸಿನಕಾಯಿ,0.67,piece,vegetable,false,2
karela-vindaloo,Cumin (jeera),जीरा,ಜೀರಿಗೆ,0.33,tsp,staple,true,3
karela-vindaloo,Turmeric,हल्दी,ಅರಿಶಿನ,0.17,tsp,staple,true,4
karela-vindaloo,Red chilli powder,लाल मिर्च पाउडर,ಕೆಂಪು ಮೆಣಸಿನ ಪುಡಿ,0.33,tsp,staple,true,5
karela-vindaloo,Garam masala,गरम मसाला,ಗರಂ ಮಸಾಲ,0.33,tsp,staple,true,6
karela-vindaloo,Cooking oil,तेल,ಎಣ್ಣೆ,0.67,tbsp,staple,true,7
karela-vindaloo,Coriander leaves,हरा धनिया,ಕೊತ್ತಂಬರಿ ಸೊಪ್ಪು,0.67,tbsp,vegetable,false,8
karela-chettinad,Karela (bitter gourd),करेला,ಹಾಗಲಕಾಯಿ,500,g,vegetable,false,1
karela-chettinad,Onion (medium),प्याज़,ಈರುಳ್ಳಿ,0.67,piece,vegetable,false,2
karela-chettinad,Ginger-garlic paste,अदरक-लहसुन पेस्ट,ಶುಂಠಿ-ಬೆಳ್ಳುಳ್ಳಿ ಪೇಸ್ಟ್,0.33,tbsp,staple,true,3
karela-chettinad,Tomato (medium),टमाटर,ಟೊಮೇಟೊ,0.67,piece,vegetable,false,4
karela-chettinad,Green chilli,हरी मिर्च,ಹಸಿ ಮೆಣಸಿನಕಾಯಿ,0.67,piece,vegetable,false,5
karela-chettinad,Cumin (jeera),जीरा,ಜೀರಿಗೆ,0.33,tsp,staple,true,6
karela-chettinad,Turmeric,हल्दी,ಅರಿಶಿನ,0.17,tsp,staple,true,7
karela-chettinad,Red chilli powder,लाल मिर्च पाउडर,ಕೆಂಪು ಮೆಣಸಿನ ಪುಡಿ,0.33,tsp,staple,true,8
karela-chettinad,Garam masala,गरम मसाला,ಗರಂ ಮಸಾಲ,0.33,tsp,staple,true,9
karela-chettinad,Cooking oil,तेल,ಎಣ್ಣೆ,0.67,tbsp,staple,true,10
karela-chettinad,Coriander leaves,हरा धनिया,ಕೊತ್ತಂಬರಿ ಸೊಪ್ಪು,0.67,tbsp,vegetable,false,11
karela-do-pyaza,Karela (bitter gourd),करेला,ಹಾಗಲಕಾಯಿ,500,g,vegetable,false,1
karela-do-pyaza,Onion (medium),प्याज़,ಈರುಳ್ಳಿ,0.67,piece,vegetable,false,2
karela-do-pyaza,Ginger-garlic paste,अदरक-लहसुन पेस्ट,ಶುಂಠಿ-ಬೆಳ್ಳುಳ್ಳಿ ಪೇಸ್ಟ್,0.33,tbsp,staple,true,3
karela-do-pyaza,Tomato (medium),टमाटर,ಟೊಮೇಟೊ,0.67,piece,vegetable,false,4
karela-do-pyaza,Green chilli,हरी मिर्च,ಹಸಿ ಮೆಣಸಿನಕಾಯಿ,0.67,piece,vegetable,false,5
karela-do-pyaza,Cumin (jeera),जीरा,ಜೀರಿಗೆ,0.33,tsp,staple,true,6
karela-do-pyaza,Turmeric,हल्दी,ಅರಿಶಿನ,0.17,tsp,staple,true,7
karela-do-pyaza,Red chilli powder,लाल मिर्च पाउडर,ಕೆಂಪು ಮೆಣಸಿನ ಪುಡಿ,0.33,tsp,staple,true,8
karela-do-pyaza,Garam masala,गरम मसाला,ಗರಂ ಮಸಾಲ,0.33,tsp,staple,true,9
karela-do-pyaza,Cooking oil,तेल,ಎಣ್ಣೆ,0.67,tbsp,staple,true,10
karela-do-pyaza,Coriander leaves,हरा धनिया,ಕೊತ್ತಂಬರಿ ಸೊಪ್ಪು,0.67,tbsp,vegetable,false,11
karela-salna,Karela (bitter gourd),करेला,ಹಾಗಲಕಾಯಿ,500,g,vegetable,false,1
karela-salna,Onion (medium),प्याज़,ಈರುಳ್ಳಿ,0.67,piece,vegetable,false,2
karela-salna,Ginger-garlic paste,अदरक-लहसुन पेस्ट,ಶುಂಠಿ-ಬೆಳ್ಳುಳ್ಳಿ ಪೇಸ್ಟ್,0.33,tbsp,staple,true,3
karela-salna,Tomato (medium),टमाटर,ಟೊಮೇಟೊ,0.67,piece,vegetable,false,4
karela-salna,Green chilli,हरी मिर्च,ಹಸಿ ಮೆಣಸಿನಕಾಯಿ,0.67,piece,vegetable,false,5
karela-salna,Cumin (jeera),जीरा,ಜೀರಿಗೆ,0.33,tsp,staple,true,6
karela-salna,Turmeric,हल्दी,ಅರಿಶಿನ,0.17,tsp,staple,true,7
karela-salna,Red chilli powder,लाल मिर्च पाउडर,ಕೆಂಪು ಮೆಣಸಿನ ಪುಡಿ,0.33,tsp,staple,true,8
karela-salna,Garam masala,गरम मसाला,ಗರಂ ಮಸಾಲ,0.33,tsp,staple,true,9
karela-salna,Cooking oil,तेल,ಎಣ್ಣೆ,0.67,tbsp,staple,true,10
karela-salna,Coriander leaves,हरा धनिया,ಕೊತ್ತಂಬರಿ ಸೊಪ್ಪು,0.67,tbsp,vegetable,false,11
karela-kurma,Karela (bitter gourd),करेला,ಹಾಗಲಕಾಯಿ,500,g,vegetable,false,1
karela-kurma,Onion (medium),प्याज़,ಈರುಳ್ಳಿ,0.67,piece,vegetable,false,2
karela-kurma,Ginger-garlic paste,अदरक-लहसुन पेस्ट,ಶುಂಠಿ-ಬೆಳ್ಳುಳ್ಳಿ ಪೇಸ್ಟ್,0.33,tbsp,staple,true,3
karela-kurma,Tomato (medium),टमाटर,ಟೊಮೇಟೊ,0.67,piece,vegetable,false,4
karela-kurma,Green chilli,हरी मिर्च,ಹಸಿ ಮೆಣಸಿನಕಾಯಿ,0.67,piece,vegetable,false,5
karela-kurma,Cumin (jeera),जीरा,ಜೀರಿಗೆ,0.33,tsp,staple,true,6
karela-kurma,Turmeric,हल्दी,ಅರಿಶಿನ,0.17,tsp,staple,true,7
karela-kurma,Red chilli powder,लाल मिर्च पाउडर,ಕೆಂಪು ಮೆಣಸಿನ ಪುಡಿ,0.33,tsp,staple,true,8
karela-kurma,Garam masala,गरम मसाला,ಗರಂ ಮಸಾಲ,0.33,tsp,staple,true,9
karela-kurma,Cooking oil,तेल,ಎಣ್ಣೆ,0.67,tbsp,staple,true,10
karela-kurma,Coriander leaves,हरा धनिया,ಕೊತ್ತಂಬರಿ ಸೊಪ್ಪು,0.67,tbsp,vegetable,false,11
capsicum-curry,Capsicum,शिमला मिर्च,ದೊಣ್ಣೆ ಮೆಣಸಿನಕಾಯಿ,500,g,vegetable,false,1
capsicum-curry,Green chilli,हरी मिर्च,ಹಸಿ ಮೆಣಸಿನಕಾಯಿ,0.67,piece,vegetable,false,2
capsicum-curry,Cumin (jeera),जीरा,ಜೀರಿಗೆ,0.33,tsp,staple,true,3
capsicum-curry,Turmeric,हल्दी,ಅರಿಶಿನ,0.17,tsp,staple,true,4
capsicum-curry,Red chilli powder,लाल मिर्च पाउडर,ಕೆಂಪು ಮೆಣಸಿನ ಪುಡಿ,0.33,tsp,staple,true,5
capsicum-curry,Garam masala,गरम मसाला,ಗರಂ ಮಸಾಲ,0.33,tsp,staple,true,6
capsicum-curry,Cooking oil,तेल,ಎಣ್ಣೆ,0.67,tbsp,staple,true,7
capsicum-curry,Coriander leaves,हरा धनिया,ಕೊತ್ತಂಬರಿ ಸೊಪ್ಪು,0.67,tbsp,vegetable,false,8
capsicum-masala,Capsicum,शिमला मिर्च,ದೊಣ್ಣೆ ಮೆಣಸಿನಕಾಯಿ,500,g,vegetable,false,1
capsicum-masala,Onion (medium),प्याज़,ಈರುಳ್ಳಿ,0.67,piece,vegetable,false,2
capsicum-masala,Ginger-garlic paste,अदरक-लहसुन पेस्ट,ಶುಂಠಿ-ಬೆಳ್ಳುಳ್ಳಿ ಪೇಸ್ಟ್,0.33,tbsp,staple,true,3
capsicum-masala,Tomato (medium),टमाटर,ಟೊಮೇಟೊ,0.67,piece,vegetable,false,4
capsicum-masala,Green chilli,हरी मिर्च,ಹಸಿ ಮೆಣಸಿನಕಾಯಿ,0.67,piece,vegetable,false,5
capsicum-masala,Cumin (jeera),जीरा,ಜೀರಿಗೆ,0.33,tsp,staple,true,6
capsicum-masala,Turmeric,हल्दी,ಅರಿಶಿನ,0.17,tsp,staple,true,7
capsicum-masala,Red chilli powder,लाल मिर्च पाउडर,ಕೆಂಪು ಮೆಣಸಿನ ಪುಡಿ,0.33,tsp,staple,true,8
capsicum-masala,Garam masala,गरम मसाला,ಗರಂ ಮಸಾಲ,0.33,tsp,staple,true,9
capsicum-masala,Cooking oil,तेल,ಎಣ್ಣೆ,0.67,tbsp,staple,true,10
capsicum-masala,Coriander leaves,हरा धनिया,ಕೊತ್ತಂಬರಿ ಸೊಪ್ಪು,0.67,tbsp,vegetable,false,11
capsicum-fry,Capsicum,शिमला मिर्च,ದೊಣ್ಣೆ ಮೆಣಸಿನಕಾಯಿ,500,g,vegetable,false,1
capsicum-fry,Onion (medium),प्याज़,ಈರುಳ್ಳಿ,0.67,piece,vegetable,false,2
capsicum-fry,Ginger-garlic paste,अदरक-लहसुन पेस्ट,ಶುಂಠಿ-ಬೆಳ್ಳುಳ್ಳಿ ಪೇಸ್ಟ್,0.33,tbsp,staple,true,3
capsicum-fry,Tomato (medium),टमाटर,ಟೊಮೇಟೊ,0.67,piece,vegetable,false,4
capsicum-fry,Green chilli,हरी मिर्च,ಹಸಿ ಮೆಣಸಿನಕಾಯಿ,0.67,piece,vegetable,false,5
capsicum-fry,Cumin (jeera),जीरा,ಜೀರಿಗೆ,0.33,tsp,staple,true,6
capsicum-fry,Turmeric,हल्दी,ಅರಿಶಿನ,0.17,tsp,staple,true,7
capsicum-fry,Red chilli powder,लाल मिर्च पाउडर,ಕೆಂಪು ಮೆಣಸಿನ ಪುಡಿ,0.33,tsp,staple,true,8
capsicum-fry,Garam masala,गरम मसाला,ಗರಂ ಮಸಾಲ,0.33,tsp,staple,true,9
capsicum-fry,Cooking oil,तेल,ಎಣ್ಣೆ,0.67,tbsp,staple,true,10
capsicum-fry,Coriander leaves,हरा धनिया,ಕೊತ್ತಂಬರಿ ಸೊಪ್ಪು,0.67,tbsp,vegetable,false,11
capsicum-roast,Capsicum,शिमला मिर्च,ದೊಣ್ಣೆ ಮೆಣಸಿನಕಾಯಿ,500,g,vegetable,false,1
capsicum-roast,Onion (medium),प्याज़,ಈರುಳ್ಳಿ,0.67,piece,vegetable,false,2
capsicum-roast,Ginger-garlic paste,अदरक-लहसुन पेस्ट,ಶುಂಠಿ-ಬೆಳ್ಳುಳ್ಳಿ ಪೇಸ್ಟ್,0.33,tbsp,staple,true,3
capsicum-roast,Tomato (medium),टमाटर,ಟೊಮೇಟೊ,0.67,piece,vegetable,false,4
capsicum-roast,Green chilli,हरी मिर्च,ಹಸಿ ಮೆಣಸಿನಕಾಯಿ,0.67,piece,vegetable,false,5
capsicum-roast,Cumin (jeera),जीरा,ಜೀರಿಗೆ,0.33,tsp,staple,true,6
capsicum-roast,Turmeric,हल्दी,ಅರಿಶಿನ,0.17,tsp,staple,true,7
capsicum-roast,Red chilli powder,लाल मिर्च पाउडर,ಕೆಂಪು ಮೆಣಸಿನ ಪುಡಿ,0.33,tsp,staple,true,8
capsicum-roast,Garam masala,गरम मसाला,ಗರಂ ಮಸಾಲ,0.33,tsp,staple,true,9
capsicum-roast,Cooking oil,तेल,ಎಣ್ಣೆ,0.67,tbsp,staple,true,10
capsicum-roast,Coriander leaves,हरा धनिया,ಕೊತ್ತಂಬರಿ ಸೊಪ್ಪು,0.67,tbsp,vegetable,false,11
capsicum-tikka,Capsicum,शिमला मिर्च,ದೊಣ್ಣೆ ಮೆಣಸಿನಕಾಯಿ,500,g,vegetable,false,1
capsicum-tikka,Green chilli,हरी मिर्च,ಹಸಿ ಮೆಣಸಿನಕಾಯಿ,0.67,piece,vegetable,false,2
capsicum-tikka,Cumin (jeera),जीरा,ಜೀರಿಗೆ,0.33,tsp,staple,true,3
capsicum-tikka,Turmeric,हल्दी,ಅರಿಶಿನ,0.17,tsp,staple,true,4
capsicum-tikka,Red chilli powder,लाल मिर्च पाउडर,ಕೆಂಪು ಮೆಣಸಿನ ಪುಡಿ,0.33,tsp,staple,true,5
capsicum-tikka,Garam masala,गरम मसाला,ಗರಂ ಮಸಾಲ,0.33,tsp,staple,true,6
capsicum-tikka,Cooking oil,तेल,ಎಣ್ಣೆ,0.67,tbsp,staple,true,7
capsicum-tikka,Coriander leaves,हरा धनिया,ಕೊತ್ತಂಬರಿ ಸೊಪ್ಪು,0.67,tbsp,vegetable,false,8
capsicum-korma,Capsicum,शिमला मिर्च,ದೊಣ್ಣೆ ಮೆಣಸಿನಕಾಯಿ,500,g,vegetable,false,1
capsicum-korma,Onion (medium),प्याज़,ಈರುಳ್ಳಿ,0.67,piece,vegetable,false,2
capsicum-korma,Ginger-garlic paste,अदरक-लहसुन पेस्ट,ಶುಂಠಿ-ಬೆಳ್ಳುಳ್ಳಿ ಪೇಸ್ಟ್,0.33,tbsp,staple,true,3
capsicum-korma,Tomato (medium),टमाटर,ಟೊಮೇಟೊ,0.67,piece,vegetable,false,4
capsicum-korma,Green chilli,हरी मिर्च,ಹಸಿ ಮೆಣಸಿನಕಾಯಿ,0.67,piece,vegetable,false,5
capsicum-korma,Cumin (jeera),जीरा,ಜೀರಿಗೆ,0.33,tsp,staple,true,6
capsicum-korma,Turmeric,हल्दी,ಅರಿಶಿನ,0.17,tsp,staple,true,7
capsicum-korma,Red chilli powder,लाल मिर्च पाउडर,ಕೆಂಪು ಮೆಣಸಿನ ಪುಡಿ,0.33,tsp,staple,true,8
capsicum-korma,Garam masala,गरम मसाला,ಗರಂ ಮಸಾಲ,0.33,tsp,staple,true,9
capsicum-korma,Cooking oil,तेल,ಎಣ್ಣೆ,0.67,tbsp,staple,true,10
capsicum-korma,Coriander leaves,हरा धनिया,ಕೊತ್ತಂಬರಿ ಸೊಪ್ಪು,0.67,tbsp,vegetable,false,11
capsicum-makhani,Capsicum,शिमला मिर्च,ದೊಣ್ಣೆ ಮೆಣಸಿನಕಾಯಿ,500,g,vegetable,false,1
capsicum-makhani,Onion (medium),प्याज़,ಈರುಳ್ಳಿ,0.67,piece,vegetable,false,2
capsicum-makhani,Ginger-garlic paste,अदरक-लहसुन पेस्ट,ಶುಂಠಿ-ಬೆಳ್ಳುಳ್ಳಿ ಪೇಸ್ಟ್,0.33,tbsp,staple,true,3
capsicum-makhani,Tomato (medium),टमाटर,ಟೊಮೇಟೊ,0.67,piece,vegetable,false,4
capsicum-makhani,Green chilli,हरी मिर्च,ಹಸಿ ಮೆಣಸಿನಕಾಯಿ,0.67,piece,vegetable,false,5
capsicum-makhani,Cumin (jeera),जीरा,ಜೀರಿಗೆ,0.33,tsp,staple,true,6
capsicum-makhani,Turmeric,हल्दी,ಅರಿಶಿನ,0.17,tsp,staple,true,7
capsicum-makhani,Red chilli powder,लाल मिर्च पाउडर,ಕೆಂಪು ಮೆಣಸಿನ ಪುಡಿ,0.33,tsp,staple,true,8
capsicum-makhani,Garam masala,गरम मसाला,ಗರಂ ಮಸಾಲ,0.33,tsp,staple,true,9
capsicum-makhani,Butter,मक्खन,ಬೆಣ್ಣೆ,1,tbsp,dairy,false,10
capsicum-makhani,Fresh cream,क्रीम,ಕ್ರೀಮ್,0.08,cup,dairy,false,11
capsicum-makhani,Kasuri methi,कसूरी मेथी,ಕಸೂರಿ ಮೆಂತ್ಯ,0.33,tsp,staple,true,12
capsicum-makhani,Coriander leaves,हरा धनिया,ಕೊತ್ತಂಬರಿ ಸೊಪ್ಪು,0.67,tbsp,vegetable,false,13
capsicum-bhurji,Capsicum,शिमला मिर्च,ದೊಣ್ಣೆ ಮೆಣಸಿನಕಾಯಿ,500,g,vegetable,false,1
capsicum-bhurji,Onion (medium),प्याज़,ಈರುಳ್ಳಿ,0.67,piece,vegetable,false,2
capsicum-bhurji,Ginger-garlic paste,अदरक-लहसुन पेस्ट,ಶುಂಠಿ-ಬೆಳ್ಳುಳ್ಳಿ ಪೇಸ್ಟ್,0.33,tbsp,staple,true,3
capsicum-bhurji,Tomato (medium),टमाटर,ಟೊಮೇಟೊ,0.67,piece,vegetable,false,4
capsicum-bhurji,Green chilli,हरी मिर्च,ಹಸಿ ಮೆಣಸಿನಕಾಯಿ,0.67,piece,vegetable,false,5
capsicum-bhurji,Cumin (jeera),जीरा,ಜೀರಿಗೆ,0.33,tsp,staple,true,6
capsicum-bhurji,Turmeric,हल्दी,ಅರಿಶಿನ,0.17,tsp,staple,true,7
capsicum-bhurji,Red chilli powder,लाल मिर्च पाउडर,ಕೆಂಪು ಮೆಣಸಿನ ಪುಡಿ,0.33,tsp,staple,true,8
capsicum-bhurji,Garam masala,गरम मसाला,ಗರಂ ಮಸಾಲ,0.33,tsp,staple,true,9
capsicum-bhurji,Cooking oil,तेल,ಎಣ್ಣೆ,0.67,tbsp,staple,true,10
capsicum-bhurji,Coriander leaves,हरा धनिया,ಕೊತ್ತಂಬರಿ ಸೊಪ್ಪು,0.67,tbsp,vegetable,false,11
capsicum-kofta,Capsicum,शिमला मिर्च,ದೊಣ್ಣೆ ಮೆಣಸಿನಕಾಯಿ,500,g,vegetable,false,1
capsicum-kofta,Onion (medium),प्याज़,ಈರುಳ್ಳಿ,0.67,piece,vegetable,false,2
capsicum-kofta,Ginger-garlic paste,अदरक-लहसुन पेस्ट,ಶುಂಠಿ-ಬೆಳ್ಳುಳ್ಳಿ ಪೇಸ್ಟ್,0.33,tbsp,staple,true,3
capsicum-kofta,Tomato (medium),टमाटर,ಟೊಮೇಟೊ,0.67,piece,vegetable,false,4
capsicum-kofta,Green chilli,हरी मिर्च,ಹಸಿ ಮೆಣಸಿನಕಾಯಿ,0.67,piece,vegetable,false,5
capsicum-kofta,Cumin (jeera),जीरा,ಜೀರಿಗೆ,0.33,tsp,staple,true,6
capsicum-kofta,Turmeric,हल्दी,ಅರಿಶಿನ,0.17,tsp,staple,true,7
capsicum-kofta,Red chilli powder,लाल मिर्च पाउडर,ಕೆಂಪು ಮೆಣಸಿನ ಪುಡಿ,0.33,tsp,staple,true,8
capsicum-kofta,Garam masala,गरम मसाला,ಗರಂ ಮಸಾಲ,0.33,tsp,staple,true,9
capsicum-kofta,Cooking oil,तेल,ಎಣ್ಣೆ,0.67,tbsp,staple,true,10
capsicum-kofta,Coriander leaves,हरा धनिया,ಕೊತ್ತಂಬರಿ ಸೊಪ್ಪು,0.67,tbsp,vegetable,false,11
capsicum-saag,Capsicum,शिमला मिर्च,ದೊಣ್ಣೆ ಮೆಣಸಿನಕಾಯಿ,500,g,vegetable,false,1
capsicum-saag,Onion (medium),प्याज़,ಈರುಳ್ಳಿ,0.67,piece,vegetable,false,2
capsicum-saag,Ginger-garlic paste,अदरक-लहसुन पेस्ट,ಶುಂಠಿ-ಬೆಳ್ಳುಳ್ಳಿ ಪೇಸ್ಟ್,0.33,tbsp,staple,true,3
capsicum-saag,Tomato (medium),टमाटर,ಟೊಮೇಟೊ,0.67,piece,vegetable,false,4
capsicum-saag,Green chilli,हरी मिर्च,ಹಸಿ ಮೆಣಸಿನಕಾಯಿ,0.67,piece,vegetable,false,5
capsicum-saag,Cumin (jeera),जीरा,ಜೀರಿಗೆ,0.33,tsp,staple,true,6
capsicum-saag,Turmeric,हल्दी,ಅರಿಶಿನ,0.17,tsp,staple,true,7
capsicum-saag,Red chilli powder,लाल मिर्च पाउडर,ಕೆಂಪು ಮೆಣಸಿನ ಪುಡಿ,0.33,tsp,staple,true,8
capsicum-saag,Garam masala,गरम मसाला,ಗರಂ ಮಸಾಲ,0.33,tsp,staple,true,9
capsicum-saag,Cooking oil,तेल,ಎಣ್ಣೆ,0.67,tbsp,staple,true,10
capsicum-saag,Coriander leaves,हरा धनिया,ಕೊತ್ತಂಬರಿ ಸೊಪ್ಪು,0.67,tbsp,vegetable,false,11
capsicum-vindaloo,Capsicum,शिमला मिर्च,ದೊಣ್ಣೆ ಮೆಣಸಿನಕಾಯಿ,500,g,vegetable,false,1
capsicum-vindaloo,Onion (medium),प्याज़,ಈರುಳ್ಳಿ,0.67,piece,vegetable,false,2
capsicum-vindaloo,Ginger-garlic paste,अदरक-लहसुन पेस्ट,ಶುಂಠಿ-ಬೆಳ್ಳುಳ್ಳಿ ಪೇಸ್ಟ್,0.33,tbsp,staple,true,3
capsicum-vindaloo,Tomato (medium),टमाटर,ಟೊಮೇಟೊ,0.67,piece,vegetable,false,4
capsicum-vindaloo,Green chilli,हरी मिर्च,ಹಸಿ ಮೆಣಸಿನಕಾಯಿ,0.67,piece,vegetable,false,5
capsicum-vindaloo,Cumin (jeera),जीरा,ಜೀರಿಗೆ,0.33,tsp,staple,true,6
capsicum-vindaloo,Turmeric,हल्दी,ಅರಿಶಿನ,0.17,tsp,staple,true,7
capsicum-vindaloo,Red chilli powder,लाल मिर्च पाउडर,ಕೆಂಪು ಮೆಣಸಿನ ಪುಡಿ,0.33,tsp,staple,true,8
capsicum-vindaloo,Garam masala,गरम मसाला,ಗರಂ ಮಸಾಲ,0.33,tsp,staple,true,9
capsicum-vindaloo,Cooking oil,तेल,ಎಣ್ಣೆ,0.67,tbsp,staple,true,10
capsicum-vindaloo,Coriander leaves,हरा धनिया,ಕೊತ್ತಂಬರಿ ಸೊಪ್ಪು,0.67,tbsp,vegetable,false,11
capsicum-chettinad,Capsicum,शिमला मिर्च,ದೊಣ್ಣೆ ಮೆಣಸಿನಕಾಯಿ,500,g,vegetable,false,1
capsicum-chettinad,Onion (medium),प्याज़,ಈರುಳ್ಳಿ,0.67,piece,vegetable,false,2
capsicum-chettinad,Ginger-garlic paste,अदरक-लहसुन पेस्ट,ಶುಂಠಿ-ಬೆಳ್ಳುಳ್ಳಿ ಪೇಸ್ಟ್,0.33,tbsp,staple,true,3
capsicum-chettinad,Tomato (medium),टमाटर,ಟೊಮೇಟೊ,0.67,piece,vegetable,false,4
capsicum-chettinad,Green chilli,हरी मिर्च,ಹಸಿ ಮೆಣಸಿನಕಾಯಿ,0.67,piece,vegetable,false,5
capsicum-chettinad,Cumin (jeera),जीरा,ಜೀರಿಗೆ,0.33,tsp,staple,true,6
capsicum-chettinad,Turmeric,हल्दी,ಅರಿಶಿನ,0.17,tsp,staple,true,7
capsicum-chettinad,Red chilli powder,लाल मिर्च पाउडर,ಕೆಂಪು ಮೆಣಸಿನ ಪುಡಿ,0.33,tsp,staple,true,8
capsicum-chettinad,Garam masala,गरम मसाला,ಗರಂ ಮಸಾಲ,0.33,tsp,staple,true,9
capsicum-chettinad,Cooking oil,तेल,ಎಣ್ಣೆ,0.67,tbsp,staple,true,10
capsicum-chettinad,Coriander leaves,हरा धनिया,ಕೊತ್ತಂಬರಿ ಸೊಪ್ಪು,0.67,tbsp,vegetable,false,11
capsicum-do-pyaza,Capsicum,शिमला मिर्च,ದೊಣ್ಣೆ ಮೆಣಸಿನಕಾಯಿ,500,g,vegetable,false,1
capsicum-do-pyaza,Green chilli,हरी मिर्च,ಹಸಿ ಮೆಣಸಿನಕಾಯಿ,0.67,piece,vegetable,false,2
capsicum-do-pyaza,Cumin (jeera),जीरा,ಜೀರಿಗೆ,0.33,tsp,staple,true,3
capsicum-do-pyaza,Turmeric,हल्दी,ಅರಿಶಿನ,0.17,tsp,staple,true,4
capsicum-do-pyaza,Red chilli powder,लाल मिर्च पाउडर,ಕೆಂಪು ಮೆಣಸಿನ ಪುಡಿ,0.33,tsp,staple,true,5
capsicum-do-pyaza,Garam masala,गरम मसाला,ಗರಂ ಮಸಾಲ,0.33,tsp,staple,true,6
capsicum-do-pyaza,Cooking oil,तेल,ಎಣ್ಣೆ,0.67,tbsp,staple,true,7
capsicum-do-pyaza,Coriander leaves,हरा धनिया,ಕೊತ್ತಂಬರಿ ಸೊಪ್ಪು,0.67,tbsp,vegetable,false,8
capsicum-salna,Capsicum,शिमला मिर्च,ದೊಣ್ಣೆ ಮೆಣಸಿನಕಾಯಿ,500,g,vegetable,false,1
capsicum-salna,Green chilli,हरी मिर्च,ಹಸಿ ಮೆಣಸಿನಕಾಯಿ,0.67,piece,vegetable,false,2
capsicum-salna,Cumin (jeera),जीरा,ಜೀರಿಗೆ,0.33,tsp,staple,true,3
capsicum-salna,Turmeric,हल्दी,ಅರಿಶಿನ,0.17,tsp,staple,true,4
capsicum-salna,Red chilli powder,लाल मिर्च पाउडर,ಕೆಂಪು ಮೆಣಸಿನ ಪುಡಿ,0.33,tsp,staple,true,5
capsicum-salna,Garam masala,गरम मसाला,ಗರಂ ಮಸಾಲ,0.33,tsp,staple,true,6
capsicum-salna,Cooking oil,तेल,ಎಣ್ಣೆ,0.67,tbsp,staple,true,7
capsicum-salna,Coriander leaves,हरा धनिया,ಕೊತ್ತಂಬರಿ ಸೊಪ್ಪು,0.67,tbsp,vegetable,false,8
capsicum-kurma,Capsicum,शिमला मिर्च,ದೊಣ್ಣೆ ಮೆಣಸಿನಕಾಯಿ,500,g,vegetable,false,1
capsicum-kurma,Onion (medium),प्याज़,ಈರುಳ್ಳಿ,0.67,piece,vegetable,false,2
capsicum-kurma,Ginger-garlic paste,अदरक-लहसुन पेस्ट,ಶುಂಠಿ-ಬೆಳ್ಳುಳ್ಳಿ ಪೇಸ್ಟ್,0.33,tbsp,staple,true,3
capsicum-kurma,Tomato (medium),टमाटर,ಟೊಮೇಟೊ,0.67,piece,vegetable,false,4
capsicum-kurma,Green chilli,हरी मिर्च,ಹಸಿ ಮೆಣಸಿನಕಾಯಿ,0.67,piece,vegetable,false,5
capsicum-kurma,Cumin (jeera),जीरा,ಜೀರಿಗೆ,0.33,tsp,staple,true,6
capsicum-kurma,Turmeric,हल्दी,ಅರಿಶಿನ,0.17,tsp,staple,true,7
capsicum-kurma,Red chilli powder,लाल मिर्च पाउडर,ಕೆಂಪು ಮೆಣಸಿನ ಪುಡಿ,0.33,tsp,staple,true,8
capsicum-kurma,Garam masala,गरम मसाला,ಗರಂ ಮಸಾಲ,0.33,tsp,staple,true,9
capsicum-kurma,Cooking oil,तेल,ಎಣ್ಣೆ,0.67,tbsp,staple,true,10
capsicum-kurma,Coriander leaves,हरा धनिया,ಕೊತ್ತಂಬರಿ ಸೊಪ್ಪು,0.67,tbsp,vegetable,false,11
besan-curry,Besan (gram flour),बेसन,ಕಡಲೆ ಹಿಟ್ಟು,500,g,other,false,1
besan-curry,Green chilli,हरी मिर्च,ಹಸಿ ಮೆಣಸಿನಕಾಯಿ,0.67,piece,vegetable,false,2
besan-curry,Cumin (jeera),जीरा,ಜೀರಿಗೆ,0.33,tsp,staple,true,3
besan-curry,Turmeric,हल्दी,ಅರಿಶಿನ,0.17,tsp,staple,true,4
besan-curry,Red chilli powder,लाल मिर्च पाउडर,ಕೆಂಪು ಮೆಣಸಿನ ಪುಡಿ,0.33,tsp,staple,true,5
besan-curry,Garam masala,गरम मसाला,ಗರಂ ಮಸಾಲ,0.33,tsp,staple,true,6
besan-curry,Cooking oil,तेल,ಎಣ್ಣೆ,0.67,tbsp,staple,true,7
besan-curry,Coriander leaves,हरा धनिया,ಕೊತ್ತಂಬರಿ ಸೊಪ್ಪು,0.67,tbsp,vegetable,false,8
besan-masala,Besan (gram flour),बेसन,ಕಡಲೆ ಹಿಟ್ಟು,500,g,other,false,1
besan-masala,Onion (medium),प्याज़,ಈರುಳ್ಳಿ,0.67,piece,vegetable,false,2
besan-masala,Ginger-garlic paste,अदरक-लहसुन पेस्ट,ಶುಂಠಿ-ಬೆಳ್ಳುಳ್ಳಿ ಪೇಸ್ಟ್,0.33,tbsp,staple,true,3
besan-masala,Tomato (medium),टमाटर,ಟೊಮೇಟೊ,0.67,piece,vegetable,false,4
besan-masala,Green chilli,हरी मिर्च,ಹಸಿ ಮೆಣಸಿನಕಾಯಿ,0.67,piece,vegetable,false,5
besan-masala,Cumin (jeera),जीरा,ಜೀರಿಗೆ,0.33,tsp,staple,true,6
besan-masala,Turmeric,हल्दी,ಅರಿಶಿನ,0.17,tsp,staple,true,7
besan-masala,Red chilli powder,लाल मिर्च पाउडर,ಕೆಂಪು ಮೆಣಸಿನ ಪುಡಿ,0.33,tsp,staple,true,8
besan-masala,Garam masala,गरम मसाला,ಗರಂ ಮಸಾಲ,0.33,tsp,staple,true,9
besan-masala,Cooking oil,तेल,ಎಣ್ಣೆ,0.67,tbsp,staple,true,10
besan-masala,Coriander leaves,हरा धनिया,ಕೊತ್ತಂಬರಿ ಸೊಪ್ಪು,0.67,tbsp,vegetable,false,11
besan-fry,Besan (gram flour),बेसन,ಕಡಲೆ ಹಿಟ್ಟು,500,g,other,false,1
besan-fry,Green chilli,हरी मिर्च,ಹಸಿ ಮೆಣಸಿನಕಾಯಿ,0.67,piece,vegetable,false,2
besan-fry,Cumin (jeera),जीरा,ಜೀರಿಗೆ,0.33,tsp,staple,true,3
besan-fry,Turmeric,हल्दी,ಅರಿಶಿನ,0.17,tsp,staple,true,4
besan-fry,Red chilli powder,लाल मिर्च पाउडर,ಕೆಂಪು ಮೆಣಸಿನ ಪುಡಿ,0.33,tsp,staple,true,5
besan-fry,Garam masala,गरम मसाला,ಗರಂ ಮಸಾಲ,0.33,tsp,staple,true,6
besan-fry,Cooking oil,तेल,ಎಣ್ಣೆ,0.67,tbsp,staple,true,7
besan-fry,Coriander leaves,हरा धनिया,ಕೊತ್ತಂಬರಿ ಸೊಪ್ಪು,0.67,tbsp,vegetable,false,8
besan-roast,Besan (gram flour),बेसन,ಕಡಲೆ ಹಿಟ್ಟು,500,g,other,false,1
besan-roast,Onion (medium),प्याज़,ಈರುಳ್ಳಿ,0.67,piece,vegetable,false,2
besan-roast,Ginger-garlic paste,अदरक-लहसुन पेस्ट,ಶುಂಠಿ-ಬೆಳ್ಳುಳ್ಳಿ ಪೇಸ್ಟ್,0.33,tbsp,staple,true,3
besan-roast,Tomato (medium),टमाटर,ಟೊಮೇಟೊ,0.67,piece,vegetable,false,4
besan-roast,Green chilli,हरी मिर्च,ಹಸಿ ಮೆಣಸಿನಕಾಯಿ,0.67,piece,vegetable,false,5
besan-roast,Cumin (jeera),जीरा,ಜೀರಿಗೆ,0.33,tsp,staple,true,6
besan-roast,Turmeric,हल्दी,ಅರಿಶಿನ,0.17,tsp,staple,true,7
besan-roast,Red chilli powder,लाल मिर्च पाउडर,ಕೆಂಪು ಮೆಣಸಿನ ಪುಡಿ,0.33,tsp,staple,true,8
besan-roast,Garam masala,गरम मसाला,ಗರಂ ಮಸಾಲ,0.33,tsp,staple,true,9
besan-roast,Cooking oil,तेल,ಎಣ್ಣೆ,0.67,tbsp,staple,true,10
besan-roast,Coriander leaves,हरा धनिया,ಕೊತ್ತಂಬರಿ ಸೊಪ್ಪು,0.67,tbsp,vegetable,false,11
besan-tikka,Besan (gram flour),बेसन,ಕಡಲೆ ಹಿಟ್ಟು,500,g,other,false,1
besan-tikka,Onion (medium),प्याज़,ಈರುಳ್ಳಿ,0.67,piece,vegetable,false,2
besan-tikka,Ginger-garlic paste,अदरक-लहसुन पेस्ट,ಶುಂಠಿ-ಬೆಳ್ಳುಳ್ಳಿ ಪೇಸ್ಟ್,0.33,tbsp,staple,true,3
besan-tikka,Tomato (medium),टमाटर,ಟೊಮೇಟೊ,0.67,piece,vegetable,false,4
besan-tikka,Green chilli,हरी मिर्च,ಹಸಿ ಮೆಣಸಿನಕಾಯಿ,0.67,piece,vegetable,false,5
besan-tikka,Cumin (jeera),जीरा,ಜೀರಿಗೆ,0.33,tsp,staple,true,6
besan-tikka,Turmeric,हल्दी,ಅರಿಶಿನ,0.17,tsp,staple,true,7
besan-tikka,Red chilli powder,लाल मिर्च पाउडर,ಕೆಂಪು ಮೆಣಸಿನ ಪುಡಿ,0.33,tsp,staple,true,8
besan-tikka,Garam masala,गरम मसाला,ಗರಂ ಮಸಾಲ,0.33,tsp,staple,true,9
besan-tikka,Cooking oil,तेल,ಎಣ್ಣೆ,0.67,tbsp,staple,true,10
besan-tikka,Coriander leaves,हरा धनिया,ಕೊತ್ತಂಬರಿ ಸೊಪ್ಪು,0.67,tbsp,vegetable,false,11
besan-korma,Besan (gram flour),बेसन,ಕಡಲೆ ಹಿಟ್ಟು,500,g,other,false,1
besan-korma,Onion (medium),प्याज़,ಈರುಳ್ಳಿ,0.67,piece,vegetable,false,2
besan-korma,Ginger-garlic paste,अदरक-लहसुन पेस्ट,ಶುಂಠಿ-ಬೆಳ್ಳುಳ್ಳಿ ಪೇಸ್ಟ್,0.33,tbsp,staple,true,3
besan-korma,Tomato (medium),टमाटर,ಟೊಮೇಟೊ,0.67,piece,vegetable,false,4
besan-korma,Green chilli,हरी मिर्च,ಹಸಿ ಮೆಣಸಿನಕಾಯಿ,0.67,piece,vegetable,false,5
besan-korma,Cumin (jeera),जीरा,ಜೀರಿಗೆ,0.33,tsp,staple,true,6
besan-korma,Turmeric,हल्दी,ಅರಿಶಿನ,0.17,tsp,staple,true,7
besan-korma,Red chilli powder,लाल मिर्च पाउडर,ಕೆಂಪು ಮೆಣಸಿನ ಪುಡಿ,0.33,tsp,staple,true,8
besan-korma,Garam masala,गरम मसाला,ಗರಂ ಮಸಾಲ,0.33,tsp,staple,true,9
besan-korma,Cooking oil,तेल,ಎಣ್ಣೆ,0.67,tbsp,staple,true,10
besan-korma,Coriander leaves,हरा धनिया,ಕೊತ್ತಂಬರಿ ಸೊಪ್ಪು,0.67,tbsp,vegetable,false,11
besan-makhani,Besan (gram flour),बेसन,ಕಡಲೆ ಹಿಟ್ಟು,500,g,other,false,1
besan-makhani,Onion (medium),प्याज़,ಈರುಳ್ಳಿ,0.67,piece,vegetable,false,2
besan-makhani,Ginger-garlic paste,अदरक-लहसुन पेस्ट,ಶುಂಠಿ-ಬೆಳ್ಳುಳ್ಳಿ ಪೇಸ್ಟ್,0.33,tbsp,staple,true,3
besan-makhani,Tomato (medium),टमाटर,ಟೊಮೇಟೊ,0.67,piece,vegetable,false,4
besan-makhani,Green chilli,हरी मिर्च,ಹಸಿ ಮೆಣಸಿನಕಾಯಿ,0.67,piece,vegetable,false,5
besan-makhani,Cumin (jeera),जीरा,ಜೀರಿಗೆ,0.33,tsp,staple,true,6
besan-makhani,Turmeric,हल्दी,ಅರಿಶಿನ,0.17,tsp,staple,true,7
besan-makhani,Red chilli powder,लाल मिर्च पाउडर,ಕೆಂಪು ಮೆಣಸಿನ ಪುಡಿ,0.33,tsp,staple,true,8
besan-makhani,Garam masala,गरम मसाला,ಗರಂ ಮಸಾಲ,0.33,tsp,staple,true,9
besan-makhani,Butter,मक्खन,ಬೆಣ್ಣೆ,1,tbsp,dairy,false,10
besan-makhani,Fresh cream,क्रीम,ಕ್ರೀಮ್,0.08,cup,dairy,false,11
besan-makhani,Kasuri methi,कसूरी मेथी,ಕಸೂರಿ ಮೆಂತ್ಯ,0.33,tsp,staple,true,12
besan-makhani,Coriander leaves,हरा धनिया,ಕೊತ್ತಂಬರಿ ಸೊಪ್ಪು,0.67,tbsp,vegetable,false,13
besan-bhurji,Besan (gram flour),बेसन,ಕಡಲೆ ಹಿಟ್ಟು,500,g,other,false,1
besan-bhurji,Green chilli,हरी मिर्च,ಹಸಿ ಮೆಣಸಿನಕಾಯಿ,0.67,piece,vegetable,false,2
besan-bhurji,Cumin (jeera),जीरा,ಜೀರಿಗೆ,0.33,tsp,staple,true,3
besan-bhurji,Turmeric,हल्दी,ಅರಿಶಿನ,0.17,tsp,staple,true,4
besan-bhurji,Red chilli powder,लाल मिर्च पाउडर,ಕೆಂಪು ಮೆಣಸಿನ ಪುಡಿ,0.33,tsp,staple,true,5
besan-bhurji,Garam masala,गरम मसाला,ಗರಂ ಮಸಾಲ,0.33,tsp,staple,true,6
besan-bhurji,Cooking oil,तेल,ಎಣ್ಣೆ,0.67,tbsp,staple,true,7
besan-bhurji,Coriander leaves,हरा धनिया,ಕೊತ್ತಂಬರಿ ಸೊಪ್ಪು,0.67,tbsp,vegetable,false,8
besan-kofta,Besan (gram flour),बेसन,ಕಡಲೆ ಹಿಟ್ಟು,500,g,other,false,1
besan-kofta,Onion (medium),प्याज़,ಈರುಳ್ಳಿ,0.67,piece,vegetable,false,2
besan-kofta,Ginger-garlic paste,अदरक-लहसुन पेस्ट,ಶುಂಠಿ-ಬೆಳ್ಳುಳ್ಳಿ ಪೇಸ್ಟ್,0.33,tbsp,staple,true,3
besan-kofta,Tomato (medium),टमाटर,ಟೊಮೇಟೊ,0.67,piece,vegetable,false,4
besan-kofta,Green chilli,हरी मिर्च,ಹಸಿ ಮೆಣಸಿನಕಾಯಿ,0.67,piece,vegetable,false,5
besan-kofta,Cumin (jeera),जीरा,ಜೀರಿಗೆ,0.33,tsp,staple,true,6
besan-kofta,Turmeric,हल्दी,ಅರಿಶಿನ,0.17,tsp,staple,true,7
besan-kofta,Red chilli powder,लाल मिर्च पाउडर,ಕೆಂಪು ಮೆಣಸಿನ ಪುಡಿ,0.33,tsp,staple,true,8
besan-kofta,Garam masala,गरम मसाला,ಗರಂ ಮಸಾಲ,0.33,tsp,staple,true,9
besan-kofta,Cooking oil,तेल,ಎಣ್ಣೆ,0.67,tbsp,staple,true,10
besan-kofta,Coriander leaves,हरा धनिया,ಕೊತ್ತಂಬರಿ ಸೊಪ್ಪು,0.67,tbsp,vegetable,false,11
besan-saag,Besan (gram flour),बेसन,ಕಡಲೆ ಹಿಟ್ಟು,500,g,other,false,1
besan-saag,Green chilli,हरी मिर्च,ಹಸಿ ಮೆಣಸಿನಕಾಯಿ,0.67,piece,vegetable,false,2
besan-saag,Cumin (jeera),जीरा,ಜೀರಿಗೆ,0.33,tsp,staple,true,3
besan-saag,Turmeric,हल्दी,ಅರಿಶಿನ,0.17,tsp,staple,true,4
besan-saag,Red chilli powder,लाल मिर्च पाउडर,ಕೆಂಪು ಮೆಣಸಿನ ಪುಡಿ,0.33,tsp,staple,true,5
besan-saag,Garam masala,गरम मसाला,ಗರಂ ಮಸಾಲ,0.33,tsp,staple,true,6
besan-saag,Cooking oil,तेल,ಎಣ್ಣೆ,0.67,tbsp,staple,true,7
besan-saag,Coriander leaves,हरा धनिया,ಕೊತ್ತಂಬರಿ ಸೊಪ್ಪು,0.67,tbsp,vegetable,false,8
besan-vindaloo,Besan (gram flour),बेसन,ಕಡಲೆ ಹಿಟ್ಟು,500,g,other,false,1
besan-vindaloo,Green chilli,हरी मिर्च,ಹಸಿ ಮೆಣಸಿನಕಾಯಿ,0.67,piece,vegetable,false,2
besan-vindaloo,Cumin (jeera),जीरा,ಜೀರಿಗೆ,0.33,tsp,staple,true,3
besan-vindaloo,Turmeric,हल्दी,ಅರಿಶಿನ,0.17,tsp,staple,true,4
besan-vindaloo,Red chilli powder,लाल मिर्च पाउडर,ಕೆಂಪು ಮೆಣಸಿನ ಪುಡಿ,0.33,tsp,staple,true,5
besan-vindaloo,Garam masala,गरम मसाला,ಗರಂ ಮಸಾಲ,0.33,tsp,staple,true,6
besan-vindaloo,Cooking oil,तेल,ಎಣ್ಣೆ,0.67,tbsp,staple,true,7
besan-vindaloo,Coriander leaves,हरा धनिया,ಕೊತ್ತಂಬರಿ ಸೊಪ್ಪು,0.67,tbsp,vegetable,false,8
besan-chettinad,Besan (gram flour),बेसन,ಕಡಲೆ ಹಿಟ್ಟು,500,g,other,false,1
besan-chettinad,Onion (medium),प्याज़,ಈರುಳ್ಳಿ,0.67,piece,vegetable,false,2
besan-chettinad,Ginger-garlic paste,अदरक-लहसुन पेस्ट,ಶುಂಠಿ-ಬೆಳ್ಳುಳ್ಳಿ ಪೇಸ್ಟ್,0.33,tbsp,staple,true,3
besan-chettinad,Tomato (medium),टमाटर,ಟೊಮೇಟೊ,0.67,piece,vegetable,false,4
besan-chettinad,Green chilli,हरी मिर्च,ಹಸಿ ಮೆಣಸಿನಕಾಯಿ,0.67,piece,vegetable,false,5
besan-chettinad,Cumin (jeera),जीरा,ಜೀರಿಗೆ,0.33,tsp,staple,true,6
besan-chettinad,Turmeric,हल्दी,ಅರಿಶಿನ,0.17,tsp,staple,true,7
besan-chettinad,Red chilli powder,लाल मिर्च पाउडर,ಕೆಂಪು ಮೆಣಸಿನ ಪುಡಿ,0.33,tsp,staple,true,8
besan-chettinad,Garam masala,गरम मसाला,ಗರಂ ಮಸಾಲ,0.33,tsp,staple,true,9
besan-chettinad,Cooking oil,तेल,ಎಣ್ಣೆ,0.67,tbsp,staple,true,10
besan-chettinad,Coriander leaves,हरा धनिया,ಕೊತ್ತಂಬರಿ ಸೊಪ್ಪು,0.67,tbsp,vegetable,false,11
besan-do-pyaza,Besan (gram flour),बेसन,ಕಡಲೆ ಹಿಟ್ಟು,500,g,other,false,1
besan-do-pyaza,Green chilli,हरी मिर्च,ಹಸಿ ಮೆಣಸಿನಕಾಯಿ,0.67,piece,vegetable,false,2
besan-do-pyaza,Cumin (jeera),जीरा,ಜೀರಿಗೆ,0.33,tsp,staple,true,3
besan-do-pyaza,Turmeric,हल्दी,ಅರಿಶಿನ,0.17,tsp,staple,true,4
besan-do-pyaza,Red chilli powder,लाल मिर्च पाउडर,ಕೆಂಪು ಮೆಣಸಿನ ಪುಡಿ,0.33,tsp,staple,true,5
besan-do-pyaza,Garam masala,गरम मसाला,ಗರಂ ಮಸಾಲ,0.33,tsp,staple,true,6
besan-do-pyaza,Cooking oil,तेल,ಎಣ್ಣೆ,0.67,tbsp,staple,true,7
besan-do-pyaza,Coriander leaves,हरा धनिया,ಕೊತ್ತಂಬರಿ ಸೊಪ್ಪು,0.67,tbsp,vegetable,false,8
besan-salna,Besan (gram flour),बेसन,ಕಡಲೆ ಹಿಟ್ಟು,500,g,other,false,1
besan-salna,Onion (medium),प्याज़,ಈರುಳ್ಳಿ,0.67,piece,vegetable,false,2
besan-salna,Ginger-garlic paste,अदरक-लहसुन पेस्ट,ಶುಂಠಿ-ಬೆಳ್ಳುಳ್ಳಿ ಪೇಸ್ಟ್,0.33,tbsp,staple,true,3
besan-salna,Tomato (medium),टमाटर,ಟೊಮೇಟೊ,0.67,piece,vegetable,false,4
besan-salna,Green chilli,हरी मिर्च,ಹಸಿ ಮೆಣಸಿನಕಾಯಿ,0.67,piece,vegetable,false,5
besan-salna,Cumin (jeera),जीरा,ಜೀರಿಗೆ,0.33,tsp,staple,true,6
besan-salna,Turmeric,हल्दी,ಅರಿಶಿನ,0.17,tsp,staple,true,7
besan-salna,Red chilli powder,लाल मिर्च पाउडर,ಕೆಂಪು ಮೆಣಸಿನ ಪುಡಿ,0.33,tsp,staple,true,8
besan-salna,Garam masala,गरम मसाला,ಗರಂ ಮಸಾಲ,0.33,tsp,staple,true,9
besan-salna,Cooking oil,तेल,ಎಣ್ಣೆ,0.67,tbsp,staple,true,10
besan-salna,Coriander leaves,हरा धनिया,ಕೊತ್ತಂಬರಿ ಸೊಪ್ಪು,0.67,tbsp,vegetable,false,11
besan-kurma,Besan (gram flour),बेसन,ಕಡಲೆ ಹಿಟ್ಟು,500,g,other,false,1
besan-kurma,Green chilli,हरी मिर्च,ಹಸಿ ಮೆಣಸಿನಕಾಯಿ,0.67,piece,vegetable,false,2
besan-kurma,Cumin (jeera),जीरा,ಜೀರಿಗೆ,0.33,tsp,staple,true,3
besan-kurma,Turmeric,हल्दी,ಅರಿಶಿನ,0.17,tsp,staple,true,4
besan-kurma,Red chilli powder,लाल मिर्च पाउडर,ಕೆಂಪು ಮೆಣಸಿನ ಪುಡಿ,0.33,tsp,staple,true,5
besan-kurma,Garam masala,गरम मसाला,ಗರಂ ಮಸಾಲ,0.33,tsp,staple,true,6
besan-kurma,Cooking oil,तेल,ಎಣ್ಣೆ,0.67,tbsp,staple,true,7
besan-kurma,Coriander leaves,हरा धनिया,ಕೊತ್ತಂಬರಿ ಸೊಪ್ಪು,0.67,tbsp,vegetable,false,8
soya-curry,Soya chunks,सोया चंक्स,ಸೋಯಾ ಚಂಕ್ಸ್,500,g,protein,false,1
soya-curry,Onion (medium),प्याज़,ಈರುಳ್ಳಿ,0.67,piece,vegetable,false,2
soya-curry,Ginger-garlic paste,अदरक-लहसुन पेस्ट,ಶುಂಠಿ-ಬೆಳ್ಳುಳ್ಳಿ ಪೇಸ್ಟ್,0.33,tbsp,staple,true,3
soya-curry,Tomato (medium),टमाटर,ಟೊಮೇಟೊ,0.67,piece,vegetable,false,4
soya-curry,Green chilli,हरी मिर्च,ಹಸಿ ಮೆಣಸಿನಕಾಯಿ,0.67,piece,vegetable,false,5
soya-curry,Cumin (jeera),जीरा,ಜೀರಿಗೆ,0.33,tsp,staple,true,6
soya-curry,Turmeric,हल्दी,ಅರಿಶಿನ,0.17,tsp,staple,true,7
soya-curry,Red chilli powder,लाल मिर्च पाउडर,ಕೆಂಪು ಮೆಣಸಿನ ಪುಡಿ,0.33,tsp,staple,true,8
soya-curry,Garam masala,गरम मसाला,ಗರಂ ಮಸಾಲ,0.33,tsp,staple,true,9
soya-curry,Cooking oil,तेल,ಎಣ್ಣೆ,0.67,tbsp,staple,true,10
soya-curry,Coriander leaves,हरा धनिया,ಕೊತ್ತಂಬರಿ ಸೊಪ್ಪು,0.67,tbsp,vegetable,false,11
soya-masala,Soya chunks,सोया चंक्स,ಸೋಯಾ ಚಂಕ್ಸ್,500,g,protein,false,1
soya-masala,Green chilli,हरी मिर्च,ಹಸಿ ಮೆಣಸಿನಕಾಯಿ,0.67,piece,vegetable,false,2
soya-masala,Cumin (jeera),जीरा,ಜೀರಿಗೆ,0.33,tsp,staple,true,3
soya-masala,Turmeric,हल्दी,ಅರಿಶಿನ,0.17,tsp,staple,true,4
soya-masala,Red chilli powder,लाल मिर्च पाउडर,ಕೆಂಪು ಮೆಣಸಿನ ಪುಡಿ,0.33,tsp,staple,true,5
soya-masala,Garam masala,गरम मसाला,ಗರಂ ಮಸಾಲ,0.33,tsp,staple,true,6
soya-masala,Cooking oil,तेल,ಎಣ್ಣೆ,0.67,tbsp,staple,true,7
soya-masala,Coriander leaves,हरा धनिया,ಕೊತ್ತಂಬರಿ ಸೊಪ್ಪು,0.67,tbsp,vegetable,false,8
soya-fry,Soya chunks,सोया चंक्स,ಸೋಯಾ ಚಂಕ್ಸ್,500,g,protein,false,1
soya-fry,Green chilli,हरी मिर्च,ಹಸಿ ಮೆಣಸಿನಕಾಯಿ,0.67,piece,vegetable,false,2
soya-fry,Cumin (jeera),जीरा,ಜೀರಿಗೆ,0.33,tsp,staple,true,3
soya-fry,Turmeric,हल्दी,ಅರಿಶಿನ,0.17,tsp,staple,true,4
soya-fry,Red chilli powder,लाल मिर्च पाउडर,ಕೆಂಪು ಮೆಣಸಿನ ಪುಡಿ,0.33,tsp,staple,true,5
soya-fry,Garam masala,गरम मसाला,ಗರಂ ಮಸಾಲ,0.33,tsp,staple,true,6
soya-fry,Cooking oil,तेल,ಎಣ್ಣೆ,0.67,tbsp,staple,true,7
soya-fry,Coriander leaves,हरा धनिया,ಕೊತ್ತಂಬರಿ ಸೊಪ್ಪು,0.67,tbsp,vegetable,false,8
soya-roast,Soya chunks,सोया चंक्स,ಸೋಯಾ ಚಂಕ್ಸ್,500,g,protein,false,1
soya-roast,Onion (medium),प्याज़,ಈರುಳ್ಳಿ,0.67,piece,vegetable,false,2
soya-roast,Ginger-garlic paste,अदरक-लहसुन पेस्ट,ಶುಂಠಿ-ಬೆಳ್ಳುಳ್ಳಿ ಪೇಸ್ಟ್,0.33,tbsp,staple,true,3
soya-roast,Tomato (medium),टमाटर,ಟೊಮೇಟೊ,0.67,piece,vegetable,false,4
soya-roast,Green chilli,हरी मिर्च,ಹಸಿ ಮೆಣಸಿನಕಾಯಿ,0.67,piece,vegetable,false,5
soya-roast,Cumin (jeera),जीरा,ಜೀರಿಗೆ,0.33,tsp,staple,true,6
soya-roast,Turmeric,हल्दी,ಅರಿಶಿನ,0.17,tsp,staple,true,7
soya-roast,Red chilli powder,लाल मिर्च पाउडर,ಕೆಂಪು ಮೆಣಸಿನ ಪುಡಿ,0.33,tsp,staple,true,8
soya-roast,Garam masala,गरम मसाला,ಗರಂ ಮಸಾಲ,0.33,tsp,staple,true,9
soya-roast,Cooking oil,तेल,ಎಣ್ಣೆ,0.67,tbsp,staple,true,10
soya-roast,Coriander leaves,हरा धनिया,ಕೊತ್ತಂಬರಿ ಸೊಪ್ಪು,0.67,tbsp,vegetable,false,11
soya-tikka,Soya chunks,सोया चंक्स,ಸೋಯಾ ಚಂಕ್ಸ್,500,g,protein,false,1
soya-tikka,Green chilli,हरी मिर्च,ಹಸಿ ಮೆಣಸಿನಕಾಯಿ,0.67,piece,vegetable,false,2
soya-tikka,Cumin (jeera),जीरा,ಜೀರಿಗೆ,0.33,tsp,staple,true,3
soya-tikka,Turmeric,हल्दी,ಅರಿಶಿನ,0.17,tsp,staple,true,4
soya-tikka,Red chilli powder,लाल मिर्च पाउडर,ಕೆಂಪು ಮೆಣಸಿನ ಪುಡಿ,0.33,tsp,staple,true,5
soya-tikka,Garam masala,गरम मसाला,ಗರಂ ಮಸಾಲ,0.33,tsp,staple,true,6
soya-tikka,Cooking oil,तेल,ಎಣ್ಣೆ,0.67,tbsp,staple,true,7
soya-tikka,Coriander leaves,हरा धनिया,ಕೊತ್ತಂಬರಿ ಸೊಪ್ಪು,0.67,tbsp,vegetable,false,8
soya-korma,Soya chunks,सोया चंक्स,ಸೋಯಾ ಚಂಕ್ಸ್,500,g,protein,false,1
soya-korma,Green chilli,हरी मिर्च,ಹಸಿ ಮೆಣಸಿನಕಾಯಿ,0.67,piece,vegetable,false,2
soya-korma,Cumin (jeera),जीरा,ಜೀರಿಗೆ,0.33,tsp,staple,true,3
soya-korma,Turmeric,हल्दी,ಅರಿಶಿನ,0.17,tsp,staple,true,4
soya-korma,Red chilli powder,लाल मिर्च पाउडर,ಕೆಂಪು ಮೆಣಸಿನ ಪುಡಿ,0.33,tsp,staple,true,5
soya-korma,Garam masala,गरम मसाला,ಗರಂ ಮಸಾಲ,0.33,tsp,staple,true,6
soya-korma,Cooking oil,तेल,ಎಣ್ಣೆ,0.67,tbsp,staple,true,7
soya-korma,Coriander leaves,हरा धनिया,ಕೊತ್ತಂಬರಿ ಸೊಪ್ಪು,0.67,tbsp,vegetable,false,8
soya-makhani,Soya chunks,सोया चंक्स,ಸೋಯಾ ಚಂಕ್ಸ್,500,g,protein,false,1
soya-makhani,Onion (medium),प्याज़,ಈರುಳ್ಳಿ,0.67,piece,vegetable,false,2
soya-makhani,Ginger-garlic paste,अदरक-लहसुन पेस्ट,ಶುಂಠಿ-ಬೆಳ್ಳುಳ್ಳಿ ಪೇಸ್ಟ್,0.33,tbsp,staple,true,3
soya-makhani,Tomato (medium),टमाटर,ಟೊಮೇಟೊ,0.67,piece,vegetable,false,4
soya-makhani,Green chilli,हरी मिर्च,ಹಸಿ ಮೆಣಸಿನಕಾಯಿ,0.67,piece,vegetable,false,5
soya-makhani,Cumin (jeera),जीरा,ಜೀರಿಗೆ,0.33,tsp,staple,true,6
soya-makhani,Turmeric,हल्दी,ಅರಿಶಿನ,0.17,tsp,staple,true,7
soya-makhani,Red chilli powder,लाल मिर्च पाउडर,ಕೆಂಪು ಮೆಣಸಿನ ಪುಡಿ,0.33,tsp,staple,true,8
soya-makhani,Garam masala,गरम मसाला,ಗರಂ ಮಸಾಲ,0.33,tsp,staple,true,9
soya-makhani,Butter,मक्खन,ಬೆಣ್ಣೆ,1,tbsp,dairy,false,10
soya-makhani,Fresh cream,क्रीम,ಕ್ರೀಮ್,0.08,cup,dairy,false,11
soya-makhani,Kasuri methi,कसूरी मेथी,ಕಸೂರಿ ಮೆಂತ್ಯ,0.33,tsp,staple,true,12
soya-makhani,Coriander leaves,हरा धनिया,ಕೊತ್ತಂಬರಿ ಸೊಪ್ಪು,0.67,tbsp,vegetable,false,13
soya-bhurji,Soya chunks,सोया चंक्स,ಸೋಯಾ ಚಂಕ್ಸ್,500,g,protein,false,1
soya-bhurji,Onion (medium),प्याज़,ಈರುಳ್ಳಿ,0.67,piece,vegetable,false,2
soya-bhurji,Ginger-garlic paste,अदरक-लहसुन पेस्ट,ಶುಂಠಿ-ಬೆಳ್ಳುಳ್ಳಿ ಪೇಸ್ಟ್,0.33,tbsp,staple,true,3
soya-bhurji,Tomato (medium),टमाटर,ಟೊಮೇಟೊ,0.67,piece,vegetable,false,4
soya-bhurji,Green chilli,हरी मिर्च,ಹಸಿ ಮೆಣಸಿನಕಾಯಿ,0.67,piece,vegetable,false,5
soya-bhurji,Cumin (jeera),जीरा,ಜೀರಿಗೆ,0.33,tsp,staple,true,6
soya-bhurji,Turmeric,हल्दी,ಅರಿಶಿನ,0.17,tsp,staple,true,7
soya-bhurji,Red chilli powder,लाल मिर्च पाउडर,ಕೆಂಪು ಮೆಣಸಿನ ಪುಡಿ,0.33,tsp,staple,true,8
soya-bhurji,Garam masala,गरम मसाला,ಗರಂ ಮಸಾಲ,0.33,tsp,staple,true,9
soya-bhurji,Cooking oil,तेल,ಎಣ್ಣೆ,0.67,tbsp,staple,true,10
soya-bhurji,Coriander leaves,हरा धनिया,ಕೊತ್ತಂಬರಿ ಸೊಪ್ಪು,0.67,tbsp,vegetable,false,11
soya-kofta,Soya chunks,सोया चंक्स,ಸೋಯಾ ಚಂಕ್ಸ್,500,g,protein,false,1
soya-kofta,Onion (medium),प्याज़,ಈರುಳ್ಳಿ,0.67,piece,vegetable,false,2
soya-kofta,Ginger-garlic paste,अदरक-लहसुन पेस्ट,ಶುಂಠಿ-ಬೆಳ್ಳುಳ್ಳಿ ಪೇಸ್ಟ್,0.33,tbsp,staple,true,3
soya-kofta,Tomato (medium),टमाटर,ಟೊಮೇಟೊ,0.67,piece,vegetable,false,4
soya-kofta,Green chilli,हरी मिर्च,ಹಸಿ ಮೆಣಸಿನಕಾಯಿ,0.67,piece,vegetable,false,5
soya-kofta,Cumin (jeera),जीरा,ಜೀರಿಗೆ,0.33,tsp,staple,true,6
soya-kofta,Turmeric,हल्दी,ಅರಿಶಿನ,0.17,tsp,staple,true,7
soya-kofta,Red chilli powder,लाल मिर्च पाउडर,ಕೆಂಪು ಮೆಣಸಿನ ಪುಡಿ,0.33,tsp,staple,true,8
soya-kofta,Garam masala,गरम मसाला,ಗರಂ ಮಸಾಲ,0.33,tsp,staple,true,9
soya-kofta,Cooking oil,तेल,ಎಣ್ಣೆ,0.67,tbsp,staple,true,10
soya-kofta,Coriander leaves,हरा धनिया,ಕೊತ್ತಂಬರಿ ಸೊಪ್ಪು,0.67,tbsp,vegetable,false,11
soya-saag,Soya chunks,सोया चंक्स,ಸೋಯಾ ಚಂಕ್ಸ್,500,g,protein,false,1
soya-saag,Onion (medium),प्याज़,ಈರುಳ್ಳಿ,0.67,piece,vegetable,false,2
soya-saag,Ginger-garlic paste,अदरक-लहसुन पेस्ट,ಶುಂಠಿ-ಬೆಳ್ಳುಳ್ಳಿ ಪೇಸ್ಟ್,0.33,tbsp,staple,true,3
soya-saag,Tomato (medium),टमाटर,ಟೊಮೇಟೊ,0.67,piece,vegetable,false,4
soya-saag,Green chilli,हरी मिर्च,ಹಸಿ ಮೆಣಸಿನಕಾಯಿ,0.67,piece,vegetable,false,5
soya-saag,Cumin (jeera),जीरा,ಜೀರಿಗೆ,0.33,tsp,staple,true,6
soya-saag,Turmeric,हल्दी,ಅರಿಶಿನ,0.17,tsp,staple,true,7
soya-saag,Red chilli powder,लाल मिर्च पाउडर,ಕೆಂಪು ಮೆಣಸಿನ ಪುಡಿ,0.33,tsp,staple,true,8
soya-saag,Garam masala,गरम मसाला,ಗರಂ ಮಸಾಲ,0.33,tsp,staple,true,9
soya-saag,Cooking oil,तेल,ಎಣ್ಣೆ,0.67,tbsp,staple,true,10
soya-saag,Coriander leaves,हरा धनिया,ಕೊತ್ತಂಬರಿ ಸೊಪ್ಪು,0.67,tbsp,vegetable,false,11
soya-vindaloo,Soya chunks,सोया चंक्स,ಸೋಯಾ ಚಂಕ್ಸ್,500,g,protein,false,1
soya-vindaloo,Green chilli,हरी मिर्च,ಹಸಿ ಮೆಣಸಿನಕಾಯಿ,0.67,piece,vegetable,false,2
soya-vindaloo,Cumin (jeera),जीरा,ಜೀರಿಗೆ,0.33,tsp,staple,true,3
soya-vindaloo,Turmeric,हल्दी,ಅರಿಶಿನ,0.17,tsp,staple,true,4
soya-vindaloo,Red chilli powder,लाल मिर्च पाउडर,ಕೆಂಪು ಮೆಣಸಿನ ಪುಡಿ,0.33,tsp,staple,true,5
soya-vindaloo,Garam masala,गरम मसाला,ಗರಂ ಮಸಾಲ,0.33,tsp,staple,true,6
soya-vindaloo,Cooking oil,तेल,ಎಣ್ಣೆ,0.67,tbsp,staple,true,7
soya-vindaloo,Coriander leaves,हरा धनिया,ಕೊತ್ತಂಬರಿ ಸೊಪ್ಪು,0.67,tbsp,vegetable,false,8
soya-chettinad,Soya chunks,सोया चंक्स,ಸೋಯಾ ಚಂಕ್ಸ್,500,g,protein,false,1
soya-chettinad,Onion (medium),प्याज़,ಈರುಳ್ಳಿ,0.67,piece,vegetable,false,2
soya-chettinad,Ginger-garlic paste,अदरक-लहसुन पेस्ट,ಶುಂಠಿ-ಬೆಳ್ಳುಳ್ಳಿ ಪೇಸ್ಟ್,0.33,tbsp,staple,true,3
soya-chettinad,Tomato (medium),टमाटर,ಟೊಮೇಟೊ,0.67,piece,vegetable,false,4
soya-chettinad,Green chilli,हरी मिर्च,ಹಸಿ ಮೆಣಸಿನಕಾಯಿ,0.67,piece,vegetable,false,5
soya-chettinad,Cumin (jeera),जीरा,ಜೀರಿಗೆ,0.33,tsp,staple,true,6
soya-chettinad,Turmeric,हल्दी,ಅರಿಶಿನ,0.17,tsp,staple,true,7
soya-chettinad,Red chilli powder,लाल मिर्च पाउडर,ಕೆಂಪು ಮೆಣಸಿನ ಪುಡಿ,0.33,tsp,staple,true,8
soya-chettinad,Garam masala,गरम मसाला,ಗರಂ ಮಸಾಲ,0.33,tsp,staple,true,9
soya-chettinad,Cooking oil,तेल,ಎಣ್ಣೆ,0.67,tbsp,staple,true,10
soya-chettinad,Coriander leaves,हरा धनिया,ಕೊತ್ತಂಬರಿ ಸೊಪ್ಪು,0.67,tbsp,vegetable,false,11
soya-do-pyaza,Soya chunks,सोया चंक्स,ಸೋಯಾ ಚಂಕ್ಸ್,500,g,protein,false,1
soya-do-pyaza,Onion (medium),प्याज़,ಈರುಳ್ಳಿ,0.67,piece,vegetable,false,2
soya-do-pyaza,Ginger-garlic paste,अदरक-लहसुन पेस्ट,ಶುಂಠಿ-ಬೆಳ್ಳುಳ್ಳಿ ಪೇಸ್ಟ್,0.33,tbsp,staple,true,3
soya-do-pyaza,Tomato (medium),टमाटर,ಟೊಮೇಟೊ,0.67,piece,vegetable,false,4
soya-do-pyaza,Green chilli,हरी मिर्च,ಹಸಿ ಮೆಣಸಿನಕಾಯಿ,0.67,piece,vegetable,false,5
soya-do-pyaza,Cumin (jeera),जीरा,ಜೀರಿಗೆ,0.33,tsp,staple,true,6
soya-do-pyaza,Turmeric,हल्दी,ಅರಿಶಿನ,0.17,tsp,staple,true,7
soya-do-pyaza,Red chilli powder,लाल मिर्च पाउडर,ಕೆಂಪು ಮೆಣಸಿನ ಪುಡಿ,0.33,tsp,staple,true,8
soya-do-pyaza,Garam masala,गरम मसाला,ಗರಂ ಮಸಾಲ,0.33,tsp,staple,true,9
soya-do-pyaza,Cooking oil,तेल,ಎಣ್ಣೆ,0.67,tbsp,staple,true,10
soya-do-pyaza,Coriander leaves,हरा धनिया,ಕೊತ್ತಂಬರಿ ಸೊಪ್ಪು,0.67,tbsp,vegetable,false,11
soya-salna,Soya chunks,सोया चंक्स,ಸೋಯಾ ಚಂಕ್ಸ್,500,g,protein,false,1
soya-salna,Onion (medium),प्याज़,ಈರುಳ್ಳಿ,0.67,piece,vegetable,false,2
soya-salna,Ginger-garlic paste,अदरक-लहसुन पेस्ट,ಶುಂಠಿ-ಬೆಳ್ಳುಳ್ಳಿ ಪೇಸ್ಟ್,0.33,tbsp,staple,true,3
soya-salna,Tomato (medium),टमाटर,ಟೊಮೇಟೊ,0.67,piece,vegetable,false,4
soya-salna,Green chilli,हरी मिर्च,ಹಸಿ ಮೆಣಸಿನಕಾಯಿ,0.67,piece,vegetable,false,5
soya-salna,Cumin (jeera),जीरा,ಜೀರಿಗೆ,0.33,tsp,staple,true,6
soya-salna,Turmeric,हल्दी,ಅರಿಶಿನ,0.17,tsp,staple,true,7
soya-salna,Red chilli powder,लाल मिर्च पाउडर,ಕೆಂಪು ಮೆಣಸಿನ ಪುಡಿ,0.33,tsp,staple,true,8
soya-salna,Garam masala,गरम मसाला,ಗರಂ ಮಸಾಲ,0.33,tsp,staple,true,9
soya-salna,Cooking oil,तेल,ಎಣ್ಣೆ,0.67,tbsp,staple,true,10
soya-salna,Coriander leaves,हरा धनिया,ಕೊತ್ತಂಬರಿ ಸೊಪ್ಪು,0.67,tbsp,vegetable,false,11
soya-kurma,Soya chunks,सोया चंक्स,ಸೋಯಾ ಚಂಕ್ಸ್,500,g,protein,false,1
soya-kurma,Onion (medium),प्याज़,ಈರುಳ್ಳಿ,0.67,piece,vegetable,false,2
soya-kurma,Ginger-garlic paste,अदरक-लहसुन पेस्ट,ಶುಂಠಿ-ಬೆಳ್ಳುಳ್ಳಿ ಪೇಸ್ಟ್,0.33,tbsp,staple,true,3
soya-kurma,Tomato (medium),टमाटर,ಟೊಮೇಟೊ,0.67,piece,vegetable,false,4
soya-kurma,Green chilli,हरी मिर्च,ಹಸಿ ಮೆಣಸಿನಕಾಯಿ,0.67,piece,vegetable,false,5
soya-kurma,Cumin (jeera),जीरा,ಜೀರಿಗೆ,0.33,tsp,staple,true,6
soya-kurma,Turmeric,हल्दी,ಅರಿಶಿನ,0.17,tsp,staple,true,7
soya-kurma,Red chilli powder,लाल मिर्च पाउडर,ಕೆಂಪು ಮೆಣಸಿನ ಪುಡಿ,0.33,tsp,staple,true,8
soya-kurma,Garam masala,गरम मसाला,ಗರಂ ಮಸಾಲ,0.33,tsp,staple,true,9
soya-kurma,Cooking oil,तेल,ಎಣ್ಣೆ,0.67,tbsp,staple,true,10
soya-kurma,Coriander leaves,हरा धनिया,ಕೊತ್ತಂಬರಿ ಸೊಪ್ಪು,0.67,tbsp,vegetable,false,11
methi-curry,Fenugreek leaves (methi),मेथी,ಮೆಂತ್ಯ ಸೊಪ್ಪು,500,g,vegetable,false,1
methi-curry,Green chilli,हरी मिर्च,ಹಸಿ ಮೆಣಸಿನಕಾಯಿ,0.67,piece,vegetable,false,2
methi-curry,Cumin (jeera),जीरा,ಜೀರಿಗೆ,0.33,tsp,staple,true,3
methi-curry,Turmeric,हल्दी,ಅರಿಶಿನ,0.17,tsp,staple,true,4
methi-curry,Red chilli powder,लाल मिर्च पाउडर,ಕೆಂಪು ಮೆಣಸಿನ ಪುಡಿ,0.33,tsp,staple,true,5
methi-curry,Garam masala,गरम मसाला,ಗರಂ ಮಸಾಲ,0.33,tsp,staple,true,6
methi-curry,Cooking oil,तेल,ಎಣ್ಣೆ,0.67,tbsp,staple,true,7
methi-curry,Coriander leaves,हरा धनिया,ಕೊತ್ತಂಬರಿ ಸೊಪ್ಪು,0.67,tbsp,vegetable,false,8
methi-masala,Fenugreek leaves (methi),मेथी,ಮೆಂತ್ಯ ಸೊಪ್ಪು,500,g,vegetable,false,1
methi-masala,Green chilli,हरी मिर्च,ಹಸಿ ಮೆಣಸಿನಕಾಯಿ,0.67,piece,vegetable,false,2
methi-masala,Cumin (jeera),जीरा,ಜೀರಿಗೆ,0.33,tsp,staple,true,3
methi-masala,Turmeric,हल्दी,ಅರಿಶಿನ,0.17,tsp,staple,true,4
methi-masala,Red chilli powder,लाल मिर्च पाउडर,ಕೆಂಪು ಮೆಣಸಿನ ಪುಡಿ,0.33,tsp,staple,true,5
methi-masala,Garam masala,गरम मसाला,ಗರಂ ಮಸಾಲ,0.33,tsp,staple,true,6
methi-masala,Cooking oil,तेल,ಎಣ್ಣೆ,0.67,tbsp,staple,true,7
methi-masala,Coriander leaves,हरा धनिया,ಕೊತ್ತಂಬರಿ ಸೊಪ್ಪು,0.67,tbsp,vegetable,false,8
methi-fry,Fenugreek leaves (methi),मेथी,ಮೆಂತ್ಯ ಸೊಪ್ಪು,500,g,vegetable,false,1
methi-fry,Green chilli,हरी मिर्च,ಹಸಿ ಮೆಣಸಿನಕಾಯಿ,0.67,piece,vegetable,false,2
methi-fry,Cumin (jeera),जीरा,ಜೀರಿಗೆ,0.33,tsp,staple,true,3
methi-fry,Turmeric,हल्दी,ಅರಿಶಿನ,0.17,tsp,staple,true,4
methi-fry,Red chilli powder,लाल मिर्च पाउडर,ಕೆಂಪು ಮೆಣಸಿನ ಪುಡಿ,0.33,tsp,staple,true,5
methi-fry,Garam masala,गरम मसाला,ಗರಂ ಮಸಾಲ,0.33,tsp,staple,true,6
methi-fry,Cooking oil,तेल,ಎಣ್ಣೆ,0.67,tbsp,staple,true,7
methi-fry,Coriander leaves,हरा धनिया,ಕೊತ್ತಂಬರಿ ಸೊಪ್ಪು,0.67,tbsp,vegetable,false,8
methi-roast,Fenugreek leaves (methi),मेथी,ಮೆಂತ್ಯ ಸೊಪ್ಪು,500,g,vegetable,false,1
methi-roast,Onion (medium),प्याज़,ಈರುಳ್ಳಿ,0.67,piece,vegetable,false,2
methi-roast,Ginger-garlic paste,अदरक-लहसुन पेस्ट,ಶುಂಠಿ-ಬೆಳ್ಳುಳ್ಳಿ ಪೇಸ್ಟ್,0.33,tbsp,staple,true,3
methi-roast,Tomato (medium),टमाटर,ಟೊಮೇಟೊ,0.67,piece,vegetable,false,4
methi-roast,Green chilli,हरी मिर्च,ಹಸಿ ಮೆಣಸಿನಕಾಯಿ,0.67,piece,vegetable,false,5
methi-roast,Cumin (jeera),जीरा,ಜೀರಿಗೆ,0.33,tsp,staple,true,6
methi-roast,Turmeric,हल्दी,ಅರಿಶಿನ,0.17,tsp,staple,true,7
methi-roast,Red chilli powder,लाल मिर्च पाउडर,ಕೆಂಪು ಮೆಣಸಿನ ಪುಡಿ,0.33,tsp,staple,true,8
methi-roast,Garam masala,गरम मसाला,ಗರಂ ಮಸಾಲ,0.33,tsp,staple,true,9
methi-roast,Cooking oil,तेल,ಎಣ್ಣೆ,0.67,tbsp,staple,true,10
methi-roast,Coriander leaves,हरा धनिया,ಕೊತ್ತಂಬರಿ ಸೊಪ್ಪು,0.67,tbsp,vegetable,false,11
methi-tikka,Fenugreek leaves (methi),मेथी,ಮೆಂತ್ಯ ಸೊಪ್ಪು,500,g,vegetable,false,1
methi-tikka,Green chilli,हरी मिर्च,ಹಸಿ ಮೆಣಸಿನಕಾಯಿ,0.67,piece,vegetable,false,2
methi-tikka,Cumin (jeera),जीरा,ಜೀರಿಗೆ,0.33,tsp,staple,true,3
methi-tikka,Turmeric,हल्दी,ಅರಿಶಿನ,0.17,tsp,staple,true,4
methi-tikka,Red chilli powder,लाल मिर्च पाउडर,ಕೆಂಪು ಮೆಣಸಿನ ಪುಡಿ,0.33,tsp,staple,true,5
methi-tikka,Garam masala,गरम मसाला,ಗರಂ ಮಸಾಲ,0.33,tsp,staple,true,6
methi-tikka,Cooking oil,तेल,ಎಣ್ಣೆ,0.67,tbsp,staple,true,7
methi-tikka,Coriander leaves,हरा धनिया,ಕೊತ್ತಂಬರಿ ಸೊಪ್ಪು,0.67,tbsp,vegetable,false,8
methi-korma,Fenugreek leaves (methi),मेथी,ಮೆಂತ್ಯ ಸೊಪ್ಪು,500,g,vegetable,false,1
methi-korma,Green chilli,हरी मिर्च,ಹಸಿ ಮೆಣಸಿನಕಾಯಿ,0.67,piece,vegetable,false,2
methi-korma,Cumin (jeera),जीरा,ಜೀರಿಗೆ,0.33,tsp,staple,true,3
methi-korma,Turmeric,हल्दी,ಅರಿಶಿನ,0.17,tsp,staple,true,4
methi-korma,Red chilli powder,लाल मिर्च पाउडर,ಕೆಂಪು ಮೆಣಸಿನ ಪುಡಿ,0.33,tsp,staple,true,5
methi-korma,Garam masala,गरम मसाला,ಗರಂ ಮಸಾಲ,0.33,tsp,staple,true,6
methi-korma,Cooking oil,तेल,ಎಣ್ಣೆ,0.67,tbsp,staple,true,7
methi-korma,Coriander leaves,हरा धनिया,ಕೊತ್ತಂಬರಿ ಸೊಪ್ಪು,0.67,tbsp,vegetable,false,8
methi-makhani,Fenugreek leaves (methi),मेथी,ಮೆಂತ್ಯ ಸೊಪ್ಪು,500,g,vegetable,false,1
methi-makhani,Onion (medium),प्याज़,ಈರುಳ್ಳಿ,0.67,piece,vegetable,false,2
methi-makhani,Ginger-garlic paste,अदरक-लहसुन पेस्ट,ಶುಂಠಿ-ಬೆಳ್ಳುಳ್ಳಿ ಪೇಸ್ಟ್,0.33,tbsp,staple,true,3
methi-makhani,Tomato (medium),टमाटर,ಟೊಮೇಟೊ,0.67,piece,vegetable,false,4
methi-makhani,Green chilli,हरी मिर्च,ಹಸಿ ಮೆಣಸಿನಕಾಯಿ,0.67,piece,vegetable,false,5
methi-makhani,Cumin (jeera),जीरा,ಜೀರಿಗೆ,0.33,tsp,staple,true,6
methi-makhani,Turmeric,हल्दी,ಅರಿಶಿನ,0.17,tsp,staple,true,7
methi-makhani,Red chilli powder,लाल मिर्च पाउडर,ಕೆಂಪು ಮೆಣಸಿನ ಪುಡಿ,0.33,tsp,staple,true,8
methi-makhani,Garam masala,गरम मसाला,ಗರಂ ಮಸಾಲ,0.33,tsp,staple,true,9
methi-makhani,Butter,मक्खन,ಬೆಣ್ಣೆ,1,tbsp,dairy,false,10
methi-makhani,Fresh cream,क्रीम,ಕ್ರೀಮ್,0.08,cup,dairy,false,11
methi-makhani,Kasuri methi,कसूरी मेथी,ಕಸೂರಿ ಮೆಂತ್ಯ,0.33,tsp,staple,true,12
methi-makhani,Coriander leaves,हरा धनिया,ಕೊತ್ತಂಬರಿ ಸೊಪ್ಪು,0.67,tbsp,vegetable,false,13
methi-bhurji,Fenugreek leaves (methi),मेथी,ಮೆಂತ್ಯ ಸೊಪ್ಪು,500,g,vegetable,false,1
methi-bhurji,Green chilli,हरी मिर्च,ಹಸಿ ಮೆಣಸಿನಕಾಯಿ,0.67,piece,vegetable,false,2
methi-bhurji,Cumin (jeera),जीरा,ಜೀರಿಗೆ,0.33,tsp,staple,true,3
methi-bhurji,Turmeric,हल्दी,ಅರಿಶಿನ,0.17,tsp,staple,true,4
methi-bhurji,Red chilli powder,लाल मिर्च पाउडर,ಕೆಂಪು ಮೆಣಸಿನ ಪುಡಿ,0.33,tsp,staple,true,5
methi-bhurji,Garam masala,गरम मसाला,ಗರಂ ಮಸಾಲ,0.33,tsp,staple,true,6
methi-bhurji,Cooking oil,तेल,ಎಣ್ಣೆ,0.67,tbsp,staple,true,7
methi-bhurji,Coriander leaves,हरा धनिया,ಕೊತ್ತಂಬರಿ ಸೊಪ್ಪು,0.67,tbsp,vegetable,false,8
methi-kofta,Fenugreek leaves (methi),मेथी,ಮೆಂತ್ಯ ಸೊಪ್ಪು,500,g,vegetable,false,1
methi-kofta,Green chilli,हरी मिर्च,ಹಸಿ ಮೆಣಸಿನಕಾಯಿ,0.67,piece,vegetable,false,2
methi-kofta,Cumin (jeera),जीरा,ಜೀರಿಗೆ,0.33,tsp,staple,true,3
methi-kofta,Turmeric,हल्दी,ಅರಿಶಿನ,0.17,tsp,staple,true,4
methi-kofta,Red chilli powder,लाल मिर्च पाउडर,ಕೆಂಪು ಮೆಣಸಿನ ಪುಡಿ,0.33,tsp,staple,true,5
methi-kofta,Garam masala,गरम मसाला,ಗರಂ ಮಸಾಲ,0.33,tsp,staple,true,6
methi-kofta,Cooking oil,तेल,ಎಣ್ಣೆ,0.67,tbsp,staple,true,7
methi-kofta,Coriander leaves,हरा धनिया,ಕೊತ್ತಂಬರಿ ಸೊಪ್ಪು,0.67,tbsp,vegetable,false,8
methi-saag,Fenugreek leaves (methi),मेथी,ಮೆಂತ್ಯ ಸೊಪ್ಪು,500,g,vegetable,false,1
methi-saag,Onion (medium),प्याज़,ಈರುಳ್ಳಿ,0.67,piece,vegetable,false,2
methi-saag,Ginger-garlic paste,अदरक-लहसुन पेस्ट,ಶುಂಠಿ-ಬೆಳ್ಳುಳ್ಳಿ ಪೇಸ್ಟ್,0.33,tbsp,staple,true,3
methi-saag,Tomato (medium),टमाटर,ಟೊಮೇಟೊ,0.67,piece,vegetable,false,4
methi-saag,Green chilli,हरी मिर्च,ಹಸಿ ಮೆಣಸಿನಕಾಯಿ,0.67,piece,vegetable,false,5
methi-saag,Cumin (jeera),जीरा,ಜೀರಿಗೆ,0.33,tsp,staple,true,6
methi-saag,Turmeric,हल्दी,ಅರಿಶಿನ,0.17,tsp,staple,true,7
methi-saag,Red chilli powder,लाल मिर्च पाउडर,ಕೆಂಪು ಮೆಣಸಿನ ಪುಡಿ,0.33,tsp,staple,true,8
methi-saag,Garam masala,गरम मसाला,ಗರಂ ಮಸಾಲ,0.33,tsp,staple,true,9
methi-saag,Cooking oil,तेल,ಎಣ್ಣೆ,0.67,tbsp,staple,true,10
methi-saag,Coriander leaves,हरा धनिया,ಕೊತ್ತಂಬರಿ ಸೊಪ್ಪು,0.67,tbsp,vegetable,false,11
methi-vindaloo,Fenugreek leaves (methi),मेथी,ಮೆಂತ್ಯ ಸೊಪ್ಪು,500,g,vegetable,false,1
methi-vindaloo,Green chilli,हरी मिर्च,ಹಸಿ ಮೆಣಸಿನಕಾಯಿ,0.67,piece,vegetable,false,2
methi-vindaloo,Cumin (jeera),जीरा,ಜೀರಿಗೆ,0.33,tsp,staple,true,3
methi-vindaloo,Turmeric,हल्दी,ಅರಿಶಿನ,0.17,tsp,staple,true,4
methi-vindaloo,Red chilli powder,लाल मिर्च पाउडर,ಕೆಂಪು ಮೆಣಸಿನ ಪುಡಿ,0.33,tsp,staple,true,5
methi-vindaloo,Garam masala,गरम मसाला,ಗರಂ ಮಸಾಲ,0.33,tsp,staple,true,6
methi-vindaloo,Cooking oil,तेल,ಎಣ್ಣೆ,0.67,tbsp,staple,true,7
methi-vindaloo,Coriander leaves,हरा धनिया,ಕೊತ್ತಂಬರಿ ಸೊಪ್ಪು,0.67,tbsp,vegetable,false,8
methi-chettinad,Fenugreek leaves (methi),मेथी,ಮೆಂತ್ಯ ಸೊಪ್ಪು,500,g,vegetable,false,1
methi-chettinad,Onion (medium),प्याज़,ಈರುಳ್ಳಿ,0.67,piece,vegetable,false,2
methi-chettinad,Ginger-garlic paste,अदरक-लहसुन पेस्ट,ಶುಂಠಿ-ಬೆಳ್ಳುಳ್ಳಿ ಪೇಸ್ಟ್,0.33,tbsp,staple,true,3
methi-chettinad,Tomato (medium),टमाटर,ಟೊಮೇಟೊ,0.67,piece,vegetable,false,4
methi-chettinad,Green chilli,हरी मिर्च,ಹಸಿ ಮೆಣಸಿನಕಾಯಿ,0.67,piece,vegetable,false,5
methi-chettinad,Cumin (jeera),जीरा,ಜೀರಿಗೆ,0.33,tsp,staple,true,6
methi-chettinad,Turmeric,हल्दी,ಅರಿಶಿನ,0.17,tsp,staple,true,7
methi-chettinad,Red chilli powder,लाल मिर्च पाउडर,ಕೆಂಪು ಮೆಣಸಿನ ಪುಡಿ,0.33,tsp,staple,true,8
methi-chettinad,Garam masala,गरम मसाला,ಗರಂ ಮಸಾಲ,0.33,tsp,staple,true,9
methi-chettinad,Cooking oil,तेल,ಎಣ್ಣೆ,0.67,tbsp,staple,true,10
methi-chettinad,Coriander leaves,हरा धनिया,ಕೊತ್ತಂಬರಿ ಸೊಪ್ಪು,0.67,tbsp,vegetable,false,11
methi-do-pyaza,Fenugreek leaves (methi),मेथी,ಮೆಂತ್ಯ ಸೊಪ್ಪು,500,g,vegetable,false,1
methi-do-pyaza,Green chilli,हरी मिर्च,ಹಸಿ ಮೆಣಸಿನಕಾಯಿ,0.67,piece,vegetable,false,2
methi-do-pyaza,Cumin (jeera),जीरा,ಜೀರಿಗೆ,0.33,tsp,staple,true,3
methi-do-pyaza,Turmeric,हल्दी,ಅರಿಶಿನ,0.17,tsp,staple,true,4
methi-do-pyaza,Red chilli powder,लाल मिर्च पाउडर,ಕೆಂಪು ಮೆಣಸಿನ ಪುಡಿ,0.33,tsp,staple,true,5
methi-do-pyaza,Garam masala,गरम मसाला,ಗರಂ ಮಸಾಲ,0.33,tsp,staple,true,6
methi-do-pyaza,Cooking oil,तेल,ಎಣ್ಣೆ,0.67,tbsp,staple,true,7
methi-do-pyaza,Coriander leaves,हरा धनिया,ಕೊತ್ತಂಬರಿ ಸೊಪ್ಪು,0.67,tbsp,vegetable,false,8
methi-salna,Fenugreek leaves (methi),मेथी,ಮೆಂತ್ಯ ಸೊಪ್ಪು,500,g,vegetable,false,1
methi-salna,Green chilli,हरी मिर्च,ಹಸಿ ಮೆಣಸಿನಕಾಯಿ,0.67,piece,vegetable,false,2
methi-salna,Cumin (jeera),जीरा,ಜೀರಿಗೆ,0.33,tsp,staple,true,3
methi-salna,Turmeric,हल्दी,ಅರಿಶಿನ,0.17,tsp,staple,true,4
methi-salna,Red chilli powder,लाल मिर्च पाउडर,ಕೆಂಪು ಮೆಣಸಿನ ಪುಡಿ,0.33,tsp,staple,true,5
methi-salna,Garam masala,गरम मसाला,ಗರಂ ಮಸಾಲ,0.33,tsp,staple,true,6
methi-salna,Cooking oil,तेल,ಎಣ್ಣೆ,0.67,tbsp,staple,true,7
methi-salna,Coriander leaves,हरा धनिया,ಕೊತ್ತಂಬರಿ ಸೊಪ್ಪು,0.67,tbsp,vegetable,false,8
methi-kurma,Fenugreek leaves (methi),मेथी,ಮೆಂತ್ಯ ಸೊಪ್ಪು,500,g,vegetable,false,1
methi-kurma,Onion (medium),प्याज़,ಈರುಳ್ಳಿ,0.67,piece,vegetable,false,2
methi-kurma,Ginger-garlic paste,अदरक-लहसुन पेस्ट,ಶುಂಠಿ-ಬೆಳ್ಳುಳ್ಳಿ ಪೇಸ್ಟ್,0.33,tbsp,staple,true,3
methi-kurma,Tomato (medium),टमाटर,ಟೊಮೇಟೊ,0.67,piece,vegetable,false,4
methi-kurma,Green chilli,हरी मिर्च,ಹಸಿ ಮೆಣಸಿನಕಾಯಿ,0.67,piece,vegetable,false,5
methi-kurma,Cumin (jeera),जीरा,ಜೀರಿಗೆ,0.33,tsp,staple,true,6
methi-kurma,Turmeric,हल्दी,ಅರಿಶಿನ,0.17,tsp,staple,true,7
methi-kurma,Red chilli powder,लाल मिर्च पाउडर,ಕೆಂಪು ಮೆಣಸಿನ ಪುಡಿ,0.33,tsp,staple,true,8
methi-kurma,Garam masala,गरम मसाला,ಗರಂ ಮಸಾಲ,0.33,tsp,staple,true,9
methi-kurma,Cooking oil,तेल,ಎಣ್ಣೆ,0.67,tbsp,staple,true,10
methi-kurma,Coriander leaves,हरा धनिया,ಕೊತ್ತಂಬರಿ ಸೊಪ್ಪು,0.67,tbsp,vegetable,false,11
sarson-curry,Mustard greens (sarson),सरसों का साग,ಸಾಸಿವೆ ಸೊಪ್ಪು,500,g,vegetable,false,1
sarson-curry,Green chilli,हरी मिर्च,ಹಸಿ ಮೆಣಸಿನಕಾಯಿ,0.67,piece,vegetable,false,2
sarson-curry,Cumin (jeera),जीरा,ಜೀರಿಗೆ,0.33,tsp,staple,true,3
sarson-curry,Turmeric,हल्दी,ಅರಿಶಿನ,0.17,tsp,staple,true,4
sarson-curry,Red chilli powder,लाल मिर्च पाउडर,ಕೆಂಪು ಮೆಣಸಿನ ಪುಡಿ,0.33,tsp,staple,true,5
sarson-curry,Garam masala,गरम मसाला,ಗರಂ ಮಸಾಲ,0.33,tsp,staple,true,6
sarson-curry,Cooking oil,तेल,ಎಣ್ಣೆ,0.67,tbsp,staple,true,7
sarson-curry,Coriander leaves,हरा धनिया,ಕೊತ್ತಂಬರಿ ಸೊಪ್ಪು,0.67,tbsp,vegetable,false,8
sarson-masala,Mustard greens (sarson),सरसों का साग,ಸಾಸಿವೆ ಸೊಪ್ಪು,500,g,vegetable,false,1
sarson-masala,Onion (medium),प्याज़,ಈರುಳ್ಳಿ,0.67,piece,vegetable,false,2
sarson-masala,Ginger-garlic paste,अदरक-लहसुन पेस्ट,ಶುಂಠಿ-ಬೆಳ್ಳುಳ್ಳಿ ಪೇಸ್ಟ್,0.33,tbsp,staple,true,3
sarson-masala,Tomato (medium),टमाटर,ಟೊಮೇಟೊ,0.67,piece,vegetable,false,4
sarson-masala,Green chilli,हरी मिर्च,ಹಸಿ ಮೆಣಸಿನಕಾಯಿ,0.67,piece,vegetable,false,5
sarson-masala,Cumin (jeera),जीरा,ಜೀರಿಗೆ,0.33,tsp,staple,true,6
sarson-masala,Turmeric,हल्दी,ಅರಿಶಿನ,0.17,tsp,staple,true,7
sarson-masala,Red chilli powder,लाल मिर्च पाउडर,ಕೆಂಪು ಮೆಣಸಿನ ಪುಡಿ,0.33,tsp,staple,true,8
sarson-masala,Garam masala,गरम मसाला,ಗರಂ ಮಸಾಲ,0.33,tsp,staple,true,9
sarson-masala,Cooking oil,तेल,ಎಣ್ಣೆ,0.67,tbsp,staple,true,10
sarson-masala,Coriander leaves,हरा धनिया,ಕೊತ್ತಂಬರಿ ಸೊಪ್ಪು,0.67,tbsp,vegetable,false,11
sarson-fry,Mustard greens (sarson),सरसों का साग,ಸಾಸಿವೆ ಸೊಪ್ಪು,500,g,vegetable,false,1
sarson-fry,Onion (medium),प्याज़,ಈರುಳ್ಳಿ,0.67,piece,vegetable,false,2
sarson-fry,Ginger-garlic paste,अदरक-लहसुन पेस्ट,ಶುಂಠಿ-ಬೆಳ್ಳುಳ್ಳಿ ಪೇಸ್ಟ್,0.33,tbsp,staple,true,3
sarson-fry,Tomato (medium),टमाटर,ಟೊಮೇಟೊ,0.67,piece,vegetable,false,4
sarson-fry,Green chilli,हरी मिर्च,ಹಸಿ ಮೆಣಸಿನಕಾಯಿ,0.67,piece,vegetable,false,5
sarson-fry,Cumin (jeera),जीरा,ಜೀರಿಗೆ,0.33,tsp,staple,true,6
sarson-fry,Turmeric,हल्दी,ಅರಿಶಿನ,0.17,tsp,staple,true,7
sarson-fry,Red chilli powder,लाल मिर्च पाउडर,ಕೆಂಪು ಮೆಣಸಿನ ಪುಡಿ,0.33,tsp,staple,true,8
sarson-fry,Garam masala,गरम मसाला,ಗರಂ ಮಸಾಲ,0.33,tsp,staple,true,9
sarson-fry,Cooking oil,तेल,ಎಣ್ಣೆ,0.67,tbsp,staple,true,10
sarson-fry,Coriander leaves,हरा धनिया,ಕೊತ್ತಂಬರಿ ಸೊಪ್ಪು,0.67,tbsp,vegetable,false,11
sarson-roast,Mustard greens (sarson),सरसों का साग,ಸಾಸಿವೆ ಸೊಪ್ಪು,500,g,vegetable,false,1
sarson-roast,Onion (medium),प्याज़,ಈರುಳ್ಳಿ,0.67,piece,vegetable,false,2
sarson-roast,Ginger-garlic paste,अदरक-लहसुन पेस्ट,ಶುಂಠಿ-ಬೆಳ್ಳುಳ್ಳಿ ಪೇಸ್ಟ್,0.33,tbsp,staple,true,3
sarson-roast,Tomato (medium),टमाटर,ಟೊಮೇಟೊ,0.67,piece,vegetable,false,4
sarson-roast,Green chilli,हरी मिर्च,ಹಸಿ ಮೆಣಸಿನಕಾಯಿ,0.67,piece,vegetable,false,5
sarson-roast,Cumin (jeera),जीरा,ಜೀರಿಗೆ,0.33,tsp,staple,true,6
sarson-roast,Turmeric,हल्दी,ಅರಿಶಿನ,0.17,tsp,staple,true,7
sarson-roast,Red chilli powder,लाल मिर्च पाउडर,ಕೆಂಪು ಮೆಣಸಿನ ಪುಡಿ,0.33,tsp,staple,true,8
sarson-roast,Garam masala,गरम मसाला,ಗರಂ ಮಸಾಲ,0.33,tsp,staple,true,9
sarson-roast,Cooking oil,तेल,ಎಣ್ಣೆ,0.67,tbsp,staple,true,10
sarson-roast,Coriander leaves,हरा धनिया,ಕೊತ್ತಂಬರಿ ಸೊಪ್ಪು,0.67,tbsp,vegetable,false,11
sarson-tikka,Mustard greens (sarson),सरसों का साग,ಸಾಸಿವೆ ಸೊಪ್ಪು,500,g,vegetable,false,1
sarson-tikka,Onion (medium),प्याज़,ಈರುಳ್ಳಿ,0.67,piece,vegetable,false,2
sarson-tikka,Ginger-garlic paste,अदरक-लहसुन पेस्ट,ಶುಂಠಿ-ಬೆಳ್ಳುಳ್ಳಿ ಪೇಸ್ಟ್,0.33,tbsp,staple,true,3
sarson-tikka,Tomato (medium),टमाटर,ಟೊಮೇಟೊ,0.67,piece,vegetable,false,4
sarson-tikka,Green chilli,हरी मिर्च,ಹಸಿ ಮೆಣಸಿನಕಾಯಿ,0.67,piece,vegetable,false,5
sarson-tikka,Cumin (jeera),जीरा,ಜೀರಿಗೆ,0.33,tsp,staple,true,6
sarson-tikka,Turmeric,हल्दी,ಅರಿಶಿನ,0.17,tsp,staple,true,7
sarson-tikka,Red chilli powder,लाल मिर्च पाउडर,ಕೆಂಪು ಮೆಣಸಿನ ಪುಡಿ,0.33,tsp,staple,true,8
sarson-tikka,Garam masala,गरम मसाला,ಗರಂ ಮಸಾಲ,0.33,tsp,staple,true,9
sarson-tikka,Cooking oil,तेल,ಎಣ್ಣೆ,0.67,tbsp,staple,true,10
sarson-tikka,Coriander leaves,हरा धनिया,ಕೊತ್ತಂಬರಿ ಸೊಪ್ಪು,0.67,tbsp,vegetable,false,11
sarson-korma,Mustard greens (sarson),सरसों का साग,ಸಾಸಿವೆ ಸೊಪ್ಪು,500,g,vegetable,false,1
sarson-korma,Green chilli,हरी मिर्च,ಹಸಿ ಮೆಣಸಿನಕಾಯಿ,0.67,piece,vegetable,false,2
sarson-korma,Cumin (jeera),जीरा,ಜೀರಿಗೆ,0.33,tsp,staple,true,3
sarson-korma,Turmeric,हल्दी,ಅರಿಶಿನ,0.17,tsp,staple,true,4
sarson-korma,Red chilli powder,लाल मिर्च पाउडर,ಕೆಂಪು ಮೆಣಸಿನ ಪುಡಿ,0.33,tsp,staple,true,5
sarson-korma,Garam masala,गरम मसाला,ಗರಂ ಮಸಾಲ,0.33,tsp,staple,true,6
sarson-korma,Cooking oil,तेल,ಎಣ್ಣೆ,0.67,tbsp,staple,true,7
sarson-korma,Coriander leaves,हरा धनिया,ಕೊತ್ತಂಬರಿ ಸೊಪ್ಪು,0.67,tbsp,vegetable,false,8
sarson-makhani,Mustard greens (sarson),सरसों का साग,ಸಾಸಿವೆ ಸೊಪ್ಪು,500,g,vegetable,false,1
sarson-makhani,Green chilli,हरी मिर्च,ಹಸಿ ಮೆಣಸಿನಕಾಯಿ,0.67,piece,vegetable,false,2
sarson-makhani,Cumin (jeera),जीरा,ಜೀರಿಗೆ,0.33,tsp,staple,true,3
sarson-makhani,Turmeric,हल्दी,ಅರಿಶಿನ,0.17,tsp,staple,true,4
sarson-makhani,Red chilli powder,लाल मिर्च पाउडर,ಕೆಂಪು ಮೆಣಸಿನ ಪುಡಿ,0.33,tsp,staple,true,5
sarson-makhani,Garam masala,गरम मसाला,ಗರಂ ಮಸಾಲ,0.33,tsp,staple,true,6
sarson-makhani,Butter,मक्खन,ಬೆಣ್ಣೆ,1,tbsp,dairy,false,7
sarson-makhani,Fresh cream,क्रीम,ಕ್ರೀಮ್,0.08,cup,dairy,false,8
sarson-makhani,Kasuri methi,कसूरी मेथी,ಕಸೂರಿ ಮೆಂತ್ಯ,0.33,tsp,staple,true,9
sarson-makhani,Coriander leaves,हरा धनिया,ಕೊತ್ತಂಬರಿ ಸೊಪ್ಪು,0.67,tbsp,vegetable,false,10
sarson-bhurji,Mustard greens (sarson),सरसों का साग,ಸಾಸಿವೆ ಸೊಪ್ಪು,500,g,vegetable,false,1
sarson-bhurji,Onion (medium),प्याज़,ಈರುಳ್ಳಿ,0.67,piece,vegetable,false,2
sarson-bhurji,Ginger-garlic paste,अदरक-लहसुन पेस्ट,ಶುಂಠಿ-ಬೆಳ್ಳುಳ್ಳಿ ಪೇಸ್ಟ್,0.33,tbsp,staple,true,3
sarson-bhurji,Tomato (medium),टमाटर,ಟೊಮೇಟೊ,0.67,piece,vegetable,false,4
sarson-bhurji,Green chilli,हरी मिर्च,ಹಸಿ ಮೆಣಸಿನಕಾಯಿ,0.67,piece,vegetable,false,5
sarson-bhurji,Cumin (jeera),जीरा,ಜೀರಿಗೆ,0.33,tsp,staple,true,6
sarson-bhurji,Turmeric,हल्दी,ಅರಿಶಿನ,0.17,tsp,staple,true,7
sarson-bhurji,Red chilli powder,लाल मिर्च पाउडर,ಕೆಂಪು ಮೆಣಸಿನ ಪುಡಿ,0.33,tsp,staple,true,8
sarson-bhurji,Garam masala,गरम मसाला,ಗರಂ ಮಸಾಲ,0.33,tsp,staple,true,9
sarson-bhurji,Cooking oil,तेल,ಎಣ್ಣೆ,0.67,tbsp,staple,true,10
sarson-bhurji,Coriander leaves,हरा धनिया,ಕೊತ್ತಂಬರಿ ಸೊಪ್ಪು,0.67,tbsp,vegetable,false,11
sarson-kofta,Mustard greens (sarson),सरसों का साग,ಸಾಸಿವೆ ಸೊಪ್ಪು,500,g,vegetable,false,1
sarson-kofta,Green chilli,हरी मिर्च,ಹಸಿ ಮೆಣಸಿನಕಾಯಿ,0.67,piece,vegetable,false,2
sarson-kofta,Cumin (jeera),जीरा,ಜೀರಿಗೆ,0.33,tsp,staple,true,3
sarson-kofta,Turmeric,हल्दी,ಅರಿಶಿನ,0.17,tsp,staple,true,4
sarson-kofta,Red chilli powder,लाल मिर्च पाउडर,ಕೆಂಪು ಮೆಣಸಿನ ಪುಡಿ,0.33,tsp,staple,true,5
sarson-kofta,Garam masala,गरम मसाला,ಗರಂ ಮಸಾಲ,0.33,tsp,staple,true,6
sarson-kofta,Cooking oil,तेल,ಎಣ್ಣೆ,0.67,tbsp,staple,true,7
sarson-kofta,Coriander leaves,हरा धनिया,ಕೊತ್ತಂಬರಿ ಸೊಪ್ಪು,0.67,tbsp,vegetable,false,8
sarson-saag,Mustard greens (sarson),सरसों का साग,ಸಾಸಿವೆ ಸೊಪ್ಪು,500,g,vegetable,false,1
sarson-saag,Green chilli,हरी मिर्च,ಹಸಿ ಮೆಣಸಿನಕಾಯಿ,0.67,piece,vegetable,false,2
sarson-saag,Cumin (jeera),जीरा,ಜೀರಿಗೆ,0.33,tsp,staple,true,3
sarson-saag,Turmeric,हल्दी,ಅರಿಶಿನ,0.17,tsp,staple,true,4
sarson-saag,Red chilli powder,लाल मिर्च पाउडर,ಕೆಂಪು ಮೆಣಸಿನ ಪುಡಿ,0.33,tsp,staple,true,5
sarson-saag,Garam masala,गरम मसाला,ಗರಂ ಮಸಾಲ,0.33,tsp,staple,true,6
sarson-saag,Cooking oil,तेल,ಎಣ್ಣೆ,0.67,tbsp,staple,true,7
sarson-saag,Coriander leaves,हरा धनिया,ಕೊತ್ತಂಬರಿ ಸೊಪ್ಪು,0.67,tbsp,vegetable,false,8
sarson-vindaloo,Mustard greens (sarson),सरसों का साग,ಸಾಸಿವೆ ಸೊಪ್ಪು,500,g,vegetable,false,1
sarson-vindaloo,Green chilli,हरी मिर्च,ಹಸಿ ಮೆಣಸಿನಕಾಯಿ,0.67,piece,vegetable,false,2
sarson-vindaloo,Cumin (jeera),जीरा,ಜೀರಿಗೆ,0.33,tsp,staple,true,3
sarson-vindaloo,Turmeric,हल्दी,ಅರಿಶಿನ,0.17,tsp,staple,true,4
sarson-vindaloo,Red chilli powder,लाल मिर्च पाउडर,ಕೆಂಪು ಮೆಣಸಿನ ಪುಡಿ,0.33,tsp,staple,true,5
sarson-vindaloo,Garam masala,गरम मसाला,ಗರಂ ಮಸಾಲ,0.33,tsp,staple,true,6
sarson-vindaloo,Cooking oil,तेल,ಎಣ್ಣೆ,0.67,tbsp,staple,true,7
sarson-vindaloo,Coriander leaves,हरा धनिया,ಕೊತ್ತಂಬರಿ ಸೊಪ್ಪು,0.67,tbsp,vegetable,false,8
sarson-chettinad,Mustard greens (sarson),सरसों का साग,ಸಾಸಿವೆ ಸೊಪ್ಪು,500,g,vegetable,false,1
sarson-chettinad,Green chilli,हरी मिर्च,ಹಸಿ ಮೆಣಸಿನಕಾಯಿ,0.67,piece,vegetable,false,2
sarson-chettinad,Cumin (jeera),जीरा,ಜೀರಿಗೆ,0.33,tsp,staple,true,3
sarson-chettinad,Turmeric,हल्दी,ಅರಿಶಿನ,0.17,tsp,staple,true,4
sarson-chettinad,Red chilli powder,लाल मिर्च पाउडर,ಕೆಂಪು ಮೆಣಸಿನ ಪುಡಿ,0.33,tsp,staple,true,5
sarson-chettinad,Garam masala,गरम मसाला,ಗರಂ ಮಸಾಲ,0.33,tsp,staple,true,6
sarson-chettinad,Cooking oil,तेल,ಎಣ್ಣೆ,0.67,tbsp,staple,true,7
sarson-chettinad,Coriander leaves,हरा धनिया,ಕೊತ್ತಂಬರಿ ಸೊಪ್ಪು,0.67,tbsp,vegetable,false,8
sarson-do-pyaza,Mustard greens (sarson),सरसों का साग,ಸಾಸಿವೆ ಸೊಪ್ಪು,500,g,vegetable,false,1
sarson-do-pyaza,Onion (medium),प्याज़,ಈರುಳ್ಳಿ,0.67,piece,vegetable,false,2
sarson-do-pyaza,Ginger-garlic paste,अदरक-लहसुन पेस्ट,ಶುಂಠಿ-ಬೆಳ್ಳುಳ್ಳಿ ಪೇಸ್ಟ್,0.33,tbsp,staple,true,3
sarson-do-pyaza,Tomato (medium),टमाटर,ಟೊಮೇಟೊ,0.67,piece,vegetable,false,4
sarson-do-pyaza,Green chilli,हरी मिर्च,ಹಸಿ ಮೆಣಸಿನಕಾಯಿ,0.67,piece,vegetable,false,5
sarson-do-pyaza,Cumin (jeera),जीरा,ಜೀರಿಗೆ,0.33,tsp,staple,true,6
sarson-do-pyaza,Turmeric,हल्दी,ಅರಿಶಿನ,0.17,tsp,staple,true,7
sarson-do-pyaza,Red chilli powder,लाल मिर्च पाउडर,ಕೆಂಪು ಮೆಣಸಿನ ಪುಡಿ,0.33,tsp,staple,true,8
sarson-do-pyaza,Garam masala,गरम मसाला,ಗರಂ ಮಸಾಲ,0.33,tsp,staple,true,9
sarson-do-pyaza,Cooking oil,तेल,ಎಣ್ಣೆ,0.67,tbsp,staple,true,10
sarson-do-pyaza,Coriander leaves,हरा धनिया,ಕೊತ್ತಂಬರಿ ಸೊಪ್ಪು,0.67,tbsp,vegetable,false,11
sarson-salna,Mustard greens (sarson),सरसों का साग,ಸಾಸಿವೆ ಸೊಪ್ಪು,500,g,vegetable,false,1
sarson-salna,Green chilli,हरी मिर्च,ಹಸಿ ಮೆಣಸಿನಕಾಯಿ,0.67,piece,vegetable,false,2
sarson-salna,Cumin (jeera),जीरा,ಜೀರಿಗೆ,0.33,tsp,staple,true,3
sarson-salna,Turmeric,हल्दी,ಅರಿಶಿನ,0.17,tsp,staple,true,4
sarson-salna,Red chilli powder,लाल मिर्च पाउडर,ಕೆಂಪು ಮೆಣಸಿನ ಪುಡಿ,0.33,tsp,staple,true,5
sarson-salna,Garam masala,गरम मसाला,ಗರಂ ಮಸಾಲ,0.33,tsp,staple,true,6
sarson-salna,Cooking oil,तेल,ಎಣ್ಣೆ,0.67,tbsp,staple,true,7
sarson-salna,Coriander leaves,हरा धनिया,ಕೊತ್ತಂಬರಿ ಸೊಪ್ಪು,0.67,tbsp,vegetable,false,8
sarson-kurma,Mustard greens (sarson),सरसों का साग,ಸಾಸಿವೆ ಸೊಪ್ಪು,500,g,vegetable,false,1
sarson-kurma,Onion (medium),प्याज़,ಈರುಳ್ಳಿ,0.67,piece,vegetable,false,2
sarson-kurma,Ginger-garlic paste,अदरक-लहसुन पेस्ट,ಶುಂಠಿ-ಬೆಳ್ಳುಳ್ಳಿ ಪೇಸ್ಟ್,0.33,tbsp,staple,true,3
sarson-kurma,Tomato (medium),टमाटर,ಟೊಮೇಟೊ,0.67,piece,vegetable,false,4
sarson-kurma,Green chilli,हरी मिर्च,ಹಸಿ ಮೆಣಸಿನಕಾಯಿ,0.67,piece,vegetable,false,5
sarson-kurma,Cumin (jeera),जीरा,ಜೀರಿಗೆ,0.33,tsp,staple,true,6
sarson-kurma,Turmeric,हल्दी,ಅರಿಶಿನ,0.17,tsp,staple,true,7
sarson-kurma,Red chilli powder,लाल मिर्च पाउडर,ಕೆಂಪು ಮೆಣಸಿನ ಪುಡಿ,0.33,tsp,staple,true,8
sarson-kurma,Garam masala,गरम मसाला,ಗರಂ ಮಸಾಲ,0.33,tsp,staple,true,9
sarson-kurma,Cooking oil,तेल,ಎಣ್ಣೆ,0.67,tbsp,staple,true,10
sarson-kurma,Coriander leaves,हरा धनिया,ಕೊತ್ತಂಬರಿ ಸೊಪ್ಪು,0.67,tbsp,vegetable,false,11
mix-veg-curry,Mixed vegetables,मिक्स सब्ज़ी,ಮಿಶ್ರ ತರಕಾರಿ,500,g,vegetable,false,1
mix-veg-curry,Green chilli,हरी मिर्च,ಹಸಿ ಮೆಣಸಿನಕಾಯಿ,0.67,piece,vegetable,false,2
mix-veg-curry,Cumin (jeera),जीरा,ಜೀರಿಗೆ,0.33,tsp,staple,true,3
mix-veg-curry,Turmeric,हल्दी,ಅರಿಶಿನ,0.17,tsp,staple,true,4
mix-veg-curry,Red chilli powder,लाल मिर्च पाउडर,ಕೆಂಪು ಮೆಣಸಿನ ಪುಡಿ,0.33,tsp,staple,true,5
mix-veg-curry,Garam masala,गरम मसाला,ಗರಂ ಮಸಾಲ,0.33,tsp,staple,true,6
mix-veg-curry,Cooking oil,तेल,ಎಣ್ಣೆ,0.67,tbsp,staple,true,7
mix-veg-curry,Coriander leaves,हरा धनिया,ಕೊತ್ತಂಬರಿ ಸೊಪ್ಪು,0.67,tbsp,vegetable,false,8
mix-veg-masala,Mixed vegetables,मिक्स सब्ज़ी,ಮಿಶ್ರ ತರಕಾರಿ,500,g,vegetable,false,1
mix-veg-masala,Green chilli,हरी मिर्च,ಹಸಿ ಮೆಣಸಿನಕಾಯಿ,0.67,piece,vegetable,false,2
mix-veg-masala,Cumin (jeera),जीरा,ಜೀರಿಗೆ,0.33,tsp,staple,true,3
mix-veg-masala,Turmeric,हल्दी,ಅರಿಶಿನ,0.17,tsp,staple,true,4
mix-veg-masala,Red chilli powder,लाल मिर्च पाउडर,ಕೆಂಪು ಮೆಣಸಿನ ಪುಡಿ,0.33,tsp,staple,true,5
mix-veg-masala,Garam masala,गरम मसाला,ಗರಂ ಮಸಾಲ,0.33,tsp,staple,true,6
mix-veg-masala,Cooking oil,तेल,ಎಣ್ಣೆ,0.67,tbsp,staple,true,7
mix-veg-masala,Coriander leaves,हरा धनिया,ಕೊತ್ತಂಬರಿ ಸೊಪ್ಪು,0.67,tbsp,vegetable,false,8
mix-veg-fry,Mixed vegetables,मिक्स सब्ज़ी,ಮಿಶ್ರ ತರಕಾರಿ,500,g,vegetable,false,1
mix-veg-fry,Onion (medium),प्याज़,ಈರುಳ್ಳಿ,0.67,piece,vegetable,false,2
mix-veg-fry,Ginger-garlic paste,अदरक-लहसुन पेस्ट,ಶುಂಠಿ-ಬೆಳ್ಳುಳ್ಳಿ ಪೇಸ್ಟ್,0.33,tbsp,staple,true,3
mix-veg-fry,Tomato (medium),टमाटर,ಟೊಮೇಟೊ,0.67,piece,vegetable,false,4
mix-veg-fry,Green chilli,हरी मिर्च,ಹಸಿ ಮೆಣಸಿನಕಾಯಿ,0.67,piece,vegetable,false,5
mix-veg-fry,Cumin (jeera),जीरा,ಜೀರಿಗೆ,0.33,tsp,staple,true,6
mix-veg-fry,Turmeric,हल्दी,ಅರಿಶಿನ,0.17,tsp,staple,true,7
mix-veg-fry,Red chilli powder,लाल मिर्च पाउडर,ಕೆಂಪು ಮೆಣಸಿನ ಪುಡಿ,0.33,tsp,staple,true,8
mix-veg-fry,Garam masala,गरम मसाला,ಗರಂ ಮಸಾಲ,0.33,tsp,staple,true,9
mix-veg-fry,Cooking oil,तेल,ಎಣ್ಣೆ,0.67,tbsp,staple,true,10
mix-veg-fry,Coriander leaves,हरा धनिया,ಕೊತ್ತಂಬರಿ ಸೊಪ್ಪು,0.67,tbsp,vegetable,false,11
mix-veg-roast,Mixed vegetables,मिक्स सब्ज़ी,ಮಿಶ್ರ ತರಕಾರಿ,500,g,vegetable,false,1
mix-veg-roast,Onion (medium),प्याज़,ಈರುಳ್ಳಿ,0.67,piece,vegetable,false,2
mix-veg-roast,Ginger-garlic paste,अदरक-लहसुन पेस्ट,ಶುಂಠಿ-ಬೆಳ್ಳುಳ್ಳಿ ಪೇಸ್ಟ್,0.33,tbsp,staple,true,3
mix-veg-roast,Tomato (medium),टमाटर,ಟೊಮೇಟೊ,0.67,piece,vegetable,false,4
mix-veg-roast,Green chilli,हरी मिर्च,ಹಸಿ ಮೆಣಸಿನಕಾಯಿ,0.67,piece,vegetable,false,5
mix-veg-roast,Cumin (jeera),जीरा,ಜೀರಿಗೆ,0.33,tsp,staple,true,6
mix-veg-roast,Turmeric,हल्दी,ಅರಿಶಿನ,0.17,tsp,staple,true,7
mix-veg-roast,Red chilli powder,लाल मिर्च पाउडर,ಕೆಂಪು ಮೆಣಸಿನ ಪುಡಿ,0.33,tsp,staple,true,8
mix-veg-roast,Garam masala,गरम मसाला,ಗರಂ ಮಸಾಲ,0.33,tsp,staple,true,9
mix-veg-roast,Cooking oil,तेल,ಎಣ್ಣೆ,0.67,tbsp,staple,true,10
mix-veg-roast,Coriander leaves,हरा धनिया,ಕೊತ್ತಂಬರಿ ಸೊಪ್ಪು,0.67,tbsp,vegetable,false,11
mix-veg-tikka,Mixed vegetables,मिक्स सब्ज़ी,ಮಿಶ್ರ ತರಕಾರಿ,500,g,vegetable,false,1
mix-veg-tikka,Onion (medium),प्याज़,ಈರುಳ್ಳಿ,0.67,piece,vegetable,false,2
mix-veg-tikka,Ginger-garlic paste,अदरक-लहसुन पेस्ट,ಶುಂಠಿ-ಬೆಳ್ಳುಳ್ಳಿ ಪೇಸ್ಟ್,0.33,tbsp,staple,true,3
mix-veg-tikka,Tomato (medium),टमाटर,ಟೊಮೇಟೊ,0.67,piece,vegetable,false,4
mix-veg-tikka,Green chilli,हरी मिर्च,ಹಸಿ ಮೆಣಸಿನಕಾಯಿ,0.67,piece,vegetable,false,5
mix-veg-tikka,Cumin (jeera),जीरा,ಜೀರಿಗೆ,0.33,tsp,staple,true,6
mix-veg-tikka,Turmeric,हल्दी,ಅರಿಶಿನ,0.17,tsp,staple,true,7
mix-veg-tikka,Red chilli powder,लाल मिर्च पाउडर,ಕೆಂಪು ಮೆಣಸಿನ ಪುಡಿ,0.33,tsp,staple,true,8
mix-veg-tikka,Garam masala,गरम मसाला,ಗರಂ ಮಸಾಲ,0.33,tsp,staple,true,9
mix-veg-tikka,Cooking oil,तेल,ಎಣ್ಣೆ,0.67,tbsp,staple,true,10
mix-veg-tikka,Coriander leaves,हरा धनिया,ಕೊತ್ತಂಬರಿ ಸೊಪ್ಪು,0.67,tbsp,vegetable,false,11
mix-veg-korma,Mixed vegetables,मिक्स सब्ज़ी,ಮಿಶ್ರ ತರಕಾರಿ,500,g,vegetable,false,1
mix-veg-korma,Onion (medium),प्याज़,ಈರುಳ್ಳಿ,0.67,piece,vegetable,false,2
mix-veg-korma,Ginger-garlic paste,अदरक-लहसुन पेस्ट,ಶುಂಠಿ-ಬೆಳ್ಳುಳ್ಳಿ ಪೇಸ್ಟ್,0.33,tbsp,staple,true,3
mix-veg-korma,Tomato (medium),टमाटर,ಟೊಮೇಟೊ,0.67,piece,vegetable,false,4
mix-veg-korma,Green chilli,हरी मिर्च,ಹಸಿ ಮೆಣಸಿನಕಾಯಿ,0.67,piece,vegetable,false,5
mix-veg-korma,Cumin (jeera),जीरा,ಜೀರಿಗೆ,0.33,tsp,staple,true,6
mix-veg-korma,Turmeric,हल्दी,ಅರಿಶಿನ,0.17,tsp,staple,true,7
mix-veg-korma,Red chilli powder,लाल मिर्च पाउडर,ಕೆಂಪು ಮೆಣಸಿನ ಪುಡಿ,0.33,tsp,staple,true,8
mix-veg-korma,Garam masala,गरम मसाला,ಗರಂ ಮಸಾಲ,0.33,tsp,staple,true,9
mix-veg-korma,Cooking oil,तेल,ಎಣ್ಣೆ,0.67,tbsp,staple,true,10
mix-veg-korma,Coriander leaves,हरा धनिया,ಕೊತ್ತಂಬರಿ ಸೊಪ್ಪು,0.67,tbsp,vegetable,false,11
mix-veg-makhani,Mixed vegetables,मिक्स सब्ज़ी,ಮಿಶ್ರ ತರಕಾರಿ,500,g,vegetable,false,1
mix-veg-makhani,Green chilli,हरी मिर्च,ಹಸಿ ಮೆಣಸಿನಕಾಯಿ,0.67,piece,vegetable,false,2
mix-veg-makhani,Cumin (jeera),जीरा,ಜೀರಿಗೆ,0.33,tsp,staple,true,3
mix-veg-makhani,Turmeric,हल्दी,ಅರಿಶಿನ,0.17,tsp,staple,true,4
mix-veg-makhani,Red chilli powder,लाल मिर्च पाउडर,ಕೆಂಪು ಮೆಣಸಿನ ಪುಡಿ,0.33,tsp,staple,true,5
mix-veg-makhani,Garam masala,गरम मसाला,ಗರಂ ಮಸಾಲ,0.33,tsp,staple,true,6
mix-veg-makhani,Butter,मक्खन,ಬೆಣ್ಣೆ,1,tbsp,dairy,false,7
mix-veg-makhani,Fresh cream,क्रीम,ಕ್ರೀಮ್,0.08,cup,dairy,false,8
mix-veg-makhani,Kasuri methi,कसूरी मेथी,ಕಸೂರಿ ಮೆಂತ್ಯ,0.33,tsp,staple,true,9
mix-veg-makhani,Coriander leaves,हरा धनिया,ಕೊತ್ತಂಬರಿ ಸೊಪ್ಪು,0.67,tbsp,vegetable,false,10
mix-veg-bhurji,Mixed vegetables,मिक्स सब्ज़ी,ಮಿಶ್ರ ತರಕಾರಿ,500,g,vegetable,false,1
mix-veg-bhurji,Onion (medium),प्याज़,ಈರುಳ್ಳಿ,0.67,piece,vegetable,false,2
mix-veg-bhurji,Ginger-garlic paste,अदरक-लहसुन पेस्ट,ಶುಂಠಿ-ಬೆಳ್ಳುಳ್ಳಿ ಪೇಸ್ಟ್,0.33,tbsp,staple,true,3
mix-veg-bhurji,Tomato (medium),टमाटर,ಟೊಮೇಟೊ,0.67,piece,vegetable,false,4
mix-veg-bhurji,Green chilli,हरी मिर्च,ಹಸಿ ಮೆಣಸಿನಕಾಯಿ,0.67,piece,vegetable,false,5
mix-veg-bhurji,Cumin (jeera),जीरा,ಜೀರಿಗೆ,0.33,tsp,staple,true,6
mix-veg-bhurji,Turmeric,हल्दी,ಅರಿಶಿನ,0.17,tsp,staple,true,7
mix-veg-bhurji,Red chilli powder,लाल मिर्च पाउडर,ಕೆಂಪು ಮೆಣಸಿನ ಪುಡಿ,0.33,tsp,staple,true,8
mix-veg-bhurji,Garam masala,गरम मसाला,ಗರಂ ಮಸಾಲ,0.33,tsp,staple,true,9
mix-veg-bhurji,Cooking oil,तेल,ಎಣ್ಣೆ,0.67,tbsp,staple,true,10
mix-veg-bhurji,Coriander leaves,हरा धनिया,ಕೊತ್ತಂಬರಿ ಸೊಪ್ಪು,0.67,tbsp,vegetable,false,11
mix-veg-kofta,Mixed vegetables,मिक्स सब्ज़ी,ಮಿಶ್ರ ತರಕಾರಿ,500,g,vegetable,false,1
mix-veg-kofta,Onion (medium),प्याज़,ಈರುಳ್ಳಿ,0.67,piece,vegetable,false,2
mix-veg-kofta,Ginger-garlic paste,अदरक-लहसुन पेस्ट,ಶುಂಠಿ-ಬೆಳ್ಳುಳ್ಳಿ ಪೇಸ್ಟ್,0.33,tbsp,staple,true,3
mix-veg-kofta,Tomato (medium),टमाटर,ಟೊಮೇಟೊ,0.67,piece,vegetable,false,4
mix-veg-kofta,Green chilli,हरी मिर्च,ಹಸಿ ಮೆಣಸಿನಕಾಯಿ,0.67,piece,vegetable,false,5
mix-veg-kofta,Cumin (jeera),जीरा,ಜೀರಿಗೆ,0.33,tsp,staple,true,6
mix-veg-kofta,Turmeric,हल्दी,ಅರಿಶಿನ,0.17,tsp,staple,true,7
mix-veg-kofta,Red chilli powder,लाल मिर्च पाउडर,ಕೆಂಪು ಮೆಣಸಿನ ಪುಡಿ,0.33,tsp,staple,true,8
mix-veg-kofta,Garam masala,गरम मसाला,ಗರಂ ಮಸಾಲ,0.33,tsp,staple,true,9
mix-veg-kofta,Cooking oil,तेल,ಎಣ್ಣೆ,0.67,tbsp,staple,true,10
mix-veg-kofta,Coriander leaves,हरा धनिया,ಕೊತ್ತಂಬರಿ ಸೊಪ್ಪು,0.67,tbsp,vegetable,false,11
mix-veg-saag,Mixed vegetables,मिक्स सब्ज़ी,ಮಿಶ್ರ ತರಕಾರಿ,500,g,vegetable,false,1
mix-veg-saag,Green chilli,हरी मिर्च,ಹಸಿ ಮೆಣಸಿನಕಾಯಿ,0.67,piece,vegetable,false,2
mix-veg-saag,Cumin (jeera),जीरा,ಜೀರಿಗೆ,0.33,tsp,staple,true,3
mix-veg-saag,Turmeric,हल्दी,ಅರಿಶಿನ,0.17,tsp,staple,true,4
mix-veg-saag,Red chilli powder,लाल मिर्च पाउडर,ಕೆಂಪು ಮೆಣಸಿನ ಪುಡಿ,0.33,tsp,staple,true,5
mix-veg-saag,Garam masala,गरम मसाला,ಗರಂ ಮಸಾಲ,0.33,tsp,staple,true,6
mix-veg-saag,Cooking oil,तेल,ಎಣ್ಣೆ,0.67,tbsp,staple,true,7
mix-veg-saag,Coriander leaves,हरा धनिया,ಕೊತ್ತಂಬರಿ ಸೊಪ್ಪು,0.67,tbsp,vegetable,false,8
mix-veg-vindaloo,Mixed vegetables,मिक्स सब्ज़ी,ಮಿಶ್ರ ತರಕಾರಿ,500,g,vegetable,false,1
mix-veg-vindaloo,Green chilli,हरी मिर्च,ಹಸಿ ಮೆಣಸಿನಕಾಯಿ,0.67,piece,vegetable,false,2
mix-veg-vindaloo,Cumin (jeera),जीरा,ಜೀರಿಗೆ,0.33,tsp,staple,true,3
mix-veg-vindaloo,Turmeric,हल्दी,ಅರಿಶಿನ,0.17,tsp,staple,true,4
mix-veg-vindaloo,Red chilli powder,लाल मिर्च पाउडर,ಕೆಂಪು ಮೆಣಸಿನ ಪುಡಿ,0.33,tsp,staple,true,5
mix-veg-vindaloo,Garam masala,गरम मसाला,ಗರಂ ಮಸಾಲ,0.33,tsp,staple,true,6
mix-veg-vindaloo,Cooking oil,तेल,ಎಣ್ಣೆ,0.67,tbsp,staple,true,7
mix-veg-vindaloo,Coriander leaves,हरा धनिया,ಕೊತ್ತಂಬರಿ ಸೊಪ್ಪು,0.67,tbsp,vegetable,false,8
mix-veg-chettinad,Mixed vegetables,मिक्स सब्ज़ी,ಮಿಶ್ರ ತರಕಾರಿ,500,g,vegetable,false,1
mix-veg-chettinad,Onion (medium),प्याज़,ಈರುಳ್ಳಿ,0.67,piece,vegetable,false,2
mix-veg-chettinad,Ginger-garlic paste,अदरक-लहसुन पेस्ट,ಶುಂಠಿ-ಬೆಳ್ಳುಳ್ಳಿ ಪೇಸ್ಟ್,0.33,tbsp,staple,true,3
mix-veg-chettinad,Tomato (medium),टमाटर,ಟೊಮೇಟೊ,0.67,piece,vegetable,false,4
mix-veg-chettinad,Green chilli,हरी मिर्च,ಹಸಿ ಮೆಣಸಿನಕಾಯಿ,0.67,piece,vegetable,false,5
mix-veg-chettinad,Cumin (jeera),जीरा,ಜೀರಿಗೆ,0.33,tsp,staple,true,6
mix-veg-chettinad,Turmeric,हल्दी,ಅರಿಶಿನ,0.17,tsp,staple,true,7
mix-veg-chettinad,Red chilli powder,लाल मिर्च पाउडर,ಕೆಂಪು ಮೆಣಸಿನ ಪುಡಿ,0.33,tsp,staple,true,8
mix-veg-chettinad,Garam masala,गरम मसाला,ಗರಂ ಮಸಾಲ,0.33,tsp,staple,true,9
mix-veg-chettinad,Cooking oil,तेल,ಎಣ್ಣೆ,0.67,tbsp,staple,true,10
mix-veg-chettinad,Coriander leaves,हरा धनिया,ಕೊತ್ತಂಬರಿ ಸೊಪ್ಪು,0.67,tbsp,vegetable,false,11
mix-veg-do-pyaza,Mixed vegetables,मिक्स सब्ज़ी,ಮಿಶ್ರ ತರಕಾರಿ,500,g,vegetable,false,1
mix-veg-do-pyaza,Onion (medium),प्याज़,ಈರುಳ್ಳಿ,0.67,piece,vegetable,false,2
mix-veg-do-pyaza,Ginger-garlic paste,अदरक-लहसुन पेस्ट,ಶುಂಠಿ-ಬೆಳ್ಳುಳ್ಳಿ ಪೇಸ್ಟ್,0.33,tbsp,staple,true,3
mix-veg-do-pyaza,Tomato (medium),टमाटर,ಟೊಮೇಟೊ,0.67,piece,vegetable,false,4
mix-veg-do-pyaza,Green chilli,हरी मिर्च,ಹಸಿ ಮೆಣಸಿನಕಾಯಿ,0.67,piece,vegetable,false,5
mix-veg-do-pyaza,Cumin (jeera),जीरा,ಜೀರಿಗೆ,0.33,tsp,staple,true,6
mix-veg-do-pyaza,Turmeric,हल्दी,ಅರಿಶಿನ,0.17,tsp,staple,true,7
mix-veg-do-pyaza,Red chilli powder,लाल मिर्च पाउडर,ಕೆಂಪು ಮೆಣಸಿನ ಪುಡಿ,0.33,tsp,staple,true,8
mix-veg-do-pyaza,Garam masala,गरम मसाला,ಗರಂ ಮಸಾಲ,0.33,tsp,staple,true,9
mix-veg-do-pyaza,Cooking oil,तेल,ಎಣ್ಣೆ,0.67,tbsp,staple,true,10
mix-veg-do-pyaza,Coriander leaves,हरा धनिया,ಕೊತ್ತಂಬರಿ ಸೊಪ್ಪು,0.67,tbsp,vegetable,false,11
mix-veg-salna,Mixed vegetables,मिक्स सब्ज़ी,ಮಿಶ್ರ ತರಕಾರಿ,500,g,vegetable,false,1
mix-veg-salna,Onion (medium),प्याज़,ಈರುಳ್ಳಿ,0.67,piece,vegetable,false,2
mix-veg-salna,Ginger-garlic paste,अदरक-लहसुन पेस्ट,ಶುಂಠಿ-ಬೆಳ್ಳುಳ್ಳಿ ಪೇಸ್ಟ್,0.33,tbsp,staple,true,3
mix-veg-salna,Tomato (medium),टमाटर,ಟೊಮೇಟೊ,0.67,piece,vegetable,false,4
mix-veg-salna,Green chilli,हरी मिर्च,ಹಸಿ ಮೆಣಸಿನಕಾಯಿ,0.67,piece,vegetable,false,5
mix-veg-salna,Cumin (jeera),जीरा,ಜೀರಿಗೆ,0.33,tsp,staple,true,6
mix-veg-salna,Turmeric,हल्दी,ಅರಿಶಿನ,0.17,tsp,staple,true,7
mix-veg-salna,Red chilli powder,लाल मिर्च पाउडर,ಕೆಂಪು ಮೆಣಸಿನ ಪುಡಿ,0.33,tsp,staple,true,8
mix-veg-salna,Garam masala,गरम मसाला,ಗರಂ ಮಸಾಲ,0.33,tsp,staple,true,9
mix-veg-salna,Cooking oil,तेल,ಎಣ್ಣೆ,0.67,tbsp,staple,true,10
mix-veg-salna,Coriander leaves,हरा धनिया,ಕೊತ್ತಂಬರಿ ಸೊಪ್ಪು,0.67,tbsp,vegetable,false,11
mix-veg-kurma,Mixed vegetables,मिक्स सब्ज़ी,ಮಿಶ್ರ ತರಕಾರಿ,500,g,vegetable,false,1
mix-veg-kurma,Onion (medium),प्याज़,ಈರುಳ್ಳಿ,0.67,piece,vegetable,false,2
mix-veg-kurma,Ginger-garlic paste,अदरक-लहसुन पेस्ट,ಶುಂಠಿ-ಬೆಳ್ಳುಳ್ಳಿ ಪೇಸ್ಟ್,0.33,tbsp,staple,true,3
mix-veg-kurma,Tomato (medium),टमाटर,ಟೊಮೇಟೊ,0.67,piece,vegetable,false,4
mix-veg-kurma,Green chilli,हरी मिर्च,ಹಸಿ ಮೆಣಸಿನಕಾಯಿ,0.67,piece,vegetable,false,5
mix-veg-kurma,Cumin (jeera),जीरा,ಜೀರಿಗೆ,0.33,tsp,staple,true,6
mix-veg-kurma,Turmeric,हल्दी,ಅರಿಶಿನ,0.17,tsp,staple,true,7
mix-veg-kurma,Red chilli powder,लाल मिर्च पाउडर,ಕೆಂಪು ಮೆಣಸಿನ ಪುಡಿ,0.33,tsp,staple,true,8
mix-veg-kurma,Garam masala,गरम मसाला,ಗರಂ ಮಸಾಲ,0.33,tsp,staple,true,9
mix-veg-kurma,Cooking oil,तेल,ಎಣ್ಣೆ,0.67,tbsp,staple,true,10
mix-veg-kurma,Coriander leaves,हरा धनिया,ಕೊತ್ತಂಬರಿ ಸೊಪ್ಪು,0.67,tbsp,vegetable,false,11
chicken-masala,Chicken (curry cut),चिकन (करी कट),ಕೋಳಿ ಮಾಂಸ (ಕರಿ ಕಟ್),500,g,protein,false,1
chicken-masala,Onion (medium),प्याज़,ಈರುಳ್ಳಿ,0.67,piece,vegetable,false,2
chicken-masala,Ginger-garlic paste,अदरक-लहसुन पेस्ट,ಶುಂಠಿ-ಬೆಳ್ಳುಳ್ಳಿ ಪೇಸ್ಟ್,0.33,tbsp,staple,true,3
chicken-masala,Tomato (medium),टमाटर,ಟೊಮೇಟೊ,0.67,piece,vegetable,false,4
chicken-masala,Green chilli,हरी मिर्च,ಹಸಿ ಮೆಣಸಿನಕಾಯಿ,0.67,piece,vegetable,false,5
chicken-masala,Cumin (jeera),जीरा,ಜೀರಿಗೆ,0.33,tsp,staple,true,6
chicken-masala,Turmeric,हल्दी,ಅರಿಶಿನ,0.17,tsp,staple,true,7
chicken-masala,Red chilli powder,लाल मिर्च पाउडर,ಕೆಂಪು ಮೆಣಸಿನ ಪುಡಿ,0.33,tsp,staple,true,8
chicken-masala,Garam masala,गरम मसाला,ಗರಂ ಮಸಾಲ,0.33,tsp,staple,true,9
chicken-masala,Cooking oil,तेल,ಎಣ್ಣೆ,0.67,tbsp,staple,true,10
chicken-masala,Coriander leaves,हरा धनिया,ಕೊತ್ತಂಬರಿ ಸೊಪ್ಪು,0.67,tbsp,vegetable,false,11
chicken-roast,Chicken (curry cut),चिकन (करी कट),ಕೋಳಿ ಮಾಂಸ (ಕರಿ ಕಟ್),500,g,protein,false,1
chicken-roast,Onion (medium),प्याज़,ಈರುಳ್ಳಿ,0.67,piece,vegetable,false,2
chicken-roast,Ginger-garlic paste,अदरक-लहसुन पेस्ट,ಶುಂಠಿ-ಬೆಳ್ಳುಳ್ಳಿ ಪೇಸ್ಟ್,0.33,tbsp,staple,true,3
chicken-roast,Tomato (medium),टमाटर,ಟೊಮೇಟೊ,0.67,piece,vegetable,false,4
chicken-roast,Green chilli,हरी मिर्च,ಹಸಿ ಮೆಣಸಿನಕಾಯಿ,0.67,piece,vegetable,false,5
chicken-roast,Cumin (jeera),जीरा,ಜೀರಿಗೆ,0.33,tsp,staple,true,6
chicken-roast,Turmeric,हल्दी,ಅರಿಶಿನ,0.17,tsp,staple,true,7
chicken-roast,Red chilli powder,लाल मिर्च पाउडर,ಕೆಂಪು ಮೆಣಸಿನ ಪುಡಿ,0.33,tsp,staple,true,8
chicken-roast,Garam masala,गरम मसाला,ಗರಂ ಮಸಾಲ,0.33,tsp,staple,true,9
chicken-roast,Cooking oil,तेल,ಎಣ್ಣೆ,0.67,tbsp,staple,true,10
chicken-roast,Coriander leaves,हरा धनिया,ಕೊತ್ತಂಬರಿ ಸೊಪ್ಪು,0.67,tbsp,vegetable,false,11
chicken-tikka,Chicken (curry cut),चिकन (करी कट),ಕೋಳಿ ಮಾಂಸ (ಕರಿ ಕಟ್),500,g,protein,false,1
chicken-tikka,Onion (medium),प्याज़,ಈರುಳ್ಳಿ,0.67,piece,vegetable,false,2
chicken-tikka,Ginger-garlic paste,अदरक-लहसुन पेस्ट,ಶುಂಠಿ-ಬೆಳ್ಳುಳ್ಳಿ ಪೇಸ್ಟ್,0.33,tbsp,staple,true,3
chicken-tikka,Tomato (medium),टमाटर,ಟೊಮೇಟೊ,0.67,piece,vegetable,false,4
chicken-tikka,Green chilli,हरी मिर्च,ಹಸಿ ಮೆಣಸಿನಕಾಯಿ,0.67,piece,vegetable,false,5
chicken-tikka,Cumin (jeera),जीरा,ಜೀರಿಗೆ,0.33,tsp,staple,true,6
chicken-tikka,Turmeric,हल्दी,ಅರಿಶಿನ,0.17,tsp,staple,true,7
chicken-tikka,Red chilli powder,लाल मिर्च पाउडर,ಕೆಂಪು ಮೆಣಸಿನ ಪುಡಿ,0.33,tsp,staple,true,8
chicken-tikka,Garam masala,गरम मसाला,ಗರಂ ಮಸಾಲ,0.33,tsp,staple,true,9
chicken-tikka,Cooking oil,तेल,ಎಣ್ಣೆ,0.67,tbsp,staple,true,10
chicken-tikka,Coriander leaves,हरा धनिया,ಕೊತ್ತಂಬರಿ ಸೊಪ್ಪು,0.67,tbsp,vegetable,false,11
chicken-makhani,Chicken (curry cut),चिकन (करी कट),ಕೋಳಿ ಮಾಂಸ (ಕರಿ ಕಟ್),500,g,protein,false,1
chicken-makhani,Onion (medium),प्याज़,ಈರುಳ್ಳಿ,0.67,piece,vegetable,false,2
chicken-makhani,Ginger-garlic paste,अदरक-लहसुन पेस्ट,ಶುಂಠಿ-ಬೆಳ್ಳುಳ್ಳಿ ಪೇಸ್ಟ್,0.33,tbsp,staple,true,3
chicken-makhani,Tomato (medium),टमाटर,ಟೊಮೇಟೊ,0.67,piece,vegetable,false,4
chicken-makhani,Green chilli,हरी मिर्च,ಹಸಿ ಮೆಣಸಿನಕಾಯಿ,0.67,piece,vegetable,false,5
chicken-makhani,Cumin (jeera),जीरा,ಜೀರಿಗೆ,0.33,tsp,staple,true,6
chicken-makhani,Turmeric,हल्दी,ಅರಿಶಿನ,0.17,tsp,staple,true,7
chicken-makhani,Red chilli powder,लाल मिर्च पाउडर,ಕೆಂಪು ಮೆಣಸಿನ ಪುಡಿ,0.33,tsp,staple,true,8
chicken-makhani,Garam masala,गरम मसाला,ಗರಂ ಮಸಾಲ,0.33,tsp,staple,true,9
chicken-makhani,Butter,मक्खन,ಬೆಣ್ಣೆ,1,tbsp,dairy,false,10
chicken-makhani,Fresh cream,क्रीम,ಕ್ರೀಮ್,0.08,cup,dairy,false,11
chicken-makhani,Kasuri methi,कसूरी मेथी,ಕಸೂರಿ ಮೆಂತ್ಯ,0.33,tsp,staple,true,12
chicken-makhani,Coriander leaves,हरा धनिया,ಕೊತ್ತಂಬರಿ ಸೊಪ್ಪು,0.67,tbsp,vegetable,false,13
chicken-bhurji,Chicken (curry cut),चिकन (करी कट),ಕೋಳಿ ಮಾಂಸ (ಕರಿ ಕಟ್),500,g,protein,false,1
chicken-bhurji,Onion (medium),प्याज़,ಈರುಳ್ಳಿ,0.67,piece,vegetable,false,2
chicken-bhurji,Ginger-garlic paste,अदरक-लहसुन पेस्ट,ಶುಂಠಿ-ಬೆಳ್ಳುಳ್ಳಿ ಪೇಸ್ಟ್,0.33,tbsp,staple,true,3
chicken-bhurji,Tomato (medium),टमाटर,ಟೊಮೇಟೊ,0.67,piece,vegetable,false,4
chicken-bhurji,Green chilli,हरी मिर्च,ಹಸಿ ಮೆಣಸಿನಕಾಯಿ,0.67,piece,vegetable,false,5
chicken-bhurji,Cumin (jeera),जीरा,ಜೀರಿಗೆ,0.33,tsp,staple,true,6
chicken-bhurji,Turmeric,हल्दी,ಅರಿಶಿನ,0.17,tsp,staple,true,7
chicken-bhurji,Red chilli powder,लाल मिर्च पाउडर,ಕೆಂಪು ಮೆಣಸಿನ ಪುಡಿ,0.33,tsp,staple,true,8
chicken-bhurji,Garam masala,गरम मसाला,ಗರಂ ಮಸಾಲ,0.33,tsp,staple,true,9
chicken-bhurji,Cooking oil,तेल,ಎಣ್ಣೆ,0.67,tbsp,staple,true,10
chicken-bhurji,Coriander leaves,हरा धनिया,ಕೊತ್ತಂಬರಿ ಸೊಪ್ಪು,0.67,tbsp,vegetable,false,11
chicken-kofta,Chicken (curry cut),चिकन (करी कट),ಕೋಳಿ ಮಾಂಸ (ಕರಿ ಕಟ್),500,g,protein,false,1
chicken-kofta,Onion (medium),प्याज़,ಈರುಳ್ಳಿ,0.67,piece,vegetable,false,2
chicken-kofta,Ginger-garlic paste,अदरक-लहसुन पेस्ट,ಶುಂಠಿ-ಬೆಳ್ಳುಳ್ಳಿ ಪೇಸ್ಟ್,0.33,tbsp,staple,true,3
chicken-kofta,Tomato (medium),टमाटर,ಟೊಮೇಟೊ,0.67,piece,vegetable,false,4
chicken-kofta,Green chilli,हरी मिर्च,ಹಸಿ ಮೆಣಸಿನಕಾಯಿ,0.67,piece,vegetable,false,5
chicken-kofta,Cumin (jeera),जीरा,ಜೀರಿಗೆ,0.33,tsp,staple,true,6
chicken-kofta,Turmeric,हल्दी,ಅರಿಶಿನ,0.17,tsp,staple,true,7
chicken-kofta,Red chilli powder,लाल मिर्च पाउडर,ಕೆಂಪು ಮೆಣಸಿನ ಪುಡಿ,0.33,tsp,staple,true,8
chicken-kofta,Garam masala,गरम मसाला,ಗರಂ ಮಸಾಲ,0.33,tsp,staple,true,9
chicken-kofta,Cooking oil,तेल,ಎಣ್ಣೆ,0.67,tbsp,staple,true,10
chicken-kofta,Coriander leaves,हरा धनिया,ಕೊತ್ತಂಬರಿ ಸೊಪ್ಪು,0.67,tbsp,vegetable,false,11
chicken-saag,Chicken (curry cut),चिकन (करी कट),ಕೋಳಿ ಮಾಂಸ (ಕರಿ ಕಟ್),500,g,protein,false,1
chicken-saag,Onion (medium),प्याज़,ಈರುಳ್ಳಿ,0.67,piece,vegetable,false,2
chicken-saag,Ginger-garlic paste,अदरक-लहसुन पेस्ट,ಶುಂಠಿ-ಬೆಳ್ಳುಳ್ಳಿ ಪೇಸ್ಟ್,0.33,tbsp,staple,true,3
chicken-saag,Tomato (medium),टमाटर,ಟೊಮೇಟೊ,0.67,piece,vegetable,false,4
chicken-saag,Green chilli,हरी मिर्च,ಹಸಿ ಮೆಣಸಿನಕಾಯಿ,0.67,piece,vegetable,false,5
chicken-saag,Cumin (jeera),जीरा,ಜೀರಿಗೆ,0.33,tsp,staple,true,6
chicken-saag,Turmeric,हल्दी,ಅರಿಶಿನ,0.17,tsp,staple,true,7
chicken-saag,Red chilli powder,लाल मिर्च पाउडर,ಕೆಂಪು ಮೆಣಸಿನ ಪುಡಿ,0.33,tsp,staple,true,8
chicken-saag,Garam masala,गरम मसाला,ಗರಂ ಮಸಾಲ,0.33,tsp,staple,true,9
chicken-saag,Cooking oil,तेल,ಎಣ್ಣೆ,0.67,tbsp,staple,true,10
chicken-saag,Coriander leaves,हरा धनिया,ಕೊತ್ತಂಬರಿ ಸೊಪ್ಪು,0.67,tbsp,vegetable,false,11
chicken-vindaloo,Chicken (curry cut),चिकन (करी कट),ಕೋಳಿ ಮಾಂಸ (ಕರಿ ಕಟ್),500,g,protein,false,1
chicken-vindaloo,Onion (medium),प्याज़,ಈರುಳ್ಳಿ,0.67,piece,vegetable,false,2
chicken-vindaloo,Ginger-garlic paste,अदरक-लहसुन पेस्ट,ಶುಂಠಿ-ಬೆಳ್ಳುಳ್ಳಿ ಪೇಸ್ಟ್,0.33,tbsp,staple,true,3
chicken-vindaloo,Tomato (medium),टमाटर,ಟೊಮೇಟೊ,0.67,piece,vegetable,false,4
chicken-vindaloo,Green chilli,हरी मिर्च,ಹಸಿ ಮೆಣಸಿನಕಾಯಿ,0.67,piece,vegetable,false,5
chicken-vindaloo,Cumin (jeera),जीरा,ಜೀರಿಗೆ,0.33,tsp,staple,true,6
chicken-vindaloo,Turmeric,हल्दी,ಅರಿಶಿನ,0.17,tsp,staple,true,7
chicken-vindaloo,Red chilli powder,लाल मिर्च पाउडर,ಕೆಂಪು ಮೆಣಸಿನ ಪುಡಿ,0.33,tsp,staple,true,8
chicken-vindaloo,Garam masala,गरम मसाला,ಗರಂ ಮಸಾಲ,0.33,tsp,staple,true,9
chicken-vindaloo,Cooking oil,तेल,ಎಣ್ಣೆ,0.67,tbsp,staple,true,10
chicken-vindaloo,Coriander leaves,हरा धनिया,ಕೊತ್ತಂಬರಿ ಸೊಪ್ಪು,0.67,tbsp,vegetable,false,11
chicken-do-pyaza,Chicken (curry cut),चिकन (करी कट),ಕೋಳಿ ಮಾಂಸ (ಕರಿ ಕಟ್),500,g,protein,false,1
chicken-do-pyaza,Onion (medium),प्याज़,ಈರುಳ್ಳಿ,0.67,piece,vegetable,false,2
chicken-do-pyaza,Ginger-garlic paste,अदरक-लहसुन पेस्ट,ಶುಂಠಿ-ಬೆಳ್ಳುಳ್ಳಿ ಪೇಸ್ಟ್,0.33,tbsp,staple,true,3
chicken-do-pyaza,Tomato (medium),टमाटर,ಟೊಮೇಟೊ,0.67,piece,vegetable,false,4
chicken-do-pyaza,Green chilli,हरी मिर्च,ಹಸಿ ಮೆಣಸಿನಕಾಯಿ,0.67,piece,vegetable,false,5
chicken-do-pyaza,Cumin (jeera),जीरा,ಜೀರಿಗೆ,0.33,tsp,staple,true,6
chicken-do-pyaza,Turmeric,हल्दी,ಅರಿಶಿನ,0.17,tsp,staple,true,7
chicken-do-pyaza,Red chilli powder,लाल मिर्च पाउडर,ಕೆಂಪು ಮೆಣಸಿನ ಪುಡಿ,0.33,tsp,staple,true,8
chicken-do-pyaza,Garam masala,गरम मसाला,ಗರಂ ಮಸಾಲ,0.33,tsp,staple,true,9
chicken-do-pyaza,Cooking oil,तेल,ಎಣ್ಣೆ,0.67,tbsp,staple,true,10
chicken-do-pyaza,Coriander leaves,हरा धनिया,ಕೊತ್ತಂಬರಿ ಸೊಪ್ಪು,0.67,tbsp,vegetable,false,11
chicken-salna,Chicken (curry cut),चिकन (करी कट),ಕೋಳಿ ಮಾಂಸ (ಕರಿ ಕಟ್),500,g,protein,false,1
chicken-salna,Onion (medium),प्याज़,ಈರುಳ್ಳಿ,0.67,piece,vegetable,false,2
chicken-salna,Ginger-garlic paste,अदरक-लहसुन पेस्ट,ಶುಂಠಿ-ಬೆಳ್ಳುಳ್ಳಿ ಪೇಸ್ಟ್,0.33,tbsp,staple,true,3
chicken-salna,Tomato (medium),टमाटर,ಟೊಮೇಟೊ,0.67,piece,vegetable,false,4
chicken-salna,Green chilli,हरी मिर्च,ಹಸಿ ಮೆಣಸಿನಕಾಯಿ,0.67,piece,vegetable,false,5
chicken-salna,Cumin (jeera),जीरा,ಜೀರಿಗೆ,0.33,tsp,staple,true,6
chicken-salna,Turmeric,हल्दी,ಅರಿಶಿನ,0.17,tsp,staple,true,7
chicken-salna,Red chilli powder,लाल मिर्च पाउडर,ಕೆಂಪು ಮೆಣಸಿನ ಪುಡಿ,0.33,tsp,staple,true,8
chicken-salna,Garam masala,गरम मसाला,ಗರಂ ಮಸಾಲ,0.33,tsp,staple,true,9
chicken-salna,Cooking oil,तेल,ಎಣ್ಣೆ,0.67,tbsp,staple,true,10
chicken-salna,Coriander leaves,हरा धनिया,ಕೊತ್ತಂಬರಿ ಸೊಪ್ಪು,0.67,tbsp,vegetable,false,11
chicken-kurma,Chicken (curry cut),चिकन (करी कट),ಕೋಳಿ ಮಾಂಸ (ಕರಿ ಕಟ್),500,g,protein,false,1
chicken-kurma,Onion (medium),प्याज़,ಈರುಳ್ಳಿ,0.67,piece,vegetable,false,2
chicken-kurma,Ginger-garlic paste,अदरक-लहसुन पेस्ट,ಶುಂಠಿ-ಬೆಳ್ಳುಳ್ಳಿ ಪೇಸ್ಟ್,0.33,tbsp,staple,true,3
chicken-kurma,Tomato (medium),टमाटर,ಟೊಮೇಟೊ,0.67,piece,vegetable,false,4
chicken-kurma,Green chilli,हरी मिर्च,ಹಸಿ ಮೆಣಸಿನಕಾಯಿ,0.67,piece,vegetable,false,5
chicken-kurma,Cumin (jeera),जीरा,ಜೀರಿಗೆ,0.33,tsp,staple,true,6
chicken-kurma,Turmeric,हल्दी,ಅರಿಶಿನ,0.17,tsp,staple,true,7
chicken-kurma,Red chilli powder,लाल मिर्च पाउडर,ಕೆಂಪು ಮೆಣಸಿನ ಪುಡಿ,0.33,tsp,staple,true,8
chicken-kurma,Garam masala,गरम मसाला,ಗರಂ ಮಸಾಲ,0.33,tsp,staple,true,9
chicken-kurma,Cooking oil,तेल,ಎಣ್ಣೆ,0.67,tbsp,staple,true,10
chicken-kurma,Coriander leaves,हरा धनिया,ಕೊತ್ತಂಬರಿ ಸೊಪ್ಪು,0.67,tbsp,vegetable,false,11
mutton-masala,Mutton (curry cut),मटन (करी कट),ಮಟನ್ (ಕರಿ ಕಟ್),500,g,protein,false,1
mutton-masala,Onion (medium),प्याज़,ಈರುಳ್ಳಿ,0.67,piece,vegetable,false,2
mutton-masala,Ginger-garlic paste,अदरक-लहसुन पेस्ट,ಶುಂಠಿ-ಬೆಳ್ಳುಳ್ಳಿ ಪೇಸ್ಟ್,0.33,tbsp,staple,true,3
mutton-masala,Tomato (medium),टमाटर,ಟೊಮೇಟೊ,0.67,piece,vegetable,false,4
mutton-masala,Green chilli,हरी मिर्च,ಹಸಿ ಮೆಣಸಿನಕಾಯಿ,0.67,piece,vegetable,false,5
mutton-masala,Cumin (jeera),जीरा,ಜೀರಿಗೆ,0.33,tsp,staple,true,6
mutton-masala,Turmeric,हल्दी,ಅರಿಶಿನ,0.17,tsp,staple,true,7
mutton-masala,Red chilli powder,लाल मिर्च पाउडर,ಕೆಂಪು ಮೆಣಸಿನ ಪುಡಿ,0.33,tsp,staple,true,8
mutton-masala,Garam masala,गरम मसाला,ಗರಂ ಮಸಾಲ,0.33,tsp,staple,true,9
mutton-masala,Cooking oil,तेल,ಎಣ್ಣೆ,0.67,tbsp,staple,true,10
mutton-masala,Coriander leaves,हरा धनिया,ಕೊತ್ತಂಬರಿ ಸೊಪ್ಪು,0.67,tbsp,vegetable,false,11
mutton-fry,Mutton (curry cut),मटन (करी कट),ಮಟನ್ (ಕರಿ ಕಟ್),500,g,protein,false,1
mutton-fry,Onion (medium),प्याज़,ಈರುಳ್ಳಿ,0.67,piece,vegetable,false,2
mutton-fry,Ginger-garlic paste,अदरक-लहसुन पेस्ट,ಶುಂಠಿ-ಬೆಳ್ಳುಳ್ಳಿ ಪೇಸ್ಟ್,0.33,tbsp,staple,true,3
mutton-fry,Tomato (medium),टमाटर,ಟೊಮೇಟೊ,0.67,piece,vegetable,false,4
mutton-fry,Green chilli,हरी मिर्च,ಹಸಿ ಮೆಣಸಿನಕಾಯಿ,0.67,piece,vegetable,false,5
mutton-fry,Cumin (jeera),जीरा,ಜೀರಿಗೆ,0.33,tsp,staple,true,6
mutton-fry,Turmeric,हल्दी,ಅರಿಶಿನ,0.17,tsp,staple,true,7
mutton-fry,Red chilli powder,लाल मिर्च पाउडर,ಕೆಂಪು ಮೆಣಸಿನ ಪುಡಿ,0.33,tsp,staple,true,8
mutton-fry,Garam masala,गरम मसाला,ಗರಂ ಮಸಾಲ,0.33,tsp,staple,true,9
mutton-fry,Cooking oil,तेल,ಎಣ್ಣೆ,0.67,tbsp,staple,true,10
mutton-fry,Coriander leaves,हरा धनिया,ಕೊತ್ತಂಬರಿ ಸೊಪ್ಪು,0.67,tbsp,vegetable,false,11
mutton-roast,Mutton (curry cut),मटन (करी कट),ಮಟನ್ (ಕರಿ ಕಟ್),500,g,protein,false,1
mutton-roast,Onion (medium),प्याज़,ಈರುಳ್ಳಿ,0.67,piece,vegetable,false,2
mutton-roast,Ginger-garlic paste,अदरक-लहसुन पेस्ट,ಶುಂಠಿ-ಬೆಳ್ಳುಳ್ಳಿ ಪೇಸ್ಟ್,0.33,tbsp,staple,true,3
mutton-roast,Tomato (medium),टमाटर,ಟೊಮೇಟೊ,0.67,piece,vegetable,false,4
mutton-roast,Green chilli,हरी मिर्च,ಹಸಿ ಮೆಣಸಿನಕಾಯಿ,0.67,piece,vegetable,false,5
mutton-roast,Cumin (jeera),जीरा,ಜೀರಿಗೆ,0.33,tsp,staple,true,6
mutton-roast,Turmeric,हल्दी,ಅರಿಶಿನ,0.17,tsp,staple,true,7
mutton-roast,Red chilli powder,लाल मिर्च पाउडर,ಕೆಂಪು ಮೆಣಸಿನ ಪುಡಿ,0.33,tsp,staple,true,8
mutton-roast,Garam masala,गरम मसाला,ಗರಂ ಮಸಾಲ,0.33,tsp,staple,true,9
mutton-roast,Cooking oil,तेल,ಎಣ್ಣೆ,0.67,tbsp,staple,true,10
mutton-roast,Coriander leaves,हरा धनिया,ಕೊತ್ತಂಬರಿ ಸೊಪ್ಪು,0.67,tbsp,vegetable,false,11
mutton-tikka,Mutton (curry cut),मटन (करी कट),ಮಟನ್ (ಕರಿ ಕಟ್),500,g,protein,false,1
mutton-tikka,Onion (medium),प्याज़,ಈರುಳ್ಳಿ,0.67,piece,vegetable,false,2
mutton-tikka,Ginger-garlic paste,अदरक-लहसुन पेस्ट,ಶುಂಠಿ-ಬೆಳ್ಳುಳ್ಳಿ ಪೇಸ್ಟ್,0.33,tbsp,staple,true,3
mutton-tikka,Tomato (medium),टमाटर,ಟೊಮೇಟೊ,0.67,piece,vegetable,false,4
mutton-tikka,Green chilli,हरी मिर्च,ಹಸಿ ಮೆಣಸಿನಕಾಯಿ,0.67,piece,vegetable,false,5
mutton-tikka,Cumin (jeera),जीरा,ಜೀರಿಗೆ,0.33,tsp,staple,true,6
mutton-tikka,Turmeric,हल्दी,ಅರಿಶಿನ,0.17,tsp,staple,true,7
mutton-tikka,Red chilli powder,लाल मिर्च पाउडर,ಕೆಂಪು ಮೆಣಸಿನ ಪುಡಿ,0.33,tsp,staple,true,8
mutton-tikka,Garam masala,गरम मसाला,ಗರಂ ಮಸಾಲ,0.33,tsp,staple,true,9
mutton-tikka,Cooking oil,तेल,ಎಣ್ಣೆ,0.67,tbsp,staple,true,10
mutton-tikka,Coriander leaves,हरा धनिया,ಕೊತ್ತಂಬರಿ ಸೊಪ್ಪು,0.67,tbsp,vegetable,false,11
mutton-korma,Mutton (curry cut),मटन (करी कट),ಮಟನ್ (ಕರಿ ಕಟ್),500,g,protein,false,1
mutton-korma,Onion (medium),प्याज़,ಈರುಳ್ಳಿ,0.67,piece,vegetable,false,2
mutton-korma,Ginger-garlic paste,अदरक-लहसुन पेस्ट,ಶುಂಠಿ-ಬೆಳ್ಳುಳ್ಳಿ ಪೇಸ್ಟ್,0.33,tbsp,staple,true,3
mutton-korma,Tomato (medium),टमाटर,ಟೊಮೇಟೊ,0.67,piece,vegetable,false,4
mutton-korma,Green chilli,हरी मिर्च,ಹಸಿ ಮೆಣಸಿನಕಾಯಿ,0.67,piece,vegetable,false,5
mutton-korma,Cumin (jeera),जीरा,ಜೀರಿಗೆ,0.33,tsp,staple,true,6
mutton-korma,Turmeric,हल्दी,ಅರಿಶಿನ,0.17,tsp,staple,true,7
mutton-korma,Red chilli powder,लाल मिर्च पाउडर,ಕೆಂಪು ಮೆಣಸಿನ ಪುಡಿ,0.33,tsp,staple,true,8
mutton-korma,Garam masala,गरम मसाला,ಗರಂ ಮಸಾಲ,0.33,tsp,staple,true,9
mutton-korma,Cooking oil,तेल,ಎಣ್ಣೆ,0.67,tbsp,staple,true,10
mutton-korma,Coriander leaves,हरा धनिया,ಕೊತ್ತಂಬರಿ ಸೊಪ್ಪು,0.67,tbsp,vegetable,false,11
mutton-makhani,Mutton (curry cut),मटन (करी कट),ಮಟನ್ (ಕರಿ ಕಟ್),500,g,protein,false,1
mutton-makhani,Onion (medium),प्याज़,ಈರುಳ್ಳಿ,0.67,piece,vegetable,false,2
mutton-makhani,Ginger-garlic paste,अदरक-लहसुन पेस्ट,ಶುಂಠಿ-ಬೆಳ್ಳುಳ್ಳಿ ಪೇಸ್ಟ್,0.33,tbsp,staple,true,3
mutton-makhani,Tomato (medium),टमाटर,ಟೊಮೇಟೊ,0.67,piece,vegetable,false,4
mutton-makhani,Green chilli,हरी मिर्च,ಹಸಿ ಮೆಣಸಿನಕಾಯಿ,0.67,piece,vegetable,false,5
mutton-makhani,Cumin (jeera),जीरा,ಜೀರಿಗೆ,0.33,tsp,staple,true,6
mutton-makhani,Turmeric,हल्दी,ಅರಿಶಿನ,0.17,tsp,staple,true,7
mutton-makhani,Red chilli powder,लाल मिर्च पाउडर,ಕೆಂಪು ಮೆಣಸಿನ ಪುಡಿ,0.33,tsp,staple,true,8
mutton-makhani,Garam masala,गरम मसाला,ಗರಂ ಮಸಾಲ,0.33,tsp,staple,true,9
mutton-makhani,Butter,मक्खन,ಬೆಣ್ಣೆ,1,tbsp,dairy,false,10
mutton-makhani,Fresh cream,क्रीम,ಕ್ರೀಮ್,0.08,cup,dairy,false,11
mutton-makhani,Kasuri methi,कसूरी मेथी,ಕಸೂರಿ ಮೆಂತ್ಯ,0.33,tsp,staple,true,12
mutton-makhani,Coriander leaves,हरा धनिया,ಕೊತ್ತಂಬರಿ ಸೊಪ್ಪು,0.67,tbsp,vegetable,false,13
mutton-bhurji,Mutton (curry cut),मटन (करी कट),ಮಟನ್ (ಕರಿ ಕಟ್),500,g,protein,false,1
mutton-bhurji,Onion (medium),प्याज़,ಈರುಳ್ಳಿ,0.67,piece,vegetable,false,2
mutton-bhurji,Ginger-garlic paste,अदरक-लहसुन पेस्ट,ಶುಂಠಿ-ಬೆಳ್ಳುಳ್ಳಿ ಪೇಸ್ಟ್,0.33,tbsp,staple,true,3
mutton-bhurji,Tomato (medium),टमाटर,ಟೊಮೇಟೊ,0.67,piece,vegetable,false,4
mutton-bhurji,Green chilli,हरी मिर्च,ಹಸಿ ಮೆಣಸಿನಕಾಯಿ,0.67,piece,vegetable,false,5
mutton-bhurji,Cumin (jeera),जीरा,ಜೀರಿಗೆ,0.33,tsp,staple,true,6
mutton-bhurji,Turmeric,हल्दी,ಅರಿಶಿನ,0.17,tsp,staple,true,7
mutton-bhurji,Red chilli powder,लाल मिर्च पाउडर,ಕೆಂಪು ಮೆಣಸಿನ ಪುಡಿ,0.33,tsp,staple,true,8
mutton-bhurji,Garam masala,गरम मसाला,ಗರಂ ಮಸಾಲ,0.33,tsp,staple,true,9
mutton-bhurji,Cooking oil,तेल,ಎಣ್ಣೆ,0.67,tbsp,staple,true,10
mutton-bhurji,Coriander leaves,हरा धनिया,ಕೊತ್ತಂಬರಿ ಸೊಪ್ಪು,0.67,tbsp,vegetable,false,11
mutton-kofta,Mutton (curry cut),मटन (करी कट),ಮಟನ್ (ಕರಿ ಕಟ್),500,g,protein,false,1
mutton-kofta,Onion (medium),प्याज़,ಈರುಳ್ಳಿ,0.67,piece,vegetable,false,2
mutton-kofta,Ginger-garlic paste,अदरक-लहसुन पेस्ट,ಶುಂಠಿ-ಬೆಳ್ಳುಳ್ಳಿ ಪೇಸ್ಟ್,0.33,tbsp,staple,true,3
mutton-kofta,Tomato (medium),टमाटर,ಟೊಮೇಟೊ,0.67,piece,vegetable,false,4
mutton-kofta,Green chilli,हरी मिर्च,ಹಸಿ ಮೆಣಸಿನಕಾಯಿ,0.67,piece,vegetable,false,5
mutton-kofta,Cumin (jeera),जीरा,ಜೀರಿಗೆ,0.33,tsp,staple,true,6
mutton-kofta,Turmeric,हल्दी,ಅರಿಶಿನ,0.17,tsp,staple,true,7
mutton-kofta,Red chilli powder,लाल मिर्च पाउडर,ಕೆಂಪು ಮೆಣಸಿನ ಪುಡಿ,0.33,tsp,staple,true,8
mutton-kofta,Garam masala,गरम मसाला,ಗರಂ ಮಸಾಲ,0.33,tsp,staple,true,9
mutton-kofta,Cooking oil,तेल,ಎಣ್ಣೆ,0.67,tbsp,staple,true,10
mutton-kofta,Coriander leaves,हरा धनिया,ಕೊತ್ತಂಬರಿ ಸೊಪ್ಪು,0.67,tbsp,vegetable,false,11
mutton-saag,Mutton (curry cut),मटन (करी कट),ಮಟನ್ (ಕರಿ ಕಟ್),500,g,protein,false,1
mutton-saag,Onion (medium),प्याज़,ಈರುಳ್ಳಿ,0.67,piece,vegetable,false,2
mutton-saag,Ginger-garlic paste,अदरक-लहसुन पेस्ट,ಶುಂಠಿ-ಬೆಳ್ಳುಳ್ಳಿ ಪೇಸ್ಟ್,0.33,tbsp,staple,true,3
mutton-saag,Tomato (medium),टमाटर,ಟೊಮೇಟೊ,0.67,piece,vegetable,false,4
mutton-saag,Green chilli,हरी मिर्च,ಹಸಿ ಮೆಣಸಿನಕಾಯಿ,0.67,piece,vegetable,false,5
mutton-saag,Cumin (jeera),जीरा,ಜೀರಿಗೆ,0.33,tsp,staple,true,6
mutton-saag,Turmeric,हल्दी,ಅರಿಶಿನ,0.17,tsp,staple,true,7
mutton-saag,Red chilli powder,लाल मिर्च पाउडर,ಕೆಂಪು ಮೆಣಸಿನ ಪುಡಿ,0.33,tsp,staple,true,8
mutton-saag,Garam masala,गरम मसाला,ಗರಂ ಮಸಾಲ,0.33,tsp,staple,true,9
mutton-saag,Cooking oil,तेल,ಎಣ್ಣೆ,0.67,tbsp,staple,true,10
mutton-saag,Coriander leaves,हरा धनिया,ಕೊತ್ತಂಬರಿ ಸೊಪ್ಪು,0.67,tbsp,vegetable,false,11
mutton-vindaloo,Mutton (curry cut),मटन (करी कट),ಮಟನ್ (ಕರಿ ಕಟ್),500,g,protein,false,1
mutton-vindaloo,Onion (medium),प्याज़,ಈರುಳ್ಳಿ,0.67,piece,vegetable,false,2
mutton-vindaloo,Ginger-garlic paste,अदरक-लहसुन पेस्ट,ಶುಂಠಿ-ಬೆಳ್ಳುಳ್ಳಿ ಪೇಸ್ಟ್,0.33,tbsp,staple,true,3
mutton-vindaloo,Tomato (medium),टमाटर,ಟೊಮೇಟೊ,0.67,piece,vegetable,false,4
mutton-vindaloo,Green chilli,हरी मिर्च,ಹಸಿ ಮೆಣಸಿನಕಾಯಿ,0.67,piece,vegetable,false,5
mutton-vindaloo,Cumin (jeera),जीरा,ಜೀರಿಗೆ,0.33,tsp,staple,true,6
mutton-vindaloo,Turmeric,हल्दी,ಅರಿಶಿನ,0.17,tsp,staple,true,7
mutton-vindaloo,Red chilli powder,लाल मिर्च पाउडर,ಕೆಂಪು ಮೆಣಸಿನ ಪುಡಿ,0.33,tsp,staple,true,8
mutton-vindaloo,Garam masala,गरम मसाला,ಗರಂ ಮಸಾಲ,0.33,tsp,staple,true,9
mutton-vindaloo,Cooking oil,तेल,ಎಣ್ಣೆ,0.67,tbsp,staple,true,10
mutton-vindaloo,Coriander leaves,हरा धनिया,ಕೊತ್ತಂಬರಿ ಸೊಪ್ಪು,0.67,tbsp,vegetable,false,11
mutton-chettinad,Mutton (curry cut),मटन (करी कट),ಮಟನ್ (ಕರಿ ಕಟ್),500,g,protein,false,1
mutton-chettinad,Onion (medium),प्याज़,ಈರುಳ್ಳಿ,0.67,piece,vegetable,false,2
mutton-chettinad,Ginger-garlic paste,अदरक-लहसुन पेस्ट,ಶುಂಠಿ-ಬೆಳ್ಳುಳ್ಳಿ ಪೇಸ್ಟ್,0.33,tbsp,staple,true,3
mutton-chettinad,Tomato (medium),टमाटर,ಟೊಮೇಟೊ,0.67,piece,vegetable,false,4
mutton-chettinad,Green chilli,हरी मिर्च,ಹಸಿ ಮೆಣಸಿನಕಾಯಿ,0.67,piece,vegetable,false,5
mutton-chettinad,Cumin (jeera),जीरा,ಜೀರಿಗೆ,0.33,tsp,staple,true,6
mutton-chettinad,Turmeric,हल्दी,ಅರಿಶಿನ,0.17,tsp,staple,true,7
mutton-chettinad,Red chilli powder,लाल मिर्च पाउडर,ಕೆಂಪು ಮೆಣಸಿನ ಪುಡಿ,0.33,tsp,staple,true,8
mutton-chettinad,Garam masala,गरम मसाला,ಗರಂ ಮಸಾಲ,0.33,tsp,staple,true,9
mutton-chettinad,Cooking oil,तेल,ಎಣ್ಣೆ,0.67,tbsp,staple,true,10
mutton-chettinad,Coriander leaves,हरा धनिया,ಕೊತ್ತಂಬರಿ ಸೊಪ್ಪು,0.67,tbsp,vegetable,false,11
mutton-do-pyaza,Mutton (curry cut),मटन (करी कट),ಮಟನ್ (ಕರಿ ಕಟ್),500,g,protein,false,1
mutton-do-pyaza,Onion (medium),प्याज़,ಈರುಳ್ಳಿ,0.67,piece,vegetable,false,2
mutton-do-pyaza,Ginger-garlic paste,अदरक-लहसुन पेस्ट,ಶುಂಠಿ-ಬೆಳ್ಳುಳ್ಳಿ ಪೇಸ್ಟ್,0.33,tbsp,staple,true,3
mutton-do-pyaza,Tomato (medium),टमाटर,ಟೊಮೇಟೊ,0.67,piece,vegetable,false,4
mutton-do-pyaza,Green chilli,हरी मिर्च,ಹಸಿ ಮೆಣಸಿನಕಾಯಿ,0.67,piece,vegetable,false,5
mutton-do-pyaza,Cumin (jeera),जीरा,ಜೀರಿಗೆ,0.33,tsp,staple,true,6
mutton-do-pyaza,Turmeric,हल्दी,ಅರಿಶಿನ,0.17,tsp,staple,true,7
mutton-do-pyaza,Red chilli powder,लाल मिर्च पाउडर,ಕೆಂಪು ಮೆಣಸಿನ ಪುಡಿ,0.33,tsp,staple,true,8
mutton-do-pyaza,Garam masala,गरम मसाला,ಗರಂ ಮಸಾಲ,0.33,tsp,staple,true,9
mutton-do-pyaza,Cooking oil,तेल,ಎಣ್ಣೆ,0.67,tbsp,staple,true,10
mutton-do-pyaza,Coriander leaves,हरा धनिया,ಕೊತ್ತಂಬರಿ ಸೊಪ್ಪು,0.67,tbsp,vegetable,false,11
mutton-salna,Mutton (curry cut),मटन (करी कट),ಮಟನ್ (ಕರಿ ಕಟ್),500,g,protein,false,1
mutton-salna,Onion (medium),प्याज़,ಈರುಳ್ಳಿ,0.67,piece,vegetable,false,2
mutton-salna,Ginger-garlic paste,अदरक-लहसुन पेस्ट,ಶುಂಠಿ-ಬೆಳ್ಳುಳ್ಳಿ ಪೇಸ್ಟ್,0.33,tbsp,staple,true,3
mutton-salna,Tomato (medium),टमाटर,ಟೊಮೇಟೊ,0.67,piece,vegetable,false,4
mutton-salna,Green chilli,हरी मिर्च,ಹಸಿ ಮೆಣಸಿನಕಾಯಿ,0.67,piece,vegetable,false,5
mutton-salna,Cumin (jeera),जीरा,ಜೀರಿಗೆ,0.33,tsp,staple,true,6
mutton-salna,Turmeric,हल्दी,ಅರಿಶಿನ,0.17,tsp,staple,true,7
mutton-salna,Red chilli powder,लाल मिर्च पाउडर,ಕೆಂಪು ಮೆಣಸಿನ ಪುಡಿ,0.33,tsp,staple,true,8
mutton-salna,Garam masala,गरम मसाला,ಗರಂ ಮಸಾಲ,0.33,tsp,staple,true,9
mutton-salna,Cooking oil,तेल,ಎಣ್ಣೆ,0.67,tbsp,staple,true,10
mutton-salna,Coriander leaves,हरा धनिया,ಕೊತ್ತಂಬರಿ ಸೊಪ್ಪು,0.67,tbsp,vegetable,false,11
mutton-kurma,Mutton (curry cut),मटन (करी कट),ಮಟನ್ (ಕರಿ ಕಟ್),500,g,protein,false,1
mutton-kurma,Onion (medium),प्याज़,ಈರುಳ್ಳಿ,0.67,piece,vegetable,false,2
mutton-kurma,Ginger-garlic paste,अदरक-लहसुन पेस्ट,ಶುಂಠಿ-ಬೆಳ್ಳುಳ್ಳಿ ಪೇಸ್ಟ್,0.33,tbsp,staple,true,3
mutton-kurma,Tomato (medium),टमाटर,ಟೊಮೇಟೊ,0.67,piece,vegetable,false,4
mutton-kurma,Green chilli,हरी मिर्च,ಹಸಿ ಮೆಣಸಿನಕಾಯಿ,0.67,piece,vegetable,false,5
mutton-kurma,Cumin (jeera),जीरा,ಜೀರಿಗೆ,0.33,tsp,staple,true,6
mutton-kurma,Turmeric,हल्दी,ಅರಿಶಿನ,0.17,tsp,staple,true,7
mutton-kurma,Red chilli powder,लाल मिर्च पाउडर,ಕೆಂಪು ಮೆಣಸಿನ ಪುಡಿ,0.33,tsp,staple,true,8
mutton-kurma,Garam masala,गरम मसाला,ಗರಂ ಮಸಾಲ,0.33,tsp,staple,true,9
mutton-kurma,Cooking oil,तेल,ಎಣ್ಣೆ,0.67,tbsp,staple,true,10
mutton-kurma,Coriander leaves,हरा धनिया,ಕೊತ್ತಂಬರಿ ಸೊಪ್ಪು,0.67,tbsp,vegetable,false,11
fish-masala,Fish (slices),मछली (टुकड़े),ಮೀನು (ತುಂಡುಗಳು),400,g,protein,false,1
fish-masala,Onion (medium),प्याज़,ಈರುಳ್ಳಿ,0.67,piece,vegetable,false,2
fish-masala,Ginger-garlic paste,अदरक-लहसुन पेस्ट,ಶುಂಠಿ-ಬೆಳ್ಳುಳ್ಳಿ ಪೇಸ್ಟ್,0.33,tbsp,staple,true,3
fish-masala,Tomato (medium),टमाटर,ಟೊಮೇಟೊ,0.67,piece,vegetable,false,4
fish-masala,Green chilli,हरी मिर्च,ಹಸಿ ಮೆಣಸಿನಕಾಯಿ,0.67,piece,vegetable,false,5
fish-masala,Cumin (jeera),जीरा,ಜೀರಿಗೆ,0.33,tsp,staple,true,6
fish-masala,Turmeric,हल्दी,ಅರಿಶಿನ,0.17,tsp,staple,true,7
fish-masala,Red chilli powder,लाल मिर्च पाउडर,ಕೆಂಪು ಮೆಣಸಿನ ಪುಡಿ,0.33,tsp,staple,true,8
fish-masala,Garam masala,गरम मसाला,ಗರಂ ಮಸಾಲ,0.33,tsp,staple,true,9
fish-masala,Cooking oil,तेल,ಎಣ್ಣೆ,0.67,tbsp,staple,true,10
fish-masala,Coriander leaves,हरा धनिया,ಕೊತ್ತಂಬರಿ ಸೊಪ್ಪು,0.67,tbsp,vegetable,false,11
fish-roast,Fish (slices),मछली (टुकड़े),ಮೀನು (ತುಂಡುಗಳು),400,g,protein,false,1
fish-roast,Onion (medium),प्याज़,ಈರುಳ್ಳಿ,0.67,piece,vegetable,false,2
fish-roast,Ginger-garlic paste,अदरक-लहसुन पेस्ट,ಶುಂಠಿ-ಬೆಳ್ಳುಳ್ಳಿ ಪೇಸ್ಟ್,0.33,tbsp,staple,true,3
fish-roast,Tomato (medium),टमाटर,ಟೊಮೇಟೊ,0.67,piece,vegetable,false,4
fish-roast,Green chilli,हरी मिर्च,ಹಸಿ ಮೆಣಸಿನಕಾಯಿ,0.67,piece,vegetable,false,5
fish-roast,Cumin (jeera),जीरा,ಜೀರಿಗೆ,0.33,tsp,staple,true,6
fish-roast,Turmeric,हल्दी,ಅರಿಶಿನ,0.17,tsp,staple,true,7
fish-roast,Red chilli powder,लाल मिर्च पाउडर,ಕೆಂಪು ಮೆಣಸಿನ ಪುಡಿ,0.33,tsp,staple,true,8
fish-roast,Garam masala,गरम मसाला,ಗರಂ ಮಸಾಲ,0.33,tsp,staple,true,9
fish-roast,Cooking oil,तेल,ಎಣ್ಣೆ,0.67,tbsp,staple,true,10
fish-roast,Coriander leaves,हरा धनिया,ಕೊತ್ತಂಬರಿ ಸೊಪ್ಪು,0.67,tbsp,vegetable,false,11
fish-tikka,Fish (slices),मछली (टुकड़े),ಮೀನು (ತುಂಡುಗಳು),400,g,protein,false,1
fish-tikka,Onion (medium),प्याज़,ಈರುಳ್ಳಿ,0.67,piece,vegetable,false,2
fish-tikka,Ginger-garlic paste,अदरक-लहसुन पेस्ट,ಶುಂಠಿ-ಬೆಳ್ಳುಳ್ಳಿ ಪೇಸ್ಟ್,0.33,tbsp,staple,true,3
fish-tikka,Tomato (medium),टमाटर,ಟೊಮೇಟೊ,0.67,piece,vegetable,false,4
fish-tikka,Green chilli,हरी मिर्च,ಹಸಿ ಮೆಣಸಿನಕಾಯಿ,0.67,piece,vegetable,false,5
fish-tikka,Cumin (jeera),जीरा,ಜೀರಿಗೆ,0.33,tsp,staple,true,6
fish-tikka,Turmeric,हल्दी,ಅರಿಶಿನ,0.17,tsp,staple,true,7
fish-tikka,Red chilli powder,लाल मिर्च पाउडर,ಕೆಂಪು ಮೆಣಸಿನ ಪುಡಿ,0.33,tsp,staple,true,8
fish-tikka,Garam masala,गरम मसाला,ಗರಂ ಮಸಾಲ,0.33,tsp,staple,true,9
fish-tikka,Cooking oil,तेल,ಎಣ್ಣೆ,0.67,tbsp,staple,true,10
fish-tikka,Coriander leaves,हरा धनिया,ಕೊತ್ತಂಬರಿ ಸೊಪ್ಪು,0.67,tbsp,vegetable,false,11
fish-korma,Fish (slices),मछली (टुकड़े),ಮೀನು (ತುಂಡುಗಳು),400,g,protein,false,1
fish-korma,Onion (medium),प्याज़,ಈರುಳ್ಳಿ,0.67,piece,vegetable,false,2
fish-korma,Ginger-garlic paste,अदरक-लहसुन पेस्ट,ಶುಂಠಿ-ಬೆಳ್ಳುಳ್ಳಿ ಪೇಸ್ಟ್,0.33,tbsp,staple,true,3
fish-korma,Tomato (medium),टमाटर,ಟೊಮೇಟೊ,0.67,piece,vegetable,false,4
fish-korma,Green chilli,हरी मिर्च,ಹಸಿ ಮೆಣಸಿನಕಾಯಿ,0.67,piece,vegetable,false,5
fish-korma,Cumin (jeera),जीरा,ಜೀರಿಗೆ,0.33,tsp,staple,true,6
fish-korma,Turmeric,हल्दी,ಅರಿಶಿನ,0.17,tsp,staple,true,7
fish-korma,Red chilli powder,लाल मिर्च पाउडर,ಕೆಂಪು ಮೆಣಸಿನ ಪುಡಿ,0.33,tsp,staple,true,8
fish-korma,Garam masala,गरम मसाला,ಗರಂ ಮಸಾಲ,0.33,tsp,staple,true,9
fish-korma,Cooking oil,तेल,ಎಣ್ಣೆ,0.67,tbsp,staple,true,10
fish-korma,Coriander leaves,हरा धनिया,ಕೊತ್ತಂಬರಿ ಸೊಪ್ಪು,0.67,tbsp,vegetable,false,11
fish-makhani,Fish (slices),मछली (टुकड़े),ಮೀನು (ತುಂಡುಗಳು),400,g,protein,false,1
fish-makhani,Onion (medium),प्याज़,ಈರುಳ್ಳಿ,0.67,piece,vegetable,false,2
fish-makhani,Ginger-garlic paste,अदरक-लहसुन पेस्ट,ಶುಂಠಿ-ಬೆಳ್ಳುಳ್ಳಿ ಪೇಸ್ಟ್,0.33,tbsp,staple,true,3
fish-makhani,Tomato (medium),टमाटर,ಟೊಮೇಟೊ,0.67,piece,vegetable,false,4
fish-makhani,Green chilli,हरी मिर्च,ಹಸಿ ಮೆಣಸಿನಕಾಯಿ,0.67,piece,vegetable,false,5
fish-makhani,Cumin (jeera),जीरा,ಜೀರಿಗೆ,0.33,tsp,staple,true,6
fish-makhani,Turmeric,हल्दी,ಅರಿಶಿನ,0.17,tsp,staple,true,7
fish-makhani,Red chilli powder,लाल मिर्च पाउडर,ಕೆಂಪು ಮೆಣಸಿನ ಪುಡಿ,0.33,tsp,staple,true,8
fish-makhani,Garam masala,गरम मसाला,ಗರಂ ಮಸಾಲ,0.33,tsp,staple,true,9
fish-makhani,Butter,मक्खन,ಬೆಣ್ಣೆ,1,tbsp,dairy,false,10
fish-makhani,Fresh cream,क्रीम,ಕ್ರೀಮ್,0.08,cup,dairy,false,11
fish-makhani,Kasuri methi,कसूरी मेथी,ಕಸೂರಿ ಮೆಂತ್ಯ,0.33,tsp,staple,true,12
fish-makhani,Coriander leaves,हरा धनिया,ಕೊತ್ತಂಬರಿ ಸೊಪ್ಪು,0.67,tbsp,vegetable,false,13
fish-bhurji,Fish (slices),मछली (टुकड़े),ಮೀನು (ತುಂಡುಗಳು),400,g,protein,false,1
fish-bhurji,Onion (medium),प्याज़,ಈರುಳ್ಳಿ,0.67,piece,vegetable,false,2
fish-bhurji,Ginger-garlic paste,अदरक-लहसुन पेस्ट,ಶುಂಠಿ-ಬೆಳ್ಳುಳ್ಳಿ ಪೇಸ್ಟ್,0.33,tbsp,staple,true,3
fish-bhurji,Tomato (medium),टमाटर,ಟೊಮೇಟೊ,0.67,piece,vegetable,false,4
fish-bhurji,Green chilli,हरी मिर्च,ಹಸಿ ಮೆಣಸಿನಕಾಯಿ,0.67,piece,vegetable,false,5
fish-bhurji,Cumin (jeera),जीरा,ಜೀರಿಗೆ,0.33,tsp,staple,true,6
fish-bhurji,Turmeric,हल्दी,ಅರಿಶಿನ,0.17,tsp,staple,true,7
fish-bhurji,Red chilli powder,लाल मिर्च पाउडर,ಕೆಂಪು ಮೆಣಸಿನ ಪುಡಿ,0.33,tsp,staple,true,8
fish-bhurji,Garam masala,गरम मसाला,ಗರಂ ಮಸಾಲ,0.33,tsp,staple,true,9
fish-bhurji,Cooking oil,तेल,ಎಣ್ಣೆ,0.67,tbsp,staple,true,10
fish-bhurji,Coriander leaves,हरा धनिया,ಕೊತ್ತಂಬರಿ ಸೊಪ್ಪು,0.67,tbsp,vegetable,false,11
fish-kofta,Fish (slices),मछली (टुकड़े),ಮೀನು (ತುಂಡುಗಳು),400,g,protein,false,1
fish-kofta,Onion (medium),प्याज़,ಈರುಳ್ಳಿ,0.67,piece,vegetable,false,2
fish-kofta,Ginger-garlic paste,अदरक-लहसुन पेस्ट,ಶುಂಠಿ-ಬೆಳ್ಳುಳ್ಳಿ ಪೇಸ್ಟ್,0.33,tbsp,staple,true,3
fish-kofta,Tomato (medium),टमाटर,ಟೊಮೇಟೊ,0.67,piece,vegetable,false,4
fish-kofta,Green chilli,हरी मिर्च,ಹಸಿ ಮೆಣಸಿನಕಾಯಿ,0.67,piece,vegetable,false,5
fish-kofta,Cumin (jeera),जीरा,ಜೀರಿಗೆ,0.33,tsp,staple,true,6
fish-kofta,Turmeric,हल्दी,ಅರಿಶಿನ,0.17,tsp,staple,true,7
fish-kofta,Red chilli powder,लाल मिर्च पाउडर,ಕೆಂಪು ಮೆಣಸಿನ ಪುಡಿ,0.33,tsp,staple,true,8
fish-kofta,Garam masala,गरम मसाला,ಗರಂ ಮಸಾಲ,0.33,tsp,staple,true,9
fish-kofta,Cooking oil,तेल,ಎಣ್ಣೆ,0.67,tbsp,staple,true,10
fish-kofta,Coriander leaves,हरा धनिया,ಕೊತ್ತಂಬರಿ ಸೊಪ್ಪು,0.67,tbsp,vegetable,false,11
fish-saag,Fish (slices),मछली (टुकड़े),ಮೀನು (ತುಂಡುಗಳು),400,g,protein,false,1
fish-saag,Onion (medium),प्याज़,ಈರುಳ್ಳಿ,0.67,piece,vegetable,false,2
fish-saag,Ginger-garlic paste,अदरक-लहसुन पेस्ट,ಶುಂಠಿ-ಬೆಳ್ಳುಳ್ಳಿ ಪೇಸ್ಟ್,0.33,tbsp,staple,true,3
fish-saag,Tomato (medium),टमाटर,ಟೊಮೇಟೊ,0.67,piece,vegetable,false,4
fish-saag,Green chilli,हरी मिर्च,ಹಸಿ ಮೆಣಸಿನಕಾಯಿ,0.67,piece,vegetable,false,5
fish-saag,Cumin (jeera),जीरा,ಜೀರಿಗೆ,0.33,tsp,staple,true,6
fish-saag,Turmeric,हल्दी,ಅರಿಶಿನ,0.17,tsp,staple,true,7
fish-saag,Red chilli powder,लाल मिर्च पाउडर,ಕೆಂಪು ಮೆಣಸಿನ ಪುಡಿ,0.33,tsp,staple,true,8
fish-saag,Garam masala,गरम मसाला,ಗರಂ ಮಸಾಲ,0.33,tsp,staple,true,9
fish-saag,Cooking oil,तेल,ಎಣ್ಣೆ,0.67,tbsp,staple,true,10
fish-saag,Coriander leaves,हरा धनिया,ಕೊತ್ತಂಬರಿ ಸೊಪ್ಪು,0.67,tbsp,vegetable,false,11
fish-vindaloo,Fish (slices),मछली (टुकड़े),ಮೀನು (ತುಂಡುಗಳು),400,g,protein,false,1
fish-vindaloo,Onion (medium),प्याज़,ಈರುಳ್ಳಿ,0.67,piece,vegetable,false,2
fish-vindaloo,Ginger-garlic paste,अदरक-लहसुन पेस्ट,ಶುಂಠಿ-ಬೆಳ್ಳುಳ್ಳಿ ಪೇಸ್ಟ್,0.33,tbsp,staple,true,3
fish-vindaloo,Tomato (medium),टमाटर,ಟೊಮೇಟೊ,0.67,piece,vegetable,false,4
fish-vindaloo,Green chilli,हरी मिर्च,ಹಸಿ ಮೆಣಸಿನಕಾಯಿ,0.67,piece,vegetable,false,5
fish-vindaloo,Cumin (jeera),जीरा,ಜೀರಿಗೆ,0.33,tsp,staple,true,6
fish-vindaloo,Turmeric,हल्दी,ಅರಿಶಿನ,0.17,tsp,staple,true,7
fish-vindaloo,Red chilli powder,लाल मिर्च पाउडर,ಕೆಂಪು ಮೆಣಸಿನ ಪುಡಿ,0.33,tsp,staple,true,8
fish-vindaloo,Garam masala,गरम मसाला,ಗರಂ ಮಸಾಲ,0.33,tsp,staple,true,9
fish-vindaloo,Cooking oil,तेल,ಎಣ್ಣೆ,0.67,tbsp,staple,true,10
fish-vindaloo,Coriander leaves,हरा धनिया,ಕೊತ್ತಂಬರಿ ಸೊಪ್ಪು,0.67,tbsp,vegetable,false,11
fish-chettinad,Fish (slices),मछली (टुकड़े),ಮೀನು (ತುಂಡುಗಳು),400,g,protein,false,1
fish-chettinad,Onion (medium),प्याज़,ಈರುಳ್ಳಿ,0.67,piece,vegetable,false,2
fish-chettinad,Ginger-garlic paste,अदरक-लहसुन पेस्ट,ಶುಂಠಿ-ಬೆಳ್ಳುಳ್ಳಿ ಪೇಸ್ಟ್,0.33,tbsp,staple,true,3
fish-chettinad,Tomato (medium),टमाटर,ಟೊಮೇಟೊ,0.67,piece,vegetable,false,4
fish-chettinad,Green chilli,हरी मिर्च,ಹಸಿ ಮೆಣಸಿನಕಾಯಿ,0.67,piece,vegetable,false,5
fish-chettinad,Cumin (jeera),जीरा,ಜೀರಿಗೆ,0.33,tsp,staple,true,6
fish-chettinad,Turmeric,हल्दी,ಅರಿಶಿನ,0.17,tsp,staple,true,7
fish-chettinad,Red chilli powder,लाल मिर्च पाउडर,ಕೆಂಪು ಮೆಣಸಿನ ಪುಡಿ,0.33,tsp,staple,true,8
fish-chettinad,Garam masala,गरम मसाला,ಗರಂ ಮಸಾಲ,0.33,tsp,staple,true,9
fish-chettinad,Cooking oil,तेल,ಎಣ್ಣೆ,0.67,tbsp,staple,true,10
fish-chettinad,Coriander leaves,हरा धनिया,ಕೊತ್ತಂಬರಿ ಸೊಪ್ಪು,0.67,tbsp,vegetable,false,11
fish-do-pyaza,Fish (slices),मछली (टुकड़े),ಮೀನು (ತುಂಡುಗಳು),400,g,protein,false,1
fish-do-pyaza,Onion (medium),प्याज़,ಈರುಳ್ಳಿ,0.67,piece,vegetable,false,2
fish-do-pyaza,Ginger-garlic paste,अदरक-लहसुन पेस्ट,ಶುಂಠಿ-ಬೆಳ್ಳುಳ್ಳಿ ಪೇಸ್ಟ್,0.33,tbsp,staple,true,3
fish-do-pyaza,Tomato (medium),टमाटर,ಟೊಮೇಟೊ,0.67,piece,vegetable,false,4
fish-do-pyaza,Green chilli,हरी मिर्च,ಹಸಿ ಮೆಣಸಿನಕಾಯಿ,0.67,piece,vegetable,false,5
fish-do-pyaza,Cumin (jeera),जीरा,ಜೀರಿಗೆ,0.33,tsp,staple,true,6
fish-do-pyaza,Turmeric,हल्दी,ಅರಿಶಿನ,0.17,tsp,staple,true,7
fish-do-pyaza,Red chilli powder,लाल मिर्च पाउडर,ಕೆಂಪು ಮೆಣಸಿನ ಪುಡಿ,0.33,tsp,staple,true,8
fish-do-pyaza,Garam masala,गरम मसाला,ಗರಂ ಮಸಾಲ,0.33,tsp,staple,true,9
fish-do-pyaza,Cooking oil,तेल,ಎಣ್ಣೆ,0.67,tbsp,staple,true,10
fish-do-pyaza,Coriander leaves,हरा धनिया,ಕೊತ್ತಂಬರಿ ಸೊಪ್ಪು,0.67,tbsp,vegetable,false,11
fish-salna,Fish (slices),मछली (टुकड़े),ಮೀನು (ತುಂಡುಗಳು),400,g,protein,false,1
fish-salna,Onion (medium),प्याज़,ಈರುಳ್ಳಿ,0.67,piece,vegetable,false,2
fish-salna,Ginger-garlic paste,अदरक-लहसुन पेस्ट,ಶುಂಠಿ-ಬೆಳ್ಳುಳ್ಳಿ ಪೇಸ್ಟ್,0.33,tbsp,staple,true,3
fish-salna,Tomato (medium),टमाटर,ಟೊಮೇಟೊ,0.67,piece,vegetable,false,4
fish-salna,Green chilli,हरी मिर्च,ಹಸಿ ಮೆಣಸಿನಕಾಯಿ,0.67,piece,vegetable,false,5
fish-salna,Cumin (jeera),जीरा,ಜೀರಿಗೆ,0.33,tsp,staple,true,6
fish-salna,Turmeric,हल्दी,ಅರಿಶಿನ,0.17,tsp,staple,true,7
fish-salna,Red chilli powder,लाल मिर्च पाउडर,ಕೆಂಪು ಮೆಣಸಿನ ಪುಡಿ,0.33,tsp,staple,true,8
fish-salna,Garam masala,गरम मसाला,ಗರಂ ಮಸಾಲ,0.33,tsp,staple,true,9
fish-salna,Cooking oil,तेल,ಎಣ್ಣೆ,0.67,tbsp,staple,true,10
fish-salna,Coriander leaves,हरा धनिया,ಕೊತ್ತಂಬರಿ ಸೊಪ್ಪು,0.67,tbsp,vegetable,false,11
fish-kurma,Fish (slices),मछली (टुकड़े),ಮೀನು (ತುಂಡುಗಳು),400,g,protein,false,1
fish-kurma,Onion (medium),प्याज़,ಈರುಳ್ಳಿ,0.67,piece,vegetable,false,2
fish-kurma,Ginger-garlic paste,अदरक-लहसुन पेस्ट,ಶುಂಠಿ-ಬೆಳ್ಳುಳ್ಳಿ ಪೇಸ್ಟ್,0.33,tbsp,staple,true,3
fish-kurma,Tomato (medium),टमाटर,ಟೊಮೇಟೊ,0.67,piece,vegetable,false,4
fish-kurma,Green chilli,हरी मिर्च,ಹಸಿ ಮೆಣಸಿನಕಾಯಿ,0.67,piece,vegetable,false,5
fish-kurma,Cumin (jeera),जीरा,ಜೀರಿಗೆ,0.33,tsp,staple,true,6
fish-kurma,Turmeric,हल्दी,ಅರಿಶಿನ,0.17,tsp,staple,true,7
fish-kurma,Red chilli powder,लाल मिर्च पाउडर,ಕೆಂಪು ಮೆಣಸಿನ ಪುಡಿ,0.33,tsp,staple,true,8
fish-kurma,Garam masala,गरम मसाला,ಗರಂ ಮಸಾಲ,0.33,tsp,staple,true,9
fish-kurma,Cooking oil,तेल,ಎಣ್ಣೆ,0.67,tbsp,staple,true,10
fish-kurma,Coriander leaves,हरा धनिया,ಕೊತ್ತಂಬರಿ ಸೊಪ್ಪು,0.67,tbsp,vegetable,false,11
prawn-curry,Prawns,झींगा,ಸೀಗಡಿ,500,g,protein,false,1
prawn-curry,Onion (medium),प्याज़,ಈರುಳ್ಳಿ,0.67,piece,vegetable,false,2
prawn-curry,Ginger-garlic paste,अदरक-लहसुन पेस्ट,ಶುಂಠಿ-ಬೆಳ್ಳುಳ್ಳಿ ಪೇಸ್ಟ್,0.33,tbsp,staple,true,3
prawn-curry,Tomato (medium),टमाटर,ಟೊಮೇಟೊ,0.67,piece,vegetable,false,4
prawn-curry,Green chilli,हरी मिर्च,ಹಸಿ ಮೆಣಸಿನಕಾಯಿ,0.67,piece,vegetable,false,5
prawn-curry,Cumin (jeera),जीरा,ಜೀರಿಗೆ,0.33,tsp,staple,true,6
prawn-curry,Turmeric,हल्दी,ಅರಿಶಿನ,0.17,tsp,staple,true,7
prawn-curry,Red chilli powder,लाल मिर्च पाउडर,ಕೆಂಪು ಮೆಣಸಿನ ಪುಡಿ,0.33,tsp,staple,true,8
prawn-curry,Garam masala,गरम मसाला,ಗರಂ ಮಸಾಲ,0.33,tsp,staple,true,9
prawn-curry,Cooking oil,तेल,ಎಣ್ಣೆ,0.67,tbsp,staple,true,10
prawn-curry,Coriander leaves,हरा धनिया,ಕೊತ್ತಂಬರಿ ಸೊಪ್ಪು,0.67,tbsp,vegetable,false,11
prawn-masala,Prawns,झींगा,ಸೀಗಡಿ,500,g,protein,false,1
prawn-masala,Onion (medium),प्याज़,ಈರುಳ್ಳಿ,0.67,piece,vegetable,false,2
prawn-masala,Ginger-garlic paste,अदरक-लहसुन पेस्ट,ಶುಂಠಿ-ಬೆಳ್ಳುಳ್ಳಿ ಪೇಸ್ಟ್,0.33,tbsp,staple,true,3
prawn-masala,Tomato (medium),टमाटर,ಟೊಮೇಟೊ,0.67,piece,vegetable,false,4
prawn-masala,Green chilli,हरी मिर्च,ಹಸಿ ಮೆಣಸಿನಕಾಯಿ,0.67,piece,vegetable,false,5
prawn-masala,Cumin (jeera),जीरा,ಜೀರಿಗೆ,0.33,tsp,staple,true,6
prawn-masala,Turmeric,हल्दी,ಅರಿಶಿನ,0.17,tsp,staple,true,7
prawn-masala,Red chilli powder,लाल मिर्च पाउडर,ಕೆಂಪು ಮೆಣಸಿನ ಪುಡಿ,0.33,tsp,staple,true,8
prawn-masala,Garam masala,गरम मसाला,ಗರಂ ಮಸಾಲ,0.33,tsp,staple,true,9
prawn-masala,Cooking oil,तेल,ಎಣ್ಣೆ,0.67,tbsp,staple,true,10
prawn-masala,Coriander leaves,हरा धनिया,ಕೊತ್ತಂಬರಿ ಸೊಪ್ಪು,0.67,tbsp,vegetable,false,11
prawn-roast,Prawns,झींगा,ಸೀಗಡಿ,500,g,protein,false,1
prawn-roast,Onion (medium),प्याज़,ಈರುಳ್ಳಿ,0.67,piece,vegetable,false,2
prawn-roast,Ginger-garlic paste,अदरक-लहसुन पेस्ट,ಶುಂಠಿ-ಬೆಳ್ಳುಳ್ಳಿ ಪೇಸ್ಟ್,0.33,tbsp,staple,true,3
prawn-roast,Tomato (medium),टमाटर,ಟೊಮೇಟೊ,0.67,piece,vegetable,false,4
prawn-roast,Green chilli,हरी मिर्च,ಹಸಿ ಮೆಣಸಿನಕಾಯಿ,0.67,piece,vegetable,false,5
prawn-roast,Cumin (jeera),जीरा,ಜೀರಿಗೆ,0.33,tsp,staple,true,6
prawn-roast,Turmeric,हल्दी,ಅರಿಶಿನ,0.17,tsp,staple,true,7
prawn-roast,Red chilli powder,लाल मिर्च पाउडर,ಕೆಂಪು ಮೆಣಸಿನ ಪುಡಿ,0.33,tsp,staple,true,8
prawn-roast,Garam masala,गरम मसाला,ಗರಂ ಮಸಾಲ,0.33,tsp,staple,true,9
prawn-roast,Cooking oil,तेल,ಎಣ್ಣೆ,0.67,tbsp,staple,true,10
prawn-roast,Coriander leaves,हरा धनिया,ಕೊತ್ತಂಬರಿ ಸೊಪ್ಪು,0.67,tbsp,vegetable,false,11
prawn-tikka,Prawns,झींगा,ಸೀಗಡಿ,500,g,protein,false,1
prawn-tikka,Onion (medium),प्याज़,ಈರುಳ್ಳಿ,0.67,piece,vegetable,false,2
prawn-tikka,Ginger-garlic paste,अदरक-लहसुन पेस्ट,ಶುಂಠಿ-ಬೆಳ್ಳುಳ್ಳಿ ಪೇಸ್ಟ್,0.33,tbsp,staple,true,3
prawn-tikka,Tomato (medium),टमाटर,ಟೊಮೇಟೊ,0.67,piece,vegetable,false,4
prawn-tikka,Green chilli,हरी मिर्च,ಹಸಿ ಮೆಣಸಿನಕಾಯಿ,0.67,piece,vegetable,false,5
prawn-tikka,Cumin (jeera),जीरा,ಜೀರಿಗೆ,0.33,tsp,staple,true,6
prawn-tikka,Turmeric,हल्दी,ಅರಿಶಿನ,0.17,tsp,staple,true,7
prawn-tikka,Red chilli powder,लाल मिर्च पाउडर,ಕೆಂಪು ಮೆಣಸಿನ ಪುಡಿ,0.33,tsp,staple,true,8
prawn-tikka,Garam masala,गरम मसाला,ಗರಂ ಮಸಾಲ,0.33,tsp,staple,true,9
prawn-tikka,Cooking oil,तेल,ಎಣ್ಣೆ,0.67,tbsp,staple,true,10
prawn-tikka,Coriander leaves,हरा धनिया,ಕೊತ್ತಂಬರಿ ಸೊಪ್ಪು,0.67,tbsp,vegetable,false,11
prawn-korma,Prawns,झींगा,ಸೀಗಡಿ,500,g,protein,false,1
prawn-korma,Onion (medium),प्याज़,ಈರುಳ್ಳಿ,0.67,piece,vegetable,false,2
prawn-korma,Ginger-garlic paste,अदरक-लहसुन पेस्ट,ಶುಂಠಿ-ಬೆಳ್ಳುಳ್ಳಿ ಪೇಸ್ಟ್,0.33,tbsp,staple,true,3
prawn-korma,Tomato (medium),टमाटर,ಟೊಮೇಟೊ,0.67,piece,vegetable,false,4
prawn-korma,Green chilli,हरी मिर्च,ಹಸಿ ಮೆಣಸಿನಕಾಯಿ,0.67,piece,vegetable,false,5
prawn-korma,Cumin (jeera),जीरा,ಜೀರಿಗೆ,0.33,tsp,staple,true,6
prawn-korma,Turmeric,हल्दी,ಅರಿಶಿನ,0.17,tsp,staple,true,7
prawn-korma,Red chilli powder,लाल मिर्च पाउडर,ಕೆಂಪು ಮೆಣಸಿನ ಪುಡಿ,0.33,tsp,staple,true,8
prawn-korma,Garam masala,गरम मसाला,ಗರಂ ಮಸಾಲ,0.33,tsp,staple,true,9
prawn-korma,Cooking oil,तेल,ಎಣ್ಣೆ,0.67,tbsp,staple,true,10
prawn-korma,Coriander leaves,हरा धनिया,ಕೊತ್ತಂಬರಿ ಸೊಪ್ಪು,0.67,tbsp,vegetable,false,11
prawn-makhani,Prawns,झींगा,ಸೀಗಡಿ,500,g,protein,false,1
prawn-makhani,Onion (medium),प्याज़,ಈರುಳ್ಳಿ,0.67,piece,vegetable,false,2
prawn-makhani,Ginger-garlic paste,अदरक-लहसुन पेस्ट,ಶುಂಠಿ-ಬೆಳ್ಳುಳ್ಳಿ ಪೇಸ್ಟ್,0.33,tbsp,staple,true,3
prawn-makhani,Tomato (medium),टमाटर,ಟೊಮೇಟೊ,0.67,piece,vegetable,false,4
prawn-makhani,Green chilli,हरी मिर्च,ಹಸಿ ಮೆಣಸಿನಕಾಯಿ,0.67,piece,vegetable,false,5
prawn-makhani,Cumin (jeera),जीरा,ಜೀರಿಗೆ,0.33,tsp,staple,true,6
prawn-makhani,Turmeric,हल्दी,ಅರಿಶಿನ,0.17,tsp,staple,true,7
prawn-makhani,Red chilli powder,लाल मिर्च पाउडर,ಕೆಂಪು ಮೆಣಸಿನ ಪುಡಿ,0.33,tsp,staple,true,8
prawn-makhani,Garam masala,गरम मसाला,ಗರಂ ಮಸಾಲ,0.33,tsp,staple,true,9
prawn-makhani,Butter,मक्खन,ಬೆಣ್ಣೆ,1,tbsp,dairy,false,10
prawn-makhani,Fresh cream,क्रीम,ಕ್ರೀಮ್,0.08,cup,dairy,false,11
prawn-makhani,Kasuri methi,कसूरी मेथी,ಕಸೂರಿ ಮೆಂತ್ಯ,0.33,tsp,staple,true,12
prawn-makhani,Coriander leaves,हरा धनिया,ಕೊತ್ತಂಬರಿ ಸೊಪ್ಪು,0.67,tbsp,vegetable,false,13
prawn-bhurji,Prawns,झींगा,ಸೀಗಡಿ,500,g,protein,false,1
prawn-bhurji,Onion (medium),प्याज़,ಈರುಳ್ಳಿ,0.67,piece,vegetable,false,2
prawn-bhurji,Ginger-garlic paste,अदरक-लहसुन पेस्ट,ಶುಂಠಿ-ಬೆಳ್ಳುಳ್ಳಿ ಪೇಸ್ಟ್,0.33,tbsp,staple,true,3
prawn-bhurji,Tomato (medium),टमाटर,ಟೊಮೇಟೊ,0.67,piece,vegetable,false,4
prawn-bhurji,Green chilli,हरी मिर्च,ಹಸಿ ಮೆಣಸಿನಕಾಯಿ,0.67,piece,vegetable,false,5
prawn-bhurji,Cumin (jeera),जीरा,ಜೀರಿಗೆ,0.33,tsp,staple,true,6
prawn-bhurji,Turmeric,हल्दी,ಅರಿಶಿನ,0.17,tsp,staple,true,7
prawn-bhurji,Red chilli powder,लाल मिर्च पाउडर,ಕೆಂಪು ಮೆಣಸಿನ ಪುಡಿ,0.33,tsp,staple,true,8
prawn-bhurji,Garam masala,गरम मसाला,ಗರಂ ಮಸಾಲ,0.33,tsp,staple,true,9
prawn-bhurji,Cooking oil,तेल,ಎಣ್ಣೆ,0.67,tbsp,staple,true,10
prawn-bhurji,Coriander leaves,हरा धनिया,ಕೊತ್ತಂಬರಿ ಸೊಪ್ಪು,0.67,tbsp,vegetable,false,11
prawn-kofta,Prawns,झींगा,ಸೀಗಡಿ,500,g,protein,false,1
prawn-kofta,Onion (medium),प्याज़,ಈರುಳ್ಳಿ,0.67,piece,vegetable,false,2
prawn-kofta,Ginger-garlic paste,अदरक-लहसुन पेस्ट,ಶುಂಠಿ-ಬೆಳ್ಳುಳ್ಳಿ ಪೇಸ್ಟ್,0.33,tbsp,staple,true,3
prawn-kofta,Tomato (medium),टमाटर,ಟೊಮೇಟೊ,0.67,piece,vegetable,false,4
prawn-kofta,Green chilli,हरी मिर्च,ಹಸಿ ಮೆಣಸಿನಕಾಯಿ,0.67,piece,vegetable,false,5
prawn-kofta,Cumin (jeera),जीरा,ಜೀರಿಗೆ,0.33,tsp,staple,true,6
prawn-kofta,Turmeric,हल्दी,ಅರಿಶಿನ,0.17,tsp,staple,true,7
prawn-kofta,Red chilli powder,लाल मिर्च पाउडर,ಕೆಂಪು ಮೆಣಸಿನ ಪುಡಿ,0.33,tsp,staple,true,8
prawn-kofta,Garam masala,गरम मसाला,ಗರಂ ಮಸಾಲ,0.33,tsp,staple,true,9
prawn-kofta,Cooking oil,तेल,ಎಣ್ಣೆ,0.67,tbsp,staple,true,10
prawn-kofta,Coriander leaves,हरा धनिया,ಕೊತ್ತಂಬರಿ ಸೊಪ್ಪು,0.67,tbsp,vegetable,false,11
prawn-saag,Prawns,झींगा,ಸೀಗಡಿ,500,g,protein,false,1
prawn-saag,Onion (medium),प्याज़,ಈರುಳ್ಳಿ,0.67,piece,vegetable,false,2
prawn-saag,Ginger-garlic paste,अदरक-लहसुन पेस्ट,ಶುಂಠಿ-ಬೆಳ್ಳುಳ್ಳಿ ಪೇಸ್ಟ್,0.33,tbsp,staple,true,3
prawn-saag,Tomato (medium),टमाटर,ಟೊಮೇಟೊ,0.67,piece,vegetable,false,4
prawn-saag,Green chilli,हरी मिर्च,ಹಸಿ ಮೆಣಸಿನಕಾಯಿ,0.67,piece,vegetable,false,5
prawn-saag,Cumin (jeera),जीरा,ಜೀರಿಗೆ,0.33,tsp,staple,true,6
prawn-saag,Turmeric,हल्दी,ಅರಿಶಿನ,0.17,tsp,staple,true,7
prawn-saag,Red chilli powder,लाल मिर्च पाउडर,ಕೆಂಪು ಮೆಣಸಿನ ಪುಡಿ,0.33,tsp,staple,true,8
prawn-saag,Garam masala,गरम मसाला,ಗರಂ ಮಸಾಲ,0.33,tsp,staple,true,9
prawn-saag,Cooking oil,तेल,ಎಣ್ಣೆ,0.67,tbsp,staple,true,10
prawn-saag,Coriander leaves,हरा धनिया,ಕೊತ್ತಂಬರಿ ಸೊಪ್ಪು,0.67,tbsp,vegetable,false,11
prawn-vindaloo,Prawns,झींगा,ಸೀಗಡಿ,500,g,protein,false,1
prawn-vindaloo,Onion (medium),प्याज़,ಈರುಳ್ಳಿ,0.67,piece,vegetable,false,2
prawn-vindaloo,Ginger-garlic paste,अदरक-लहसुन पेस्ट,ಶುಂಠಿ-ಬೆಳ್ಳುಳ್ಳಿ ಪೇಸ್ಟ್,0.33,tbsp,staple,true,3
prawn-vindaloo,Tomato (medium),टमाटर,ಟೊಮೇಟೊ,0.67,piece,vegetable,false,4
prawn-vindaloo,Green chilli,हरी मिर्च,ಹಸಿ ಮೆಣಸಿನಕಾಯಿ,0.67,piece,vegetable,false,5
prawn-vindaloo,Cumin (jeera),जीरा,ಜೀರಿಗೆ,0.33,tsp,staple,true,6
prawn-vindaloo,Turmeric,हल्दी,ಅರಿಶಿನ,0.17,tsp,staple,true,7
prawn-vindaloo,Red chilli powder,लाल मिर्च पाउडर,ಕೆಂಪು ಮೆಣಸಿನ ಪುಡಿ,0.33,tsp,staple,true,8
prawn-vindaloo,Garam masala,गरम मसाला,ಗರಂ ಮಸಾಲ,0.33,tsp,staple,true,9
prawn-vindaloo,Cooking oil,तेल,ಎಣ್ಣೆ,0.67,tbsp,staple,true,10
prawn-vindaloo,Coriander leaves,हरा धनिया,ಕೊತ್ತಂಬರಿ ಸೊಪ್ಪು,0.67,tbsp,vegetable,false,11
prawn-chettinad,Prawns,झींगा,ಸೀಗಡಿ,500,g,protein,false,1
prawn-chettinad,Onion (medium),प्याज़,ಈರುಳ್ಳಿ,0.67,piece,vegetable,false,2
prawn-chettinad,Ginger-garlic paste,अदरक-लहसुन पेस्ट,ಶುಂಠಿ-ಬೆಳ್ಳುಳ್ಳಿ ಪೇಸ್ಟ್,0.33,tbsp,staple,true,3
prawn-chettinad,Tomato (medium),टमाटर,ಟೊಮೇಟೊ,0.67,piece,vegetable,false,4
prawn-chettinad,Green chilli,हरी मिर्च,ಹಸಿ ಮೆಣಸಿನಕಾಯಿ,0.67,piece,vegetable,false,5
prawn-chettinad,Cumin (jeera),जीरा,ಜೀರಿಗೆ,0.33,tsp,staple,true,6
prawn-chettinad,Turmeric,हल्दी,ಅರಿಶಿನ,0.17,tsp,staple,true,7
prawn-chettinad,Red chilli powder,लाल मिर्च पाउडर,ಕೆಂಪು ಮೆಣಸಿನ ಪುಡಿ,0.33,tsp,staple,true,8
prawn-chettinad,Garam masala,गरम मसाला,ಗರಂ ಮಸಾಲ,0.33,tsp,staple,true,9
prawn-chettinad,Cooking oil,तेल,ಎಣ್ಣೆ,0.67,tbsp,staple,true,10
prawn-chettinad,Coriander leaves,हरा धनिया,ಕೊತ್ತಂಬರಿ ಸೊಪ್ಪು,0.67,tbsp,vegetable,false,11
prawn-do-pyaza,Prawns,झींगा,ಸೀಗಡಿ,500,g,protein,false,1
prawn-do-pyaza,Onion (medium),प्याज़,ಈರುಳ್ಳಿ,0.67,piece,vegetable,false,2
prawn-do-pyaza,Ginger-garlic paste,अदरक-लहसुन पेस्ट,ಶುಂಠಿ-ಬೆಳ್ಳುಳ್ಳಿ ಪೇಸ್ಟ್,0.33,tbsp,staple,true,3
prawn-do-pyaza,Tomato (medium),टमाटर,ಟೊಮೇಟೊ,0.67,piece,vegetable,false,4
prawn-do-pyaza,Green chilli,हरी मिर्च,ಹಸಿ ಮೆಣಸಿನಕಾಯಿ,0.67,piece,vegetable,false,5
prawn-do-pyaza,Cumin (jeera),जीरा,ಜೀರಿಗೆ,0.33,tsp,staple,true,6
prawn-do-pyaza,Turmeric,हल्दी,ಅರಿಶಿನ,0.17,tsp,staple,true,7
prawn-do-pyaza,Red chilli powder,लाल मिर्च पाउडर,ಕೆಂಪು ಮೆಣಸಿನ ಪುಡಿ,0.33,tsp,staple,true,8
prawn-do-pyaza,Garam masala,गरम मसाला,ಗರಂ ಮಸಾಲ,0.33,tsp,staple,true,9
prawn-do-pyaza,Cooking oil,तेल,ಎಣ್ಣೆ,0.67,tbsp,staple,true,10
prawn-do-pyaza,Coriander leaves,हरा धनिया,ಕೊತ್ತಂಬರಿ ಸೊಪ್ಪು,0.67,tbsp,vegetable,false,11
prawn-salna,Prawns,झींगा,ಸೀಗಡಿ,500,g,protein,false,1
prawn-salna,Onion (medium),प्याज़,ಈರುಳ್ಳಿ,0.67,piece,vegetable,false,2
prawn-salna,Ginger-garlic paste,अदरक-लहसुन पेस्ट,ಶುಂಠಿ-ಬೆಳ್ಳುಳ್ಳಿ ಪೇಸ್ಟ್,0.33,tbsp,staple,true,3
prawn-salna,Tomato (medium),टमाटर,ಟೊಮೇಟೊ,0.67,piece,vegetable,false,4
prawn-salna,Green chilli,हरी मिर्च,ಹಸಿ ಮೆಣಸಿನಕಾಯಿ,0.67,piece,vegetable,false,5
prawn-salna,Cumin (jeera),जीरा,ಜೀರಿಗೆ,0.33,tsp,staple,true,6
prawn-salna,Turmeric,हल्दी,ಅರಿಶಿನ,0.17,tsp,staple,true,7
prawn-salna,Red chilli powder,लाल मिर्च पाउडर,ಕೆಂಪು ಮೆಣಸಿನ ಪುಡಿ,0.33,tsp,staple,true,8
prawn-salna,Garam masala,गरम मसाला,ಗರಂ ಮಸಾಲ,0.33,tsp,staple,true,9
prawn-salna,Cooking oil,तेल,ಎಣ್ಣೆ,0.67,tbsp,staple,true,10
prawn-salna,Coriander leaves,हरा धनिया,ಕೊತ್ತಂಬರಿ ಸೊಪ್ಪು,0.67,tbsp,vegetable,false,11
prawn-kurma,Prawns,झींगा,ಸೀಗಡಿ,500,g,protein,false,1
prawn-kurma,Onion (medium),प्याज़,ಈರುಳ್ಳಿ,0.67,piece,vegetable,false,2
prawn-kurma,Ginger-garlic paste,अदरक-लहसुन पेस्ट,ಶುಂಠಿ-ಬೆಳ್ಳುಳ್ಳಿ ಪೇಸ್ಟ್,0.33,tbsp,staple,true,3
prawn-kurma,Tomato (medium),टमाटर,ಟೊಮೇಟೊ,0.67,piece,vegetable,false,4
prawn-kurma,Green chilli,हरी मिर्च,ಹಸಿ ಮೆಣಸಿನಕಾಯಿ,0.67,piece,vegetable,false,5
prawn-kurma,Cumin (jeera),जीरा,ಜೀರಿಗೆ,0.33,tsp,staple,true,6
prawn-kurma,Turmeric,हल्दी,ಅರಿಶಿನ,0.17,tsp,staple,true,7
prawn-kurma,Red chilli powder,लाल मिर्च पाउडर,ಕೆಂಪು ಮೆಣಸಿನ ಪುಡಿ,0.33,tsp,staple,true,8
prawn-kurma,Garam masala,गरम मसाला,ಗರಂ ಮಸಾಲ,0.33,tsp,staple,true,9
prawn-kurma,Cooking oil,तेल,ಎಣ್ಣೆ,0.67,tbsp,staple,true,10
prawn-kurma,Coriander leaves,हरा धनिया,ಕೊತ್ತಂಬರಿ ಸೊಪ್ಪು,0.67,tbsp,vegetable,false,11
egg-masala,Eggs,अंडे,ಮೊಟ್ಟೆ,500,g,protein,false,1
egg-masala,Onion (medium),प्याज़,ಈರುಳ್ಳಿ,0.67,piece,vegetable,false,2
egg-masala,Ginger-garlic paste,अदरक-लहसुन पेस्ट,ಶುಂಠಿ-ಬೆಳ್ಳುಳ್ಳಿ ಪೇಸ್ಟ್,0.33,tbsp,staple,true,3
egg-masala,Tomato (medium),टमाटर,ಟೊಮೇಟೊ,0.67,piece,vegetable,false,4
egg-masala,Green chilli,हरी मिर्च,ಹಸಿ ಮೆಣಸಿನಕಾಯಿ,0.67,piece,vegetable,false,5
egg-masala,Cumin (jeera),जीरा,ಜೀರಿಗೆ,0.33,tsp,staple,true,6
egg-masala,Turmeric,हल्दी,ಅರಿಶಿನ,0.17,tsp,staple,true,7
egg-masala,Red chilli powder,लाल मिर्च पाउडर,ಕೆಂಪು ಮೆಣಸಿನ ಪುಡಿ,0.33,tsp,staple,true,8
egg-masala,Garam masala,गरम मसाला,ಗರಂ ಮಸಾಲ,0.33,tsp,staple,true,9
egg-masala,Cooking oil,तेल,ಎಣ್ಣೆ,0.67,tbsp,staple,true,10
egg-masala,Coriander leaves,हरा धनिया,ಕೊತ್ತಂಬರಿ ಸೊಪ್ಪು,0.67,tbsp,vegetable,false,11
egg-fry,Eggs,अंडे,ಮೊಟ್ಟೆ,500,g,protein,false,1
egg-fry,Onion (medium),प्याज़,ಈರುಳ್ಳಿ,0.67,piece,vegetable,false,2
egg-fry,Ginger-garlic paste,अदरक-लहसुन पेस्ट,ಶುಂಠಿ-ಬೆಳ್ಳುಳ್ಳಿ ಪೇಸ್ಟ್,0.33,tbsp,staple,true,3
egg-fry,Tomato (medium),टमाटर,ಟೊಮೇಟೊ,0.67,piece,vegetable,false,4
egg-fry,Green chilli,हरी मिर्च,ಹಸಿ ಮೆಣಸಿನಕಾಯಿ,0.67,piece,vegetable,false,5
egg-fry,Cumin (jeera),जीरा,ಜೀರಿಗೆ,0.33,tsp,staple,true,6
egg-fry,Turmeric,हल्दी,ಅರಿಶಿನ,0.17,tsp,staple,true,7
egg-fry,Red chilli powder,लाल मिर्च पाउडर,ಕೆಂಪು ಮೆಣಸಿನ ಪುಡಿ,0.33,tsp,staple,true,8
egg-fry,Garam masala,गरम मसाला,ಗರಂ ಮಸಾಲ,0.33,tsp,staple,true,9
egg-fry,Cooking oil,तेल,ಎಣ್ಣೆ,0.67,tbsp,staple,true,10
egg-fry,Coriander leaves,हरा धनिया,ಕೊತ್ತಂಬರಿ ಸೊಪ್ಪು,0.67,tbsp,vegetable,false,11
egg-roast,Eggs,अंडे,ಮೊಟ್ಟೆ,500,g,protein,false,1
egg-roast,Onion (medium),प्याज़,ಈರುಳ್ಳಿ,0.67,piece,vegetable,false,2
egg-roast,Ginger-garlic paste,अदरक-लहसुन पेस्ट,ಶುಂಠಿ-ಬೆಳ್ಳುಳ್ಳಿ ಪೇಸ್ಟ್,0.33,tbsp,staple,true,3
egg-roast,Tomato (medium),टमाटर,ಟೊಮೇಟೊ,0.67,piece,vegetable,false,4
egg-roast,Green chilli,हरी मिर्च,ಹಸಿ ಮೆಣಸಿನಕಾಯಿ,0.67,piece,vegetable,false,5
egg-roast,Cumin (jeera),जीरा,ಜೀರಿಗೆ,0.33,tsp,staple,true,6
egg-roast,Turmeric,हल्दी,ಅರಿಶಿನ,0.17,tsp,staple,true,7
egg-roast,Red chilli powder,लाल मिर्च पाउडर,ಕೆಂಪು ಮೆಣಸಿನ ಪುಡಿ,0.33,tsp,staple,true,8
egg-roast,Garam masala,गरम मसाला,ಗರಂ ಮಸಾಲ,0.33,tsp,staple,true,9
egg-roast,Cooking oil,तेल,ಎಣ್ಣೆ,0.67,tbsp,staple,true,10
egg-roast,Coriander leaves,हरा धनिया,ಕೊತ್ತಂಬರಿ ಸೊಪ್ಪು,0.67,tbsp,vegetable,false,11
egg-tikka,Eggs,अंडे,ಮೊಟ್ಟೆ,500,g,protein,false,1
egg-tikka,Onion (medium),प्याज़,ಈರುಳ್ಳಿ,0.67,piece,vegetable,false,2
egg-tikka,Ginger-garlic paste,अदरक-लहसुन पेस्ट,ಶುಂಠಿ-ಬೆಳ್ಳುಳ್ಳಿ ಪೇಸ್ಟ್,0.33,tbsp,staple,true,3
egg-tikka,Tomato (medium),टमाटर,ಟೊಮೇಟೊ,0.67,piece,vegetable,false,4
egg-tikka,Green chilli,हरी मिर्च,ಹಸಿ ಮೆಣಸಿನಕಾಯಿ,0.67,piece,vegetable,false,5
egg-tikka,Cumin (jeera),जीरा,ಜೀರಿಗೆ,0.33,tsp,staple,true,6
egg-tikka,Turmeric,हल्दी,ಅರಿಶಿನ,0.17,tsp,staple,true,7
egg-tikka,Red chilli powder,लाल मिर्च पाउडर,ಕೆಂಪು ಮೆಣಸಿನ ಪುಡಿ,0.33,tsp,staple,true,8
egg-tikka,Garam masala,गरम मसाला,ಗರಂ ಮಸಾಲ,0.33,tsp,staple,true,9
egg-tikka,Cooking oil,तेल,ಎಣ್ಣೆ,0.67,tbsp,staple,true,10
egg-tikka,Coriander leaves,हरा धनिया,ಕೊತ್ತಂಬರಿ ಸೊಪ್ಪು,0.67,tbsp,vegetable,false,11
egg-korma,Eggs,अंडे,ಮೊಟ್ಟೆ,500,g,protein,false,1
egg-korma,Onion (medium),प्याज़,ಈರುಳ್ಳಿ,0.67,piece,vegetable,false,2
egg-korma,Ginger-garlic paste,अदरक-लहसुन पेस्ट,ಶುಂಠಿ-ಬೆಳ್ಳುಳ್ಳಿ ಪೇಸ್ಟ್,0.33,tbsp,staple,true,3
egg-korma,Tomato (medium),टमाटर,ಟೊಮೇಟೊ,0.67,piece,vegetable,false,4
egg-korma,Green chilli,हरी मिर्च,ಹಸಿ ಮೆಣಸಿನಕಾಯಿ,0.67,piece,vegetable,false,5
egg-korma,Cumin (jeera),जीरा,ಜೀರಿಗೆ,0.33,tsp,staple,true,6
egg-korma,Turmeric,हल्दी,ಅರಿಶಿನ,0.17,tsp,staple,true,7
egg-korma,Red chilli powder,लाल मिर्च पाउडर,ಕೆಂಪು ಮೆಣಸಿನ ಪುಡಿ,0.33,tsp,staple,true,8
egg-korma,Garam masala,गरम मसाला,ಗರಂ ಮಸಾಲ,0.33,tsp,staple,true,9
egg-korma,Cooking oil,तेल,ಎಣ್ಣೆ,0.67,tbsp,staple,true,10
egg-korma,Coriander leaves,हरा धनिया,ಕೊತ್ತಂಬರಿ ಸೊಪ್ಪು,0.67,tbsp,vegetable,false,11
egg-makhani,Eggs,अंडे,ಮೊಟ್ಟೆ,500,g,protein,false,1
egg-makhani,Onion (medium),प्याज़,ಈರುಳ್ಳಿ,0.67,piece,vegetable,false,2
egg-makhani,Ginger-garlic paste,अदरक-लहसुन पेस्ट,ಶುಂಠಿ-ಬೆಳ್ಳುಳ್ಳಿ ಪೇಸ್ಟ್,0.33,tbsp,staple,true,3
egg-makhani,Tomato (medium),टमाटर,ಟೊಮೇಟೊ,0.67,piece,vegetable,false,4
egg-makhani,Green chilli,हरी मिर्च,ಹಸಿ ಮೆಣಸಿನಕಾಯಿ,0.67,piece,vegetable,false,5
egg-makhani,Cumin (jeera),जीरा,ಜೀರಿಗೆ,0.33,tsp,staple,true,6
egg-makhani,Turmeric,हल्दी,ಅರಿಶಿನ,0.17,tsp,staple,true,7
egg-makhani,Red chilli powder,लाल मिर्च पाउडर,ಕೆಂಪು ಮೆಣಸಿನ ಪುಡಿ,0.33,tsp,staple,true,8
egg-makhani,Garam masala,गरम मसाला,ಗರಂ ಮಸಾಲ,0.33,tsp,staple,true,9
egg-makhani,Butter,मक्खन,ಬೆಣ್ಣೆ,1,tbsp,dairy,false,10
egg-makhani,Fresh cream,क्रीम,ಕ್ರೀಮ್,0.08,cup,dairy,false,11
egg-makhani,Kasuri methi,कसूरी मेथी,ಕಸೂರಿ ಮೆಂತ್ಯ,0.33,tsp,staple,true,12
egg-makhani,Coriander leaves,हरा धनिया,ಕೊತ್ತಂಬರಿ ಸೊಪ್ಪು,0.67,tbsp,vegetable,false,13
egg-kofta,Eggs,अंडे,ಮೊಟ್ಟೆ,500,g,protein,false,1
egg-kofta,Onion (medium),प्याज़,ಈರುಳ್ಳಿ,0.67,piece,vegetable,false,2
egg-kofta,Ginger-garlic paste,अदरक-लहसुन पेस्ट,ಶುಂಠಿ-ಬೆಳ್ಳುಳ್ಳಿ ಪೇಸ್ಟ್,0.33,tbsp,staple,true,3
egg-kofta,Tomato (medium),टमाटर,ಟೊಮೇಟೊ,0.67,piece,vegetable,false,4
egg-kofta,Green chilli,हरी मिर्च,ಹಸಿ ಮೆಣಸಿನಕಾಯಿ,0.67,piece,vegetable,false,5
egg-kofta,Cumin (jeera),जीरा,ಜೀರಿಗೆ,0.33,tsp,staple,true,6
egg-kofta,Turmeric,हल्दी,ಅರಿಶಿನ,0.17,tsp,staple,true,7
egg-kofta,Red chilli powder,लाल मिर्च पाउडर,ಕೆಂಪು ಮೆಣಸಿನ ಪುಡಿ,0.33,tsp,staple,true,8
egg-kofta,Garam masala,गरम मसाला,ಗರಂ ಮಸಾಲ,0.33,tsp,staple,true,9
egg-kofta,Cooking oil,तेल,ಎಣ್ಣೆ,0.67,tbsp,staple,true,10
egg-kofta,Coriander leaves,हरा धनिया,ಕೊತ್ತಂಬರಿ ಸೊಪ್ಪು,0.67,tbsp,vegetable,false,11
egg-saag,Eggs,अंडे,ಮೊಟ್ಟೆ,500,g,protein,false,1
egg-saag,Onion (medium),प्याज़,ಈರುಳ್ಳಿ,0.67,piece,vegetable,false,2
egg-saag,Ginger-garlic paste,अदरक-लहसुन पेस्ट,ಶುಂಠಿ-ಬೆಳ್ಳುಳ್ಳಿ ಪೇಸ್ಟ್,0.33,tbsp,staple,true,3
egg-saag,Tomato (medium),टमाटर,ಟೊಮೇಟೊ,0.67,piece,vegetable,false,4
egg-saag,Green chilli,हरी मिर्च,ಹಸಿ ಮೆಣಸಿನಕಾಯಿ,0.67,piece,vegetable,false,5
egg-saag,Cumin (jeera),जीरा,ಜೀರಿಗೆ,0.33,tsp,staple,true,6
egg-saag,Turmeric,हल्दी,ಅರಿಶಿನ,0.17,tsp,staple,true,7
egg-saag,Red chilli powder,लाल मिर्च पाउडर,ಕೆಂಪು ಮೆಣಸಿನ ಪುಡಿ,0.33,tsp,staple,true,8
egg-saag,Garam masala,गरम मसाला,ಗರಂ ಮಸಾಲ,0.33,tsp,staple,true,9
egg-saag,Cooking oil,तेल,ಎಣ್ಣೆ,0.67,tbsp,staple,true,10
egg-saag,Coriander leaves,हरा धनिया,ಕೊತ್ತಂಬರಿ ಸೊಪ್ಪು,0.67,tbsp,vegetable,false,11
egg-vindaloo,Eggs,अंडे,ಮೊಟ್ಟೆ,500,g,protein,false,1
egg-vindaloo,Onion (medium),प्याज़,ಈರುಳ್ಳಿ,0.67,piece,vegetable,false,2
egg-vindaloo,Ginger-garlic paste,अदरक-लहसुन पेस्ट,ಶುಂಠಿ-ಬೆಳ್ಳುಳ್ಳಿ ಪೇಸ್ಟ್,0.33,tbsp,staple,true,3
egg-vindaloo,Tomato (medium),टमाटर,ಟೊಮೇಟೊ,0.67,piece,vegetable,false,4
egg-vindaloo,Green chilli,हरी मिर्च,ಹಸಿ ಮೆಣಸಿನಕಾಯಿ,0.67,piece,vegetable,false,5
egg-vindaloo,Cumin (jeera),जीरा,ಜೀರಿಗೆ,0.33,tsp,staple,true,6
egg-vindaloo,Turmeric,हल्दी,ಅರಿಶಿನ,0.17,tsp,staple,true,7
egg-vindaloo,Red chilli powder,लाल मिर्च पाउडर,ಕೆಂಪು ಮೆಣಸಿನ ಪುಡಿ,0.33,tsp,staple,true,8
egg-vindaloo,Garam masala,गरम मसाला,ಗರಂ ಮಸಾಲ,0.33,tsp,staple,true,9
egg-vindaloo,Cooking oil,तेल,ಎಣ್ಣೆ,0.67,tbsp,staple,true,10
egg-vindaloo,Coriander leaves,हरा धनिया,ಕೊತ್ತಂಬರಿ ಸೊಪ್ಪು,0.67,tbsp,vegetable,false,11
egg-chettinad,Eggs,अंडे,ಮೊಟ್ಟೆ,500,g,protein,false,1
egg-chettinad,Onion (medium),प्याज़,ಈರುಳ್ಳಿ,0.67,piece,vegetable,false,2
egg-chettinad,Ginger-garlic paste,अदरक-लहसुन पेस्ट,ಶುಂಠಿ-ಬೆಳ್ಳುಳ್ಳಿ ಪೇಸ್ಟ್,0.33,tbsp,staple,true,3
egg-chettinad,Tomato (medium),टमाटर,ಟೊಮೇಟೊ,0.67,piece,vegetable,false,4
egg-chettinad,Green chilli,हरी मिर्च,ಹಸಿ ಮೆಣಸಿನಕಾಯಿ,0.67,piece,vegetable,false,5
egg-chettinad,Cumin (jeera),जीरा,ಜೀರಿಗೆ,0.33,tsp,staple,true,6
egg-chettinad,Turmeric,हल्दी,ಅರಿಶಿನ,0.17,tsp,staple,true,7
egg-chettinad,Red chilli powder,लाल मिर्च पाउडर,ಕೆಂಪು ಮೆಣಸಿನ ಪುಡಿ,0.33,tsp,staple,true,8
egg-chettinad,Garam masala,गरम मसाला,ಗರಂ ಮಸಾಲ,0.33,tsp,staple,true,9
egg-chettinad,Cooking oil,तेल,ಎಣ್ಣೆ,0.67,tbsp,staple,true,10
egg-chettinad,Coriander leaves,हरा धनिया,ಕೊತ್ತಂಬರಿ ಸೊಪ್ಪು,0.67,tbsp,vegetable,false,11
egg-do-pyaza,Eggs,अंडे,ಮೊಟ್ಟೆ,500,g,protein,false,1
egg-do-pyaza,Onion (medium),प्याज़,ಈರುಳ್ಳಿ,0.67,piece,vegetable,false,2
egg-do-pyaza,Ginger-garlic paste,अदरक-लहसुन पेस्ट,ಶುಂಠಿ-ಬೆಳ್ಳುಳ್ಳಿ ಪೇಸ್ಟ್,0.33,tbsp,staple,true,3
egg-do-pyaza,Tomato (medium),टमाटर,ಟೊಮೇಟೊ,0.67,piece,vegetable,false,4
egg-do-pyaza,Green chilli,हरी मिर्च,ಹಸಿ ಮೆಣಸಿನಕಾಯಿ,0.67,piece,vegetable,false,5
egg-do-pyaza,Cumin (jeera),जीरा,ಜೀರಿಗೆ,0.33,tsp,staple,true,6
egg-do-pyaza,Turmeric,हल्दी,ಅರಿಶಿನ,0.17,tsp,staple,true,7
egg-do-pyaza,Red chilli powder,लाल मिर्च पाउडर,ಕೆಂಪು ಮೆಣಸಿನ ಪುಡಿ,0.33,tsp,staple,true,8
egg-do-pyaza,Garam masala,गरम मसाला,ಗರಂ ಮಸಾಲ,0.33,tsp,staple,true,9
egg-do-pyaza,Cooking oil,तेल,ಎಣ್ಣೆ,0.67,tbsp,staple,true,10
egg-do-pyaza,Coriander leaves,हरा धनिया,ಕೊತ್ತಂಬರಿ ಸೊಪ್ಪು,0.67,tbsp,vegetable,false,11
egg-salna,Eggs,अंडे,ಮೊಟ್ಟೆ,500,g,protein,false,1
egg-salna,Onion (medium),प्याज़,ಈರುಳ್ಳಿ,0.67,piece,vegetable,false,2
egg-salna,Ginger-garlic paste,अदरक-लहसुन पेस्ट,ಶುಂಠಿ-ಬೆಳ್ಳುಳ್ಳಿ ಪೇಸ್ಟ್,0.33,tbsp,staple,true,3
egg-salna,Tomato (medium),टमाटर,ಟೊಮೇಟೊ,0.67,piece,vegetable,false,4
egg-salna,Green chilli,हरी मिर्च,ಹಸಿ ಮೆಣಸಿನಕಾಯಿ,0.67,piece,vegetable,false,5
egg-salna,Cumin (jeera),जीरा,ಜೀರಿಗೆ,0.33,tsp,staple,true,6
egg-salna,Turmeric,हल्दी,ಅರಿಶಿನ,0.17,tsp,staple,true,7
egg-salna,Red chilli powder,लाल मिर्च पाउडर,ಕೆಂಪು ಮೆಣಸಿನ ಪುಡಿ,0.33,tsp,staple,true,8
egg-salna,Garam masala,गरम मसाला,ಗರಂ ಮಸಾಲ,0.33,tsp,staple,true,9
egg-salna,Cooking oil,तेल,ಎಣ್ಣೆ,0.67,tbsp,staple,true,10
egg-salna,Coriander leaves,हरा धनिया,ಕೊತ್ತಂಬರಿ ಸೊಪ್ಪು,0.67,tbsp,vegetable,false,11
egg-kurma,Eggs,अंडे,ಮೊಟ್ಟೆ,500,g,protein,false,1
egg-kurma,Onion (medium),प्याज़,ಈರುಳ್ಳಿ,0.67,piece,vegetable,false,2
egg-kurma,Ginger-garlic paste,अदरक-लहसुन पेस्ट,ಶುಂಠಿ-ಬೆಳ್ಳುಳ್ಳಿ ಪೇಸ್ಟ್,0.33,tbsp,staple,true,3
egg-kurma,Tomato (medium),टमाटर,ಟೊಮೇಟೊ,0.67,piece,vegetable,false,4
egg-kurma,Green chilli,हरी मिर्च,ಹಸಿ ಮೆಣಸಿನಕಾಯಿ,0.67,piece,vegetable,false,5
egg-kurma,Cumin (jeera),जीरा,ಜೀರಿಗೆ,0.33,tsp,staple,true,6
egg-kurma,Turmeric,हल्दी,ಅರಿಶಿನ,0.17,tsp,staple,true,7
egg-kurma,Red chilli powder,लाल मिर्च पाउडर,ಕೆಂಪು ಮೆಣಸಿನ ಪುಡಿ,0.33,tsp,staple,true,8
egg-kurma,Garam masala,गरम मसाला,ಗರಂ ಮಸಾಲ,0.33,tsp,staple,true,9
egg-kurma,Cooking oil,तेल,ಎಣ್ಣೆ,0.67,tbsp,staple,true,10
egg-kurma,Coriander leaves,हरा धनिया,ಕೊತ್ತಂಬರಿ ಸೊಪ್ಪು,0.67,tbsp,vegetable,false,11
keema-curry,Mutton keema,मटन कीमा,ಮಟನ್ ಕೀಮಾ,500,g,protein,false,1
keema-curry,Onion (medium),प्याज़,ಈರುಳ್ಳಿ,0.67,piece,vegetable,false,2
keema-curry,Ginger-garlic paste,अदरक-लहसुन पेस्ट,ಶುಂಠಿ-ಬೆಳ್ಳುಳ್ಳಿ ಪೇಸ್ಟ್,0.33,tbsp,staple,true,3
keema-curry,Tomato (medium),टमाटर,ಟೊಮೇಟೊ,0.67,piece,vegetable,false,4
keema-curry,Green chilli,हरी मिर्च,ಹಸಿ ಮೆಣಸಿನಕಾಯಿ,0.67,piece,vegetable,false,5
keema-curry,Cumin (jeera),जीरा,ಜೀರಿಗೆ,0.33,tsp,staple,true,6
keema-curry,Turmeric,हल्दी,ಅರಿಶಿನ,0.17,tsp,staple,true,7
keema-curry,Red chilli powder,लाल मिर्च पाउडर,ಕೆಂಪು ಮೆಣಸಿನ ಪುಡಿ,0.33,tsp,staple,true,8
keema-curry,Garam masala,गरम मसाला,ಗರಂ ಮಸಾಲ,0.33,tsp,staple,true,9
keema-curry,Cooking oil,तेल,ಎಣ್ಣೆ,0.67,tbsp,staple,true,10
keema-curry,Coriander leaves,हरा धनिया,ಕೊತ್ತಂಬರಿ ಸೊಪ್ಪು,0.67,tbsp,vegetable,false,11
keema-masala,Mutton keema,मटन कीमा,ಮಟನ್ ಕೀಮಾ,500,g,protein,false,1
keema-masala,Onion (medium),प्याज़,ಈರುಳ್ಳಿ,0.67,piece,vegetable,false,2
keema-masala,Ginger-garlic paste,अदरक-लहसुन पेस्ट,ಶುಂಠಿ-ಬೆಳ್ಳುಳ್ಳಿ ಪೇಸ್ಟ್,0.33,tbsp,staple,true,3
keema-masala,Tomato (medium),टमाटर,ಟೊಮೇಟೊ,0.67,piece,vegetable,false,4
keema-masala,Green chilli,हरी मिर्च,ಹಸಿ ಮೆಣಸಿನಕಾಯಿ,0.67,piece,vegetable,false,5
keema-masala,Cumin (jeera),जीरा,ಜೀರಿಗೆ,0.33,tsp,staple,true,6
keema-masala,Turmeric,हल्दी,ಅರಿಶಿನ,0.17,tsp,staple,true,7
keema-masala,Red chilli powder,लाल मिर्च पाउडर,ಕೆಂಪು ಮೆಣಸಿನ ಪುಡಿ,0.33,tsp,staple,true,8
keema-masala,Garam masala,गरम मसाला,ಗರಂ ಮಸಾಲ,0.33,tsp,staple,true,9
keema-masala,Cooking oil,तेल,ಎಣ್ಣೆ,0.67,tbsp,staple,true,10
keema-masala,Coriander leaves,हरा धनिया,ಕೊತ್ತಂಬರಿ ಸೊಪ್ಪು,0.67,tbsp,vegetable,false,11
keema-fry,Mutton keema,मटन कीमा,ಮಟನ್ ಕೀಮಾ,500,g,protein,false,1
keema-fry,Onion (medium),प्याज़,ಈರುಳ್ಳಿ,0.67,piece,vegetable,false,2
keema-fry,Ginger-garlic paste,अदरक-लहसुन पेस्ट,ಶುಂಠಿ-ಬೆಳ್ಳುಳ್ಳಿ ಪೇಸ್ಟ್,0.33,tbsp,staple,true,3
keema-fry,Tomato (medium),टमाटर,ಟೊಮೇಟೊ,0.67,piece,vegetable,false,4
keema-fry,Green chilli,हरी मिर्च,ಹಸಿ ಮೆಣಸಿನಕಾಯಿ,0.67,piece,vegetable,false,5
keema-fry,Cumin (jeera),जीरा,ಜೀರಿಗೆ,0.33,tsp,staple,true,6
keema-fry,Turmeric,हल्दी,ಅರಿಶಿನ,0.17,tsp,staple,true,7
keema-fry,Red chilli powder,लाल मिर्च पाउडर,ಕೆಂಪು ಮೆಣಸಿನ ಪುಡಿ,0.33,tsp,staple,true,8
keema-fry,Garam masala,गरम मसाला,ಗರಂ ಮಸಾಲ,0.33,tsp,staple,true,9
keema-fry,Cooking oil,तेल,ಎಣ್ಣೆ,0.67,tbsp,staple,true,10
keema-fry,Coriander leaves,हरा धनिया,ಕೊತ್ತಂಬರಿ ಸೊಪ್ಪು,0.67,tbsp,vegetable,false,11
keema-roast,Mutton keema,मटन कीमा,ಮಟನ್ ಕೀಮಾ,500,g,protein,false,1
keema-roast,Onion (medium),प्याज़,ಈರುಳ್ಳಿ,0.67,piece,vegetable,false,2
keema-roast,Ginger-garlic paste,अदरक-लहसुन पेस्ट,ಶುಂಠಿ-ಬೆಳ್ಳುಳ್ಳಿ ಪೇಸ್ಟ್,0.33,tbsp,staple,true,3
keema-roast,Tomato (medium),टमाटर,ಟೊಮೇಟೊ,0.67,piece,vegetable,false,4
keema-roast,Green chilli,हरी मिर्च,ಹಸಿ ಮೆಣಸಿನಕಾಯಿ,0.67,piece,vegetable,false,5
keema-roast,Cumin (jeera),जीरा,ಜೀರಿಗೆ,0.33,tsp,staple,true,6
keema-roast,Turmeric,हल्दी,ಅರಿಶಿನ,0.17,tsp,staple,true,7
keema-roast,Red chilli powder,लाल मिर्च पाउडर,ಕೆಂಪು ಮೆಣಸಿನ ಪುಡಿ,0.33,tsp,staple,true,8
keema-roast,Garam masala,गरम मसाला,ಗರಂ ಮಸಾಲ,0.33,tsp,staple,true,9
keema-roast,Cooking oil,तेल,ಎಣ್ಣೆ,0.67,tbsp,staple,true,10
keema-roast,Coriander leaves,हरा धनिया,ಕೊತ್ತಂಬರಿ ಸೊಪ್ಪು,0.67,tbsp,vegetable,false,11
keema-tikka,Mutton keema,मटन कीमा,ಮಟನ್ ಕೀಮಾ,500,g,protein,false,1
keema-tikka,Onion (medium),प्याज़,ಈರುಳ್ಳಿ,0.67,piece,vegetable,false,2
keema-tikka,Ginger-garlic paste,अदरक-लहसुन पेस्ट,ಶುಂಠಿ-ಬೆಳ್ಳುಳ್ಳಿ ಪೇಸ್ಟ್,0.33,tbsp,staple,true,3
keema-tikka,Tomato (medium),टमाटर,ಟೊಮೇಟೊ,0.67,piece,vegetable,false,4
keema-tikka,Green chilli,हरी मिर्च,ಹಸಿ ಮೆಣಸಿನಕಾಯಿ,0.67,piece,vegetable,false,5
keema-tikka,Cumin (jeera),जीरा,ಜೀರಿಗೆ,0.33,tsp,staple,true,6
keema-tikka,Turmeric,हल्दी,ಅರಿಶಿನ,0.17,tsp,staple,true,7
keema-tikka,Red chilli powder,लाल मिर्च पाउडर,ಕೆಂಪು ಮೆಣಸಿನ ಪುಡಿ,0.33,tsp,staple,true,8
keema-tikka,Garam masala,गरम मसाला,ಗರಂ ಮಸಾಲ,0.33,tsp,staple,true,9
keema-tikka,Cooking oil,तेल,ಎಣ್ಣೆ,0.67,tbsp,staple,true,10
keema-tikka,Coriander leaves,हरा धनिया,ಕೊತ್ತಂಬರಿ ಸೊಪ್ಪು,0.67,tbsp,vegetable,false,11
keema-korma,Mutton keema,मटन कीमा,ಮಟನ್ ಕೀಮಾ,500,g,protein,false,1
keema-korma,Onion (medium),प्याज़,ಈರುಳ್ಳಿ,0.67,piece,vegetable,false,2
keema-korma,Ginger-garlic paste,अदरक-लहसुन पेस्ट,ಶುಂಠಿ-ಬೆಳ್ಳುಳ್ಳಿ ಪೇಸ್ಟ್,0.33,tbsp,staple,true,3
keema-korma,Tomato (medium),टमाटर,ಟೊಮೇಟೊ,0.67,piece,vegetable,false,4
keema-korma,Green chilli,हरी मिर्च,ಹಸಿ ಮೆಣಸಿನಕಾಯಿ,0.67,piece,vegetable,false,5
keema-korma,Cumin (jeera),जीरा,ಜೀರಿಗೆ,0.33,tsp,staple,true,6
keema-korma,Turmeric,हल्दी,ಅರಿಶಿನ,0.17,tsp,staple,true,7
keema-korma,Red chilli powder,लाल मिर्च पाउडर,ಕೆಂಪು ಮೆಣಸಿನ ಪುಡಿ,0.33,tsp,staple,true,8
keema-korma,Garam masala,गरम मसाला,ಗರಂ ಮಸಾಲ,0.33,tsp,staple,true,9
keema-korma,Cooking oil,तेल,ಎಣ್ಣೆ,0.67,tbsp,staple,true,10
keema-korma,Coriander leaves,हरा धनिया,ಕೊತ್ತಂಬರಿ ಸೊಪ್ಪು,0.67,tbsp,vegetable,false,11
keema-makhani,Mutton keema,मटन कीमा,ಮಟನ್ ಕೀಮಾ,500,g,protein,false,1
keema-makhani,Onion (medium),प्याज़,ಈರುಳ್ಳಿ,0.67,piece,vegetable,false,2
keema-makhani,Ginger-garlic paste,अदरक-लहसुन पेस्ट,ಶುಂಠಿ-ಬೆಳ್ಳುಳ್ಳಿ ಪೇಸ್ಟ್,0.33,tbsp,staple,true,3
keema-makhani,Tomato (medium),टमाटर,ಟೊಮೇಟೊ,0.67,piece,vegetable,false,4
keema-makhani,Green chilli,हरी मिर्च,ಹಸಿ ಮೆಣಸಿನಕಾಯಿ,0.67,piece,vegetable,false,5
keema-makhani,Cumin (jeera),जीरा,ಜೀರಿಗೆ,0.33,tsp,staple,true,6
keema-makhani,Turmeric,हल्दी,ಅರಿಶಿನ,0.17,tsp,staple,true,7
keema-makhani,Red chilli powder,लाल मिर्च पाउडर,ಕೆಂಪು ಮೆಣಸಿನ ಪುಡಿ,0.33,tsp,staple,true,8
keema-makhani,Garam masala,गरम मसाला,ಗರಂ ಮಸಾಲ,0.33,tsp,staple,true,9
keema-makhani,Butter,मक्खन,ಬೆಣ್ಣೆ,1,tbsp,dairy,false,10
keema-makhani,Fresh cream,क्रीम,ಕ್ರೀಮ್,0.08,cup,dairy,false,11
keema-makhani,Kasuri methi,कसूरी मेथी,ಕಸೂರಿ ಮೆಂತ್ಯ,0.33,tsp,staple,true,12
keema-makhani,Coriander leaves,हरा धनिया,ಕೊತ್ತಂಬರಿ ಸೊಪ್ಪು,0.67,tbsp,vegetable,false,13
keema-bhurji,Mutton keema,मटन कीमा,ಮಟನ್ ಕೀಮಾ,500,g,protein,false,1
keema-bhurji,Onion (medium),प्याज़,ಈರುಳ್ಳಿ,0.67,piece,vegetable,false,2
keema-bhurji,Ginger-garlic paste,अदरक-लहसुन पेस्ट,ಶುಂಠಿ-ಬೆಳ್ಳುಳ್ಳಿ ಪೇಸ್ಟ್,0.33,tbsp,staple,true,3
keema-bhurji,Tomato (medium),टमाटर,ಟೊಮೇಟೊ,0.67,piece,vegetable,false,4
keema-bhurji,Green chilli,हरी मिर्च,ಹಸಿ ಮೆಣಸಿನಕಾಯಿ,0.67,piece,vegetable,false,5
keema-bhurji,Cumin (jeera),जीरा,ಜೀರಿಗೆ,0.33,tsp,staple,true,6
keema-bhurji,Turmeric,हल्दी,ಅರಿಶಿನ,0.17,tsp,staple,true,7
keema-bhurji,Red chilli powder,लाल मिर्च पाउडर,ಕೆಂಪು ಮೆಣಸಿನ ಪುಡಿ,0.33,tsp,staple,true,8
keema-bhurji,Garam masala,गरम मसाला,ಗರಂ ಮಸಾಲ,0.33,tsp,staple,true,9
keema-bhurji,Cooking oil,तेल,ಎಣ್ಣೆ,0.67,tbsp,staple,true,10
keema-bhurji,Coriander leaves,हरा धनिया,ಕೊತ್ತಂಬರಿ ಸೊಪ್ಪು,0.67,tbsp,vegetable,false,11
keema-kofta,Mutton keema,मटन कीमा,ಮಟನ್ ಕೀಮಾ,500,g,protein,false,1
keema-kofta,Onion (medium),प्याज़,ಈರುಳ್ಳಿ,0.67,piece,vegetable,false,2
keema-kofta,Ginger-garlic paste,अदरक-लहसुन पेस्ट,ಶುಂಠಿ-ಬೆಳ್ಳುಳ್ಳಿ ಪೇಸ್ಟ್,0.33,tbsp,staple,true,3
keema-kofta,Tomato (medium),टमाटर,ಟೊಮೇಟೊ,0.67,piece,vegetable,false,4
keema-kofta,Green chilli,हरी मिर्च,ಹಸಿ ಮೆಣಸಿನಕಾಯಿ,0.67,piece,vegetable,false,5
keema-kofta,Cumin (jeera),जीरा,ಜೀರಿಗೆ,0.33,tsp,staple,true,6
keema-kofta,Turmeric,हल्दी,ಅರಿಶಿನ,0.17,tsp,staple,true,7
keema-kofta,Red chilli powder,लाल मिर्च पाउडर,ಕೆಂಪು ಮೆಣಸಿನ ಪುಡಿ,0.33,tsp,staple,true,8
keema-kofta,Garam masala,गरम मसाला,ಗರಂ ಮಸಾಲ,0.33,tsp,staple,true,9
keema-kofta,Cooking oil,तेल,ಎಣ್ಣೆ,0.67,tbsp,staple,true,10
keema-kofta,Coriander leaves,हरा धनिया,ಕೊತ್ತಂಬರಿ ಸೊಪ್ಪು,0.67,tbsp,vegetable,false,11
keema-saag,Mutton keema,मटन कीमा,ಮಟನ್ ಕೀಮಾ,500,g,protein,false,1
keema-saag,Onion (medium),प्याज़,ಈರುಳ್ಳಿ,0.67,piece,vegetable,false,2
keema-saag,Ginger-garlic paste,अदरक-लहसुन पेस्ट,ಶುಂಠಿ-ಬೆಳ್ಳುಳ್ಳಿ ಪೇಸ್ಟ್,0.33,tbsp,staple,true,3
keema-saag,Tomato (medium),टमाटर,ಟೊಮೇಟೊ,0.67,piece,vegetable,false,4
keema-saag,Green chilli,हरी मिर्च,ಹಸಿ ಮೆಣಸಿನಕಾಯಿ,0.67,piece,vegetable,false,5
keema-saag,Cumin (jeera),जीरा,ಜೀರಿಗೆ,0.33,tsp,staple,true,6
keema-saag,Turmeric,हल्दी,ಅರಿಶಿನ,0.17,tsp,staple,true,7
keema-saag,Red chilli powder,लाल मिर्च पाउडर,ಕೆಂಪು ಮೆಣಸಿನ ಪುಡಿ,0.33,tsp,staple,true,8
keema-saag,Garam masala,गरम मसाला,ಗರಂ ಮಸಾಲ,0.33,tsp,staple,true,9
keema-saag,Cooking oil,तेल,ಎಣ್ಣೆ,0.67,tbsp,staple,true,10
keema-saag,Coriander leaves,हरा धनिया,ಕೊತ್ತಂಬರಿ ಸೊಪ್ಪು,0.67,tbsp,vegetable,false,11
keema-vindaloo,Mutton keema,मटन कीमा,ಮಟನ್ ಕೀಮಾ,500,g,protein,false,1
keema-vindaloo,Onion (medium),प्याज़,ಈರುಳ್ಳಿ,0.67,piece,vegetable,false,2
keema-vindaloo,Ginger-garlic paste,अदरक-लहसुन पेस्ट,ಶುಂಠಿ-ಬೆಳ್ಳುಳ್ಳಿ ಪೇಸ್ಟ್,0.33,tbsp,staple,true,3
keema-vindaloo,Tomato (medium),टमाटर,ಟೊಮೇಟೊ,0.67,piece,vegetable,false,4
keema-vindaloo,Green chilli,हरी मिर्च,ಹಸಿ ಮೆಣಸಿನಕಾಯಿ,0.67,piece,vegetable,false,5
keema-vindaloo,Cumin (jeera),जीरा,ಜೀರಿಗೆ,0.33,tsp,staple,true,6
keema-vindaloo,Turmeric,हल्दी,ಅರಿಶಿನ,0.17,tsp,staple,true,7
keema-vindaloo,Red chilli powder,लाल मिर्च पाउडर,ಕೆಂಪು ಮೆಣಸಿನ ಪುಡಿ,0.33,tsp,staple,true,8
keema-vindaloo,Garam masala,गरम मसाला,ಗರಂ ಮಸಾಲ,0.33,tsp,staple,true,9
keema-vindaloo,Cooking oil,तेल,ಎಣ್ಣೆ,0.67,tbsp,staple,true,10
keema-vindaloo,Coriander leaves,हरा धनिया,ಕೊತ್ತಂಬರಿ ಸೊಪ್ಪು,0.67,tbsp,vegetable,false,11
keema-chettinad,Mutton keema,मटन कीमा,ಮಟನ್ ಕೀಮಾ,500,g,protein,false,1
keema-chettinad,Onion (medium),प्याज़,ಈರುಳ್ಳಿ,0.67,piece,vegetable,false,2
keema-chettinad,Ginger-garlic paste,अदरक-लहसुन पेस्ट,ಶುಂಠಿ-ಬೆಳ್ಳುಳ್ಳಿ ಪೇಸ್ಟ್,0.33,tbsp,staple,true,3
keema-chettinad,Tomato (medium),टमाटर,ಟೊಮೇಟೊ,0.67,piece,vegetable,false,4
keema-chettinad,Green chilli,हरी मिर्च,ಹಸಿ ಮೆಣಸಿನಕಾಯಿ,0.67,piece,vegetable,false,5
keema-chettinad,Cumin (jeera),जीरा,ಜೀರಿಗೆ,0.33,tsp,staple,true,6
keema-chettinad,Turmeric,हल्दी,ಅರಿಶಿನ,0.17,tsp,staple,true,7
keema-chettinad,Red chilli powder,लाल मिर्च पाउडर,ಕೆಂಪು ಮೆಣಸಿನ ಪುಡಿ,0.33,tsp,staple,true,8
keema-chettinad,Garam masala,गरम मसाला,ಗರಂ ಮಸಾಲ,0.33,tsp,staple,true,9
keema-chettinad,Cooking oil,तेल,ಎಣ್ಣೆ,0.67,tbsp,staple,true,10
keema-chettinad,Coriander leaves,हरा धनिया,ಕೊತ್ತಂಬರಿ ಸೊಪ್ಪು,0.67,tbsp,vegetable,false,11
keema-do-pyaza,Mutton keema,मटन कीमा,ಮಟನ್ ಕೀಮಾ,500,g,protein,false,1
keema-do-pyaza,Onion (medium),प्याज़,ಈರುಳ್ಳಿ,0.67,piece,vegetable,false,2
keema-do-pyaza,Ginger-garlic paste,अदरक-लहसुन पेस्ट,ಶುಂಠಿ-ಬೆಳ್ಳುಳ್ಳಿ ಪೇಸ್ಟ್,0.33,tbsp,staple,true,3
keema-do-pyaza,Tomato (medium),टमाटर,ಟೊಮೇಟೊ,0.67,piece,vegetable,false,4
keema-do-pyaza,Green chilli,हरी मिर्च,ಹಸಿ ಮೆಣಸಿನಕಾಯಿ,0.67,piece,vegetable,false,5
keema-do-pyaza,Cumin (jeera),जीरा,ಜೀರಿಗೆ,0.33,tsp,staple,true,6
keema-do-pyaza,Turmeric,हल्दी,ಅರಿಶಿನ,0.17,tsp,staple,true,7
keema-do-pyaza,Red chilli powder,लाल मिर्च पाउडर,ಕೆಂಪು ಮೆಣಸಿನ ಪುಡಿ,0.33,tsp,staple,true,8
keema-do-pyaza,Garam masala,गरम मसाला,ಗರಂ ಮಸಾಲ,0.33,tsp,staple,true,9
keema-do-pyaza,Cooking oil,तेल,ಎಣ್ಣೆ,0.67,tbsp,staple,true,10
keema-do-pyaza,Coriander leaves,हरा धनिया,ಕೊತ್ತಂಬರಿ ಸೊಪ್ಪು,0.67,tbsp,vegetable,false,11
keema-salna,Mutton keema,मटन कीमा,ಮಟನ್ ಕೀಮಾ,500,g,protein,false,1
keema-salna,Onion (medium),प्याज़,ಈರುಳ್ಳಿ,0.67,piece,vegetable,false,2
keema-salna,Ginger-garlic paste,अदरक-लहसुन पेस्ट,ಶುಂಠಿ-ಬೆಳ್ಳುಳ್ಳಿ ಪೇಸ್ಟ್,0.33,tbsp,staple,true,3
keema-salna,Tomato (medium),टमाटर,ಟೊಮೇಟೊ,0.67,piece,vegetable,false,4
keema-salna,Green chilli,हरी मिर्च,ಹಸಿ ಮೆಣಸಿನಕಾಯಿ,0.67,piece,vegetable,false,5
keema-salna,Cumin (jeera),जीरा,ಜೀರಿಗೆ,0.33,tsp,staple,true,6
keema-salna,Turmeric,हल्दी,ಅರಿಶಿನ,0.17,tsp,staple,true,7
keema-salna,Red chilli powder,लाल मिर्च पाउडर,ಕೆಂಪು ಮೆಣಸಿನ ಪುಡಿ,0.33,tsp,staple,true,8
keema-salna,Garam masala,गरम मसाला,ಗರಂ ಮಸಾಲ,0.33,tsp,staple,true,9
keema-salna,Cooking oil,तेल,ಎಣ್ಣೆ,0.67,tbsp,staple,true,10
keema-salna,Coriander leaves,हरा धनिया,ಕೊತ್ತಂಬರಿ ಸೊಪ್ಪು,0.67,tbsp,vegetable,false,11
keema-kurma,Mutton keema,मटन कीमा,ಮಟನ್ ಕೀಮಾ,500,g,protein,false,1
keema-kurma,Onion (medium),प्याज़,ಈರುಳ್ಳಿ,0.67,piece,vegetable,false,2
keema-kurma,Ginger-garlic paste,अदरक-लहसुन पेस्ट,ಶುಂಠಿ-ಬೆಳ್ಳುಳ್ಳಿ ಪೇಸ್ಟ್,0.33,tbsp,staple,true,3
keema-kurma,Tomato (medium),टमाटर,ಟೊಮೇಟೊ,0.67,piece,vegetable,false,4
keema-kurma,Green chilli,हरी मिर्च,ಹಸಿ ಮೆಣಸಿನಕಾಯಿ,0.67,piece,vegetable,false,5
keema-kurma,Cumin (jeera),जीरा,ಜೀರಿಗೆ,0.33,tsp,staple,true,6
keema-kurma,Turmeric,हल्दी,ಅರಿಶಿನ,0.17,tsp,staple,true,7
keema-kurma,Red chilli powder,लाल मिर्च पाउडर,ಕೆಂಪು ಮೆಣಸಿನ ಪುಡಿ,0.33,tsp,staple,true,8
keema-kurma,Garam masala,गरम मसाला,ಗರಂ ಮಸಾಲ,0.33,tsp,staple,true,9
keema-kurma,Cooking oil,तेल,ಎಣ್ಣೆ,0.67,tbsp,staple,true,10
keema-kurma,Coriander leaves,हरा धनिया,ಕೊತ್ತಂಬರಿ ಸೊಪ್ಪು,0.67,tbsp,vegetable,false,11
plain-biryani,Basmati rice,बासमती चावल,ಬಾಸ್ಮತಿ ಅಕ್ಕಿ,0.67,cup,other,false,1
plain-biryani,Green chilli,हरी मिर्च,ಹಸಿ ಮೆಣಸಿನಕಾಯಿ,0.67,piece,vegetable,false,2
plain-biryani,Cumin (jeera),जीरा,ಜೀರಿಗೆ,0.33,tsp,staple,true,3
plain-biryani,Turmeric,हल्दी,ಅರಿಶಿನ,0.17,tsp,staple,true,4
plain-biryani,Red chilli powder,लाल मिर्च पाउडर,ಕೆಂಪು ಮೆಣಸಿನ ಪುಡಿ,0.33,tsp,staple,true,5
plain-biryani,Garam masala,गरम मसाला,ಗರಂ ಮಸಾಲ,0.33,tsp,staple,true,6
plain-biryani,Cooking oil,तेल,ಎಣ್ಣೆ,0.67,tbsp,staple,true,7
plain-biryani,Coriander leaves,हरा धनिया,ಕೊತ್ತಂಬರಿ ಸೊಪ್ಪು,0.67,tbsp,vegetable,false,8
paneer-biryani,Basmati rice,बासमती चावल,ಬಾಸ್ಮತಿ ಅಕ್ಕಿ,0.67,cup,other,false,1
paneer-biryani,Green chilli,हरी मिर्च,ಹಸಿ ಮೆಣಸಿನಕಾಯಿ,0.67,piece,vegetable,false,2
paneer-biryani,Cumin (jeera),जीरा,ಜೀರಿಗೆ,0.33,tsp,staple,true,3
paneer-biryani,Turmeric,हल्दी,ಅರಿಶಿನ,0.17,tsp,staple,true,4
paneer-biryani,Red chilli powder,लाल मिर्च पाउडर,ಕೆಂಪು ಮೆಣಸಿನ ಪುಡಿ,0.33,tsp,staple,true,5
paneer-biryani,Garam masala,गरम मसाला,ಗರಂ ಮಸಾಲ,0.33,tsp,staple,true,6
paneer-biryani,Cooking oil,तेल,ಎಣ್ಣೆ,0.67,tbsp,staple,true,7
paneer-biryani,Coriander leaves,हरा धनिया,ಕೊತ್ತಂಬರಿ ಸೊಪ್ಪು,0.67,tbsp,vegetable,false,8
mushroom-biryani,Basmati rice,बासमती चावल,ಬಾಸ್ಮತಿ ಅಕ್ಕಿ,0.67,cup,other,false,1
mushroom-biryani,Onion (medium),प्याज़,ಈರುಳ್ಳಿ,0.67,piece,vegetable,false,2
mushroom-biryani,Ginger-garlic paste,अदरक-लहसुन पेस्ट,ಶುಂಠಿ-ಬೆಳ್ಳುಳ್ಳಿ ಪೇಸ್ಟ್,0.33,tbsp,staple,true,3
mushroom-biryani,Tomato (medium),टमाटर,ಟೊಮೇಟೊ,0.67,piece,vegetable,false,4
mushroom-biryani,Green chilli,हरी मिर्च,ಹಸಿ ಮೆಣಸಿನಕಾಯಿ,0.67,piece,vegetable,false,5
mushroom-biryani,Cumin (jeera),जीरा,ಜೀರಿಗೆ,0.33,tsp,staple,true,6
mushroom-biryani,Turmeric,हल्दी,ಅರಿಶಿನ,0.17,tsp,staple,true,7
mushroom-biryani,Red chilli powder,लाल मिर्च पाउडर,ಕೆಂಪು ಮೆಣಸಿನ ಪುಡಿ,0.33,tsp,staple,true,8
mushroom-biryani,Garam masala,गरम मसाला,ಗರಂ ಮಸಾಲ,0.33,tsp,staple,true,9
mushroom-biryani,Cooking oil,तेल,ಎಣ್ಣೆ,0.67,tbsp,staple,true,10
mushroom-biryani,Coriander leaves,हरा धनिया,ಕೊತ್ತಂಬರಿ ಸೊಪ್ಪು,0.67,tbsp,vegetable,false,11
peas-biryani,Basmati rice,बासमती चावल,ಬಾಸ್ಮತಿ ಅಕ್ಕಿ,0.67,cup,other,false,1
peas-biryani,Onion (medium),प्याज़,ಈರುಳ್ಳಿ,0.67,piece,vegetable,false,2
peas-biryani,Ginger-garlic paste,अदरक-लहसुन पेस्ट,ಶುಂಠಿ-ಬೆಳ್ಳುಳ್ಳಿ ಪೇಸ್ಟ್,0.33,tbsp,staple,true,3
peas-biryani,Tomato (medium),टमाटर,ಟೊಮೇಟೊ,0.67,piece,vegetable,false,4
peas-biryani,Green chilli,हरी मिर्च,ಹಸಿ ಮೆಣಸಿನಕಾಯಿ,0.67,piece,vegetable,false,5
peas-biryani,Cumin (jeera),जीरा,ಜೀರಿಗೆ,0.33,tsp,staple,true,6
peas-biryani,Turmeric,हल्दी,ಅರಿಶಿನ,0.17,tsp,staple,true,7
peas-biryani,Red chilli powder,लाल मिर्च पाउडर,ಕೆಂಪು ಮೆಣಸಿನ ಪುಡಿ,0.33,tsp,staple,true,8
peas-biryani,Garam masala,गरम मसाला,ಗರಂ ಮಸಾಲ,0.33,tsp,staple,true,9
peas-biryani,Cooking oil,तेल,ಎಣ್ಣೆ,0.67,tbsp,staple,true,10
peas-biryani,Coriander leaves,हरा धनिया,ಕೊತ್ತಂಬರಿ ಸೊಪ್ಪು,0.67,tbsp,vegetable,false,11
mutton-biryani,Basmati rice,बासमती चावल,ಬಾಸ್ಮತಿ ಅಕ್ಕಿ,0.67,cup,other,false,1
mutton-biryani,Onion (medium),प्याज़,ಈರುಳ್ಳಿ,0.67,piece,vegetable,false,2
mutton-biryani,Ginger-garlic paste,अदरक-लहसुन पेस्ट,ಶುಂಠಿ-ಬೆಳ್ಳುಳ್ಳಿ ಪೇಸ್ಟ್,0.33,tbsp,staple,true,3
mutton-biryani,Tomato (medium),टमाटर,ಟೊಮೇಟೊ,0.67,piece,vegetable,false,4
mutton-biryani,Green chilli,हरी मिर्च,ಹಸಿ ಮೆಣಸಿನಕಾಯಿ,0.67,piece,vegetable,false,5
mutton-biryani,Cumin (jeera),जीरा,ಜೀರಿಗೆ,0.33,tsp,staple,true,6
mutton-biryani,Turmeric,हल्दी,ಅರಿಶಿನ,0.17,tsp,staple,true,7
mutton-biryani,Red chilli powder,लाल मिर्च पाउडर,ಕೆಂಪು ಮೆಣಸಿನ ಪುಡಿ,0.33,tsp,staple,true,8
mutton-biryani,Garam masala,गरम मसाला,ಗರಂ ಮಸಾಲ,0.33,tsp,staple,true,9
mutton-biryani,Cooking oil,तेल,ಎಣ್ಣೆ,0.67,tbsp,staple,true,10
mutton-biryani,Coriander leaves,हरा धनिया,ಕೊತ್ತಂಬರಿ ಸೊಪ್ಪು,0.67,tbsp,vegetable,false,11
fish-biryani,Basmati rice,बासमती चावल,ಬಾಸ್ಮತಿ ಅಕ್ಕಿ,0.67,cup,other,false,1
fish-biryani,Onion (medium),प्याज़,ಈರುಳ್ಳಿ,0.67,piece,vegetable,false,2
fish-biryani,Ginger-garlic paste,अदरक-लहसुन पेस्ट,ಶುಂಠಿ-ಬೆಳ್ಳುಳ್ಳಿ ಪೇಸ್ಟ್,0.33,tbsp,staple,true,3
fish-biryani,Tomato (medium),टमाटर,ಟೊಮೇಟೊ,0.67,piece,vegetable,false,4
fish-biryani,Green chilli,हरी मिर्च,ಹಸಿ ಮೆಣಸಿನಕಾಯಿ,0.67,piece,vegetable,false,5
fish-biryani,Cumin (jeera),जीरा,ಜೀರಿಗೆ,0.33,tsp,staple,true,6
fish-biryani,Turmeric,हल्दी,ಅರಿಶಿನ,0.17,tsp,staple,true,7
fish-biryani,Red chilli powder,लाल मिर्च पाउडर,ಕೆಂಪು ಮೆಣಸಿನ ಪುಡಿ,0.33,tsp,staple,true,8
fish-biryani,Garam masala,गरम मसाला,ಗರಂ ಮಸಾಲ,0.33,tsp,staple,true,9
fish-biryani,Cooking oil,तेल,ಎಣ್ಣೆ,0.67,tbsp,staple,true,10
fish-biryani,Coriander leaves,हरा धनिया,ಕೊತ್ತಂಬರಿ ಸೊಪ್ಪು,0.67,tbsp,vegetable,false,11
prawn-biryani,Basmati rice,बासमती चावल,ಬಾಸ್ಮತಿ ಅಕ್ಕಿ,0.67,cup,other,false,1
prawn-biryani,Onion (medium),प्याज़,ಈರುಳ್ಳಿ,0.67,piece,vegetable,false,2
prawn-biryani,Ginger-garlic paste,अदरक-लहसुन पेस्ट,ಶುಂಠಿ-ಬೆಳ್ಳುಳ್ಳಿ ಪೇಸ್ಟ್,0.33,tbsp,staple,true,3
prawn-biryani,Tomato (medium),टमाटर,ಟೊಮೇಟೊ,0.67,piece,vegetable,false,4
prawn-biryani,Green chilli,हरी मिर्च,ಹಸಿ ಮೆಣಸಿನಕಾಯಿ,0.67,piece,vegetable,false,5
prawn-biryani,Cumin (jeera),जीरा,ಜೀರಿಗೆ,0.33,tsp,staple,true,6
prawn-biryani,Turmeric,हल्दी,ಅರಿಶಿನ,0.17,tsp,staple,true,7
prawn-biryani,Red chilli powder,लाल मिर्च पाउडर,ಕೆಂಪು ಮೆಣಸಿನ ಪುಡಿ,0.33,tsp,staple,true,8
prawn-biryani,Garam masala,गरम मसाला,ಗರಂ ಮಸಾಲ,0.33,tsp,staple,true,9
prawn-biryani,Cooking oil,तेल,ಎಣ್ಣೆ,0.67,tbsp,staple,true,10
prawn-biryani,Coriander leaves,हरा धनिया,ಕೊತ್ತಂಬರಿ ಸೊಪ್ಪು,0.67,tbsp,vegetable,false,11
egg-biryani,Basmati rice,बासमती चावल,ಬಾಸ್ಮತಿ ಅಕ್ಕಿ,0.67,cup,other,false,1
egg-biryani,Onion (medium),प्याज़,ಈರುಳ್ಳಿ,0.67,piece,vegetable,false,2
egg-biryani,Ginger-garlic paste,अदरक-लहसुन पेस्ट,ಶುಂಠಿ-ಬೆಳ್ಳುಳ್ಳಿ ಪೇಸ್ಟ್,0.33,tbsp,staple,true,3
egg-biryani,Tomato (medium),टमाटर,ಟೊಮೇಟೊ,0.67,piece,vegetable,false,4
egg-biryani,Green chilli,हरी मिर्च,ಹಸಿ ಮೆಣಸಿನಕಾಯಿ,0.67,piece,vegetable,false,5
egg-biryani,Cumin (jeera),जीरा,ಜೀರಿಗೆ,0.33,tsp,staple,true,6
egg-biryani,Turmeric,हल्दी,ಅರಿಶಿನ,0.17,tsp,staple,true,7
egg-biryani,Red chilli powder,लाल मिर्च पाउडर,ಕೆಂಪು ಮೆಣಸಿನ ಪುಡಿ,0.33,tsp,staple,true,8
egg-biryani,Garam masala,गरम मसाला,ಗರಂ ಮಸಾಲ,0.33,tsp,staple,true,9
egg-biryani,Cooking oil,तेल,ಎಣ್ಣೆ,0.67,tbsp,staple,true,10
egg-biryani,Coriander leaves,हरा धनिया,ಕೊತ್ತಂಬರಿ ಸೊಪ್ಪು,0.67,tbsp,vegetable,false,11
keema-biryani,Basmati rice,बासमती चावल,ಬಾಸ್ಮತಿ ಅಕ್ಕಿ,0.67,cup,other,false,1
keema-biryani,Onion (medium),प्याज़,ಈರುಳ್ಳಿ,0.67,piece,vegetable,false,2
keema-biryani,Ginger-garlic paste,अदरक-लहसुन पेस्ट,ಶುಂಠಿ-ಬೆಳ್ಳುಳ್ಳಿ ಪೇಸ್ಟ್,0.33,tbsp,staple,true,3
keema-biryani,Tomato (medium),टमाटर,ಟೊಮೇಟೊ,0.67,piece,vegetable,false,4
keema-biryani,Green chilli,हरी मिर्च,ಹಸಿ ಮೆಣಸಿನಕಾಯಿ,0.67,piece,vegetable,false,5
keema-biryani,Cumin (jeera),जीरा,ಜೀರಿಗೆ,0.33,tsp,staple,true,6
keema-biryani,Turmeric,हल्दी,ಅರಿಶಿನ,0.17,tsp,staple,true,7
keema-biryani,Red chilli powder,लाल मिर्च पाउडर,ಕೆಂಪು ಮೆಣಸಿನ ಪುಡಿ,0.33,tsp,staple,true,8
keema-biryani,Garam masala,गरम मसाला,ಗರಂ ಮಸಾಲ,0.33,tsp,staple,true,9
keema-biryani,Cooking oil,तेल,ಎಣ್ಣೆ,0.67,tbsp,staple,true,10
keema-biryani,Coriander leaves,हरा धनिया,ಕೊತ್ತಂಬರಿ ಸೊಪ್ಪು,0.67,tbsp,vegetable,false,11
plain-pulao,Basmati rice,बासमती चावल,ಬಾಸ್ಮತಿ ಅಕ್ಕಿ,0.67,cup,other,false,1
plain-pulao,Onion (medium),प्याज़,ಈರುಳ್ಳಿ,0.67,piece,vegetable,false,2
plain-pulao,Ginger-garlic paste,अदरक-लहसुन पेस्ट,ಶುಂಠಿ-ಬೆಳ್ಳುಳ್ಳಿ ಪೇಸ್ಟ್,0.33,tbsp,staple,true,3
plain-pulao,Tomato (medium),टमाटर,ಟೊಮೇಟೊ,0.67,piece,vegetable,false,4
plain-pulao,Green chilli,हरी मिर्च,ಹಸಿ ಮೆಣಸಿನಕಾಯಿ,0.67,piece,vegetable,false,5
plain-pulao,Cumin (jeera),जीरा,ಜೀರಿಗೆ,0.33,tsp,staple,true,6
plain-pulao,Turmeric,हल्दी,ಅರಿಶಿನ,0.17,tsp,staple,true,7
plain-pulao,Red chilli powder,लाल मिर्च पाउडर,ಕೆಂಪು ಮೆಣಸಿನ ಪುಡಿ,0.33,tsp,staple,true,8
plain-pulao,Garam masala,गरम मसाला,ಗರಂ ಮಸಾಲ,0.33,tsp,staple,true,9
plain-pulao,Cooking oil,तेल,ಎಣ್ಣೆ,0.67,tbsp,staple,true,10
plain-pulao,Coriander leaves,हरा धनिया,ಕೊತ್ತಂಬರಿ ಸೊಪ್ಪು,0.67,tbsp,vegetable,false,11
paneer-pulao,Basmati rice,बासमती चावल,ಬಾಸ್ಮತಿ ಅಕ್ಕಿ,0.67,cup,other,false,1
paneer-pulao,Onion (medium),प्याज़,ಈರುಳ್ಳಿ,0.67,piece,vegetable,false,2
paneer-pulao,Ginger-garlic paste,अदरक-लहसुन पेस्ट,ಶುಂಠಿ-ಬೆಳ್ಳುಳ್ಳಿ ಪೇಸ್ಟ್,0.33,tbsp,staple,true,3
paneer-pulao,Tomato (medium),टमाटर,ಟೊಮೇಟೊ,0.67,piece,vegetable,false,4
paneer-pulao,Green chilli,हरी मिर्च,ಹಸಿ ಮೆಣಸಿನಕಾಯಿ,0.67,piece,vegetable,false,5
paneer-pulao,Cumin (jeera),जीरा,ಜೀರಿಗೆ,0.33,tsp,staple,true,6
paneer-pulao,Turmeric,हल्दी,ಅರಿಶಿನ,0.17,tsp,staple,true,7
paneer-pulao,Red chilli powder,लाल मिर्च पाउडर,ಕೆಂಪು ಮೆಣಸಿನ ಪುಡಿ,0.33,tsp,staple,true,8
paneer-pulao,Garam masala,गरम मसाला,ಗರಂ ಮಸಾಲ,0.33,tsp,staple,true,9
paneer-pulao,Cooking oil,तेल,ಎಣ್ಣೆ,0.67,tbsp,staple,true,10
paneer-pulao,Coriander leaves,हरा धनिया,ಕೊತ್ತಂಬರಿ ಸೊಪ್ಪು,0.67,tbsp,vegetable,false,11
mushroom-pulao,Basmati rice,बासमती चावल,ಬಾಸ್ಮತಿ ಅಕ್ಕಿ,0.67,cup,other,false,1
mushroom-pulao,Onion (medium),प्याज़,ಈರುಳ್ಳಿ,0.67,piece,vegetable,false,2
mushroom-pulao,Ginger-garlic paste,अदरक-लहसुन पेस्ट,ಶುಂಠಿ-ಬೆಳ್ಳುಳ್ಳಿ ಪೇಸ್ಟ್,0.33,tbsp,staple,true,3
mushroom-pulao,Tomato (medium),टमाटर,ಟೊಮೇಟೊ,0.67,piece,vegetable,false,4
mushroom-pulao,Green chilli,हरी मिर्च,ಹಸಿ ಮೆಣಸಿನಕಾಯಿ,0.67,piece,vegetable,false,5
mushroom-pulao,Cumin (jeera),जीरा,ಜೀರಿಗೆ,0.33,tsp,staple,true,6
mushroom-pulao,Turmeric,हल्दी,ಅರಿಶಿನ,0.17,tsp,staple,true,7
mushroom-pulao,Red chilli powder,लाल मिर्च पाउडर,ಕೆಂಪು ಮೆಣಸಿನ ಪುಡಿ,0.33,tsp,staple,true,8
mushroom-pulao,Garam masala,गरम मसाला,ಗರಂ ಮಸಾಲ,0.33,tsp,staple,true,9
mushroom-pulao,Cooking oil,तेल,ಎಣ್ಣೆ,0.67,tbsp,staple,true,10
mushroom-pulao,Coriander leaves,हरा धनिया,ಕೊತ್ತಂಬರಿ ಸೊಪ್ಪು,0.67,tbsp,vegetable,false,11
peas-pulao,Basmati rice,बासमती चावल,ಬಾಸ್ಮತಿ ಅಕ್ಕಿ,0.67,cup,other,false,1
peas-pulao,Green chilli,हरी मिर्च,ಹಸಿ ಮೆಣಸಿನಕಾಯಿ,0.67,piece,vegetable,false,2
peas-pulao,Cumin (jeera),जीरा,ಜೀರಿಗೆ,0.33,tsp,staple,true,3
peas-pulao,Turmeric,हल्दी,ಅರಿಶಿನ,0.17,tsp,staple,true,4
peas-pulao,Red chilli powder,लाल मिर्च पाउडर,ಕೆಂಪು ಮೆಣಸಿನ ಪುಡಿ,0.33,tsp,staple,true,5
peas-pulao,Garam masala,गरम मसाला,ಗರಂ ಮಸಾಲ,0.33,tsp,staple,true,6
peas-pulao,Cooking oil,तेल,ಎಣ್ಣೆ,0.67,tbsp,staple,true,7
peas-pulao,Coriander leaves,हरा धनिया,ಕೊತ್ತಂಬರಿ ಸೊಪ್ಪು,0.67,tbsp,vegetable,false,8
chicken-pulao,Basmati rice,बासमती चावल,ಬಾಸ್ಮತಿ ಅಕ್ಕಿ,0.67,cup,other,false,1
chicken-pulao,Onion (medium),प्याज़,ಈರುಳ್ಳಿ,0.67,piece,vegetable,false,2
chicken-pulao,Ginger-garlic paste,अदरक-लहसुन पेस्ट,ಶುಂಠಿ-ಬೆಳ್ಳುಳ್ಳಿ ಪೇಸ್ಟ್,0.33,tbsp,staple,true,3
chicken-pulao,Tomato (medium),टमाटर,ಟೊಮೇಟೊ,0.67,piece,vegetable,false,4
chicken-pulao,Green chilli,हरी मिर्च,ಹಸಿ ಮೆಣಸಿನಕಾಯಿ,0.67,piece,vegetable,false,5
chicken-pulao,Cumin (jeera),जीरा,ಜೀರಿಗೆ,0.33,tsp,staple,true,6
chicken-pulao,Turmeric,हल्दी,ಅರಿಶಿನ,0.17,tsp,staple,true,7
chicken-pulao,Red chilli powder,लाल मिर्च पाउडर,ಕೆಂಪು ಮೆಣಸಿನ ಪುಡಿ,0.33,tsp,staple,true,8
chicken-pulao,Garam masala,गरम मसाला,ಗರಂ ಮಸಾಲ,0.33,tsp,staple,true,9
chicken-pulao,Cooking oil,तेल,ಎಣ್ಣೆ,0.67,tbsp,staple,true,10
chicken-pulao,Coriander leaves,हरा धनिया,ಕೊತ್ತಂಬರಿ ಸೊಪ್ಪು,0.67,tbsp,vegetable,false,11
mutton-pulao,Basmati rice,बासमती चावल,ಬಾಸ್ಮತಿ ಅಕ್ಕಿ,0.67,cup,other,false,1
mutton-pulao,Onion (medium),प्याज़,ಈರುಳ್ಳಿ,0.67,piece,vegetable,false,2
mutton-pulao,Ginger-garlic paste,अदरक-लहसुन पेस्ट,ಶುಂಠಿ-ಬೆಳ್ಳುಳ್ಳಿ ಪೇಸ್ಟ್,0.33,tbsp,staple,true,3
mutton-pulao,Tomato (medium),टमाटर,ಟೊಮೇಟೊ,0.67,piece,vegetable,false,4
mutton-pulao,Green chilli,हरी मिर्च,ಹಸಿ ಮೆಣಸಿನಕಾಯಿ,0.67,piece,vegetable,false,5
mutton-pulao,Cumin (jeera),जीरा,ಜೀರಿಗೆ,0.33,tsp,staple,true,6
mutton-pulao,Turmeric,हल्दी,ಅರಿಶಿನ,0.17,tsp,staple,true,7
mutton-pulao,Red chilli powder,लाल मिर्च पाउडर,ಕೆಂಪು ಮೆಣಸಿನ ಪುಡಿ,0.33,tsp,staple,true,8
mutton-pulao,Garam masala,गरम मसाला,ಗರಂ ಮಸಾಲ,0.33,tsp,staple,true,9
mutton-pulao,Cooking oil,तेल,ಎಣ್ಣೆ,0.67,tbsp,staple,true,10
mutton-pulao,Coriander leaves,हरा धनिया,ಕೊತ್ತಂಬರಿ ಸೊಪ್ಪು,0.67,tbsp,vegetable,false,11
fish-pulao,Basmati rice,बासमती चावल,ಬಾಸ್ಮತಿ ಅಕ್ಕಿ,0.67,cup,other,false,1
fish-pulao,Onion (medium),प्याज़,ಈರುಳ್ಳಿ,0.67,piece,vegetable,false,2
fish-pulao,Ginger-garlic paste,अदरक-लहसुन पेस्ट,ಶುಂಠಿ-ಬೆಳ್ಳುಳ್ಳಿ ಪೇಸ್ಟ್,0.33,tbsp,staple,true,3
fish-pulao,Tomato (medium),टमाटर,ಟೊಮೇಟೊ,0.67,piece,vegetable,false,4
fish-pulao,Green chilli,हरी मिर्च,ಹಸಿ ಮೆಣಸಿನಕಾಯಿ,0.67,piece,vegetable,false,5
fish-pulao,Cumin (jeera),जीरा,ಜೀರಿಗೆ,0.33,tsp,staple,true,6
fish-pulao,Turmeric,हल्दी,ಅರಿಶಿನ,0.17,tsp,staple,true,7
fish-pulao,Red chilli powder,लाल मिर्च पाउडर,ಕೆಂಪು ಮೆಣಸಿನ ಪುಡಿ,0.33,tsp,staple,true,8
fish-pulao,Garam masala,गरम मसाला,ಗರಂ ಮಸಾಲ,0.33,tsp,staple,true,9
fish-pulao,Cooking oil,तेल,ಎಣ್ಣೆ,0.67,tbsp,staple,true,10
fish-pulao,Coriander leaves,हरा धनिया,ಕೊತ್ತಂಬರಿ ಸೊಪ್ಪು,0.67,tbsp,vegetable,false,11
prawn-pulao,Basmati rice,बासमती चावल,ಬಾಸ್ಮತಿ ಅಕ್ಕಿ,0.67,cup,other,false,1
prawn-pulao,Onion (medium),प्याज़,ಈರುಳ್ಳಿ,0.67,piece,vegetable,false,2
prawn-pulao,Ginger-garlic paste,अदरक-लहसुन पेस्ट,ಶುಂಠಿ-ಬೆಳ್ಳುಳ್ಳಿ ಪೇಸ್ಟ್,0.33,tbsp,staple,true,3
prawn-pulao,Tomato (medium),टमाटर,ಟೊಮೇಟೊ,0.67,piece,vegetable,false,4
prawn-pulao,Green chilli,हरी मिर्च,ಹಸಿ ಮೆಣಸಿನಕಾಯಿ,0.67,piece,vegetable,false,5
prawn-pulao,Cumin (jeera),जीरा,ಜೀರಿಗೆ,0.33,tsp,staple,true,6
prawn-pulao,Turmeric,हल्दी,ಅರಿಶಿನ,0.17,tsp,staple,true,7
prawn-pulao,Red chilli powder,लाल मिर्च पाउडर,ಕೆಂಪು ಮೆಣಸಿನ ಪುಡಿ,0.33,tsp,staple,true,8
prawn-pulao,Garam masala,गरम मसाला,ಗರಂ ಮಸಾಲ,0.33,tsp,staple,true,9
prawn-pulao,Cooking oil,तेल,ಎಣ್ಣೆ,0.67,tbsp,staple,true,10
prawn-pulao,Coriander leaves,हरा धनिया,ಕೊತ್ತಂಬರಿ ಸೊಪ್ಪು,0.67,tbsp,vegetable,false,11
egg-pulao,Basmati rice,बासमती चावल,ಬಾಸ್ಮತಿ ಅಕ್ಕಿ,0.67,cup,other,false,1
egg-pulao,Onion (medium),प्याज़,ಈರುಳ್ಳಿ,0.67,piece,vegetable,false,2
egg-pulao,Ginger-garlic paste,अदरक-लहसुन पेस्ट,ಶುಂಠಿ-ಬೆಳ್ಳುಳ್ಳಿ ಪೇಸ್ಟ್,0.33,tbsp,staple,true,3
egg-pulao,Tomato (medium),टमाटर,ಟೊಮೇಟೊ,0.67,piece,vegetable,false,4
egg-pulao,Green chilli,हरी मिर्च,ಹಸಿ ಮೆಣಸಿನಕಾಯಿ,0.67,piece,vegetable,false,5
egg-pulao,Cumin (jeera),जीरा,ಜೀರಿಗೆ,0.33,tsp,staple,true,6
egg-pulao,Turmeric,हल्दी,ಅರಿಶಿನ,0.17,tsp,staple,true,7
egg-pulao,Red chilli powder,लाल मिर्च पाउडर,ಕೆಂಪು ಮೆಣಸಿನ ಪುಡಿ,0.33,tsp,staple,true,8
egg-pulao,Garam masala,गरम मसाला,ಗರಂ ಮಸಾಲ,0.33,tsp,staple,true,9
egg-pulao,Cooking oil,तेल,ಎಣ್ಣೆ,0.67,tbsp,staple,true,10
egg-pulao,Coriander leaves,हरा धनिया,ಕೊತ್ತಂಬರಿ ಸೊಪ್ಪು,0.67,tbsp,vegetable,false,11
keema-pulao,Basmati rice,बासमती चावल,ಬಾಸ್ಮತಿ ಅಕ್ಕಿ,0.67,cup,other,false,1
keema-pulao,Onion (medium),प्याज़,ಈರುಳ್ಳಿ,0.67,piece,vegetable,false,2
keema-pulao,Ginger-garlic paste,अदरक-लहसुन पेस्ट,ಶುಂಠಿ-ಬೆಳ್ಳುಳ್ಳಿ ಪೇಸ್ಟ್,0.33,tbsp,staple,true,3
keema-pulao,Tomato (medium),टमाटर,ಟೊಮೇಟೊ,0.67,piece,vegetable,false,4
keema-pulao,Green chilli,हरी मिर्च,ಹಸಿ ಮೆಣಸಿನಕಾಯಿ,0.67,piece,vegetable,false,5
keema-pulao,Cumin (jeera),जीरा,ಜೀರಿಗೆ,0.33,tsp,staple,true,6
keema-pulao,Turmeric,हल्दी,ಅರಿಶಿನ,0.17,tsp,staple,true,7
keema-pulao,Red chilli powder,लाल मिर्च पाउडर,ಕೆಂಪು ಮೆಣಸಿನ ಪುಡಿ,0.33,tsp,staple,true,8
keema-pulao,Garam masala,गरम मसाला,ಗರಂ ಮಸಾಲ,0.33,tsp,staple,true,9
keema-pulao,Cooking oil,तेल,ಎಣ್ಣೆ,0.67,tbsp,staple,true,10
keema-pulao,Coriander leaves,हरा धनिया,ಕೊತ್ತಂಬರಿ ಸೊಪ್ಪು,0.67,tbsp,vegetable,false,11
plain-fried-rice,Basmati rice,बासमती चावल,ಬಾಸ್ಮತಿ ಅಕ್ಕಿ,0.67,cup,other,false,1
plain-fried-rice,Onion (medium),प्याज़,ಈರುಳ್ಳಿ,0.67,piece,vegetable,false,2
plain-fried-rice,Ginger-garlic paste,अदरक-लहसुन पेस्ट,ಶುಂಠಿ-ಬೆಳ್ಳುಳ್ಳಿ ಪೇಸ್ಟ್,0.33,tbsp,staple,true,3
plain-fried-rice,Green chilli,हरी मिर्च,ಹಸಿ ಮೆಣಸಿನಕಾಯಿ,0.67,piece,vegetable,false,4
plain-fried-rice,Cumin (jeera),जीरा,ಜೀರಿಗೆ,0.33,tsp,staple,true,5
plain-fried-rice,Turmeric,हल्दी,ಅರಿಶಿನ,0.17,tsp,staple,true,6
plain-fried-rice,Red chilli powder,लाल मिर्च पाउडर,ಕೆಂಪು ಮೆಣಸಿನ ಪುಡಿ,0.33,tsp,staple,true,7
plain-fried-rice,Garam masala,गरम मसाला,ಗರಂ ಮಸಾಲ,0.33,tsp,staple,true,8
plain-fried-rice,Cooking oil,तेल,ಎಣ್ಣೆ,0.67,tbsp,staple,true,9
plain-fried-rice,Coriander leaves,हरा धनिया,ಕೊತ್ತಂಬರಿ ಸೊಪ್ಪು,0.67,tbsp,vegetable,false,10
mushroom-fried-rice,Basmati rice,बासमती चावल,ಬಾಸ್ಮತಿ ಅಕ್ಕಿ,0.67,cup,other,false,1
mushroom-fried-rice,Onion (medium),प्याज़,ಈರುಳ್ಳಿ,0.67,piece,vegetable,false,2
mushroom-fried-rice,Ginger-garlic paste,अदरक-लहसुन पेस्ट,ಶುಂಠಿ-ಬೆಳ್ಳುಳ್ಳಿ ಪೇಸ್ಟ್,0.33,tbsp,staple,true,3
mushroom-fried-rice,Green chilli,हरी मिर्च,ಹಸಿ ಮೆಣಸಿನಕಾಯಿ,0.67,piece,vegetable,false,4
mushroom-fried-rice,Cumin (jeera),जीरा,ಜೀರಿಗೆ,0.33,tsp,staple,true,5
mushroom-fried-rice,Turmeric,हल्दी,ಅರಿಶಿನ,0.17,tsp,staple,true,6
mushroom-fried-rice,Red chilli powder,लाल मिर्च पाउडर,ಕೆಂಪು ಮೆಣಸಿನ ಪುಡಿ,0.33,tsp,staple,true,7
mushroom-fried-rice,Garam masala,गरम मसाला,ಗರಂ ಮಸಾಲ,0.33,tsp,staple,true,8
mushroom-fried-rice,Cooking oil,तेल,ಎಣ್ಣೆ,0.67,tbsp,staple,true,9
mushroom-fried-rice,Coriander leaves,हरा धनिया,ಕೊತ್ತಂಬರಿ ಸೊಪ್ಪು,0.67,tbsp,vegetable,false,10
peas-fried-rice,Basmati rice,बासमती चावल,ಬಾಸ್ಮತಿ ಅಕ್ಕಿ,0.67,cup,other,false,1
peas-fried-rice,Onion (medium),प्याज़,ಈರುಳ್ಳಿ,0.67,piece,vegetable,false,2
peas-fried-rice,Ginger-garlic paste,अदरक-लहसुन पेस्ट,ಶುಂಠಿ-ಬೆಳ್ಳುಳ್ಳಿ ಪೇಸ್ಟ್,0.33,tbsp,staple,true,3
peas-fried-rice,Green chilli,हरी मिर्च,ಹಸಿ ಮೆಣಸಿನಕಾಯಿ,0.67,piece,vegetable,false,4
peas-fried-rice,Cumin (jeera),जीरा,ಜೀರಿಗೆ,0.33,tsp,staple,true,5
peas-fried-rice,Turmeric,हल्दी,ಅರಿಶಿನ,0.17,tsp,staple,true,6
peas-fried-rice,Red chilli powder,लाल मिर्च पाउडर,ಕೆಂಪು ಮೆಣಸಿನ ಪುಡಿ,0.33,tsp,staple,true,7
peas-fried-rice,Garam masala,गरम मसाला,ಗರಂ ಮಸಾಲ,0.33,tsp,staple,true,8
peas-fried-rice,Cooking oil,तेल,ಎಣ್ಣೆ,0.67,tbsp,staple,true,9
peas-fried-rice,Coriander leaves,हरा धनिया,ಕೊತ್ತಂಬರಿ ಸೊಪ್ಪು,0.67,tbsp,vegetable,false,10
chicken-fried-rice,Basmati rice,बासमती चावल,ಬಾಸ್ಮತಿ ಅಕ್ಕಿ,0.67,cup,other,false,1
chicken-fried-rice,Onion (medium),प्याज़,ಈರುಳ್ಳಿ,0.67,piece,vegetable,false,2
chicken-fried-rice,Ginger-garlic paste,अदरक-लहसुन पेस्ट,ಶುಂಠಿ-ಬೆಳ್ಳುಳ್ಳಿ ಪೇಸ್ಟ್,0.33,tbsp,staple,true,3
chicken-fried-rice,Green chilli,हरी मिर्च,ಹಸಿ ಮೆಣಸಿನಕಾಯಿ,0.67,piece,vegetable,false,4
chicken-fried-rice,Cumin (jeera),जीरा,ಜೀರಿಗೆ,0.33,tsp,staple,true,5
chicken-fried-rice,Turmeric,हल्दी,ಅರಿಶಿನ,0.17,tsp,staple,true,6
chicken-fried-rice,Red chilli powder,लाल मिर्च पाउडर,ಕೆಂಪು ಮೆಣಸಿನ ಪುಡಿ,0.33,tsp,staple,true,7
chicken-fried-rice,Garam masala,गरम मसाला,ಗರಂ ಮಸಾಲ,0.33,tsp,staple,true,8
chicken-fried-rice,Cooking oil,तेल,ಎಣ್ಣೆ,0.67,tbsp,staple,true,9
chicken-fried-rice,Coriander leaves,हरा धनिया,ಕೊತ್ತಂಬರಿ ಸೊಪ್ಪು,0.67,tbsp,vegetable,false,10
mutton-fried-rice,Basmati rice,बासमती चावल,ಬಾಸ್ಮತಿ ಅಕ್ಕಿ,0.67,cup,other,false,1
mutton-fried-rice,Onion (medium),प्याज़,ಈರುಳ್ಳಿ,0.67,piece,vegetable,false,2
mutton-fried-rice,Ginger-garlic paste,अदरक-लहसुन पेस्ट,ಶುಂಠಿ-ಬೆಳ್ಳುಳ್ಳಿ ಪೇಸ್ಟ್,0.33,tbsp,staple,true,3
mutton-fried-rice,Green chilli,हरी मिर्च,ಹಸಿ ಮೆಣಸಿನಕಾಯಿ,0.67,piece,vegetable,false,4
mutton-fried-rice,Cumin (jeera),जीरा,ಜೀರಿಗೆ,0.33,tsp,staple,true,5
mutton-fried-rice,Turmeric,हल्दी,ಅರಿಶಿನ,0.17,tsp,staple,true,6
mutton-fried-rice,Red chilli powder,लाल मिर्च पाउडर,ಕೆಂಪು ಮೆಣಸಿನ ಪುಡಿ,0.33,tsp,staple,true,7
mutton-fried-rice,Garam masala,गरम मसाला,ಗರಂ ಮಸಾಲ,0.33,tsp,staple,true,8
mutton-fried-rice,Cooking oil,तेल,ಎಣ್ಣೆ,0.67,tbsp,staple,true,9
mutton-fried-rice,Coriander leaves,हरा धनिया,ಕೊತ್ತಂಬರಿ ಸೊಪ್ಪು,0.67,tbsp,vegetable,false,10
fish-fried-rice,Basmati rice,बासमती चावल,ಬಾಸ್ಮತಿ ಅಕ್ಕಿ,0.67,cup,other,false,1
fish-fried-rice,Onion (medium),प्याज़,ಈರುಳ್ಳಿ,0.67,piece,vegetable,false,2
fish-fried-rice,Ginger-garlic paste,अदरक-लहसुन पेस्ट,ಶುಂಠಿ-ಬೆಳ್ಳುಳ್ಳಿ ಪೇಸ್ಟ್,0.33,tbsp,staple,true,3
fish-fried-rice,Green chilli,हरी मिर्च,ಹಸಿ ಮೆಣಸಿನಕಾಯಿ,0.67,piece,vegetable,false,4
fish-fried-rice,Cumin (jeera),जीरा,ಜೀರಿಗೆ,0.33,tsp,staple,true,5
fish-fried-rice,Turmeric,हल्दी,ಅರಿಶಿನ,0.17,tsp,staple,true,6
fish-fried-rice,Red chilli powder,लाल मिर्च पाउडर,ಕೆಂಪು ಮೆಣಸಿನ ಪುಡಿ,0.33,tsp,staple,true,7
fish-fried-rice,Garam masala,गरम मसाला,ಗರಂ ಮಸಾಲ,0.33,tsp,staple,true,8
fish-fried-rice,Cooking oil,तेल,ಎಣ್ಣೆ,0.67,tbsp,staple,true,9
fish-fried-rice,Coriander leaves,हरा धनिया,ಕೊತ್ತಂಬರಿ ಸೊಪ್ಪು,0.67,tbsp,vegetable,false,10
prawn-fried-rice,Basmati rice,बासमती चावल,ಬಾಸ್ಮತಿ ಅಕ್ಕಿ,0.67,cup,other,false,1
prawn-fried-rice,Onion (medium),प्याज़,ಈರುಳ್ಳಿ,0.67,piece,vegetable,false,2
prawn-fried-rice,Ginger-garlic paste,अदरक-लहसुन पेस्ट,ಶುಂಠಿ-ಬೆಳ್ಳುಳ್ಳಿ ಪೇಸ್ಟ್,0.33,tbsp,staple,true,3
prawn-fried-rice,Green chilli,हरी मिर्च,ಹಸಿ ಮೆಣಸಿನಕಾಯಿ,0.67,piece,vegetable,false,4
prawn-fried-rice,Cumin (jeera),जीरा,ಜೀರಿಗೆ,0.33,tsp,staple,true,5
prawn-fried-rice,Turmeric,हल्दी,ಅರಿಶಿನ,0.17,tsp,staple,true,6
prawn-fried-rice,Red chilli powder,लाल मिर्च पाउडर,ಕೆಂಪು ಮೆಣಸಿನ ಪುಡಿ,0.33,tsp,staple,true,7
prawn-fried-rice,Garam masala,गरम मसाला,ಗರಂ ಮಸಾಲ,0.33,tsp,staple,true,8
prawn-fried-rice,Cooking oil,तेल,ಎಣ್ಣೆ,0.67,tbsp,staple,true,9
prawn-fried-rice,Coriander leaves,हरा धनिया,ಕೊತ್ತಂಬರಿ ಸೊಪ್ಪು,0.67,tbsp,vegetable,false,10
keema-fried-rice,Basmati rice,बासमती चावल,ಬಾಸ್ಮತಿ ಅಕ್ಕಿ,0.67,cup,other,false,1
keema-fried-rice,Onion (medium),प्याज़,ಈರುಳ್ಳಿ,0.67,piece,vegetable,false,2
keema-fried-rice,Ginger-garlic paste,अदरक-लहसुन पेस्ट,ಶುಂಠಿ-ಬೆಳ್ಳುಳ್ಳಿ ಪೇಸ್ಟ್,0.33,tbsp,staple,true,3
keema-fried-rice,Green chilli,हरी मिर्च,ಹಸಿ ಮೆಣಸಿನಕಾಯಿ,0.67,piece,vegetable,false,4
keema-fried-rice,Cumin (jeera),जीरा,ಜೀರಿಗೆ,0.33,tsp,staple,true,5
keema-fried-rice,Turmeric,हल्दी,ಅರಿಶಿನ,0.17,tsp,staple,true,6
keema-fried-rice,Red chilli powder,लाल मिर्च पाउडर,ಕೆಂಪು ಮೆಣಸಿನ ಪುಡಿ,0.33,tsp,staple,true,7
keema-fried-rice,Garam masala,गरम मसाला,ಗರಂ ಮಸಾಲ,0.33,tsp,staple,true,8
keema-fried-rice,Cooking oil,तेल,ಎಣ್ಣೆ,0.67,tbsp,staple,true,9
keema-fried-rice,Coriander leaves,हरा धनिया,ಕೊತ್ತಂಬರಿ ಸೊಪ್ಪು,0.67,tbsp,vegetable,false,10
plain-khichdi,Basmati rice,बासमती चावल,ಬಾಸ್ಮತಿ ಅಕ್ಕಿ,0.67,cup,other,false,1
plain-khichdi,Onion (medium),प्याज़,ಈರುಳ್ಳಿ,0.67,piece,vegetable,false,2
plain-khichdi,Ginger-garlic paste,अदरक-लहसुन पेस्ट,ಶುಂಠಿ-ಬೆಳ್ಳುಳ್ಳಿ ಪೇಸ್ಟ್,0.33,tbsp,staple,true,3
plain-khichdi,Tomato (medium),टमाटर,ಟೊಮೇಟೊ,0.67,piece,vegetable,false,4
plain-khichdi,Green chilli,हरी मिर्च,ಹಸಿ ಮೆಣಸಿನಕಾಯಿ,0.67,piece,vegetable,false,5
plain-khichdi,Cumin (jeera),जीरा,ಜೀರಿಗೆ,0.33,tsp,staple,true,6
plain-khichdi,Turmeric,हल्दी,ಅರಿಶಿನ,0.17,tsp,staple,true,7
plain-khichdi,Red chilli powder,लाल मिर्च पाउडर,ಕೆಂಪು ಮೆಣಸಿನ ಪುಡಿ,0.33,tsp,staple,true,8
plain-khichdi,Garam masala,गरम मसाला,ಗರಂ ಮಸಾಲ,0.33,tsp,staple,true,9
plain-khichdi,Cooking oil,तेल,ಎಣ್ಣೆ,0.67,tbsp,staple,true,10
plain-khichdi,Coriander leaves,हरा धनिया,ಕೊತ್ತಂಬರಿ ಸೊಪ್ಪು,0.67,tbsp,vegetable,false,11
veg-khichdi,Basmati rice,बासमती चावल,ಬಾಸ್ಮತಿ ಅಕ್ಕಿ,0.67,cup,other,false,1
veg-khichdi,Onion (medium),प्याज़,ಈರುಳ್ಳಿ,0.67,piece,vegetable,false,2
veg-khichdi,Ginger-garlic paste,अदरक-लहसुन पेस्ट,ಶುಂಠಿ-ಬೆಳ್ಳುಳ್ಳಿ ಪೇಸ್ಟ್,0.33,tbsp,staple,true,3
veg-khichdi,Tomato (medium),टमाटर,ಟೊಮೇಟೊ,0.67,piece,vegetable,false,4
veg-khichdi,Green chilli,हरी मिर्च,ಹಸಿ ಮೆಣಸಿನಕಾಯಿ,0.67,piece,vegetable,false,5
veg-khichdi,Cumin (jeera),जीरा,ಜೀರಿಗೆ,0.33,tsp,staple,true,6
veg-khichdi,Turmeric,हल्दी,ಅರಿಶಿನ,0.17,tsp,staple,true,7
veg-khichdi,Red chilli powder,लाल मिर्च पाउडर,ಕೆಂಪು ಮೆಣಸಿನ ಪುಡಿ,0.33,tsp,staple,true,8
veg-khichdi,Garam masala,गरम मसाला,ಗರಂ ಮಸಾಲ,0.33,tsp,staple,true,9
veg-khichdi,Cooking oil,तेल,ಎಣ್ಣೆ,0.67,tbsp,staple,true,10
veg-khichdi,Coriander leaves,हरा धनिया,ಕೊತ್ತಂಬರಿ ಸೊಪ್ಪು,0.67,tbsp,vegetable,false,11
paneer-khichdi,Basmati rice,बासमती चावल,ಬಾಸ್ಮತಿ ಅಕ್ಕಿ,0.67,cup,other,false,1
paneer-khichdi,Onion (medium),प्याज़,ಈರುಳ್ಳಿ,0.67,piece,vegetable,false,2
paneer-khichdi,Ginger-garlic paste,अदरक-लहसुन पेस्ट,ಶುಂಠಿ-ಬೆಳ್ಳುಳ್ಳಿ ಪೇಸ್ಟ್,0.33,tbsp,staple,true,3
paneer-khichdi,Tomato (medium),टमाटर,ಟೊಮೇಟೊ,0.67,piece,vegetable,false,4
paneer-khichdi,Green chilli,हरी मिर्च,ಹಸಿ ಮೆಣಸಿನಕಾಯಿ,0.67,piece,vegetable,false,5
paneer-khichdi,Cumin (jeera),जीरा,ಜೀರಿಗೆ,0.33,tsp,staple,true,6
paneer-khichdi,Turmeric,हल्दी,ಅರಿಶಿನ,0.17,tsp,staple,true,7
paneer-khichdi,Red chilli powder,लाल मिर्च पाउडर,ಕೆಂಪು ಮೆಣಸಿನ ಪುಡಿ,0.33,tsp,staple,true,8
paneer-khichdi,Garam masala,गरम मसाला,ಗರಂ ಮಸಾಲ,0.33,tsp,staple,true,9
paneer-khichdi,Cooking oil,तेल,ಎಣ್ಣೆ,0.67,tbsp,staple,true,10
paneer-khichdi,Coriander leaves,हरा धनिया,ಕೊತ್ತಂಬರಿ ಸೊಪ್ಪು,0.67,tbsp,vegetable,false,11
mushroom-khichdi,Basmati rice,बासमती चावल,ಬಾಸ್ಮತಿ ಅಕ್ಕಿ,0.67,cup,other,false,1
mushroom-khichdi,Onion (medium),प्याज़,ಈರುಳ್ಳಿ,0.67,piece,vegetable,false,2
mushroom-khichdi,Ginger-garlic paste,अदरक-लहसुन पेस्ट,ಶುಂಠಿ-ಬೆಳ್ಳುಳ್ಳಿ ಪೇಸ್ಟ್,0.33,tbsp,staple,true,3
mushroom-khichdi,Tomato (medium),टमाटर,ಟೊಮೇಟೊ,0.67,piece,vegetable,false,4
mushroom-khichdi,Green chilli,हरी मिर्च,ಹಸಿ ಮೆಣಸಿನಕಾಯಿ,0.67,piece,vegetable,false,5
mushroom-khichdi,Cumin (jeera),जीरा,ಜೀರಿಗೆ,0.33,tsp,staple,true,6
mushroom-khichdi,Turmeric,हल्दी,ಅರಿಶಿನ,0.17,tsp,staple,true,7
mushroom-khichdi,Red chilli powder,लाल मिर्च पाउडर,ಕೆಂಪು ಮೆಣಸಿನ ಪುಡಿ,0.33,tsp,staple,true,8
mushroom-khichdi,Garam masala,गरम मसाला,ಗರಂ ಮಸಾಲ,0.33,tsp,staple,true,9
mushroom-khichdi,Cooking oil,तेल,ಎಣ್ಣೆ,0.67,tbsp,staple,true,10
mushroom-khichdi,Coriander leaves,हरा धनिया,ಕೊತ್ತಂಬರಿ ಸೊಪ್ಪು,0.67,tbsp,vegetable,false,11
peas-khichdi,Basmati rice,बासमती चावल,ಬಾಸ್ಮತಿ ಅಕ್ಕಿ,0.67,cup,other,false,1
peas-khichdi,Green chilli,हरी मिर्च,ಹಸಿ ಮೆಣಸಿನಕಾಯಿ,0.67,piece,vegetable,false,2
peas-khichdi,Cumin (jeera),जीरा,ಜೀರಿಗೆ,0.33,tsp,staple,true,3
peas-khichdi,Turmeric,हल्दी,ಅರಿಶಿನ,0.17,tsp,staple,true,4
peas-khichdi,Red chilli powder,लाल मिर्च पाउडर,ಕೆಂಪು ಮೆಣಸಿನ ಪುಡಿ,0.33,tsp,staple,true,5
peas-khichdi,Garam masala,गरम मसाला,ಗರಂ ಮಸಾಲ,0.33,tsp,staple,true,6
peas-khichdi,Cooking oil,तेल,ಎಣ್ಣೆ,0.67,tbsp,staple,true,7
peas-khichdi,Coriander leaves,हरा धनिया,ಕೊತ್ತಂಬರಿ ಸೊಪ್ಪು,0.67,tbsp,vegetable,false,8
