id,slug,name,cuisine,base,ingredients,diet_class,jain_ok,allergens,seasons,instructions_en,image_path,is_active,created_at,kind
0dbe11cb-ec60-4da7-9886-7a877f0f119d,aloo-curry,Aloo Curry,Goan,Aloo,"4 medium Potatoes, chopped
2 medium Onions, finely chopped
1 tbsp Ginger-Garlic Paste
2 medium Tomatoes, pureed or chopped
2-3 Green Chilies, slit
1 tsp Cumin Seeds
1/2 tsp Turmeric Powder
1 tsp Red Chili Powder
1 tsp Garam Masala
2 tbsp Oil or Ghee
Salt to taste
2 tbsp Fresh Coriander Leaves, chopped",Vegetarian,False,{},{All},"1. Preparation: Thoroughly wash and prepare Aloo. If it's meat or paneer, marinate it with a little turmeric, red chili powder, salt, and lemon juice for 20 minutes. Finely chop 2 onions and puree 2 tomatoes.
2. Whole Spices (Tadka): Heat 3 tbsp of oil or ghee in a heavy-bottomed pan or pressure cooker over medium heat. Add cumin seeds, 1 bay leaf, 2-3 cloves, and a small cinnamon stick. Let them sizzle for 30 seconds to release their aroma.
3. Onion Base: Add the finely chopped onions and a pinch of salt. Sauté patiently for 8-10 minutes until they turn a deep golden brown.
4. Aromatics & Tomatoes: Add 1 tbsp of ginger-garlic paste and green chilies. Sauté for 1 minute until the raw smell goes away. Pour in the tomato puree and cook until the mixture thickens and oil starts separating from the edges (about 5-7 minutes).
5. Spice Powders: Lower the heat and add 1/2 tsp turmeric, 1 tsp Kashmiri red chili powder, 1 tsp coriander powder, and 1/2 tsp cumin powder. Stir constantly for 30 seconds so the spices bloom without burning.
6. Adding Base: Add the prepared Aloo to the masala. Sauté on medium-high heat for 4-5 minutes to coat everything well and seal in the flavors.
7. Simmering: Pour in 1 to 1.5 cups of warm water (adjust for desired gravy consistency). Bring to a boil, then reduce heat to low, cover with a lid, and simmer. Cook until the Aloo is completely tender (15 mins for veg/paneer, 30-45 mins for meat).
8. Final Garnish: Crush 1 tsp of Kasuri Methi (dried fenugreek leaves) between your palms and sprinkle it over the curry along with 1/2 tsp of garam masala. Garnish with freshly chopped cilantro and serve hot.",,True,2026-08-08T05:39:03.811342+00:00,Main Course
495dea2f-8f4e-400f-b4b7-659db8e7c8c9,aloo-masala,Aloo Masala,North Indian,Aloo,"4 medium Potatoes, chopped
2 medium Onions, finely chopped
1 tbsp Ginger-Garlic Paste
2 medium Tomatoes, pureed or chopped
2-3 Green Chilies, slit
1 tsp Cumin Seeds
1/2 tsp Turmeric Powder
1 tsp Red Chili Powder
1 tsp Garam Masala
2 tbsp Oil or Ghee
Salt to taste
2 tbsp Fresh Coriander Leaves, chopped",Vegan,False,{},{All},"1. Preparation: Thoroughly wash and prepare Aloo. If it's meat or paneer, marinate it with a little turmeric, red chili powder, salt, and lemon juice for 20 minutes. Finely chop 2 onions and puree 2 tomatoes.
2. Whole Spices (Tadka): Heat 3 tbsp of oil or ghee in a heavy-bottomed pan or pressure cooker over medium heat. Add cumin seeds, 1 bay leaf, 2-3 cloves, and a small cinnamon stick. Let them sizzle for 30 seconds to release their aroma.
3. Onion Base: Add the finely chopped onions and a pinch of salt. Sauté patiently for 8-10 minutes until they turn a deep golden brown.
4. Aromatics & Tomatoes: Add 1 tbsp of ginger-garlic paste and green chilies. Sauté for 1 minute until the raw smell goes away. Pour in the tomato puree and cook until the mixture thickens and oil starts separating from the edges (about 5-7 minutes).
5. Spice Powders: Lower the heat and add 1/2 tsp turmeric, 1 tsp Kashmiri red chili powder, 1 tsp coriander powder, and 1/2 tsp cumin powder. Stir constantly for 30 seconds so the spices bloom without burning.
6. Adding Base: Add the prepared Aloo to the masala. Sauté on medium-high heat for 4-5 minutes to coat everything well and seal in the flavors.
7. Simmering: Pour in 1 to 1.5 cups of warm water (adjust for desired gravy consistency). Bring to a boil, then reduce heat to low, cover with a lid, and simmer. Cook until the Aloo is completely tender (15 mins for veg/paneer, 30-45 mins for meat).
8. Final Garnish: Crush 1 tsp of Kasuri Methi (dried fenugreek leaves) between your palms and sprinkle it over the curry along with 1/2 tsp of garam masala. Garnish with freshly chopped cilantro and serve hot.",,True,2026-08-08T05:39:03.811610+00:00,Main Course
6a807c87-cc5b-4fb5-8849-004b08728480,aloo-fry,Aloo Fry,Gujarati,Aloo,"4 medium Potatoes, chopped
2 medium Onions, finely chopped
1 tbsp Ginger-Garlic Paste
2 medium Tomatoes, pureed or chopped
2-3 Green Chilies, slit
1 tsp Cumin Seeds
1/2 tsp Turmeric Powder
1 tsp Red Chili Powder
1 tsp Garam Masala
2 tbsp Oil or Ghee
Salt to taste
2 tbsp Fresh Coriander Leaves, chopped",Vegetarian,False,{},{All},"1. Ingredient Prep: Wash, peel, and chop Aloo into even, bite-sized pieces. Finely chop onions, tomatoes, and slit green chilies.
2. Tempering (Tadka): Heat 2-3 tbsp of oil (mustard oil preferred for vegetables) in a wide pan. Add mustard seeds, cumin seeds, a pinch of hing (asafoetida), and curry leaves. Let them splutter.
3. Aromatics: Add chopped onions and sauté until translucent. Add ginger-garlic paste and sauté for another minute.
4. Main Ingredient Addition: Add the chopped Aloo along with a pinch of turmeric and salt. Mix well to coat with the oil and spices.
5. Searing/Cooking: Cook uncovered on medium-high heat for the first 5 minutes to get a slight sear. Then, reduce the heat, cover with a lid, and cook until Aloo is 80% tender. Stir occasionally to prevent sticking.
6. Spicing: Remove the lid and add dry spice powders (coriander powder, cumin powder, red chili powder, amchur/dry mango powder). Mix thoroughly.
7. Finishing: Sauté on medium heat for another 3-4 minutes to crisp up the edges. Finish with a sprinkle of garam masala and fresh coriander leaves. Serve hot as a side dish.",,True,2026-08-08T05:39:03.811642+00:00,Main Course
46e2a443-55aa-4e27-b6b1-e89242358815,aloo-roast,Aloo Roast,Punjabi,Aloo,"4 medium Potatoes, chopped
2 medium Onions, finely chopped
1 tbsp Ginger-Garlic Paste
2 medium Tomatoes, pureed or chopped
2-3 Green Chilies, slit
1 tsp Cumin Seeds
1/2 tsp Turmeric Powder
1 tsp Red Chili Powder
1 tsp Garam Masala
2 tbsp Oil or Ghee
Salt to taste
2 tbsp Fresh Coriander Leaves, chopped",Vegetarian,False,{},{All},"1. Ingredient Prep: Wash, peel, and chop Aloo into even, bite-sized pieces. Finely chop onions, tomatoes, and slit green chilies.
2. Tempering (Tadka): Heat 2-3 tbsp of oil (mustard oil preferred for vegetables) in a wide pan. Add mustard seeds, cumin seeds, a pinch of hing (asafoetida), and curry leaves. Let them splutter.
3. Aromatics: Add chopped onions and sauté until translucent. Add ginger-garlic paste and sauté for another minute.
4. Main Ingredient Addition: Add the chopped Aloo along with a pinch of turmeric and salt. Mix well to coat with the oil and spices.
5. Searing/Cooking: Cook uncovered on medium-high heat for the first 5 minutes to get a slight sear. Then, reduce the heat, cover with a lid, and cook until Aloo is 80% tender. Stir occasionally to prevent sticking.
6. Spicing: Remove the lid and add dry spice powders (coriander powder, cumin powder, red chili powder, amchur/dry mango powder). Mix thoroughly.
7. Finishing: Sauté on medium heat for another 3-4 minutes to crisp up the edges. Finish with a sprinkle of garam masala and fresh coriander leaves. Serve hot as a side dish.",,True,2026-08-08T05:39:03.811665+00:00,Main Course
f8fd2fa1-691f-4675-a603-7e251f140c26,aloo-tikka,Aloo Tikka,Goan,Aloo,"4 medium Potatoes, chopped
2 medium Onions, finely chopped
1 tbsp Ginger-Garlic Paste
2 medium Tomatoes, pureed or chopped
2-3 Green Chilies, slit
1 tsp Cumin Seeds
1/2 tsp Turmeric Powder
1 tsp Red Chili Powder
1 tsp Garam Masala
2 tbsp Oil or Ghee
Salt to taste
2 tbsp Fresh Coriander Leaves, chopped",Vegetarian,False,{},{All},"1. Ingredient Prep: Wash, peel, and chop Aloo into even, bite-sized pieces. Finely chop onions, tomatoes, and slit green chilies.
2. Tempering (Tadka): Heat 2-3 tbsp of oil (mustard oil preferred for vegetables) in a wide pan. Add mustard seeds, cumin seeds, a pinch of hing (asafoetida), and curry leaves. Let them splutter.
3. Aromatics: Add chopped onions and sauté until translucent. Add ginger-garlic paste and sauté for another minute.
4. Main Ingredient Addition: Add the chopped Aloo along with a pinch of turmeric and salt. Mix well to coat with the oil and spices.
5. Searing/Cooking: Cook uncovered on medium-high heat for the first 5 minutes to get a slight sear. Then, reduce the heat, cover with a lid, and cook until Aloo is 80% tender. Stir occasionally to prevent sticking.
6. Spicing: Remove the lid and add dry spice powders (coriander powder, cumin powder, red chili powder, amchur/dry mango powder). Mix thoroughly.
7. Finishing: Sauté on medium heat for another 3-4 minutes to crisp up the edges. Finish with a sprinkle of garam masala and fresh coriander leaves. Serve hot as a side dish.",,True,2026-08-08T05:39:03.811685+00:00,Main Course
1897c25a-9c7a-4e25-813f-101181980d4a,aloo-korma,Aloo Korma,Andhra,Aloo,"4 medium Potatoes, chopped
2 medium Onions, finely chopped
1 tbsp Ginger-Garlic Paste
2 medium Tomatoes, pureed or chopped
2-3 Green Chilies, slit
1 tsp Cumin Seeds
1/2 tsp Turmeric Powder
1 tsp Red Chili Powder
1 tsp Garam Masala
2 tbsp Oil or Ghee
Salt to taste
2 tbsp Fresh Coriander Leaves, chopped",Vegan,False,{Nuts},{All},"1. Preparation: Thoroughly wash and prepare Aloo. If it's meat or paneer, marinate it with a little turmeric, red chili powder, salt, and lemon juice for 20 minutes. Finely chop 2 onions and puree 2 tomatoes.
2. Whole Spices (Tadka): Heat 3 tbsp of oil or ghee in a heavy-bottomed pan or pressure cooker over medium heat. Add cumin seeds, 1 bay leaf, 2-3 cloves, and a small cinnamon stick. Let them sizzle for 30 seconds to release their aroma.
3. Onion Base: Add the finely chopped onions and a pinch of salt. Sauté patiently for 8-10 minutes until they turn a deep golden brown.
4. Aromatics & Tomatoes: Add 1 tbsp of ginger-garlic paste and green chilies. Sauté for 1 minute until the raw smell goes away. Pour in the tomato puree and cook until the mixture thickens and oil starts separating from the edges (about 5-7 minutes).
5. Spice Powders: Lower the heat and add 1/2 tsp turmeric, 1 tsp Kashmiri red chili powder, 1 tsp coriander powder, and 1/2 tsp cumin powder. Stir constantly for 30 seconds so the spices bloom without burning.
6. Adding Base: Add the prepared Aloo to the masala. Sauté on medium-high heat for 4-5 minutes to coat everything well and seal in the flavors.
7. Simmering: Pour in 1 to 1.5 cups of warm water (adjust for desired gravy consistency). Bring to a boil, then reduce heat to low, cover with a lid, and simmer. Cook until the Aloo is completely tender (15 mins for veg/paneer, 30-45 mins for meat).
8. Final Garnish: Crush 1 tsp of Kasuri Methi (dried fenugreek leaves) between your palms and sprinkle it over the curry along with 1/2 tsp of garam masala. Garnish with freshly chopped cilantro and serve hot.",,True,2026-08-08T05:39:03.811719+00:00,Main Course
031a3bfb-e316-4995-8fb8-359c99b29f71,aloo-makhani,Aloo Makhani,North Indian,Aloo,"4 medium Potatoes, chopped
2 medium Onions, finely chopped
1 tbsp Ginger-Garlic Paste
2 medium Tomatoes, pureed or chopped
2-3 Green Chilies, slit
1 tsp Cumin Seeds
1/2 tsp Turmeric Powder
1 tsp Red Chili Powder
1 tsp Garam Masala
3 tbsp Butter
1/4 cup Fresh Cream
1 tsp Kasuri Methi
Salt to taste
2 tbsp Fresh Coriander Leaves, chopped",Vegetarian,False,{Dairy},{All},"1. Preparation: Thoroughly wash and prepare Aloo. If it's meat or paneer, marinate it with a little turmeric, red chili powder, salt, and lemon juice for 20 minutes. Finely chop 2 onions and puree 2 tomatoes.
2. Whole Spices (Tadka): Heat 3 tbsp of oil or ghee in a heavy-bottomed pan or pressure cooker over medium heat. Add cumin seeds, 1 bay leaf, 2-3 cloves, and a small cinnamon stick. Let them sizzle for 30 seconds to release their aroma.
3. Onion Base: Add the finely chopped onions and a pinch of salt. Sauté patiently for 8-10 minutes until they turn a deep golden brown.
4. Aromatics & Tomatoes: Add 1 tbsp of ginger-garlic paste and green chilies. Sauté for 1 minute until the raw smell goes away. Pour in the tomato puree and cook until the mixture thickens and oil starts separating from the edges (about 5-7 minutes).
5. Spice Powders: Lower the heat and add 1/2 tsp turmeric, 1 tsp Kashmiri red chili powder, 1 tsp coriander powder, and 1/2 tsp cumin powder. Stir constantly for 30 seconds so the spices bloom without burning.
6. Adding Base: Add the prepared Aloo to the masala. Sauté on medium-high heat for 4-5 minutes to coat everything well and seal in the flavors.
7. Simmering: Pour in 1 to 1.5 cups of warm water (adjust for desired gravy consistency). Bring to a boil, then reduce heat to low, cover with a lid, and simmer. Cook until the Aloo is completely tender (15 mins for veg/paneer, 30-45 mins for meat).
8. Final Garnish: Crush 1 tsp of Kasuri Methi (dried fenugreek leaves) between your palms and sprinkle it over the curry along with 1/2 tsp of garam masala. Garnish with freshly chopped cilantro and serve hot.",,True,2026-08-08T05:39:03.811755+00:00,Main Course
cc9893c3-dda0-44df-8272-f372a577ffa8,aloo-bhurji,Aloo Bhurji,South Indian,Aloo,"4 medium Potatoes, chopped
2 medium Onions, finely chopped
1 tbsp Ginger-Garlic Paste
2 medium Tomatoes, pureed or chopped
2-3 Green Chilies, slit
1 tsp Cumin Seeds
1/2 tsp Turmeric Powder
1 tsp Red Chili Powder
1 tsp Garam Masala
2 tbsp Oil or Ghee
Salt to taste
2 tbsp Fresh Coriander Leaves, chopped",Vegetarian,False,{},{All},"1. Ingredient Prep: Wash, peel, and chop Aloo into even, bite-sized pieces. Finely chop onions, tomatoes, and slit green chilies.
2. Tempering (Tadka): Heat 2-3 tbsp of oil (mustard oil preferred for vegetables) in a wide pan. Add mustard seeds, cumin seeds, a pinch of hing (asafoetida), and curry leaves. Let them splutter.
3. Aromatics: Add chopped onions and sauté until translucent. Add ginger-garlic paste and sauté for another minute.
4. Main Ingredient Addition: Add the chopped Aloo along with a pinch of turmeric and salt. Mix well to coat with the oil and spices.
5. Searing/Cooking: Cook uncovered on medium-high heat for the first 5 minutes to get a slight sear. Then, reduce the heat, cover with a lid, and cook until Aloo is 80% tender. Stir occasionally to prevent sticking.
6. Spicing: Remove the lid and add dry spice powders (coriander powder, cumin powder, red chili powder, amchur/dry mango powder). Mix thoroughly.
7. Finishing: Sauté on medium heat for another 3-4 minutes to crisp up the edges. Finish with a sprinkle of garam masala and fresh coriander leaves. Serve hot as a side dish.",,True,2026-08-08T05:39:03.811783+00:00,Main Course
b7730134-f1ab-488d-8a4f-a576d690ff6e,aloo-kofta,Aloo Kofta,Gujarati,Aloo,"4 medium Potatoes, chopped
2 medium Onions, finely chopped
1 tbsp Ginger-Garlic Paste
2 medium Tomatoes, pureed or chopped
2-3 Green Chilies, slit
1 tsp Cumin Seeds
1/2 tsp Turmeric Powder
1 tsp Red Chili Powder
1 tsp Garam Masala
2 tbsp Oil or Ghee
Salt to taste
2 tbsp Fresh Coriander Leaves, chopped",Vegetarian,False,{},{All},"1. Preparation: Thoroughly wash and prepare Aloo. If it's meat or paneer, marinate it with a little turmeric, red chili powder, salt, and lemon juice for 20 minutes. Finely chop 2 onions and puree 2 tomatoes.
2. Whole Spices (Tadka): Heat 3 tbsp of oil or ghee in a heavy-bottomed pan or pressure cooker over medium heat. Add cumin seeds, 1 bay leaf, 2-3 cloves, and a small cinnamon stick. Let them sizzle for 30 seconds to release their aroma.
3. Onion Base: Add the finely chopped onions and a pinch of salt. Sauté patiently for 8-10 minutes until they turn a deep golden brown.
4. Aromatics & Tomatoes: Add 1 tbsp of ginger-garlic paste and green chilies. Sauté for 1 minute until the raw smell goes away. Pour in the tomato puree and cook until the mixture thickens and oil starts separating from the edges (about 5-7 minutes).
5. Spice Powders: Lower the heat and add 1/2 tsp turmeric, 1 tsp Kashmiri red chili powder, 1 tsp coriander powder, and 1/2 tsp cumin powder. Stir constantly for 30 seconds so the spices bloom without burning.
6. Adding Base: Add the prepared Aloo to the masala. Sauté on medium-high heat for 4-5 minutes to coat everything well and seal in the flavors.
7. Simmering: Pour in 1 to 1.5 cups of warm water (adjust for desired gravy consistency). Bring to a boil, then reduce heat to low, cover with a lid, and simmer. Cook until the Aloo is completely tender (15 mins for veg/paneer, 30-45 mins for meat).
8. Final Garnish: Crush 1 tsp of Kasuri Methi (dried fenugreek leaves) between your palms and sprinkle it over the curry along with 1/2 tsp of garam masala. Garnish with freshly chopped cilantro and serve hot.",,True,2026-08-08T05:39:03.811811+00:00,Main Course
6ba96fa1-2a95-4ea3-b26d-2482d4de04ff,aloo-saag,Aloo Saag,Tamil,Aloo,"4 medium Potatoes, chopped
2 medium Onions, finely chopped
1 tbsp Ginger-Garlic Paste
2 medium Tomatoes, pureed or chopped
2-3 Green Chilies, slit
1 tsp Cumin Seeds
1/2 tsp Turmeric Powder
1 tsp Red Chili Powder
1 tsp Garam Masala
2 tbsp Oil or Ghee
Salt to taste
2 tbsp Fresh Coriander Leaves, chopped",Vegetarian,False,{},{All},"1. Preparation: Thoroughly wash and prepare Aloo. If it's meat or paneer, marinate it with a little turmeric, red chili powder, salt, and lemon juice for 20 minutes. Finely chop 2 onions and puree 2 tomatoes.
2. Whole Spices (Tadka): Heat 3 tbsp of oil or ghee in a heavy-bottomed pan or pressure cooker over medium heat. Add cumin seeds, 1 bay leaf, 2-3 cloves, and a small cinnamon stick. Let them sizzle for 30 seconds to release their aroma.
3. Onion Base: Add the finely chopped onions and a pinch of salt. Sauté patiently for 8-10 minutes until they turn a deep golden brown.
4. Aromatics & Tomatoes: Add 1 tbsp of ginger-garlic paste and green chilies. Sauté for 1 minute until the raw smell goes away. Pour in the tomato puree and cook until the mixture thickens and oil starts separating from the edges (about 5-7 minutes).
5. Spice Powders: Lower the heat and add 1/2 tsp turmeric, 1 tsp Kashmiri red chili powder, 1 tsp coriander powder, and 1/2 tsp cumin powder. Stir constantly for 30 seconds so the spices bloom without burning.
6. Adding Base: Add the prepared Aloo to the masala. Sauté on medium-high heat for 4-5 minutes to coat everything well and seal in the flavors.
7. Simmering: Pour in 1 to 1.5 cups of warm water (adjust for desired gravy consistency). Bring to a boil, then reduce heat to low, cover with a lid, and simmer. Cook until the Aloo is completely tender (15 mins for veg/paneer, 30-45 mins for meat).
8. Final Garnish: Crush 1 tsp of Kasuri Methi (dried fenugreek leaves) between your palms and sprinkle it over the curry along with 1/2 tsp of garam masala. Garnish with freshly chopped cilantro and serve hot.",,True,2026-08-08T05:39:03.811860+00:00,Main Course
3b9ae530-f670-4b1e-8807-266b5e384fd1,aloo-vindaloo,Aloo Vindaloo,Awadhi,Aloo,"4 medium Potatoes, chopped
2 medium Onions, finely chopped
1 tbsp Ginger-Garlic Paste
2 medium Tomatoes, pureed or chopped
2-3 Green Chilies, slit
1 tsp Cumin Seeds
1/2 tsp Turmeric Powder
1 tsp Red Chili Powder
1 tsp Garam Masala
2 tbsp Oil or Ghee
Salt to taste
2 tbsp Fresh Coriander Leaves, chopped",Vegan,False,{},{All},"1. Preparation: Thoroughly wash and prepare Aloo. If it's meat or paneer, marinate it with a little turmeric, red chili powder, salt, and lemon juice for 20 minutes. Finely chop 2 onions and puree 2 tomatoes.
2. Whole Spices (Tadka): Heat 3 tbsp of oil or ghee in a heavy-bottomed pan or pressure cooker over medium heat. Add cumin seeds, 1 bay leaf, 2-3 cloves, and a small cinnamon stick. Let them sizzle for 30 seconds to release their aroma.
3. Onion Base: Add the finely chopped onions and a pinch of salt. Sauté patiently for 8-10 minutes until they turn a deep golden brown.
4. Aromatics & Tomatoes: Add 1 tbsp of ginger-garlic paste and green chilies. Sauté for 1 minute until the raw smell goes away. Pour in the tomato puree and cook until the mixture thickens and oil starts separating from the edges (about 5-7 minutes).
5. Spice Powders: Lower the heat and add 1/2 tsp turmeric, 1 tsp Kashmiri red chili powder, 1 tsp coriander powder, and 1/2 tsp cumin powder. Stir constantly for 30 seconds so the spices bloom without burning.
6. Adding Base: Add the prepared Aloo to the masala. Sauté on medium-high heat for 4-5 minutes to coat everything well and seal in the flavors.
7. Simmering: Pour in 1 to 1.5 cups of warm water (adjust for desired gravy consistency). Bring to a boil, then reduce heat to low, cover with a lid, and simmer. Cook until the Aloo is completely tender (15 mins for veg/paneer, 30-45 mins for meat).
8. Final Garnish: Crush 1 tsp of Kasuri Methi (dried fenugreek leaves) between your palms and sprinkle it over the curry along with 1/2 tsp of garam masala. Garnish with freshly chopped cilantro and serve hot.",,True,2026-08-08T05:39:03.811903+00:00,Main Course
41f051d7-8f3e-4c54-adbd-8ff77e11d724,aloo-chettinad,Aloo Chettinad,Gujarati,Aloo,"4 medium Potatoes, chopped
2 medium Onions, finely chopped
1 tbsp Ginger-Garlic Paste
2 medium Tomatoes, pureed or chopped
2-3 Green Chilies, slit
1 tsp Cumin Seeds
1/2 tsp Turmeric Powder
1 tsp Red Chili Powder
1 tsp Garam Masala
2 tbsp Oil or Ghee
Salt to taste
2 tbsp Fresh Coriander Leaves, chopped",Vegan,False,{},{All},"1. Preparation: Thoroughly wash and prepare Aloo. If it's meat or paneer, marinate it with a little turmeric, red chili powder, salt, and lemon juice for 20 minutes. Finely chop 2 onions and puree 2 tomatoes.
2. Whole Spices (Tadka): Heat 3 tbsp of oil or ghee in a heavy-bottomed pan or pressure cooker over medium heat. Add cumin seeds, 1 bay leaf, 2-3 cloves, and a small cinnamon stick. Let them sizzle for 30 seconds to release their aroma.
3. Onion Base: Add the finely chopped onions and a pinch of salt. Sauté patiently for 8-10 minutes until they turn a deep golden brown.
4. Aromatics & Tomatoes: Add 1 tbsp of ginger-garlic paste and green chilies. Sauté for 1 minute until the raw smell goes away. Pour in the tomato puree and cook until the mixture thickens and oil starts separating from the edges (about 5-7 minutes).
5. Spice Powders: Lower the heat and add 1/2 tsp turmeric, 1 tsp Kashmiri red chili powder, 1 tsp coriander powder, and 1/2 tsp cumin powder. Stir constantly for 30 seconds so the spices bloom without burning.
6. Adding Base: Add the prepared Aloo to the masala. Sauté on medium-high heat for 4-5 minutes to coat everything well and seal in the flavors.
7. Simmering: Pour in 1 to 1.5 cups of warm water (adjust for desired gravy consistency). Bring to a boil, then reduce heat to low, cover with a lid, and simmer. Cook until the Aloo is completely tender (15 mins for veg/paneer, 30-45 mins for meat).
8. Final Garnish: Crush 1 tsp of Kasuri Methi (dried fenugreek leaves) between your palms and sprinkle it over the curry along with 1/2 tsp of garam masala. Garnish with freshly chopped cilantro and serve hot.",,True,2026-08-08T05:39:03.811951+00:00,Main Course
8d52bd52-88a9-49b9-8c0b-9241bbdd04ad,aloo-do-pyaza,Aloo Do Pyaza,Andhra,Aloo,"4 medium Potatoes, chopped
2 medium Onions, finely chopped
1 tbsp Ginger-Garlic Paste
2 medium Tomatoes, pureed or chopped
2-3 Green Chilies, slit
1 tsp Cumin Seeds
1/2 tsp Turmeric Powder
1 tsp Red Chili Powder
1 tsp Garam Masala
2 tbsp Oil or Ghee
Salt to taste
2 tbsp Fresh Coriander Leaves, chopped",Vegan,False,{},{All},"1. Preparation: Thoroughly wash and prepare Aloo. If it's meat or paneer, marinate it with a little turmeric, red chili powder, salt, and lemon juice for 20 minutes. Finely chop 2 onions and puree 2 tomatoes.
2. Whole Spices (Tadka): Heat 3 tbsp of oil or ghee in a heavy-bottomed pan or pressure cooker over medium heat. Add cumin seeds, 1 bay leaf, 2-3 cloves, and a small cinnamon stick. Let them sizzle for 30 seconds to release their aroma.
3. Onion Base: Add the finely chopped onions and a pinch of salt. Sauté patiently for 8-10 minutes until they turn a deep golden brown.
4. Aromatics & Tomatoes: Add 1 tbsp of ginger-garlic paste and green chilies. Sauté for 1 minute until the raw smell goes away. Pour in the tomato puree and cook until the mixture thickens and oil starts separating from the edges (about 5-7 minutes).
5. Spice Powders: Lower the heat and add 1/2 tsp turmeric, 1 tsp Kashmiri red chili powder, 1 tsp coriander powder, and 1/2 tsp cumin powder. Stir constantly for 30 seconds so the spices bloom without burning.
6. Adding Base: Add the prepared Aloo to the masala. Sauté on medium-high heat for 4-5 minutes to coat everything well and seal in the flavors.
7. Simmering: Pour in 1 to 1.5 cups of warm water (adjust for desired gravy consistency). Bring to a boil, then reduce heat to low, cover with a lid, and simmer. Cook until the Aloo is completely tender (15 mins for veg/paneer, 30-45 mins for meat).
8. Final Garnish: Crush 1 tsp of Kasuri Methi (dried fenugreek leaves) between your palms and sprinkle it over the curry along with 1/2 tsp of garam masala. Garnish with freshly chopped cilantro and serve hot.",,True,2026-08-08T05:39:03.811980+00:00,Main Course
e8ebaae3-76e9-40de-86cc-eaf0a378d752,aloo-salna,Aloo Salna,Hyderabadi,Aloo,"4 medium Potatoes, chopped
2 medium Onions, finely chopped
1 tbsp Ginger-Garlic Paste
2 medium Tomatoes, pureed or chopped
2-3 Green Chilies, slit
1 tsp Cumin Seeds
1/2 tsp Turmeric Powder
1 tsp Red Chili Powder
1 tsp Garam Masala
2 tbsp Oil or Ghee
Salt to taste
2 tbsp Fresh Coriander Leaves, chopped",Vegetarian,False,{},{All},"1. Preparation: Thoroughly wash and prepare Aloo. If it's meat or paneer, marinate it with a little turmeric, red chili powder, salt, and lemon juice for 20 minutes. Finely chop 2 onions and puree 2 tomatoes.
2. Whole Spices (Tadka): Heat 3 tbsp of oil or ghee in a heavy-bottomed pan or pressure cooker over medium heat. Add cumin seeds, 1 bay leaf, 2-3 cloves, and a small cinnamon stick. Let them sizzle for 30 seconds to release their aroma.
3. Onion Base: Add the finely chopped onions and a pinch of salt. Sauté patiently for 8-10 minutes until they turn a deep golden brown.
4. Aromatics & Tomatoes: Add 1 tbsp of ginger-garlic paste and green chilies. Sauté for 1 minute until the raw smell goes away. Pour in the tomato puree and cook until the mixture thickens and oil starts separating from the edges (about 5-7 minutes).
5. Spice Powders: Lower the heat and add 1/2 tsp turmeric, 1 tsp Kashmiri red chili powder, 1 tsp coriander powder, and 1/2 tsp cumin powder. Stir constantly for 30 seconds so the spices bloom without burning.
6. Adding Base: Add the prepared Aloo to the masala. Sauté on medium-high heat for 4-5 minutes to coat everything well and seal in the flavors.
7. Simmering: Pour in 1 to 1.5 cups of warm water (adjust for desired gravy consistency). Bring to a boil, then reduce heat to low, cover with a lid, and simmer. Cook until the Aloo is completely tender (15 mins for veg/paneer, 30-45 mins for meat).
8. Final Garnish: Crush 1 tsp of Kasuri Methi (dried fenugreek leaves) between your palms and sprinkle it over the curry along with 1/2 tsp of garam masala. Garnish with freshly chopped cilantro and serve hot.",,True,2026-08-08T05:39:03.812027+00:00,Main Course
d61c6848-f190-441c-a0c2-b56add16d7d2,aloo-kurma,Aloo Kurma,Hyderabadi,Aloo,"4 medium Potatoes, chopped
2 medium Onions, finely chopped
1 tbsp Ginger-Garlic Paste
2 medium Tomatoes, pureed or chopped
2-3 Green Chilies, slit
1 tsp Cumin Seeds
1/2 tsp Turmeric Powder
1 tsp Red Chili Powder
1 tsp Garam Masala
2 tbsp Oil or Ghee
Salt to taste
2 tbsp Fresh Coriander Leaves, chopped",Vegetarian,False,{Nuts},{All},"1. Preparation: Thoroughly wash and prepare Aloo. If it's meat or paneer, marinate it with a little turmeric, red chili powder, salt, and lemon juice for 20 minutes. Finely chop 2 onions and puree 2 tomatoes.
2. Whole Spices (Tadka): Heat 3 tbsp of oil or ghee in a heavy-bottomed pan or pressure cooker over medium heat. Add cumin seeds, 1 bay leaf, 2-3 cloves, and a small cinnamon stick. Let them sizzle for 30 seconds to release their aroma.
3. Onion Base: Add the finely chopped onions and a pinch of salt. Sauté patiently for 8-10 minutes until they turn a deep golden brown.
4. Aromatics & Tomatoes: Add 1 tbsp of ginger-garlic paste and green chilies. Sauté for 1 minute until the raw smell goes away. Pour in the tomato puree and cook until the mixture thickens and oil starts separating from the edges (about 5-7 minutes).
5. Spice Powders: Lower the heat and add 1/2 tsp turmeric, 1 tsp Kashmiri red chili powder, 1 tsp coriander powder, and 1/2 tsp cumin powder. Stir constantly for 30 seconds so the spices bloom without burning.
6. Adding Base: Add the prepared Aloo to the masala. Sauté on medium-high heat for 4-5 minutes to coat everything well and seal in the flavors.
7. Simmering: Pour in 1 to 1.5 cups of warm water (adjust for desired gravy consistency). Bring to a boil, then reduce heat to low, cover with a lid, and simmer. Cook until the Aloo is completely tender (15 mins for veg/paneer, 30-45 mins for meat).
8. Final Garnish: Crush 1 tsp of Kasuri Methi (dried fenugreek leaves) between your palms and sprinkle it over the curry along with 1/2 tsp of garam masala. Garnish with freshly chopped cilantro and serve hot.",,True,2026-08-08T05:39:03.812056+00:00,Main Course
a9209ff6-7701-4f99-8e07-dab3efb34f3f,paneer-curry,Paneer Curry,Awadhi,Paneer,"250g Paneer, cubed
2-3 Green Chilies, slit
1 tsp Cumin Seeds
1/2 tsp Turmeric Powder
1 tsp Red Chili Powder
1 tsp Garam Masala
2 tbsp Oil or Ghee
Salt to taste
2 tbsp Fresh Coriander Leaves, chopped",Vegetarian,True,{Dairy},{All},"1. Preparation: Thoroughly wash and prepare Paneer. If it's meat or paneer, marinate it with a little turmeric, red chili powder, salt, and lemon juice for 20 minutes. Finely chop 2 onions and puree 2 tomatoes.
2. Whole Spices (Tadka): Heat 3 tbsp of oil or ghee in a heavy-bottomed pan or pressure cooker over medium heat. Add cumin seeds, 1 bay leaf, 2-3 cloves, and a small cinnamon stick. Let them sizzle for 30 seconds to release their aroma.
3. Onion Base: Add the finely chopped onions and a pinch of salt. Sauté patiently for 8-10 minutes until they turn a deep golden brown.
4. Aromatics & Tomatoes: Add 1 tbsp of ginger-garlic paste and green chilies. Sauté for 1 minute until the raw smell goes away. Pour in the tomato puree and cook until the mixture thickens and oil starts separating from the edges (about 5-7 minutes).
5. Spice Powders: Lower the heat and add 1/2 tsp turmeric, 1 tsp Kashmiri red chili powder, 1 tsp coriander powder, and 1/2 tsp cumin powder. Stir constantly for 30 seconds so the spices bloom without burning.
6. Adding Base: Add the prepared Paneer to the masala. Sauté on medium-high heat for 4-5 minutes to coat everything well and seal in the flavors.
7. Simmering: Pour in 1 to 1.5 cups of warm water (adjust for desired gravy consistency). Bring to a boil, then reduce heat to low, cover with a lid, and simmer. Cook until the Paneer is completely tender (15 mins for veg/paneer, 30-45 mins for meat).
8. Final Garnish: Crush 1 tsp of Kasuri Methi (dried fenugreek leaves) between your palms and sprinkle it over the curry along with 1/2 tsp of garam masala. Garnish with freshly chopped cilantro and serve hot.",,True,2026-08-08T05:39:03.812107+00:00,Main Course
a337f3bf-ea4e-4e5e-a3b0-388b7ac51fba,paneer-masala,Paneer Masala,Rajasthani,Paneer,"250g Paneer, cubed
2-3 Green Chilies, slit
1 tsp Cumin Seeds
1/2 tsp Turmeric Powder
1 tsp Red Chili Powder
1 tsp Garam Masala
2 tbsp Oil or Ghee
Salt to taste
2 tbsp Fresh Coriander Leaves, chopped",Vegetarian,True,{Dairy},{All},"1. Preparation: Thoroughly wash and prepare Paneer. If it's meat or paneer, marinate it with a little turmeric, red chili powder, salt, and lemon juice for 20 minutes. Finely chop 2 onions and puree 2 tomatoes.
2. Whole Spices (Tadka): Heat 3 tbsp of oil or ghee in a heavy-bottomed pan or pressure cooker over medium heat. Add cumin seeds, 1 bay leaf, 2-3 cloves, and a small cinnamon stick. Let them sizzle for 30 seconds to release their aroma.
3. Onion Base: Add the finely chopped onions and a pinch of salt. Sauté patiently for 8-10 minutes until they turn a deep golden brown.
4. Aromatics & Tomatoes: Add 1 tbsp of ginger-garlic paste and green chilies. Sauté for 1 minute until the raw smell goes away. Pour in the tomato puree and cook until the mixture thickens and oil starts separating from the edges (about 5-7 minutes).
5. Spice Powders: Lower the heat and add 1/2 tsp turmeric, 1 tsp Kashmiri red chili powder, 1 tsp coriander powder, and 1/2 tsp cumin powder. Stir constantly for 30 seconds so the spices bloom without burning.
6. Adding Base: Add the prepared Paneer to the masala. Sauté on medium-high heat for 4-5 minutes to coat everything well and seal in the flavors.
7. Simmering: Pour in 1 to 1.5 cups of warm water (adjust for desired gravy consistency). Bring to a boil, then reduce heat to low, cover with a lid, and simmer. Cook until the Paneer is completely tender (15 mins for veg/paneer, 30-45 mins for meat).
8. Final Garnish: Crush 1 tsp of Kasuri Methi (dried fenugreek leaves) between your palms and sprinkle it over the curry along with 1/2 tsp of garam masala. Garnish with freshly chopped cilantro and serve hot.",,True,2026-08-08T05:39:03.812138+00:00,Main Course
cf0705e1-42a0-4e43-a2de-e820453fc1d4,paneer-fry,Paneer Fry,Bengali,Paneer,"250g Paneer, cubed
2-3 Green Chilies, slit
1 tsp Cumin Seeds
1/2 tsp Turmeric Powder
1 tsp Red Chili Powder
1 tsp Garam Masala
2 tbsp Oil or Ghee
Salt to taste
2 tbsp Fresh Coriander Leaves, chopped",Vegetarian,True,{Dairy},{All},"1. Ingredient Prep: Wash, peel, and chop Paneer into even, bite-sized pieces. Finely chop onions, tomatoes, and slit green chilies.
2. Tempering (Tadka): Heat 2-3 tbsp of oil (mustard oil preferred for vegetables) in a wide pan. Add mustard seeds, cumin seeds, a pinch of hing (asafoetida), and curry leaves. Let them splutter.
3. Aromatics: Add chopped onions and sauté until translucent. Add ginger-garlic paste and sauté for another minute.
4. Main Ingredient Addition: Add the chopped Paneer along with a pinch of turmeric and salt. Mix well to coat with the oil and spices.
5. Searing/Cooking: Cook uncovered on medium-high heat for the first 5 minutes to get a slight sear. Then, reduce the heat, cover with a lid, and cook until Paneer is 80% tender. Stir occasionally to prevent sticking.
6. Spicing: Remove the lid and add dry spice powders (coriander powder, cumin powder, red chili powder, amchur/dry mango powder). Mix thoroughly.
7. Finishing: Sauté on medium heat for another 3-4 minutes to crisp up the edges. Finish with a sprinkle of garam masala and fresh coriander leaves. Serve hot as a side dish.",,True,2026-08-08T05:39:03.812161+00:00,Main Course
07410b83-1760-4311-ae2c-b0cd596b44c8,paneer-roast,Paneer Roast,Maharashtrian,Paneer,"250g Paneer, cubed
2 medium Onions, finely chopped
1 tbsp Ginger-Garlic Paste
2 medium Tomatoes, pureed or chopped
2-3 Green Chilies, slit
1 tsp Cumin Seeds
1/2 tsp Turmeric Powder
1 tsp Red Chili Powder
1 tsp Garam Masala
2 tbsp Oil or Ghee
Salt to taste
2 tbsp Fresh Coriander Leaves, chopped",Vegetarian,False,{Dairy},{All},"1. Ingredient Prep: Wash, peel, and chop Paneer into even, bite-sized pieces. Finely chop onions, tomatoes, and slit green chilies.
2. Tempering (Tadka): Heat 2-3 tbsp of oil (mustard oil preferred for vegetables) in a wide pan. Add mustard seeds, cumin seeds, a pinch of hing (asafoetida), and curry leaves. Let them splutter.
3. Aromatics: Add chopped onions and sauté until translucent. Add ginger-garlic paste and sauté for another minute.
4. Main Ingredient Addition: Add the chopped Paneer along with a pinch of turmeric and salt. Mix well to coat with the oil and spices.
5. Searing/Cooking: Cook uncovered on medium-high heat for the first 5 minutes to get a slight sear. Then, reduce the heat, cover with a lid, and cook until Paneer is 80% tender. Stir occasionally to prevent sticking.
6. Spicing: Remove the lid and add dry spice powders (coriander powder, cumin powder, red chili powder, amchur/dry mango powder). Mix thoroughly.
7. Finishing: Sauté on medium heat for another 3-4 minutes to crisp up the edges. Finish with a sprinkle of garam masala and fresh coriander leaves. Serve hot as a side dish.",,True,2026-08-08T05:39:03.812184+00:00,Main Course
1578f162-54b0-472f-8099-6c9ead90e49b,paneer-tikka,Paneer Tikka,Punjabi,Paneer,"250g Paneer, cubed
2 medium Onions, finely chopped
1 tbsp Ginger-Garlic Paste
2 medium Tomatoes, pureed or chopped
2-3 Green Chilies, slit
1 tsp Cumin Seeds
1/2 tsp Turmeric Powder
1 tsp Red Chili Powder
1 tsp Garam Masala
2 tbsp Oil or Ghee
Salt to taste
2 tbsp Fresh Coriander Leaves, chopped",Vegetarian,False,{Dairy},{All},"1. Ingredient Prep: Wash, peel, and chop Paneer into even, bite-sized pieces. Finely chop onions, tomatoes, and slit green chilies.
2. Tempering (Tadka): Heat 2-3 tbsp of oil (mustard oil preferred for vegetables) in a wide pan. Add mustard seeds, cumin seeds, a pinch of hing (asafoetida), and curry leaves. Let them splutter.
3. Aromatics: Add chopped onions and sauté until translucent. Add ginger-garlic paste and sauté for another minute.
4. Main Ingredient Addition: Add the chopped Paneer along with a pinch of turmeric and salt. Mix well to coat with the oil and spices.
5. Searing/Cooking: Cook uncovered on medium-high heat for the first 5 minutes to get a slight sear. Then, reduce the heat, cover with a lid, and cook until Paneer is 80% tender. Stir occasionally to prevent sticking.
6. Spicing: Remove the lid and add dry spice powders (coriander powder, cumin powder, red chili powder, amchur/dry mango powder). Mix thoroughly.
7. Finishing: Sauté on medium heat for another 3-4 minutes to crisp up the edges. Finish with a sprinkle of garam masala and fresh coriander leaves. Serve hot as a side dish.",,True,2026-08-08T05:39:03.812204+00:00,Main Course
0364c2e6-91dd-4d45-b15e-d18684f6468c,paneer-korma,Paneer Korma,Gujarati,Paneer,"250g Paneer, cubed
2 medium Onions, finely chopped
1 tbsp Ginger-Garlic Paste
2 medium Tomatoes, pureed or chopped
2-3 Green Chilies, slit
1 tsp Cumin Seeds
1/2 tsp Turmeric Powder
1 tsp Red Chili Powder
1 tsp Garam Masala
2 tbsp Oil or Ghee
Salt to taste
2 tbsp Fresh Coriander Leaves, chopped",Vegetarian,False,"{Dairy,Nuts}",{All},"1. Preparation: Thoroughly wash and prepare Paneer. If it's meat or paneer, marinate it with a little turmeric, red chili powder, salt, and lemon juice for 20 minutes. Finely chop 2 onions and puree 2 tomatoes.
2. Whole Spices (Tadka): Heat 3 tbsp of oil or ghee in a heavy-bottomed pan or pressure cooker over medium heat. Add cumin seeds, 1 bay leaf, 2-3 cloves, and a small cinnamon stick. Let them sizzle for 30 seconds to release their aroma.
3. Onion Base: Add the finely chopped onions and a pinch of salt. Sauté patiently for 8-10 minutes until they turn a deep golden brown.
4. Aromatics & Tomatoes: Add 1 tbsp of ginger-garlic paste and green chilies. Sauté for 1 minute until the raw smell goes away. Pour in the tomato puree and cook until the mixture thickens and oil starts separating from the edges (about 5-7 minutes).
5. Spice Powders: Lower the heat and add 1/2 tsp turmeric, 1 tsp Kashmiri red chili powder, 1 tsp coriander powder, and 1/2 tsp cumin powder. Stir constantly for 30 seconds so the spices bloom without burning.
6. Adding Base: Add the prepared Paneer to the masala. Sauté on medium-high heat for 4-5 minutes to coat everything well and seal in the flavors.
7. Simmering: Pour in 1 to 1.5 cups of warm water (adjust for desired gravy consistency). Bring to a boil, then reduce heat to low, cover with a lid, and simmer. Cook until the Paneer is completely tender (15 mins for veg/paneer, 30-45 mins for meat).
8. Final Garnish: Crush 1 tsp of Kasuri Methi (dried fenugreek leaves) between your palms and sprinkle it over the curry along with 1/2 tsp of garam masala. Garnish with freshly chopped cilantro and serve hot.",,True,2026-08-08T05:39:03.812224+00:00,Main Course
e1575cd4-eb8e-4ca9-a539-60829ac6bbaf,paneer-makhani,Paneer Makhani,Hyderabadi,Paneer,"250g Paneer, cubed
2-3 Green Chilies, slit
1 tsp Cumin Seeds
1/2 tsp Turmeric Powder
1 tsp Red Chili Powder
1 tsp Garam Masala
3 tbsp Butter
1/4 cup Fresh Cream
1 tsp Kasuri Methi
Salt to taste
2 tbsp Fresh Coriander Leaves, chopped",Vegetarian,True,{Dairy},{All},"1. Preparation: Thoroughly wash and prepare Paneer. If it's meat or paneer, marinate it with a little turmeric, red chili powder, salt, and lemon juice for 20 minutes. Finely chop 2 onions and puree 2 tomatoes.
2. Whole Spices (Tadka): Heat 3 tbsp of oil or ghee in a heavy-bottomed pan or pressure cooker over medium heat. Add cumin seeds, 1 bay leaf, 2-3 cloves, and a small cinnamon stick. Let them sizzle for 30 seconds to release their aroma.
3. Onion Base: Add the finely chopped onions and a pinch of salt. Sauté patiently for 8-10 minutes until they turn a deep golden brown.
4. Aromatics & Tomatoes: Add 1 tbsp of ginger-garlic paste and green chilies. Sauté for 1 minute until the raw smell goes away. Pour in the tomato puree and cook until the mixture thickens and oil starts separating from the edges (about 5-7 minutes).
5. Spice Powders: Lower the heat and add 1/2 tsp turmeric, 1 tsp Kashmiri red chili powder, 1 tsp coriander powder, and 1/2 tsp cumin powder. Stir constantly for 30 seconds so the spices bloom without burning.
6. Adding Base: Add the prepared Paneer to the masala. Sauté on medium-high heat for 4-5 minutes to coat everything well and seal in the flavors.
7. Simmering: Pour in 1 to 1.5 cups of warm water (adjust for desired gravy consistency). Bring to a boil, then reduce heat to low, cover with a lid, and simmer. Cook until the Paneer is completely tender (15 mins for veg/paneer, 30-45 mins for meat).
8. Final Garnish: Crush 1 tsp of Kasuri Methi (dried fenugreek leaves) between your palms and sprinkle it over the curry along with 1/2 tsp of garam masala. Garnish with freshly chopped cilantro and serve hot.",,True,2026-08-08T05:39:03.812245+00:00,Main Course
7da2740c-dda5-493a-bc8e-e554840494cf,paneer-bhurji,Paneer Bhurji,Bengali,Paneer,"250g Paneer, cubed
2-3 Green Chilies, slit
1 tsp Cumin Seeds
1/2 tsp Turmeric Powder
1 tsp Red Chili Powder
1 tsp Garam Masala
2 tbsp Oil or Ghee
Salt to taste
2 tbsp Fresh Coriander Leaves, chopped",Vegetarian,True,{Dairy},{All},"1. Ingredient Prep: Wash, peel, and chop Paneer into even, bite-sized pieces. Finely chop onions, tomatoes, and slit green chilies.
2. Tempering (Tadka): Heat 2-3 tbsp of oil (mustard oil preferred for vegetables) in a wide pan. Add mustard seeds, cumin seeds, a pinch of hing (asafoetida), and curry leaves. Let them splutter.
3. Aromatics: Add chopped onions and sauté until translucent. Add ginger-garlic paste and sauté for another minute.
4. Main Ingredient Addition: Add the chopped Paneer along with a pinch of turmeric and salt. Mix well to coat with the oil and spices.
5. Searing/Cooking: Cook uncovered on medium-high heat for the first 5 minutes to get a slight sear. Then, reduce the heat, cover with a lid, and cook until Paneer is 80% tender. Stir occasionally to prevent sticking.
6. Spicing: Remove the lid and add dry spice powders (coriander powder, cumin powder, red chili powder, amchur/dry mango powder). Mix thoroughly.
7. Finishing: Sauté on medium heat for another 3-4 minutes to crisp up the edges. Finish with a sprinkle of garam masala and fresh coriander leaves. Serve hot as a side dish.",,True,2026-08-08T05:39:03.812265+00:00,Main Course
1a9e3ca9-a3f8-4b4d-b127-96348f531c2e,paneer-kofta,Paneer Kofta,South Indian,Paneer,"250g Paneer, cubed
2 medium Onions, finely chopped
1 tbsp Ginger-Garlic Paste
2 medium Tomatoes, pureed or chopped
2-3 Green Chilies, slit
1 tsp Cumin Seeds
1/2 tsp Turmeric Powder
1 tsp Red Chili Powder
1 tsp Garam Masala
2 tbsp Oil or Ghee
Salt to taste
2 tbsp Fresh Coriander Leaves, chopped",Vegetarian,False,{Dairy},{All},"1. Preparation: Thoroughly wash and prepare Paneer. If it's meat or paneer, marinate it with a little turmeric, red chili powder, salt, and lemon juice for 20 minutes. Finely chop 2 onions and puree 2 tomatoes.
2. Whole Spices (Tadka): Heat 3 tbsp of oil or ghee in a heavy-bottomed pan or pressure cooker over medium heat. Add cumin seeds, 1 bay leaf, 2-3 cloves, and a small cinnamon stick. Let them sizzle for 30 seconds to release their aroma.
3. Onion Base: Add the finely chopped onions and a pinch of salt. Sauté patiently for 8-10 minutes until they turn a deep golden brown.
4. Aromatics & Tomatoes: Add 1 tbsp of ginger-garlic paste and green chilies. Sauté for 1 minute until the raw smell goes away. Pour in the tomato puree and cook until the mixture thickens and oil starts separating from the edges (about 5-7 minutes).
5. Spice Powders: Lower the heat and add 1/2 tsp turmeric, 1 tsp Kashmiri red chili powder, 1 tsp coriander powder, and 1/2 tsp cumin powder. Stir constantly for 30 seconds so the spices bloom without burning.
6. Adding Base: Add the prepared Paneer to the masala. Sauté on medium-high heat for 4-5 minutes to coat everything well and seal in the flavors.
7. Simmering: Pour in 1 to 1.5 cups of warm water (adjust for desired gravy consistency). Bring to a boil, then reduce heat to low, cover with a lid, and simmer. Cook until the Paneer is completely tender (15 mins for veg/paneer, 30-45 mins for meat).
8. Final Garnish: Crush 1 tsp of Kasuri Methi (dried fenugreek leaves) between your palms and sprinkle it over the curry along with 1/2 tsp of garam masala. Garnish with freshly chopped cilantro and serve hot.",,True,2026-08-08T05:39:03.812285+00:00,Main Course
4f13f001-10fa-4121-9f39-ca2762c0f31a,paneer-saag,Paneer Saag,South Indian,Paneer,"250g Paneer, cubed
2-3 Green Chilies, slit
1 tsp Cumin Seeds
1/2 tsp Turmeric Powder
1 tsp Red Chili Powder
1 tsp Garam Masala
2 tbsp Oil or Ghee
Salt to taste
2 tbsp Fresh Coriander Leaves, chopped",Vegetarian,True,{Dairy},{All},"1. Preparation: Thoroughly wash and prepare Paneer. If it's meat or paneer, marinate it with a little turmeric, red chili powder, salt, and lemon juice for 20 minutes. Finely chop 2 onions and puree 2 tomatoes.
2. Whole Spices (Tadka): Heat 3 tbsp of oil or ghee in a heavy-bottomed pan or pressure cooker over medium heat. Add cumin seeds, 1 bay leaf, 2-3 cloves, and a small cinnamon stick. Let them sizzle for 30 seconds to release their aroma.
3. Onion Base: Add the finely chopped onions and a pinch of salt. Sauté patiently for 8-10 minutes until they turn a deep golden brown.
4. Aromatics & Tomatoes: Add 1 tbsp of ginger-garlic paste and green chilies. Sauté for 1 minute until the raw smell goes away. Pour in the tomato puree and cook until the mixture thickens and oil starts separating from the edges (about 5-7 minutes).
5. Spice Powders: Lower the heat and add 1/2 tsp turmeric, 1 tsp Kashmiri red chili powder, 1 tsp coriander powder, and 1/2 tsp cumin powder. Stir constantly for 30 seconds so the spices bloom without burning.
6. Adding Base: Add the prepared Paneer to the masala. Sauté on medium-high heat for 4-5 minutes to coat everything well and seal in the flavors.
7. Simmering: Pour in 1 to 1.5 cups of warm water (adjust for desired gravy consistency). Bring to a boil, then reduce heat to low, cover with a lid, and simmer. Cook until the Paneer is completely tender (15 mins for veg/paneer, 30-45 mins for meat).
8. Final Garnish: Crush 1 tsp of Kasuri Methi (dried fenugreek leaves) between your palms and sprinkle it over the curry along with 1/2 tsp of garam masala. Garnish with freshly chopped cilantro and serve hot.",,True,2026-08-08T05:39:03.812304+00:00,Main Course
07bb81c5-2c2f-40cb-a617-10cb8c706a84,paneer-vindaloo,Paneer Vindaloo,Rajasthani,Paneer,"250g Paneer, cubed
2 medium Onions, finely chopped
1 tbsp Ginger-Garlic Paste
2 medium Tomatoes, pureed or chopped
2-3 Green Chilies, slit
1 tsp Cumin Seeds
1/2 tsp Turmeric Powder
1 tsp Red Chili Powder
1 tsp Garam Masala
2 tbsp Oil or Ghee
Salt to taste
2 tbsp Fresh Coriander Leaves, chopped",Vegetarian,False,{Dairy},{All},"1. Preparation: Thoroughly wash and prepare Paneer. If it's meat or paneer, marinate it with a little turmeric, red chili powder, salt, and lemon juice for 20 minutes. Finely chop 2 onions and puree 2 tomatoes.
2. Whole Spices (Tadka): Heat 3 tbsp of oil or ghee in a heavy-bottomed pan or pressure cooker over medium heat. Add cumin seeds, 1 bay leaf, 2-3 cloves, and a small cinnamon stick. Let them sizzle for 30 seconds to release their aroma.
3. Onion Base: Add the finely chopped onions and a pinch of salt. Sauté patiently for 8-10 minutes until they turn a deep golden brown.
4. Aromatics & Tomatoes: Add 1 tbsp of ginger-garlic paste and green chilies. Sauté for 1 minute until the raw smell goes away. Pour in the tomato puree and cook until the mixture thickens and oil starts separating from the edges (about 5-7 minutes).
5. Spice Powders: Lower the heat and add 1/2 tsp turmeric, 1 tsp Kashmiri red chili powder, 1 tsp coriander powder, and 1/2 tsp cumin powder. Stir constantly for 30 seconds so the spices bloom without burning.
6. Adding Base: Add the prepared Paneer to the masala. Sauté on medium-high heat for 4-5 minutes to coat everything well and seal in the flavors.
7. Simmering: Pour in 1 to 1.5 cups of warm water (adjust for desired gravy consistency). Bring to a boil, then reduce heat to low, cover with a lid, and simmer. Cook until the Paneer is completely tender (15 mins for veg/paneer, 30-45 mins for meat).
8. Final Garnish: Crush 1 tsp of Kasuri Methi (dried fenugreek leaves) between your palms and sprinkle it over the curry along with 1/2 tsp of garam masala. Garnish with freshly chopped cilantro and serve hot.",,True,2026-08-08T05:39:03.812341+00:00,Main Course
e46a2dbd-b540-4c69-be73-b8abb34f8baa,paneer-chettinad,Paneer Chettinad,South Indian,Paneer,"250g Paneer, cubed
2-3 Green Chilies, slit
1 tsp Cumin Seeds
1/2 tsp Turmeric Powder
1 tsp Red Chili Powder
1 tsp Garam Masala
2 tbsp Oil or Ghee
Salt to taste
2 tbsp Fresh Coriander Leaves, chopped",Vegetarian,True,{Dairy},{All},"1. Preparation: Thoroughly wash and prepare Paneer. If it's meat or paneer, marinate it with a little turmeric, red chili powder, salt, and lemon juice for 20 minutes. Finely chop 2 onions and puree 2 tomatoes.
2. Whole Spices (Tadka): Heat 3 tbsp of oil or ghee in a heavy-bottomed pan or pressure cooker over medium heat. Add cumin seeds, 1 bay leaf, 2-3 cloves, and a small cinnamon stick. Let them sizzle for 30 seconds to release their aroma.
3. Onion Base: Add the finely chopped onions and a pinch of salt. Sauté patiently for 8-10 minutes until they turn a deep golden brown.
4. Aromatics & Tomatoes: Add 1 tbsp of ginger-garlic paste and green chilies. Sauté for 1 minute until the raw smell goes away. Pour in the tomato puree and cook until the mixture thickens and oil starts separating from the edges (about 5-7 minutes).
5. Spice Powders: Lower the heat and add 1/2 tsp turmeric, 1 tsp Kashmiri red chili powder, 1 tsp coriander powder, and 1/2 tsp cumin powder. Stir constantly for 30 seconds so the spices bloom without burning.
6. Adding Base: Add the prepared Paneer to the masala. Sauté on medium-high heat for 4-5 minutes to coat everything well and seal in the flavors.
7. Simmering: Pour in 1 to 1.5 cups of warm water (adjust for desired gravy consistency). Bring to a boil, then reduce heat to low, cover with a lid, and simmer. Cook until the Paneer is completely tender (15 mins for veg/paneer, 30-45 mins for meat).
8. Final Garnish: Crush 1 tsp of Kasuri Methi (dried fenugreek leaves) between your palms and sprinkle it over the curry along with 1/2 tsp of garam masala. Garnish with freshly chopped cilantro and serve hot.",,True,2026-08-08T05:39:03.812367+00:00,Main Course
0764041c-7e77-4c72-816f-ebe207376a8e,paneer-do-pyaza,Paneer Do Pyaza,Bengali,Paneer,"250g Paneer, cubed
2 medium Onions, finely chopped
1 tbsp Ginger-Garlic Paste
2 medium Tomatoes, pureed or chopped
2-3 Green Chilies, slit
1 tsp Cumin Seeds
1/2 tsp Turmeric Powder
1 tsp Red Chili Powder
1 tsp Garam Masala
2 tbsp Oil or Ghee
Salt to taste
2 tbsp Fresh Coriander Leaves, chopped",Vegetarian,False,{Dairy},{All},"1. Preparation: Thoroughly wash and prepare Paneer. If it's meat or paneer, marinate it with a little turmeric, red chili powder, salt, and lemon juice for 20 minutes. Finely chop 2 onions and puree 2 tomatoes.
2. Whole Spices (Tadka): Heat 3 tbsp of oil or ghee in a heavy-bottomed pan or pressure cooker over medium heat. Add cumin seeds, 1 bay leaf, 2-3 cloves, and a small cinnamon stick. Let them sizzle for 30 seconds to release their aroma.
3. Onion Base: Add the finely chopped onions and a pinch of salt. Sauté patiently for 8-10 minutes until they turn a deep golden brown.
4. Aromatics & Tomatoes: Add 1 tbsp of ginger-garlic paste and green chilies. Sauté for 1 minute until the raw smell goes away. Pour in the tomato puree and cook until the mixture thickens and oil starts separating from the edges (about 5-7 minutes).
5. Spice Powders: Lower the heat and add 1/2 tsp turmeric, 1 tsp Kashmiri red chili powder, 1 tsp coriander powder, and 1/2 tsp cumin powder. Stir constantly for 30 seconds so the spices bloom without burning.
6. Adding Base: Add the prepared Paneer to the masala. Sauté on medium-high heat for 4-5 minutes to coat everything well and seal in the flavors.
7. Simmering: Pour in 1 to 1.5 cups of warm water (adjust for desired gravy consistency). Bring to a boil, then reduce heat to low, cover with a lid, and simmer. Cook until the Paneer is completely tender (15 mins for veg/paneer, 30-45 mins for meat).
8. Final Garnish: Crush 1 tsp of Kasuri Methi (dried fenugreek leaves) between your palms and sprinkle it over the curry along with 1/2 tsp of garam masala. Garnish with freshly chopped cilantro and serve hot.",,True,2026-08-08T05:39:03.812404+00:00,Main Course
777c7f7a-503f-4c48-91e9-24f8be89b9b3,paneer-salna,Paneer Salna,Bengali,Paneer,"250g Paneer, cubed
2-3 Green Chilies, slit
1 tsp Cumin Seeds
1/2 tsp Turmeric Powder
1 tsp Red Chili Powder
1 tsp Garam Masala
2 tbsp Oil or Ghee
Salt to taste
2 tbsp Fresh Coriander Leaves, chopped",Vegetarian,True,{Dairy},{All},"1. Preparation: Thoroughly wash and prepare Paneer. If it's meat or paneer, marinate it with a little turmeric, red chili powder, salt, and lemon juice for 20 minutes. Finely chop 2 onions and puree 2 tomatoes.
2. Whole Spices (Tadka): Heat 3 tbsp of oil or ghee in a heavy-bottomed pan or pressure cooker over medium heat. Add cumin seeds, 1 bay leaf, 2-3 cloves, and a small cinnamon stick. Let them sizzle for 30 seconds to release their aroma.
3. Onion Base: Add the finely chopped onions and a pinch of salt. Sauté patiently for 8-10 minutes until they turn a deep golden brown.
4. Aromatics & Tomatoes: Add 1 tbsp of ginger-garlic paste and green chilies. Sauté for 1 minute until the raw smell goes away. Pour in the tomato puree and cook until the mixture thickens and oil starts separating from the edges (about 5-7 minutes).
5. Spice Powders: Lower the heat and add 1/2 tsp turmeric, 1 tsp Kashmiri red chili powder, 1 tsp coriander powder, and 1/2 tsp cumin powder. Stir constantly for 30 seconds so the spices bloom without burning.
6. Adding Base: Add the prepared Paneer to the masala. Sauté on medium-high heat for 4-5 minutes to coat everything well and seal in the flavors.
7. Simmering: Pour in 1 to 1.5 cups of warm water (adjust for desired gravy consistency). Bring to a boil, then reduce heat to low, cover with a lid, and simmer. Cook until the Paneer is completely tender (15 mins for veg/paneer, 30-45 mins for meat).
8. Final Garnish: Crush 1 tsp of Kasuri Methi (dried fenugreek leaves) between your palms and sprinkle it over the curry along with 1/2 tsp of garam masala. Garnish with freshly chopped cilantro and serve hot.",,True,2026-08-08T05:39:03.812450+00:00,Main Course
cada279a-4e8e-4dc4-a633-2c8b620c40f1,paneer-kurma,Paneer Kurma,Andhra,Paneer,"250g Paneer, cubed
2-3 Green Chilies, slit
1 tsp Cumin Seeds
1/2 tsp Turmeric Powder
1 tsp Red Chili Powder
1 tsp Garam Masala
2 tbsp Oil or Ghee
Salt to taste
2 tbsp Fresh Coriander Leaves, chopped",Vegetarian,True,"{Dairy,Nuts}",{All},"1. Preparation: Thoroughly wash and prepare Paneer. If it's meat or paneer, marinate it with a little turmeric, red chili powder, salt, and lemon juice for 20 minutes. Finely chop 2 onions and puree 2 tomatoes.
2. Whole Spices (Tadka): Heat 3 tbsp of oil or ghee in a heavy-bottomed pan or pressure cooker over medium heat. Add cumin seeds, 1 bay leaf, 2-3 cloves, and a small cinnamon stick. Let them sizzle for 30 seconds to release their aroma.
3. Onion Base: Add the finely chopped onions and a pinch of salt. Sauté patiently for 8-10 minutes until they turn a deep golden brown.
4. Aromatics & Tomatoes: Add 1 tbsp of ginger-garlic paste and green chilies. Sauté for 1 minute until the raw smell goes away. Pour in the tomato puree and cook until the mixture thickens and oil starts separating from the edges (about 5-7 minutes).
5. Spice Powders: Lower the heat and add 1/2 tsp turmeric, 1 tsp Kashmiri red chili powder, 1 tsp coriander powder, and 1/2 tsp cumin powder. Stir constantly for 30 seconds so the spices bloom without burning.
6. Adding Base: Add the prepared Paneer to the masala. Sauté on medium-high heat for 4-5 minutes to coat everything well and seal in the flavors.
7. Simmering: Pour in 1 to 1.5 cups of warm water (adjust for desired gravy consistency). Bring to a boil, then reduce heat to low, cover with a lid, and simmer. Cook until the Paneer is completely tender (15 mins for veg/paneer, 30-45 mins for meat).
8. Final Garnish: Crush 1 tsp of Kasuri Methi (dried fenugreek leaves) between your palms and sprinkle it over the curry along with 1/2 tsp of garam masala. Garnish with freshly chopped cilantro and serve hot.",,True,2026-08-08T05:39:03.812473+00:00,Main Course
fd2a705c-b82d-4ebf-95b2-fdf7bab4fa4b,gobi-curry,Gobi Curry,Maharashtrian,Gobi,"500g Gobi, washed and prepped
2 medium Onions, finely chopped
1 tbsp Ginger-Garlic Paste
2 medium Tomatoes, pureed or chopped
2-3 Green Chilies, slit
1 tsp Cumin Seeds
1/2 tsp Turmeric Powder
1 tsp Red Chili Powder
1 tsp Garam Masala
2 tbsp Oil or Ghee
Salt to taste
2 tbsp Fresh Coriander Leaves, chopped",Vegetarian,False,{},{All},"1. Preparation: Thoroughly wash and prepare Gobi. If it's meat or paneer, marinate it with a little turmeric, red chili powder, salt, and lemon juice for 20 minutes. Finely chop 2 onions and puree 2 tomatoes.
2. Whole Spices (Tadka): Heat 3 tbsp of oil or ghee in a heavy-bottomed pan or pressure cooker over medium heat. Add cumin seeds, 1 bay leaf, 2-3 cloves, and a small cinnamon stick. Let them sizzle for 30 seconds to release their aroma.
3. Onion Base: Add the finely chopped onions and a pinch of salt. Sauté patiently for 8-10 minutes until they turn a deep golden brown.
4. Aromatics & Tomatoes: Add 1 tbsp of ginger-garlic paste and green chilies. Sauté for 1 minute until the raw smell goes away. Pour in the tomato puree and cook until the mixture thickens and oil starts separating from the edges (about 5-7 minutes).
5. Spice Powders: Lower the heat and add 1/2 tsp turmeric, 1 tsp Kashmiri red chili powder, 1 tsp coriander powder, and 1/2 tsp cumin powder. Stir constantly for 30 seconds so the spices bloom without burning.
6. Adding Base: Add the prepared Gobi to the masala. Sauté on medium-high heat for 4-5 minutes to coat everything well and seal in the flavors.
7. Simmering: Pour in 1 to 1.5 cups of warm water (adjust for desired gravy consistency). Bring to a boil, then reduce heat to low, cover with a lid, and simmer. Cook until the Gobi is completely tender (15 mins for veg/paneer, 30-45 mins for meat).
8. Final Garnish: Crush 1 tsp of Kasuri Methi (dried fenugreek leaves) between your palms and sprinkle it over the curry along with 1/2 tsp of garam masala. Garnish with freshly chopped cilantro and serve hot.",,True,2026-08-08T05:39:03.812495+00:00,Main Course
56244137-6bac-4868-913e-870f5721ebaa,gobi-masala,Gobi Masala,Awadhi,Gobi,"500g Gobi, washed and prepped
2-3 Green Chilies, slit
1 tsp Cumin Seeds
1/2 tsp Turmeric Powder
1 tsp Red Chili Powder
1 tsp Garam Masala
2 tbsp Oil or Ghee
Salt to taste
2 tbsp Fresh Coriander Leaves, chopped",Vegan,True,{},{All},"1. Preparation: Thoroughly wash and prepare Gobi. If it's meat or paneer, marinate it with a little turmeric, red chili powder, salt, and lemon juice for 20 minutes. Finely chop 2 onions and puree 2 tomatoes.
2. Whole Spices (Tadka): Heat 3 tbsp of oil or ghee in a heavy-bottomed pan or pressure cooker over medium heat. Add cumin seeds, 1 bay leaf, 2-3 cloves, and a small cinnamon stick. Let them sizzle for 30 seconds to release their aroma.
3. Onion Base: Add the finely chopped onions and a pinch of salt. Sauté patiently for 8-10 minutes until they turn a deep golden brown.
4. Aromatics & Tomatoes: Add 1 tbsp of ginger-garlic paste and green chilies. Sauté for 1 minute until the raw smell goes away. Pour in the tomato puree and cook until the mixture thickens and oil starts separating from the edges (about 5-7 minutes).
5. Spice Powders: Lower the heat and add 1/2 tsp turmeric, 1 tsp Kashmiri red chili powder, 1 tsp coriander powder, and 1/2 tsp cumin powder. Stir constantly for 30 seconds so the spices bloom without burning.
6. Adding Base: Add the prepared Gobi to the masala. Sauté on medium-high heat for 4-5 minutes to coat everything well and seal in the flavors.
7. Simmering: Pour in 1 to 1.5 cups of warm water (adjust for desired gravy consistency). Bring to a boil, then reduce heat to low, cover with a lid, and simmer. Cook until the Gobi is completely tender (15 mins for veg/paneer, 30-45 mins for meat).
8. Final Garnish: Crush 1 tsp of Kasuri Methi (dried fenugreek leaves) between your palms and sprinkle it over the curry along with 1/2 tsp of garam masala. Garnish with freshly chopped cilantro and serve hot.",,True,2026-08-08T05:39:03.812514+00:00,Main Course
ffeff5db-fd32-4ff7-b714-92cca8103045,gobi-fry,Gobi Fry,Tamil,Gobi,"500g Gobi, washed and prepped
2-3 Green Chilies, slit
1 tsp Cumin Seeds
1/2 tsp Turmeric Powder
1 tsp Red Chili Powder
1 tsp Garam Masala
2 tbsp Oil or Ghee
Salt to taste
2 tbsp Fresh Coriander Leaves, chopped",Vegetarian,True,{},{All},"1. Ingredient Prep: Wash, peel, and chop Gobi into even, bite-sized pieces. Finely chop onions, tomatoes, and slit green chilies.
2. Tempering (Tadka): Heat 2-3 tbsp of oil (mustard oil preferred for vegetables) in a wide pan. Add mustard seeds, cumin seeds, a pinch of hing (asafoetida), and curry leaves. Let them splutter.
3. Aromatics: Add chopped onions and sauté until translucent. Add ginger-garlic paste and sauté for another minute.
4. Main Ingredient Addition: Add the chopped Gobi along with a pinch of turmeric and salt. Mix well to coat with the oil and spices.
5. Searing/Cooking: Cook uncovered on medium-high heat for the first 5 minutes to get a slight sear. Then, reduce the heat, cover with a lid, and cook until Gobi is 80% tender. Stir occasionally to prevent sticking.
6. Spicing: Remove the lid and add dry spice powders (coriander powder, cumin powder, red chili powder, amchur/dry mango powder). Mix thoroughly.
7. Finishing: Sauté on medium heat for another 3-4 minutes to crisp up the edges. Finish with a sprinkle of garam masala and fresh coriander leaves. Serve hot as a side dish.",,True,2026-08-08T05:39:03.812556+00:00,Main Course
8451726c-5987-4138-8cec-7e259ca7d758,gobi-roast,Gobi Roast,Rajasthani,Gobi,"500g Gobi, washed and prepped
2 medium Onions, finely chopped
1 tbsp Ginger-Garlic Paste
2 medium Tomatoes, pureed or chopped
2-3 Green Chilies, slit
1 tsp Cumin Seeds
1/2 tsp Turmeric Powder
1 tsp Red Chili Powder
1 tsp Garam Masala
2 tbsp Oil or Ghee
Salt to taste
2 tbsp Fresh Coriander Leaves, chopped",Vegetarian,False,{},{All},"1. Ingredient Prep: Wash, peel, and chop Gobi into even, bite-sized pieces. Finely chop onions, tomatoes, and slit green chilies.
2. Tempering (Tadka): Heat 2-3 tbsp of oil (mustard oil preferred for vegetables) in a wide pan. Add mustard seeds, cumin seeds, a pinch of hing (asafoetida), and curry leaves. Let them splutter.
3. Aromatics: Add chopped onions and sauté until translucent. Add ginger-garlic paste and sauté for another minute.
4. Main Ingredient Addition: Add the chopped Gobi along with a pinch of turmeric and salt. Mix well to coat with the oil and spices.
5. Searing/Cooking: Cook uncovered on medium-high heat for the first 5 minutes to get a slight sear. Then, reduce the heat, cover with a lid, and cook until Gobi is 80% tender. Stir occasionally to prevent sticking.
6. Spicing: Remove the lid and add dry spice powders (coriander powder, cumin powder, red chili powder, amchur/dry mango powder). Mix thoroughly.
7. Finishing: Sauté on medium heat for another 3-4 minutes to crisp up the edges. Finish with a sprinkle of garam masala and fresh coriander leaves. Serve hot as a side dish.",,True,2026-08-08T05:39:03.812601+00:00,Main Course
02949dea-4cb1-4eaa-b630-32641efb4b82,gobi-tikka,Gobi Tikka,Tamil,Gobi,"500g Gobi, washed and prepped
2-3 Green Chilies, slit
1 tsp Cumin Seeds
1/2 tsp Turmeric Powder
1 tsp Red Chili Powder
1 tsp Garam Masala
2 tbsp Oil or Ghee
Salt to taste
2 tbsp Fresh Coriander Leaves, chopped",Vegan,True,{},{All},"1. Ingredient Prep: Wash, peel, and chop Gobi into even, bite-sized pieces. Finely chop onions, tomatoes, and slit green chilies.
2. Tempering (Tadka): Heat 2-3 tbsp of oil (mustard oil preferred for vegetables) in a wide pan. Add mustard seeds, cumin seeds, a pinch of hing (asafoetida), and curry leaves. Let them splutter.
3. Aromatics: Add chopped onions and sauté until translucent. Add ginger-garlic paste and sauté for another minute.
4. Main Ingredient Addition: Add the chopped Gobi along with a pinch of turmeric and salt. Mix well to coat with the oil and spices.
5. Searing/Cooking: Cook uncovered on medium-high heat for the first 5 minutes to get a slight sear. Then, reduce the heat, cover with a lid, and cook until Gobi is 80% tender. Stir occasionally to prevent sticking.
6. Spicing: Remove the lid and add dry spice powders (coriander powder, cumin powder, red chili powder, amchur/dry mango powder). Mix thoroughly.
7. Finishing: Sauté on medium heat for another 3-4 minutes to crisp up the edges. Finish with a sprinkle of garam masala and fresh coriander leaves. Serve hot as a side dish.",,True,2026-08-08T05:39:03.812639+00:00,Main Course
9b31bafe-c629-463f-ad16-a5c371b8396c,gobi-korma,Gobi Korma,Goan,Gobi,"500g Gobi, washed and prepped
2 medium Onions, finely chopped
1 tbsp Ginger-Garlic Paste
2 medium Tomatoes, pureed or chopped
2-3 Green Chilies, slit
1 tsp Cumin Seeds
1/2 tsp Turmeric Powder
1 tsp Red Chili Powder
1 tsp Garam Masala
2 tbsp Oil or Ghee
Salt to taste
2 tbsp Fresh Coriander Leaves, chopped",Vegan,False,{Nuts},{All},"1. Preparation: Thoroughly wash and prepare Gobi. If it's meat or paneer, marinate it with a little turmeric, red chili powder, salt, and lemon juice for 20 minutes. Finely chop 2 onions and puree 2 tomatoes.
2. Whole Spices (Tadka): Heat 3 tbsp of oil or ghee in a heavy-bottomed pan or pressure cooker over medium heat. Add cumin seeds, 1 bay leaf, 2-3 cloves, and a small cinnamon stick. Let them sizzle for 30 seconds to release their aroma.
3. Onion Base: Add the finely chopped onions and a pinch of salt. Sauté patiently for 8-10 minutes until they turn a deep golden brown.
4. Aromatics & Tomatoes: Add 1 tbsp of ginger-garlic paste and green chilies. Sauté for 1 minute until the raw smell goes away. Pour in the tomato puree and cook until the mixture thickens and oil starts separating from the edges (about 5-7 minutes).
5. Spice Powders: Lower the heat and add 1/2 tsp turmeric, 1 tsp Kashmiri red chili powder, 1 tsp coriander powder, and 1/2 tsp cumin powder. Stir constantly for 30 seconds so the spices bloom without burning.
6. Adding Base: Add the prepared Gobi to the masala. Sauté on medium-high heat for 4-5 minutes to coat everything well and seal in the flavors.
7. Simmering: Pour in 1 to 1.5 cups of warm water (adjust for desired gravy consistency). Bring to a boil, then reduce heat to low, cover with a lid, and simmer. Cook until the Gobi is completely tender (15 mins for veg/paneer, 30-45 mins for meat).
8. Final Garnish: Crush 1 tsp of Kasuri Methi (dried fenugreek leaves) between your palms and sprinkle it over the curry along with 1/2 tsp of garam masala. Garnish with freshly chopped cilantro and serve hot.",,True,2026-08-08T05:39:03.812663+00:00,Main Course
c00185c6-4ef7-4777-ab51-e0fd7f3e306f,gobi-makhani,Gobi Makhani,Andhra,Gobi,"500g Gobi, washed and prepped
2-3 Green Chilies, slit
1 tsp Cumin Seeds
1/2 tsp Turmeric Powder
1 tsp Red Chili Powder
1 tsp Garam Masala
3 tbsp Butter
1/4 cup Fresh Cream
1 tsp Kasuri Methi
Salt to taste
2 tbsp Fresh Coriander Leaves, chopped",Vegetarian,True,{Dairy},{All},"1. Preparation: Thoroughly wash and prepare Gobi. If it's meat or paneer, marinate it with a little turmeric, red chili powder, salt, and lemon juice for 20 minutes. Finely chop 2 onions and puree 2 tomatoes.
2. Whole Spices (Tadka): Heat 3 tbsp of oil or ghee in a heavy-bottomed pan or pressure cooker over medium heat. Add cumin seeds, 1 bay leaf, 2-3 cloves, and a small cinnamon stick. Let them sizzle for 30 seconds to release their aroma.
3. Onion Base: Add the finely chopped onions and a pinch of salt. Sauté patiently for 8-10 minutes until they turn a deep golden brown.
4. Aromatics & Tomatoes: Add 1 tbsp of ginger-garlic paste and green chilies. Sauté for 1 minute until the raw smell goes away. Pour in the tomato puree and cook until the mixture thickens and oil starts separating from the edges (about 5-7 minutes).
5. Spice Powders: Lower the heat and add 1/2 tsp turmeric, 1 tsp Kashmiri red chili powder, 1 tsp coriander powder, and 1/2 tsp cumin powder. Stir constantly for 30 seconds so the spices bloom without burning.
6. Adding Base: Add the prepared Gobi to the masala. Sauté on medium-high heat for 4-5 minutes to coat everything well and seal in the flavors.
7. Simmering: Pour in 1 to 1.5 cups of warm water (adjust for desired gravy consistency). Bring to a boil, then reduce heat to low, cover with a lid, and simmer. Cook until the Gobi is completely tender (15 mins for veg/paneer, 30-45 mins for meat).
8. Final Garnish: Crush 1 tsp of Kasuri Methi (dried fenugreek leaves) between your palms and sprinkle it over the curry along with 1/2 tsp of garam masala. Garnish with freshly chopped cilantro and serve hot.",,True,2026-08-08T05:39:03.812684+00:00,Main Course
ad8eb643-dc1e-4dba-bdb3-964c14216b5c,gobi-bhurji,Gobi Bhurji,Awadhi,Gobi,"500g Gobi, washed and prepped
2-3 Green Chilies, slit
1 tsp Cumin Seeds
1/2 tsp Turmeric Powder
1 tsp Red Chili Powder
1 tsp Garam Masala
2 tbsp Oil or Ghee
Salt to taste
2 tbsp Fresh Coriander Leaves, chopped",Vegetarian,True,{},{All},"1. Ingredient Prep: Wash, peel, and chop Gobi into even, bite-sized pieces. Finely chop onions, tomatoes, and slit green chilies.
2. Tempering (Tadka): Heat 2-3 tbsp of oil (mustard oil preferred for vegetables) in a wide pan. Add mustard seeds, cumin seeds, a pinch of hing (asafoetida), and curry leaves. Let them splutter.
3. Aromatics: Add chopped onions and sauté until translucent. Add ginger-garlic paste and sauté for another minute.
4. Main Ingredient Addition: Add the chopped Gobi along with a pinch of turmeric and salt. Mix well to coat with the oil and spices.
5. Searing/Cooking: Cook uncovered on medium-high heat for the first 5 minutes to get a slight sear. Then, reduce the heat, cover with a lid, and cook until Gobi is 80% tender. Stir occasionally to prevent sticking.
6. Spicing: Remove the lid and add dry spice powders (coriander powder, cumin powder, red chili powder, amchur/dry mango powder). Mix thoroughly.
7. Finishing: Sauté on medium heat for another 3-4 minutes to crisp up the edges. Finish with a sprinkle of garam masala and fresh coriander leaves. Serve hot as a side dish.",,True,2026-08-08T05:39:03.812735+00:00,Main Course
1b9c0b28-dbff-466d-8041-7b06668d1312,gobi-kofta,Gobi Kofta,North Indian,Gobi,"500g Gobi, washed and prepped
2 medium Onions, finely chopped
1 tbsp Ginger-Garlic Paste
2 medium Tomatoes, pureed or chopped
2-3 Green Chilies, slit
1 tsp Cumin Seeds
1/2 tsp Turmeric Powder
1 tsp Red Chili Powder
1 tsp Garam Masala
2 tbsp Oil or Ghee
Salt to taste
2 tbsp Fresh Coriander Leaves, chopped",Vegetarian,False,{},{All},"1. Preparation: Thoroughly wash and prepare Gobi. If it's meat or paneer, marinate it with a little turmeric, red chili powder, salt, and lemon juice for 20 minutes. Finely chop 2 onions and puree 2 tomatoes.
2. Whole Spices (Tadka): Heat 3 tbsp of oil or ghee in a heavy-bottomed pan or pressure cooker over medium heat. Add cumin seeds, 1 bay leaf, 2-3 cloves, and a small cinnamon stick. Let them sizzle for 30 seconds to release their aroma.
3. Onion Base: Add the finely chopped onions and a pinch of salt. Sauté patiently for 8-10 minutes until they turn a deep golden brown.
4. Aromatics & Tomatoes: Add 1 tbsp of ginger-garlic paste and green chilies. Sauté for 1 minute until the raw smell goes away. Pour in the tomato puree and cook until the mixture thickens and oil starts separating from the edges (about 5-7 minutes).
5. Spice Powders: Lower the heat and add 1/2 tsp turmeric, 1 tsp Kashmiri red chili powder, 1 tsp coriander powder, and 1/2 tsp cumin powder. Stir constantly for 30 seconds so the spices bloom without burning.
6. Adding Base: Add the prepared Gobi to the masala. Sauté on medium-high heat for 4-5 minutes to coat everything well and seal in the flavors.
7. Simmering: Pour in 1 to 1.5 cups of warm water (adjust for desired gravy consistency). Bring to a boil, then reduce heat to low, cover with a lid, and simmer. Cook until the Gobi is completely tender (15 mins for veg/paneer, 30-45 mins for meat).
8. Final Garnish: Crush 1 tsp of Kasuri Methi (dried fenugreek leaves) between your palms and sprinkle it over the curry along with 1/2 tsp of garam masala. Garnish with freshly chopped cilantro and serve hot.",,True,2026-08-08T05:39:03.812770+00:00,Main Course
48ef6647-6774-4eb8-8d14-c417192f7a8a,gobi-saag,Gobi Saag,Hyderabadi,Gobi,"500g Gobi, washed and prepped
2 medium Onions, finely chopped
1 tbsp Ginger-Garlic Paste
2 medium Tomatoes, pureed or chopped
2-3 Green Chilies, slit
1 tsp Cumin Seeds
1/2 tsp Turmeric Powder
1 tsp Red Chili Powder
1 tsp Garam Masala
2 tbsp Oil or Ghee
Salt to taste
2 tbsp Fresh Coriander Leaves, chopped",Vegan,False,{},{All},"1. Preparation: Thoroughly wash and prepare Gobi. If it's meat or paneer, marinate it with a little turmeric, red chili powder, salt, and lemon juice for 20 minutes. Finely chop 2 onions and puree 2 tomatoes.
2. Whole Spices (Tadka): Heat 3 tbsp of oil or ghee in a heavy-bottomed pan or pressure cooker over medium heat. Add cumin seeds, 1 bay leaf, 2-3 cloves, and a small cinnamon stick. Let them sizzle for 30 seconds to release their aroma.
3. Onion Base: Add the finely chopped onions and a pinch of salt. Sauté patiently for 8-10 minutes until they turn a deep golden brown.
4. Aromatics & Tomatoes: Add 1 tbsp of ginger-garlic paste and green chilies. Sauté for 1 minute until the raw smell goes away. Pour in the tomato puree and cook until the mixture thickens and oil starts separating from the edges (about 5-7 minutes).
5. Spice Powders: Lower the heat and add 1/2 tsp turmeric, 1 tsp Kashmiri red chili powder, 1 tsp coriander powder, and 1/2 tsp cumin powder. Stir constantly for 30 seconds so the spices bloom without burning.
6. Adding Base: Add the prepared Gobi to the masala. Sauté on medium-high heat for 4-5 minutes to coat everything well and seal in the flavors.
7. Simmering: Pour in 1 to 1.5 cups of warm water (adjust for desired gravy consistency). Bring to a boil, then reduce heat to low, cover with a lid, and simmer. Cook until the Gobi is completely tender (15 mins for veg/paneer, 30-45 mins for meat).
8. Final Garnish: Crush 1 tsp of Kasuri Methi (dried fenugreek leaves) between your palms and sprinkle it over the curry along with 1/2 tsp of garam masala. Garnish with freshly chopped cilantro and serve hot.",,True,2026-08-08T05:39:03.812807+00:00,Main Course
e5daaa81-b95d-4b87-a29c-d790e8ecde7b,gobi-vindaloo,Gobi Vindaloo,South Indian,Gobi,"500g Gobi, washed and prepped
2 medium Onions, finely chopped
1 tbsp Ginger-Garlic Paste
2 medium Tomatoes, pureed or chopped
2-3 Green Chilies, slit
1 tsp Cumin Seeds
1/2 tsp Turmeric Powder
1 tsp Red Chili Powder
1 tsp Garam Masala
2 tbsp Oil or Ghee
Salt to taste
2 tbsp Fresh Coriander Leaves, chopped",Vegetarian,False,{},{All},"1. Preparation: Thoroughly wash and prepare Gobi. If it's meat or paneer, marinate it with a little turmeric, red chili powder, salt, and lemon juice for 20 minutes. Finely chop 2 onions and puree 2 tomatoes.
2. Whole Spices (Tadka): Heat 3 tbsp of oil or ghee in a heavy-bottomed pan or pressure cooker over medium heat. Add cumin seeds, 1 bay leaf, 2-3 cloves, and a small cinnamon stick. Let them sizzle for 30 seconds to release their aroma.
3. Onion Base: Add the finely chopped onions and a pinch of salt. Sauté patiently for 8-10 minutes until they turn a deep golden brown.
4. Aromatics & Tomatoes: Add 1 tbsp of ginger-garlic paste and green chilies. Sauté for 1 minute until the raw smell goes away. Pour in the tomato puree and cook until the mixture thickens and oil starts separating from the edges (about 5-7 minutes).
5. Spice Powders: Lower the heat and add 1/2 tsp turmeric, 1 tsp Kashmiri red chili powder, 1 tsp coriander powder, and 1/2 tsp cumin powder. Stir constantly for 30 seconds so the spices bloom without burning.
6. Adding Base: Add the prepared Gobi to the masala. Sauté on medium-high heat for 4-5 minutes to coat everything well and seal in the flavors.
7. Simmering: Pour in 1 to 1.5 cups of warm water (adjust for desired gravy consistency). Bring to a boil, then reduce heat to low, cover with a lid, and simmer. Cook until the Gobi is completely tender (15 mins for veg/paneer, 30-45 mins for meat).
8. Final Garnish: Crush 1 tsp of Kasuri Methi (dried fenugreek leaves) between your palms and sprinkle it over the curry along with 1/2 tsp of garam masala. Garnish with freshly chopped cilantro and serve hot.",,True,2026-08-08T05:39:03.812829+00:00,Main Course
792e0a9b-cf78-46f9-8c1a-cb3dc3b0dabd,gobi-chettinad,Gobi Chettinad,South Indian,Gobi,"500g Gobi, washed and prepped
2 medium Onions, finely chopped
1 tbsp Ginger-Garlic Paste
2 medium Tomatoes, pureed or chopped
2-3 Green Chilies, slit
1 tsp Cumin Seeds
1/2 tsp Turmeric Powder
1 tsp Red Chili Powder
1 tsp Garam Masala
2 tbsp Oil or Ghee
Salt to taste
2 tbsp Fresh Coriander Leaves, chopped",Vegan,False,{},{All},"1. Preparation: Thoroughly wash and prepare Gobi. If it's meat or paneer, marinate it with a little turmeric, red chili powder, salt, and lemon juice for 20 minutes. Finely chop 2 onions and puree 2 tomatoes.
2. Whole Spices (Tadka): Heat 3 tbsp of oil or ghee in a heavy-bottomed pan or pressure cooker over medium heat. Add cumin seeds, 1 bay leaf, 2-3 cloves, and a small cinnamon stick. Let them sizzle for 30 seconds to release their aroma.
3. Onion Base: Add the finely chopped onions and a pinch of salt. Sauté patiently for 8-10 minutes until they turn a deep golden brown.
4. Aromatics & Tomatoes: Add 1 tbsp of ginger-garlic paste and green chilies. Sauté for 1 minute until the raw smell goes away. Pour in the tomato puree and cook until the mixture thickens and oil starts separating from the edges (about 5-7 minutes).
5. Spice Powders: Lower the heat and add 1/2 tsp turmeric, 1 tsp Kashmiri red chili powder, 1 tsp coriander powder, and 1/2 tsp cumin powder. Stir constantly for 30 seconds so the spices bloom without burning.
6. Adding Base: Add the prepared Gobi to the masala. Sauté on medium-high heat for 4-5 minutes to coat everything well and seal in the flavors.
7. Simmering: Pour in 1 to 1.5 cups of warm water (adjust for desired gravy consistency). Bring to a boil, then reduce heat to low, cover with a lid, and simmer. Cook until the Gobi is completely tender (15 mins for veg/paneer, 30-45 mins for meat).
8. Final Garnish: Crush 1 tsp of Kasuri Methi (dried fenugreek leaves) between your palms and sprinkle it over the curry along with 1/2 tsp of garam masala. Garnish with freshly chopped cilantro and serve hot.",,True,2026-08-08T05:39:03.812880+00:00,Main Course
2c617f14-e8cd-4f10-ae37-dd782da7fede,gobi-do-pyaza,Gobi Do Pyaza,Maharashtrian,Gobi,"500g Gobi, washed and prepped
2 medium Onions, finely chopped
1 tbsp Ginger-Garlic Paste
2 medium Tomatoes, pureed or chopped
2-3 Green Chilies, slit
1 tsp Cumin Seeds
1/2 tsp Turmeric Powder
1 tsp Red Chili Powder
1 tsp Garam Masala
2 tbsp Oil or Ghee
Salt to taste
2 tbsp Fresh Coriander Leaves, chopped",Vegan,False,{},{All},"1. Preparation: Thoroughly wash and prepare Gobi. If it's meat or paneer, marinate it with a little turmeric, red chili powder, salt, and lemon juice for 20 minutes. Finely chop 2 onions and puree 2 tomatoes.
2. Whole Spices (Tadka): Heat 3 tbsp of oil or ghee in a heavy-bottomed pan or pressure cooker over medium heat. Add cumin seeds, 1 bay leaf, 2-3 cloves, and a small cinnamon stick. Let them sizzle for 30 seconds to release their aroma.
3. Onion Base: Add the finely chopped onions and a pinch of salt. Sauté patiently for 8-10 minutes until they turn a deep golden brown.
4. Aromatics & Tomatoes: Add 1 tbsp of ginger-garlic paste and green chilies. Sauté for 1 minute until the raw smell goes away. Pour in the tomato puree and cook until the mixture thickens and oil starts separating from the edges (about 5-7 minutes).
5. Spice Powders: Lower the heat and add 1/2 tsp turmeric, 1 tsp Kashmiri red chili powder, 1 tsp coriander powder, and 1/2 tsp cumin powder. Stir constantly for 30 seconds so the spices bloom without burning.
6. Adding Base: Add the prepared Gobi to the masala. Sauté on medium-high heat for 4-5 minutes to coat everything well and seal in the flavors.
7. Simmering: Pour in 1 to 1.5 cups of warm water (adjust for desired gravy consistency). Bring to a boil, then reduce heat to low, cover with a lid, and simmer. Cook until the Gobi is completely tender (15 mins for veg/paneer, 30-45 mins for meat).
8. Final Garnish: Crush 1 tsp of Kasuri Methi (dried fenugreek leaves) between your palms and sprinkle it over the curry along with 1/2 tsp of garam masala. Garnish with freshly chopped cilantro and serve hot.",,True,2026-08-08T05:39:03.812916+00:00,Main Course
c403b670-66b6-45c5-bf1e-750a4508859d,gobi-salna,Gobi Salna,Goan,Gobi,"500g Gobi, washed and prepped
2-3 Green Chilies, slit
1 tsp Cumin Seeds
1/2 tsp Turmeric Powder
1 tsp Red Chili Powder
1 tsp Garam Masala
2 tbsp Oil or Ghee
Salt to taste
2 tbsp Fresh Coriander Leaves, chopped",Vegan,True,{},{All},"1. Preparation: Thoroughly wash and prepare Gobi. If it's meat or paneer, marinate it with a little turmeric, red chili powder, salt, and lemon juice for 20 minutes. Finely chop 2 onions and puree 2 tomatoes.
2. Whole Spices (Tadka): Heat 3 tbsp of oil or ghee in a heavy-bottomed pan or pressure cooker over medium heat. Add cumin seeds, 1 bay leaf, 2-3 cloves, and a small cinnamon stick. Let them sizzle for 30 seconds to release their aroma.
3. Onion Base: Add the finely chopped onions and a pinch of salt. Sauté patiently for 8-10 minutes until they turn a deep golden brown.
4. Aromatics & Tomatoes: Add 1 tbsp of ginger-garlic paste and green chilies. Sauté for 1 minute until the raw smell goes away. Pour in the tomato puree and cook until the mixture thickens and oil starts separating from the edges (about 5-7 minutes).
5. Spice Powders: Lower the heat and add 1/2 tsp turmeric, 1 tsp Kashmiri red chili powder, 1 tsp coriander powder, and 1/2 tsp cumin powder. Stir constantly for 30 seconds so the spices bloom without burning.
6. Adding Base: Add the prepared Gobi to the masala. Sauté on medium-high heat for 4-5 minutes to coat everything well and seal in the flavors.
7. Simmering: Pour in 1 to 1.5 cups of warm water (adjust for desired gravy consistency). Bring to a boil, then reduce heat to low, cover with a lid, and simmer. Cook until the Gobi is completely tender (15 mins for veg/paneer, 30-45 mins for meat).
8. Final Garnish: Crush 1 tsp of Kasuri Methi (dried fenugreek leaves) between your palms and sprinkle it over the curry along with 1/2 tsp of garam masala. Garnish with freshly chopped cilantro and serve hot.",,True,2026-08-08T05:39:03.812939+00:00,Main Course
bd75bc6f-560b-4f97-92f6-715ebcb66670,gobi-kurma,Gobi Kurma,Punjabi,Gobi,"500g Gobi, washed and prepped
2-3 Green Chilies, slit
1 tsp Cumin Seeds
1/2 tsp Turmeric Powder
1 tsp Red Chili Powder
1 tsp Garam Masala
2 tbsp Oil or Ghee
Salt to taste
2 tbsp Fresh Coriander Leaves, chopped",Vegan,True,{Nuts},{All},"1. Preparation: Thoroughly wash and prepare Gobi. If it's meat or paneer, marinate it with a little turmeric, red chili powder, salt, and lemon juice for 20 minutes. Finely chop 2 onions and puree 2 tomatoes.
2. Whole Spices (Tadka): Heat 3 tbsp of oil or ghee in a heavy-bottomed pan or pressure cooker over medium heat. Add cumin seeds, 1 bay leaf, 2-3 cloves, and a small cinnamon stick. Let them sizzle for 30 seconds to release their aroma.
3. Onion Base: Add the finely chopped onions and a pinch of salt. Sauté patiently for 8-10 minutes until they turn a deep golden brown.
4. Aromatics & Tomatoes: Add 1 tbsp of ginger-garlic paste and green chilies. Sauté for 1 minute until the raw smell goes away. Pour in the tomato puree and cook until the mixture thickens and oil starts separating from the edges (about 5-7 minutes).
5. Spice Powders: Lower the heat and add 1/2 tsp turmeric, 1 tsp Kashmiri red chili powder, 1 tsp coriander powder, and 1/2 tsp cumin powder. Stir constantly for 30 seconds so the spices bloom without burning.
6. Adding Base: Add the prepared Gobi to the masala. Sauté on medium-high heat for 4-5 minutes to coat everything well and seal in the flavors.
7. Simmering: Pour in 1 to 1.5 cups of warm water (adjust for desired gravy consistency). Bring to a boil, then reduce heat to low, cover with a lid, and simmer. Cook until the Gobi is completely tender (15 mins for veg/paneer, 30-45 mins for meat).
8. Final Garnish: Crush 1 tsp of Kasuri Methi (dried fenugreek leaves) between your palms and sprinkle it over the curry along with 1/2 tsp of garam masala. Garnish with freshly chopped cilantro and serve hot.",,True,2026-08-08T05:39:03.812960+00:00,Main Course
54a3a4a8-4768-4d3b-b816-599ff5963c8e,bhindi-curry,Bhindi Curry,Bengali,Bhindi,"500g Bhindi, washed and prepped
2 medium Onions, finely chopped
1 tbsp Ginger-Garlic Paste
2 medium Tomatoes, pureed or chopped
2-3 Green Chilies, slit
1 tsp Cumin Seeds
1/2 tsp Turmeric Powder
1 tsp Red Chili Powder
1 tsp Garam Masala
2 tbsp Oil or Ghee
Salt to taste
2 tbsp Fresh Coriander Leaves, chopped",Vegetarian,False,{},{All},"1. Preparation: Thoroughly wash and prepare Bhindi. If it's meat or paneer, marinate it with a little turmeric, red chili powder, salt, and lemon juice for 20 minutes. Finely chop 2 onions and puree 2 tomatoes.
2. Whole Spices (Tadka): Heat 3 tbsp of oil or ghee in a heavy-bottomed pan or pressure cooker over medium heat. Add cumin seeds, 1 bay leaf, 2-3 cloves, and a small cinnamon stick. Let them sizzle for 30 seconds to release their aroma.
3. Onion Base: Add the finely chopped onions and a pinch of salt. Sauté patiently for 8-10 minutes until they turn a deep golden brown.
4. Aromatics & Tomatoes: Add 1 tbsp of ginger-garlic paste and green chilies. Sauté for 1 minute until the raw smell goes away. Pour in the tomato puree and cook until the mixture thickens and oil starts separating from the edges (about 5-7 minutes).
5. Spice Powders: Lower the heat and add 1/2 tsp turmeric, 1 tsp Kashmiri red chili powder, 1 tsp coriander powder, and 1/2 tsp cumin powder. Stir constantly for 30 seconds so the spices bloom without burning.
6. Adding Base: Add the prepared Bhindi to the masala. Sauté on medium-high heat for 4-5 minutes to coat everything well and seal in the flavors.
7. Simmering: Pour in 1 to 1.5 cups of warm water (adjust for desired gravy consistency). Bring to a boil, then reduce heat to low, cover with a lid, and simmer. Cook until the Bhindi is completely tender (15 mins for veg/paneer, 30-45 mins for meat).
8. Final Garnish: Crush 1 tsp of Kasuri Methi (dried fenugreek leaves) between your palms and sprinkle it over the curry along with 1/2 tsp of garam masala. Garnish with freshly chopped cilantro and serve hot.",,True,2026-08-08T05:39:03.812981+00:00,Main Course
1a199604-bd06-48b1-8e9d-f6254d8be190,bhindi-masala,Bhindi Masala,Goan,Bhindi,"500g Bhindi, washed and prepped
2 medium Onions, finely chopped
1 tbsp Ginger-Garlic Paste
2 medium Tomatoes, pureed or chopped
2-3 Green Chilies, slit
1 tsp Cumin Seeds
1/2 tsp Turmeric Powder
1 tsp Red Chili Powder
1 tsp Garam Masala
2 tbsp Oil or Ghee
Salt to taste
2 tbsp Fresh Coriander Leaves, chopped",Vegan,False,{},{All},"1. Preparation: Thoroughly wash and prepare Bhindi. If it's meat or paneer, marinate it with a little turmeric, red chili powder, salt, and lemon juice for 20 minutes. Finely chop 2 onions and puree 2 tomatoes.
2. Whole Spices (Tadka): Heat 3 tbsp of oil or ghee in a heavy-bottomed pan or pressure cooker over medium heat. Add cumin seeds, 1 bay leaf, 2-3 cloves, and a small cinnamon stick. Let them sizzle for 30 seconds to release their aroma.
3. Onion Base: Add the finely chopped onions and a pinch of salt. Sauté patiently for 8-10 minutes until they turn a deep golden brown.
4. Aromatics & Tomatoes: Add 1 tbsp of ginger-garlic paste and green chilies. Sauté for 1 minute until the raw smell goes away. Pour in the tomato puree and cook until the mixture thickens and oil starts separating from the edges (about 5-7 minutes).
5. Spice Powders: Lower the heat and add 1/2 tsp turmeric, 1 tsp Kashmiri red chili powder, 1 tsp coriander powder, and 1/2 tsp cumin powder. Stir constantly for 30 seconds so the spices bloom without burning.
6. Adding Base: Add the prepared Bhindi to the masala. Sauté on medium-high heat for 4-5 minutes to coat everything well and seal in the flavors.
7. Simmering: Pour in 1 to 1.5 cups of warm water (adjust for desired gravy consistency). Bring to a boil, then reduce heat to low, cover with a lid, and simmer. Cook until the Bhindi is completely tender (15 mins for veg/paneer, 30-45 mins for meat).
8. Final Garnish: Crush 1 tsp of Kasuri Methi (dried fenugreek leaves) between your palms and sprinkle it over the curry along with 1/2 tsp of garam masala. Garnish with freshly chopped cilantro and serve hot.",,True,2026-08-08T05:39:03.813000+00:00,Main Course
3eef6469-517f-4a67-8d09-c2b68ceb2459,bhindi-fry,Bhindi Fry,Awadhi,Bhindi,"500g Bhindi, washed and prepped
2-3 Green Chilies, slit
1 tsp Cumin Seeds
1/2 tsp Turmeric Powder
1 tsp Red Chili Powder
1 tsp Garam Masala
2 tbsp Oil or Ghee
Salt to taste
2 tbsp Fresh Coriander Leaves, chopped",Vegetarian,True,{},{All},"1. Ingredient Prep: Wash, peel, and chop Bhindi into even, bite-sized pieces. Finely chop onions, tomatoes, and slit green chilies.
2. Tempering (Tadka): Heat 2-3 tbsp of oil (mustard oil preferred for vegetables) in a wide pan. Add mustard seeds, cumin seeds, a pinch of hing (asafoetida), and curry leaves. Let them splutter.
3. Aromatics: Add chopped onions and sauté until translucent. Add ginger-garlic paste and sauté for another minute.
4. Main Ingredient Addition: Add the chopped Bhindi along with a pinch of turmeric and salt. Mix well to coat with the oil and spices.
5. Searing/Cooking: Cook uncovered on medium-high heat for the first 5 minutes to get a slight sear. Then, reduce the heat, cover with a lid, and cook until Bhindi is 80% tender. Stir occasionally to prevent sticking.
6. Spicing: Remove the lid and add dry spice powders (coriander powder, cumin powder, red chili powder, amchur/dry mango powder). Mix thoroughly.
7. Finishing: Sauté on medium heat for another 3-4 minutes to crisp up the edges. Finish with a sprinkle of garam masala and fresh coriander leaves. Serve hot as a side dish.",,True,2026-08-08T05:39:03.813034+00:00,Main Course
6b197a60-f3d1-4d4a-affd-ab8e44f0aa90,bhindi-roast,Bhindi Roast,Andhra,Bhindi,"500g Bhindi, washed and prepped
2-3 Green Chilies, slit
1 tsp Cumin Seeds
1/2 tsp Turmeric Powder
1 tsp Red Chili Powder
1 tsp Garam Masala
2 tbsp Oil or Ghee
Salt to taste
2 tbsp Fresh Coriander Leaves, chopped",Vegetarian,True,{},{All},"1. Ingredient Prep: Wash, peel, and chop Bhindi into even, bite-sized pieces. Finely chop onions, tomatoes, and slit green chilies.
2. Tempering (Tadka): Heat 2-3 tbsp of oil (mustard oil preferred for vegetables) in a wide pan. Add mustard seeds, cumin seeds, a pinch of hing (asafoetida), and curry leaves. Let them splutter.
3. Aromatics: Add chopped onions and sauté until translucent. Add ginger-garlic paste and sauté for another minute.
4. Main Ingredient Addition: Add the chopped Bhindi along with a pinch of turmeric and salt. Mix well to coat with the oil and spices.
5. Searing/Cooking: Cook uncovered on medium-high heat for the first 5 minutes to get a slight sear. Then, reduce the heat, cover with a lid, and cook until Bhindi is 80% tender. Stir occasionally to prevent sticking.
6. Spicing: Remove the lid and add dry spice powders (coriander powder, cumin powder, red chili powder, amchur/dry mango powder). Mix thoroughly.
7. Finishing: Sauté on medium heat for another 3-4 minutes to crisp up the edges. Finish with a sprinkle of garam masala and fresh coriander leaves. Serve hot as a side dish.",,True,2026-08-08T05:39:03.813067+00:00,Main Course
0889e2b2-1b8d-4c87-91c2-4e24efa13f9f,bhindi-tikka,Bhindi Tikka,Tamil,Bhindi,"500g Bhindi, washed and prepped
2 medium Onions, finely chopped
1 tbsp Ginger-Garlic Paste
2 medium Tomatoes, pureed or chopped
2-3 Green Chilies, slit
1 tsp Cumin Seeds
1/2 tsp Turmeric Powder
1 tsp Red Chili Powder
1 tsp Garam Masala
2 tbsp Oil or Ghee
Salt to taste
2 tbsp Fresh Coriander Leaves, chopped",Vegetarian,False,{},{All},"1. Ingredient Prep: Wash, peel, and chop Bhindi into even, bite-sized pieces. Finely chop onions, tomatoes, and slit green chilies.
2. Tempering (Tadka): Heat 2-3 tbsp of oil (mustard oil preferred for vegetables) in a wide pan. Add mustard seeds, cumin seeds, a pinch of hing (asafoetida), and curry leaves. Let them splutter.
3. Aromatics: Add chopped onions and sauté until translucent. Add ginger-garlic paste and sauté for another minute.
4. Main Ingredient Addition: Add the chopped Bhindi along with a pinch of turmeric and salt. Mix well to coat with the oil and spices.
5. Searing/Cooking: Cook uncovered on medium-high heat for the first 5 minutes to get a slight sear. Then, reduce the heat, cover with a lid, and cook until Bhindi is 80% tender. Stir occasionally to prevent sticking.
6. Spicing: Remove the lid and add dry spice powders (coriander powder, cumin powder, red chili powder, amchur/dry mango powder). Mix thoroughly.
7. Finishing: Sauté on medium heat for another 3-4 minutes to crisp up the edges. Finish with a sprinkle of garam masala and fresh coriander leaves. Serve hot as a side dish.",,True,2026-08-08T05:39:03.813097+00:00,Main Course
959aaf3e-0f02-427d-b4be-5862c10db10f,bhindi-korma,Bhindi Korma,Punjabi,Bhindi,"500g Bhindi, washed and prepped
2 medium Onions, finely chopped
1 tbsp Ginger-Garlic Paste
2 medium Tomatoes, pureed or chopped
2-3 Green Chilies, slit
1 tsp Cumin Seeds
1/2 tsp Turmeric Powder
1 tsp Red Chili Powder
1 tsp Garam Masala
2 tbsp Oil or Ghee
Salt to taste
2 tbsp Fresh Coriander Leaves, chopped",Vegan,False,{Nuts},{All},"1. Preparation: Thoroughly wash and prepare Bhindi. If it's meat or paneer, marinate it with a little turmeric, red chili powder, salt, and lemon juice for 20 minutes. Finely chop 2 onions and puree 2 tomatoes.
2. Whole Spices (Tadka): Heat 3 tbsp of oil or ghee in a heavy-bottomed pan or pressure cooker over medium heat. Add cumin seeds, 1 bay leaf, 2-3 cloves, and a small cinnamon stick. Let them sizzle for 30 seconds to release their aroma.
3. Onion Base: Add the finely chopped onions and a pinch of salt. Sauté patiently for 8-10 minutes until they turn a deep golden brown.
4. Aromatics & Tomatoes: Add 1 tbsp of ginger-garlic paste and green chilies. Sauté for 1 minute until the raw smell goes away. Pour in the tomato puree and cook until the mixture thickens and oil starts separating from the edges (about 5-7 minutes).
5. Spice Powders: Lower the heat and add 1/2 tsp turmeric, 1 tsp Kashmiri red chili powder, 1 tsp coriander powder, and 1/2 tsp cumin powder. Stir constantly for 30 seconds so the spices bloom without burning.
6. Adding Base: Add the prepared Bhindi to the masala. Sauté on medium-high heat for 4-5 minutes to coat everything well and seal in the flavors.
7. Simmering: Pour in 1 to 1.5 cups of warm water (adjust for desired gravy consistency). Bring to a boil, then reduce heat to low, cover with a lid, and simmer. Cook until the Bhindi is completely tender (15 mins for veg/paneer, 30-45 mins for meat).
8. Final Garnish: Crush 1 tsp of Kasuri Methi (dried fenugreek leaves) between your palms and sprinkle it over the curry along with 1/2 tsp of garam masala. Garnish with freshly chopped cilantro and serve hot.",,True,2026-08-08T05:39:03.813120+00:00,Main Course
d8f4ff05-8ff8-424e-854a-1a5e34be8078,bhindi-makhani,Bhindi Makhani,Rajasthani,Bhindi,"500g Bhindi, washed and prepped
2-3 Green Chilies, slit
1 tsp Cumin Seeds
1/2 tsp Turmeric Powder
1 tsp Red Chili Powder
1 tsp Garam Masala
3 tbsp Butter
1/4 cup Fresh Cream
1 tsp Kasuri Methi
Salt to taste
2 tbsp Fresh Coriander Leaves, chopped",Vegan,True,{Dairy},{All},"1. Preparation: Thoroughly wash and prepare Bhindi. If it's meat or paneer, marinate it with a little turmeric, red chili powder, salt, and lemon juice for 20 minutes. Finely chop 2 onions and puree 2 tomatoes.
2. Whole Spices (Tadka): Heat 3 tbsp of oil or ghee in a heavy-bottomed pan or pressure cooker over medium heat. Add cumin seeds, 1 bay leaf, 2-3 cloves, and a small cinnamon stick. Let them sizzle for 30 seconds to release their aroma.
3. Onion Base: Add the finely chopped onions and a pinch of salt. Sauté patiently for 8-10 minutes until they turn a deep golden brown.
4. Aromatics & Tomatoes: Add 1 tbsp of ginger-garlic paste and green chilies. Sauté for 1 minute until the raw smell goes away. Pour in the tomato puree and cook until the mixture thickens and oil starts separating from the edges (about 5-7 minutes).
5. Spice Powders: Lower the heat and add 1/2 tsp turmeric, 1 tsp Kashmiri red chili powder, 1 tsp coriander powder, and 1/2 tsp cumin powder. Stir constantly for 30 seconds so the spices bloom without burning.
6. Adding Base: Add the prepared Bhindi to the masala. Sauté on medium-high heat for 4-5 minutes to coat everything well and seal in the flavors.
7. Simmering: Pour in 1 to 1.5 cups of warm water (adjust for desired gravy consistency). Bring to a boil, then reduce heat to low, cover with a lid, and simmer. Cook until the Bhindi is completely tender (15 mins for veg/paneer, 30-45 mins for meat).
8. Final Garnish: Crush 1 tsp of Kasuri Methi (dried fenugreek leaves) between your palms and sprinkle it over the curry along with 1/2 tsp of garam masala. Garnish with freshly chopped cilantro and serve hot.",,True,2026-08-08T05:39:03.813143+00:00,Main Course
196365b4-ebb2-4c0f-bba1-65967d8f1278,bhindi-bhurji,Bhindi Bhurji,Goan,Bhindi,"500g Bhindi, washed and prepped
2-3 Green Chilies, slit
1 tsp Cumin Seeds
1/2 tsp Turmeric Powder
1 tsp Red Chili Powder
1 tsp Garam Masala
2 tbsp Oil or Ghee
Salt to taste
2 tbsp Fresh Coriander Leaves, chopped",Vegetarian,True,{},{All},"1. Ingredient Prep: Wash, peel, and chop Bhindi into even, bite-sized pieces. Finely chop onions, tomatoes, and slit green chilies.
2. Tempering (Tadka): Heat 2-3 tbsp of oil (mustard oil preferred for vegetables) in a wide pan. Add mustard seeds, cumin seeds, a pinch of hing (asafoetida), and curry leaves. Let them splutter.
3. Aromatics: Add chopped onions and sauté until translucent. Add ginger-garlic paste and sauté for another minute.
4. Main Ingredient Addition: Add the chopped Bhindi along with a pinch of turmeric and salt. Mix well to coat with the oil and spices.
5. Searing/Cooking: Cook uncovered on medium-high heat for the first 5 minutes to get a slight sear. Then, reduce the heat, cover with a lid, and cook until Bhindi is 80% tender. Stir occasionally to prevent sticking.
6. Spicing: Remove the lid and add dry spice powders (coriander powder, cumin powder, red chili powder, amchur/dry mango powder). Mix thoroughly.
7. Finishing: Sauté on medium heat for another 3-4 minutes to crisp up the edges. Finish with a sprinkle of garam masala and fresh coriander leaves. Serve hot as a side dish.",,True,2026-08-08T05:39:03.813164+00:00,Main Course
18357909-c9d5-4db2-8f08-3ec31ad14901,bhindi-kofta,Bhindi Kofta,Goan,Bhindi,"500g Bhindi, washed and prepped
2-3 Green Chilies, slit
1 tsp Cumin Seeds
1/2 tsp Turmeric Powder
1 tsp Red Chili Powder
1 tsp Garam Masala
2 tbsp Oil or Ghee
Salt to taste
2 tbsp Fresh Coriander Leaves, chopped",Vegan,True,{},{All},"1. Preparation: Thoroughly wash and prepare Bhindi. If it's meat or paneer, marinate it with a little turmeric, red chili powder, salt, and lemon juice for 20 minutes. Finely chop 2 onions and puree 2 tomatoes.
2. Whole Spices (Tadka): Heat 3 tbsp of oil or ghee in a heavy-bottomed pan or pressure cooker over medium heat. Add cumin seeds, 1 bay leaf, 2-3 cloves, and a small cinnamon stick. Let them sizzle for 30 seconds to release their aroma.
3. Onion Base: Add the finely chopped onions and a pinch of salt. Sauté patiently for 8-10 minutes until they turn a deep golden brown.
4. Aromatics & Tomatoes: Add 1 tbsp of ginger-garlic paste and green chilies. Sauté for 1 minute until the raw smell goes away. Pour in the tomato puree and cook until the mixture thickens and oil starts separating from the edges (about 5-7 minutes).
5. Spice Powders: Lower the heat and add 1/2 tsp turmeric, 1 tsp Kashmiri red chili powder, 1 tsp coriander powder, and 1/2 tsp cumin powder. Stir constantly for 30 seconds so the spices bloom without burning.
6. Adding Base: Add the prepared Bhindi to the masala. Sauté on medium-high heat for 4-5 minutes to coat everything well and seal in the flavors.
7. Simmering: Pour in 1 to 1.5 cups of warm water (adjust for desired gravy consistency). Bring to a boil, then reduce heat to low, cover with a lid, and simmer. Cook until the Bhindi is completely tender (15 mins for veg/paneer, 30-45 mins for meat).
8. Final Garnish: Crush 1 tsp of Kasuri Methi (dried fenugreek leaves) between your palms and sprinkle it over the curry along with 1/2 tsp of garam masala. Garnish with freshly chopped cilantro and serve hot.",,True,2026-08-08T05:39:03.813185+00:00,Main Course
a53122ea-e307-4b8b-924d-b57ea380b63b,bhindi-saag,Bhindi Saag,Hyderabadi,Bhindi,"500g Bhindi, washed and prepped
2-3 Green Chilies, slit
1 tsp Cumin Seeds
1/2 tsp Turmeric Powder
1 tsp Red Chili Powder
1 tsp Garam Masala
2 tbsp Oil or Ghee
Salt to taste
2 tbsp Fresh Coriander Leaves, chopped",Vegetarian,True,{},{All},"1. Preparation: Thoroughly wash and prepare Bhindi. If it's meat or paneer, marinate it with a little turmeric, red chili powder, salt, and lemon juice for 20 minutes. Finely chop 2 onions and puree 2 tomatoes.
2. Whole Spices (Tadka): Heat 3 tbsp of oil or ghee in a heavy-bottomed pan or pressure cooker over medium heat. Add cumin seeds, 1 bay leaf, 2-3 cloves, and a small cinnamon stick. Let them sizzle for 30 seconds to release their aroma.
3. Onion Base: Add the finely chopped onions and a pinch of salt. Sauté patiently for 8-10 minutes until they turn a deep golden brown.
4. Aromatics & Tomatoes: Add 1 tbsp of ginger-garlic paste and green chilies. Sauté for 1 minute until the raw smell goes away. Pour in the tomato puree and cook until the mixture thickens and oil starts separating from the edges (about 5-7 minutes).
5. Spice Powders: Lower the heat and add 1/2 tsp turmeric, 1 tsp Kashmiri red chili powder, 1 tsp coriander powder, and 1/2 tsp cumin powder. Stir constantly for 30 seconds so the spices bloom without burning.
6. Adding Base: Add the prepared Bhindi to the masala. Sauté on medium-high heat for 4-5 minutes to coat everything well and seal in the flavors.
7. Simmering: Pour in 1 to 1.5 cups of warm water (adjust for desired gravy consistency). Bring to a boil, then reduce heat to low, cover with a lid, and simmer. Cook until the Bhindi is completely tender (15 mins for veg/paneer, 30-45 mins for meat).
8. Final Garnish: Crush 1 tsp of Kasuri Methi (dried fenugreek leaves) between your palms and sprinkle it over the curry along with 1/2 tsp of garam masala. Garnish with freshly chopped cilantro and serve hot.",,True,2026-08-08T05:39:03.813205+00:00,Main Course
3dcde337-fd84-45f8-b207-acc2ad424c17,bhindi-vindaloo,Bhindi Vindaloo,Gujarati,Bhindi,"500g Bhindi, washed and prepped
2 medium Onions, finely chopped
1 tbsp Ginger-Garlic Paste
2 medium Tomatoes, pureed or chopped
2-3 Green Chilies, slit
1 tsp Cumin Seeds
1/2 tsp Turmeric Powder
1 tsp Red Chili Powder
1 tsp Garam Masala
2 tbsp Oil or Ghee
Salt to taste
2 tbsp Fresh Coriander Leaves, chopped",Vegetarian,False,{},{All},"1. Preparation: Thoroughly wash and prepare Bhindi. If it's meat or paneer, marinate it with a little turmeric, red chili powder, salt, and lemon juice for 20 minutes. Finely chop 2 onions and puree 2 tomatoes.
2. Whole Spices (Tadka): Heat 3 tbsp of oil or ghee in a heavy-bottomed pan or pressure cooker over medium heat. Add cumin seeds, 1 bay leaf, 2-3 cloves, and a small cinnamon stick. Let them sizzle for 30 seconds to release their aroma.
3. Onion Base: Add the finely chopped onions and a pinch of salt. Sauté patiently for 8-10 minutes until they turn a deep golden brown.
4. Aromatics & Tomatoes: Add 1 tbsp of ginger-garlic paste and green chilies. Sauté for 1 minute until the raw smell goes away. Pour in the tomato puree and cook until the mixture thickens and oil starts separating from the edges (about 5-7 minutes).
5. Spice Powders: Lower the heat and add 1/2 tsp turmeric, 1 tsp Kashmiri red chili powder, 1 tsp coriander powder, and 1/2 tsp cumin powder. Stir constantly for 30 seconds so the spices bloom without burning.
6. Adding Base: Add the prepared Bhindi to the masala. Sauté on medium-high heat for 4-5 minutes to coat everything well and seal in the flavors.
7. Simmering: Pour in 1 to 1.5 cups of warm water (adjust for desired gravy consistency). Bring to a boil, then reduce heat to low, cover with a lid, and simmer. Cook until the Bhindi is completely tender (15 mins for veg/paneer, 30-45 mins for meat).
8. Final Garnish: Crush 1 tsp of Kasuri Methi (dried fenugreek leaves) between your palms and sprinkle it over the curry along with 1/2 tsp of garam masala. Garnish with freshly chopped cilantro and serve hot.",,True,2026-08-08T05:39:03.813225+00:00,Main Course
aa250096-453f-4f1f-abf5-9d6cfd6bbd33,bhindi-chettinad,Bhindi Chettinad,Hyderabadi,Bhindi,"500g Bhindi, washed and prepped
2-3 Green Chilies, slit
1 tsp Cumin Seeds
1/2 tsp Turmeric Powder
1 tsp Red Chili Powder
1 tsp Garam Masala
2 tbsp Oil or Ghee
Salt to taste
2 tbsp Fresh Coriander Leaves, chopped",Vegan,True,{},{All},"1. Preparation: Thoroughly wash and prepare Bhindi. If it's meat or paneer, marinate it with a little turmeric, red chili powder, salt, and lemon juice for 20 minutes. Finely chop 2 onions and puree 2 tomatoes.
2. Whole Spices (Tadka): Heat 3 tbsp of oil or ghee in a heavy-bottomed pan or pressure cooker over medium heat. Add cumin seeds, 1 bay leaf, 2-3 cloves, and a small cinnamon stick. Let them sizzle for 30 seconds to release their aroma.
3. Onion Base: Add the finely chopped onions and a pinch of salt. Sauté patiently for 8-10 minutes until they turn a deep golden brown.
4. Aromatics & Tomatoes: Add 1 tbsp of ginger-garlic paste and green chilies. Sauté for 1 minute until the raw smell goes away. Pour in the tomato puree and cook until the mixture thickens and oil starts separating from the edges (about 5-7 minutes).
5. Spice Powders: Lower the heat and add 1/2 tsp turmeric, 1 tsp Kashmiri red chili powder, 1 tsp coriander powder, and 1/2 tsp cumin powder. Stir constantly for 30 seconds so the spices bloom without burning.
6. Adding Base: Add the prepared Bhindi to the masala. Sauté on medium-high heat for 4-5 minutes to coat everything well and seal in the flavors.
7. Simmering: Pour in 1 to 1.5 cups of warm water (adjust for desired gravy consistency). Bring to a boil, then reduce heat to low, cover with a lid, and simmer. Cook until the Bhindi is completely tender (15 mins for veg/paneer, 30-45 mins for meat).
8. Final Garnish: Crush 1 tsp of Kasuri Methi (dried fenugreek leaves) between your palms and sprinkle it over the curry along with 1/2 tsp of garam masala. Garnish with freshly chopped cilantro and serve hot.",,True,2026-08-08T05:39:03.813262+00:00,Main Course
6a987279-4bab-4541-b4be-7eef31786f71,bhindi-do-pyaza,Bhindi Do Pyaza,Rajasthani,Bhindi,"500g Bhindi, washed and prepped
2-3 Green Chilies, slit
1 tsp Cumin Seeds
1/2 tsp Turmeric Powder
1 tsp Red Chili Powder
1 tsp Garam Masala
2 tbsp Oil or Ghee
Salt to taste
2 tbsp Fresh Coriander Leaves, chopped",Vegan,True,{},{All},"1. Preparation: Thoroughly wash and prepare Bhindi. If it's meat or paneer, marinate it with a little turmeric, red chili powder, salt, and lemon juice for 20 minutes. Finely chop 2 onions and puree 2 tomatoes.
2. Whole Spices (Tadka): Heat 3 tbsp of oil or ghee in a heavy-bottomed pan or pressure cooker over medium heat. Add cumin seeds, 1 bay leaf, 2-3 cloves, and a small cinnamon stick. Let them sizzle for 30 seconds to release their aroma.
3. Onion Base: Add the finely chopped onions and a pinch of salt. Sauté patiently for 8-10 minutes until they turn a deep golden brown.
4. Aromatics & Tomatoes: Add 1 tbsp of ginger-garlic paste and green chilies. Sauté for 1 minute until the raw smell goes away. Pour in the tomato puree and cook until the mixture thickens and oil starts separating from the edges (about 5-7 minutes).
5. Spice Powders: Lower the heat and add 1/2 tsp turmeric, 1 tsp Kashmiri red chili powder, 1 tsp coriander powder, and 1/2 tsp cumin powder. Stir constantly for 30 seconds so the spices bloom without burning.
6. Adding Base: Add the prepared Bhindi to the masala. Sauté on medium-high heat for 4-5 minutes to coat everything well and seal in the flavors.
7. Simmering: Pour in 1 to 1.5 cups of warm water (adjust for desired gravy consistency). Bring to a boil, then reduce heat to low, cover with a lid, and simmer. Cook until the Bhindi is completely tender (15 mins for veg/paneer, 30-45 mins for meat).
8. Final Garnish: Crush 1 tsp of Kasuri Methi (dried fenugreek leaves) between your palms and sprinkle it over the curry along with 1/2 tsp of garam masala. Garnish with freshly chopped cilantro and serve hot.",,True,2026-08-08T05:39:03.813286+00:00,Main Course
848bee4b-5807-405d-b7f9-39e9e158a5b6,bhindi-salna,Bhindi Salna,South Indian,Bhindi,"500g Bhindi, washed and prepped
2-3 Green Chilies, slit
1 tsp Cumin Seeds
1/2 tsp Turmeric Powder
1 tsp Red Chili Powder
1 tsp Garam Masala
2 tbsp Oil or Ghee
Salt to taste
2 tbsp Fresh Coriander Leaves, chopped",Vegetarian,True,{},{All},"1. Preparation: Thoroughly wash and prepare Bhindi. If it's meat or paneer, marinate it with a little turmeric, red chili powder, salt, and lemon juice for 20 minutes. Finely chop 2 onions and puree 2 tomatoes.
2. Whole Spices (Tadka): Heat 3 tbsp of oil or ghee in a heavy-bottomed pan or pressure cooker over medium heat. Add cumin seeds, 1 bay leaf, 2-3 cloves, and a small cinnamon stick. Let them sizzle for 30 seconds to release their aroma.
3. Onion Base: Add the finely chopped onions and a pinch of salt. Sauté patiently for 8-10 minutes until they turn a deep golden brown.
4. Aromatics & Tomatoes: Add 1 tbsp of ginger-garlic paste and green chilies. Sauté for 1 minute until the raw smell goes away. Pour in the tomato puree and cook until the mixture thickens and oil starts separating from the edges (about 5-7 minutes).
5. Spice Powders: Lower the heat and add 1/2 tsp turmeric, 1 tsp Kashmiri red chili powder, 1 tsp coriander powder, and 1/2 tsp cumin powder. Stir constantly for 30 seconds so the spices bloom without burning.
6. Adding Base: Add the prepared Bhindi to the masala. Sauté on medium-high heat for 4-5 minutes to coat everything well and seal in the flavors.
7. Simmering: Pour in 1 to 1.5 cups of warm water (adjust for desired gravy consistency). Bring to a boil, then reduce heat to low, cover with a lid, and simmer. Cook until the Bhindi is completely tender (15 mins for veg/paneer, 30-45 mins for meat).
8. Final Garnish: Crush 1 tsp of Kasuri Methi (dried fenugreek leaves) between your palms and sprinkle it over the curry along with 1/2 tsp of garam masala. Garnish with freshly chopped cilantro and serve hot.",,True,2026-08-08T05:39:03.813322+00:00,Main Course
3f11a22b-1119-44bd-bd6f-5712a1ca06d7,bhindi-kurma,Bhindi Kurma,Andhra,Bhindi,"500g Bhindi, washed and prepped
2 medium Onions, finely chopped
1 tbsp Ginger-Garlic Paste
2 medium Tomatoes, pureed or chopped
2-3 Green Chilies, slit
1 tsp Cumin Seeds
1/2 tsp Turmeric Powder
1 tsp Red Chili Powder
1 tsp Garam Masala
2 tbsp Oil or Ghee
Salt to taste
2 tbsp Fresh Coriander Leaves, chopped",Vegan,False,{Nuts},{All},"1. Preparation: Thoroughly wash and prepare Bhindi. If it's meat or paneer, marinate it with a little turmeric, red chili powder, salt, and lemon juice for 20 minutes. Finely chop 2 onions and puree 2 tomatoes.
2. Whole Spices (Tadka): Heat 3 tbsp of oil or ghee in a heavy-bottomed pan or pressure cooker over medium heat. Add cumin seeds, 1 bay leaf, 2-3 cloves, and a small cinnamon stick. Let them sizzle for 30 seconds to release their aroma.
3. Onion Base: Add the finely chopped onions and a pinch of salt. Sauté patiently for 8-10 minutes until they turn a deep golden brown.
4. Aromatics & Tomatoes: Add 1 tbsp of ginger-garlic paste and green chilies. Sauté for 1 minute until the raw smell goes away. Pour in the tomato puree and cook until the mixture thickens and oil starts separating from the edges (about 5-7 minutes).
5. Spice Powders: Lower the heat and add 1/2 tsp turmeric, 1 tsp Kashmiri red chili powder, 1 tsp coriander powder, and 1/2 tsp cumin powder. Stir constantly for 30 seconds so the spices bloom without burning.
6. Adding Base: Add the prepared Bhindi to the masala. Sauté on medium-high heat for 4-5 minutes to coat everything well and seal in the flavors.
7. Simmering: Pour in 1 to 1.5 cups of warm water (adjust for desired gravy consistency). Bring to a boil, then reduce heat to low, cover with a lid, and simmer. Cook until the Bhindi is completely tender (15 mins for veg/paneer, 30-45 mins for meat).
8. Final Garnish: Crush 1 tsp of Kasuri Methi (dried fenugreek leaves) between your palms and sprinkle it over the curry along with 1/2 tsp of garam masala. Garnish with freshly chopped cilantro and serve hot.",,True,2026-08-08T05:39:03.813353+00:00,Main Course
03e6353c-c825-4dca-b48b-0b036d0fcf47,baingan-curry,Baingan Curry,Gujarati,Baingan,"500g Baingan, washed and prepped
2-3 Green Chilies, slit
1 tsp Cumin Seeds
1/2 tsp Turmeric Powder
1 tsp Red Chili Powder
1 tsp Garam Masala
2 tbsp Oil or Ghee
Salt to taste
2 tbsp Fresh Coriander Leaves, chopped",Vegan,True,{},{All},"1. Preparation: Thoroughly wash and prepare Baingan. If it's meat or paneer, marinate it with a little turmeric, red chili powder, salt, and lemon juice for 20 minutes. Finely chop 2 onions and puree 2 tomatoes.
2. Whole Spices (Tadka): Heat 3 tbsp of oil or ghee in a heavy-bottomed pan or pressure cooker over medium heat. Add cumin seeds, 1 bay leaf, 2-3 cloves, and a small cinnamon stick. Let them sizzle for 30 seconds to release their aroma.
3. Onion Base: Add the finely chopped onions and a pinch of salt. Sauté patiently for 8-10 minutes until they turn a deep golden brown.
4. Aromatics & Tomatoes: Add 1 tbsp of ginger-garlic paste and green chilies. Sauté for 1 minute until the raw smell goes away. Pour in the tomato puree and cook until the mixture thickens and oil starts separating from the edges (about 5-7 minutes).
5. Spice Powders: Lower the heat and add 1/2 tsp turmeric, 1 tsp Kashmiri red chili powder, 1 tsp coriander powder, and 1/2 tsp cumin powder. Stir constantly for 30 seconds so the spices bloom without burning.
6. Adding Base: Add the prepared Baingan to the masala. Sauté on medium-high heat for 4-5 minutes to coat everything well and seal in the flavors.
7. Simmering: Pour in 1 to 1.5 cups of warm water (adjust for desired gravy consistency). Bring to a boil, then reduce heat to low, cover with a lid, and simmer. Cook until the Baingan is completely tender (15 mins for veg/paneer, 30-45 mins for meat).
8. Final Garnish: Crush 1 tsp of Kasuri Methi (dried fenugreek leaves) between your palms and sprinkle it over the curry along with 1/2 tsp of garam masala. Garnish with freshly chopped cilantro and serve hot.",,True,2026-08-08T05:39:03.813389+00:00,Main Course
44cd4ac0-474e-4744-8903-90d7455dade1,baingan-masala,Baingan Masala,Rajasthani,Baingan,"500g Baingan, washed and prepped
2 medium Onions, finely chopped
1 tbsp Ginger-Garlic Paste
2 medium Tomatoes, pureed or chopped
2-3 Green Chilies, slit
1 tsp Cumin Seeds
1/2 tsp Turmeric Powder
1 tsp Red Chili Powder
1 tsp Garam Masala
2 tbsp Oil or Ghee
Salt to taste
2 tbsp Fresh Coriander Leaves, chopped",Vegan,False,{},{All},"1. Preparation: Thoroughly wash and prepare Baingan. If it's meat or paneer, marinate it with a little turmeric, red chili powder, salt, and lemon juice for 20 minutes. Finely chop 2 onions and puree 2 tomatoes.
2. Whole Spices (Tadka): Heat 3 tbsp of oil or ghee in a heavy-bottomed pan or pressure cooker over medium heat. Add cumin seeds, 1 bay leaf, 2-3 cloves, and a small cinnamon stick. Let them sizzle for 30 seconds to release their aroma.
3. Onion Base: Add the finely chopped onions and a pinch of salt. Sauté patiently for 8-10 minutes until they turn a deep golden brown.
4. Aromatics & Tomatoes: Add 1 tbsp of ginger-garlic paste and green chilies. Sauté for 1 minute until the raw smell goes away. Pour in the tomato puree and cook until the mixture thickens and oil starts separating from the edges (about 5-7 minutes).
5. Spice Powders: Lower the heat and add 1/2 tsp turmeric, 1 tsp Kashmiri red chili powder, 1 tsp coriander powder, and 1/2 tsp cumin powder. Stir constantly for 30 seconds so the spices bloom without burning.
6. Adding Base: Add the prepared Baingan to the masala. Sauté on medium-high heat for 4-5 minutes to coat everything well and seal in the flavors.
7. Simmering: Pour in 1 to 1.5 cups of warm water (adjust for desired gravy consistency). Bring to a boil, then reduce heat to low, cover with a lid, and simmer. Cook until the Baingan is completely tender (15 mins for veg/paneer, 30-45 mins for meat).
8. Final Garnish: Crush 1 tsp of Kasuri Methi (dried fenugreek leaves) between your palms and sprinkle it over the curry along with 1/2 tsp of garam masala. Garnish with freshly chopped cilantro and serve hot.",,True,2026-08-08T05:39:03.813420+00:00,Main Course
c417243f-cf61-47a7-b698-6adffde8ccea,baingan-fry,Baingan Fry,Punjabi,Baingan,"500g Baingan, washed and prepped
2 medium Onions, finely chopped
1 tbsp Ginger-Garlic Paste
2 medium Tomatoes, pureed or chopped
2-3 Green Chilies, slit
1 tsp Cumin Seeds
1/2 tsp Turmeric Powder
1 tsp Red Chili Powder
1 tsp Garam Masala
2 tbsp Oil or Ghee
Salt to taste
2 tbsp Fresh Coriander Leaves, chopped",Vegan,False,{},{All},"1. Ingredient Prep: Wash, peel, and chop Baingan into even, bite-sized pieces. Finely chop onions, tomatoes, and slit green chilies.
2. Tempering (Tadka): Heat 2-3 tbsp of oil (mustard oil preferred for vegetables) in a wide pan. Add mustard seeds, cumin seeds, a pinch of hing (asafoetida), and curry leaves. Let them splutter.
3. Aromatics: Add chopped onions and sauté until translucent. Add ginger-garlic paste and sauté for another minute.
4. Main Ingredient Addition: Add the chopped Baingan along with a pinch of turmeric and salt. Mix well to coat with the oil and spices.
5. Searing/Cooking: Cook uncovered on medium-high heat for the first 5 minutes to get a slight sear. Then, reduce the heat, cover with a lid, and cook until Baingan is 80% tender. Stir occasionally to prevent sticking.
6. Spicing: Remove the lid and add dry spice powders (coriander powder, cumin powder, red chili powder, amchur/dry mango powder). Mix thoroughly.
7. Finishing: Sauté on medium heat for another 3-4 minutes to crisp up the edges. Finish with a sprinkle of garam masala and fresh coriander leaves. Serve hot as a side dish.",,True,2026-08-08T05:39:03.813444+00:00,Main Course
6bf271db-4d15-48dd-b3b4-02e4fb1abc85,baingan-roast,Baingan Roast,Punjabi,Baingan,"500g Baingan, washed and prepped
2 medium Onions, finely chopped
1 tbsp Ginger-Garlic Paste
2 medium Tomatoes, pureed or chopped
2-3 Green Chilies, slit
1 tsp Cumin Seeds
1/2 tsp Turmeric Powder
1 tsp Red Chili Powder
1 tsp Garam Masala
2 tbsp Oil or Ghee
Salt to taste
2 tbsp Fresh Coriander Leaves, chopped",Vegetarian,False,{},{All},"1. Ingredient Prep: Wash, peel, and chop Baingan into even, bite-sized pieces. Finely chop onions, tomatoes, and slit green chilies.
2. Tempering (Tadka): Heat 2-3 tbsp of oil (mustard oil preferred for vegetables) in a wide pan. Add mustard seeds, cumin seeds, a pinch of hing (asafoetida), and curry leaves. Let them splutter.
3. Aromatics: Add chopped onions and sauté until translucent. Add ginger-garlic paste and sauté for another minute.
4. Main Ingredient Addition: Add the chopped Baingan along with a pinch of turmeric and salt. Mix well to coat with the oil and spices.
5. Searing/Cooking: Cook uncovered on medium-high heat for the first 5 minutes to get a slight sear. Then, reduce the heat, cover with a lid, and cook until Baingan is 80% tender. Stir occasionally to prevent sticking.
6. Spicing: Remove the lid and add dry spice powders (coriander powder, cumin powder, red chili powder, amchur/dry mango powder). Mix thoroughly.
7. Finishing: Sauté on medium heat for another 3-4 minutes to crisp up the edges. Finish with a sprinkle of garam masala and fresh coriander leaves. Serve hot as a side dish.",,True,2026-08-08T05:39:03.813466+00:00,Main Course
fed3b4de-2d9f-4ee7-a25b-bc3a6532ac2b,baingan-tikka,Baingan Tikka,Awadhi,Baingan,"500g Baingan, washed and prepped
2 medium Onions, finely chopped
1 tbsp Ginger-Garlic Paste
2 medium Tomatoes, pureed or chopped
2-3 Green Chilies, slit
1 tsp Cumin Seeds
1/2 tsp Turmeric Powder
1 tsp Red Chili Powder
1 tsp Garam Masala
2 tbsp Oil or Ghee
Salt to taste
2 tbsp Fresh Coriander Leaves, chopped",Vegan,False,{},{All},"1. Ingredient Prep: Wash, peel, and chop Baingan into even, bite-sized pieces. Finely chop onions, tomatoes, and slit green chilies.
2. Tempering (Tadka): Heat 2-3 tbsp of oil (mustard oil preferred for vegetables) in a wide pan. Add mustard seeds, cumin seeds, a pinch of hing (asafoetida), and curry leaves. Let them splutter.
3. Aromatics: Add chopped onions and sauté until translucent. Add ginger-garlic paste and sauté for another minute.
4. Main Ingredient Addition: Add the chopped Baingan along with a pinch of turmeric and salt. Mix well to coat with the oil and spices.
5. Searing/Cooking: Cook uncovered on medium-high heat for the first 5 minutes to get a slight sear. Then, reduce the heat, cover with a lid, and cook until Baingan is 80% tender. Stir occasionally to prevent sticking.
6. Spicing: Remove the lid and add dry spice powders (coriander powder, cumin powder, red chili powder, amchur/dry mango powder). Mix thoroughly.
7. Finishing: Sauté on medium heat for another 3-4 minutes to crisp up the edges. Finish with a sprinkle of garam masala and fresh coriander leaves. Serve hot as a side dish.",,True,2026-08-08T05:39:03.813487+00:00,Main Course
8e9f581a-150a-4be9-91a8-cd9e48ba2c87,baingan-korma,Baingan Korma,Awadhi,Baingan,"500g Baingan, washed and prepped
2 medium Onions, finely chopped
1 tbsp Ginger-Garlic Paste
2 medium Tomatoes, pureed or chopped
2-3 Green Chilies, slit
1 tsp Cumin Seeds
1/2 tsp Turmeric Powder
1 tsp Red Chili Powder
1 tsp Garam Masala
2 tbsp Oil or Ghee
Salt to taste
2 tbsp Fresh Coriander Leaves, chopped",Vegan,False,{Nuts},{All},"1. Preparation: Thoroughly wash and prepare Baingan. If it's meat or paneer, marinate it with a little turmeric, red chili powder, salt, and lemon juice for 20 minutes. Finely chop 2 onions and puree 2 tomatoes.
2. Whole Spices (Tadka): Heat 3 tbsp of oil or ghee in a heavy-bottomed pan or pressure cooker over medium heat. Add cumin seeds, 1 bay leaf, 2-3 cloves, and a small cinnamon stick. Let them sizzle for 30 seconds to release their aroma.
3. Onion Base: Add the finely chopped onions and a pinch of salt. Sauté patiently for 8-10 minutes until they turn a deep golden brown.
4. Aromatics & Tomatoes: Add 1 tbsp of ginger-garlic paste and green chilies. Sauté for 1 minute until the raw smell goes away. Pour in the tomato puree and cook until the mixture thickens and oil starts separating from the edges (about 5-7 minutes).
5. Spice Powders: Lower the heat and add 1/2 tsp turmeric, 1 tsp Kashmiri red chili powder, 1 tsp coriander powder, and 1/2 tsp cumin powder. Stir constantly for 30 seconds so the spices bloom without burning.
6. Adding Base: Add the prepared Baingan to the masala. Sauté on medium-high heat for 4-5 minutes to coat everything well and seal in the flavors.
7. Simmering: Pour in 1 to 1.5 cups of warm water (adjust for desired gravy consistency). Bring to a boil, then reduce heat to low, cover with a lid, and simmer. Cook until the Baingan is completely tender (15 mins for veg/paneer, 30-45 mins for meat).
8. Final Garnish: Crush 1 tsp of Kasuri Methi (dried fenugreek leaves) between your palms and sprinkle it over the curry along with 1/2 tsp of garam masala. Garnish with freshly chopped cilantro and serve hot.",,True,2026-08-08T05:39:03.813526+00:00,Main Course
fa2fc611-758f-48d3-994d-10afe7c04fc4,baingan-makhani,Baingan Makhani,Andhra,Baingan,"500g Baingan, washed and prepped
2 medium Onions, finely chopped
1 tbsp Ginger-Garlic Paste
2 medium Tomatoes, pureed or chopped
2-3 Green Chilies, slit
1 tsp Cumin Seeds
1/2 tsp Turmeric Powder
1 tsp Red Chili Powder
1 tsp Garam Masala
3 tbsp Butter
1/4 cup Fresh Cream
1 tsp Kasuri Methi
Salt to taste
2 tbsp Fresh Coriander Leaves, chopped",Vegan,False,{Dairy},{All},"1. Preparation: Thoroughly wash and prepare Baingan. If it's meat or paneer, marinate it with a little turmeric, red chili powder, salt, and lemon juice for 20 minutes. Finely chop 2 onions and puree 2 tomatoes.
2. Whole Spices (Tadka): Heat 3 tbsp of oil or ghee in a heavy-bottomed pan or pressure cooker over medium heat. Add cumin seeds, 1 bay leaf, 2-3 cloves, and a small cinnamon stick. Let them sizzle for 30 seconds to release their aroma.
3. Onion Base: Add the finely chopped onions and a pinch of salt. Sauté patiently for 8-10 minutes until they turn a deep golden brown.
4. Aromatics & Tomatoes: Add 1 tbsp of ginger-garlic paste and green chilies. Sauté for 1 minute until the raw smell goes away. Pour in the tomato puree and cook until the mixture thickens and oil starts separating from the edges (about 5-7 minutes).
5. Spice Powders: Lower the heat and add 1/2 tsp turmeric, 1 tsp Kashmiri red chili powder, 1 tsp coriander powder, and 1/2 tsp cumin powder. Stir constantly for 30 seconds so the spices bloom without burning.
6. Adding Base: Add the prepared Baingan to the masala. Sauté on medium-high heat for 4-5 minutes to coat everything well and seal in the flavors.
7. Simmering: Pour in 1 to 1.5 cups of warm water (adjust for desired gravy consistency). Bring to a boil, then reduce heat to low, cover with a lid, and simmer. Cook until the Baingan is completely tender (15 mins for veg/paneer, 30-45 mins for meat).
8. Final Garnish: Crush 1 tsp of Kasuri Methi (dried fenugreek leaves) between your palms and sprinkle it over the curry along with 1/2 tsp of garam masala. Garnish with freshly chopped cilantro and serve hot.",,True,2026-08-08T05:39:03.813551+00:00,Main Course
62630df5-463d-4014-a285-3003d0dbb4c5,baingan-bhurji,Baingan Bhurji,Bengali,Baingan,"500g Baingan, washed and prepped
2-3 Green Chilies, slit
1 tsp Cumin Seeds
1/2 tsp Turmeric Powder
1 tsp Red Chili Powder
1 tsp Garam Masala
2 tbsp Oil or Ghee
Salt to taste
2 tbsp Fresh Coriander Leaves, chopped",Vegetarian,True,{},{All},"1. Ingredient Prep: Wash, peel, and chop Baingan into even, bite-sized pieces. Finely chop onions, tomatoes, and slit green chilies.
2. Tempering (Tadka): Heat 2-3 tbsp of oil (mustard oil preferred for vegetables) in a wide pan. Add mustard seeds, cumin seeds, a pinch of hing (asafoetida), and curry leaves. Let them splutter.
3. Aromatics: Add chopped onions and sauté until translucent. Add ginger-garlic paste and sauté for another minute.
4. Main Ingredient Addition: Add the chopped Baingan along with a pinch of turmeric and salt. Mix well to coat with the oil and spices.
5. Searing/Cooking: Cook uncovered on medium-high heat for the first 5 minutes to get a slight sear. Then, reduce the heat, cover with a lid, and cook until Baingan is 80% tender. Stir occasionally to prevent sticking.
6. Spicing: Remove the lid and add dry spice powders (coriander powder, cumin powder, red chili powder, amchur/dry mango powder). Mix thoroughly.
7. Finishing: Sauté on medium heat for another 3-4 minutes to crisp up the edges. Finish with a sprinkle of garam masala and fresh coriander leaves. Serve hot as a side dish.",,True,2026-08-08T05:39:03.813587+00:00,Main Course
f98acf62-0602-4bd0-b0a7-01fc7b07dc22,baingan-kofta,Baingan Kofta,Punjabi,Baingan,"500g Baingan, washed and prepped
2-3 Green Chilies, slit
1 tsp Cumin Seeds
1/2 tsp Turmeric Powder
1 tsp Red Chili Powder
1 tsp Garam Masala
2 tbsp Oil or Ghee
Salt to taste
2 tbsp Fresh Coriander Leaves, chopped",Vegan,True,{},{All},"1. Preparation: Thoroughly wash and prepare Baingan. If it's meat or paneer, marinate it with a little turmeric, red chili powder, salt, and lemon juice for 20 minutes. Finely chop 2 onions and puree 2 tomatoes.
2. Whole Spices (Tadka): Heat 3 tbsp of oil or ghee in a heavy-bottomed pan or pressure cooker over medium heat. Add cumin seeds, 1 bay leaf, 2-3 cloves, and a small cinnamon stick. Let them sizzle for 30 seconds to release their aroma.
3. Onion Base: Add the finely chopped onions and a pinch of salt. Sauté patiently for 8-10 minutes until they turn a deep golden brown.
4. Aromatics & Tomatoes: Add 1 tbsp of ginger-garlic paste and green chilies. Sauté for 1 minute until the raw smell goes away. Pour in the tomato puree and cook until the mixture thickens and oil starts separating from the edges (about 5-7 minutes).
5. Spice Powders: Lower the heat and add 1/2 tsp turmeric, 1 tsp Kashmiri red chili powder, 1 tsp coriander powder, and 1/2 tsp cumin powder. Stir constantly for 30 seconds so the spices bloom without burning.
6. Adding Base: Add the prepared Baingan to the masala. Sauté on medium-high heat for 4-5 minutes to coat everything well and seal in the flavors.
7. Simmering: Pour in 1 to 1.5 cups of warm water (adjust for desired gravy consistency). Bring to a boil, then reduce heat to low, cover with a lid, and simmer. Cook until the Baingan is completely tender (15 mins for veg/paneer, 30-45 mins for meat).
8. Final Garnish: Crush 1 tsp of Kasuri Methi (dried fenugreek leaves) between your palms and sprinkle it over the curry along with 1/2 tsp of garam masala. Garnish with freshly chopped cilantro and serve hot.",,True,2026-08-08T05:39:03.813611+00:00,Main Course
4d70b7e4-aa11-4af5-a916-04c95351d458,baingan-saag,Baingan Saag,South Indian,Baingan,"500g Baingan, washed and prepped
2-3 Green Chilies, slit
1 tsp Cumin Seeds
1/2 tsp Turmeric Powder
1 tsp Red Chili Powder
1 tsp Garam Masala
2 tbsp Oil or Ghee
Salt to taste
2 tbsp Fresh Coriander Leaves, chopped",Vegetarian,True,{},{All},"1. Preparation: Thoroughly wash and prepare Baingan. If it's meat or paneer, marinate it with a little turmeric, red chili powder, salt, and lemon juice for 20 minutes. Finely chop 2 onions and puree 2 tomatoes.
2. Whole Spices (Tadka): Heat 3 tbsp of oil or ghee in a heavy-bottomed pan or pressure cooker over medium heat. Add cumin seeds, 1 bay leaf, 2-3 cloves, and a small cinnamon stick. Let them sizzle for 30 seconds to release their aroma.
3. Onion Base: Add the finely chopped onions and a pinch of salt. Sauté patiently for 8-10 minutes until they turn a deep golden brown.
4. Aromatics & Tomatoes: Add 1 tbsp of ginger-garlic paste and green chilies. Sauté for 1 minute until the raw smell goes away. Pour in the tomato puree and cook until the mixture thickens and oil starts separating from the edges (about 5-7 minutes).
5. Spice Powders: Lower the heat and add 1/2 tsp turmeric, 1 tsp Kashmiri red chili powder, 1 tsp coriander powder, and 1/2 tsp cumin powder. Stir constantly for 30 seconds so the spices bloom without burning.
6. Adding Base: Add the prepared Baingan to the masala. Sauté on medium-high heat for 4-5 minutes to coat everything well and seal in the flavors.
7. Simmering: Pour in 1 to 1.5 cups of warm water (adjust for desired gravy consistency). Bring to a boil, then reduce heat to low, cover with a lid, and simmer. Cook until the Baingan is completely tender (15 mins for veg/paneer, 30-45 mins for meat).
8. Final Garnish: Crush 1 tsp of Kasuri Methi (dried fenugreek leaves) between your palms and sprinkle it over the curry along with 1/2 tsp of garam masala. Garnish with freshly chopped cilantro and serve hot.",,True,2026-08-08T05:39:03.813646+00:00,Main Course
0354d678-4c08-4b3e-bf9f-99ef918d0c3b,baingan-vindaloo,Baingan Vindaloo,South Indian,Baingan,"500g Baingan, washed and prepped
2-3 Green Chilies, slit
1 tsp Cumin Seeds
1/2 tsp Turmeric Powder
1 tsp Red Chili Powder
1 tsp Garam Masala
2 tbsp Oil or Ghee
Salt to taste
2 tbsp Fresh Coriander Leaves, chopped",Vegetarian,True,{},{All},"1. Preparation: Thoroughly wash and prepare Baingan. If it's meat or paneer, marinate it with a little turmeric, red chili powder, salt, and lemon juice for 20 minutes. Finely chop 2 onions and puree 2 tomatoes.
2. Whole Spices (Tadka): Heat 3 tbsp of oil or ghee in a heavy-bottomed pan or pressure cooker over medium heat. Add cumin seeds, 1 bay leaf, 2-3 cloves, and a small cinnamon stick. Let them sizzle for 30 seconds to release their aroma.
3. Onion Base: Add the finely chopped onions and a pinch of salt. Sauté patiently for 8-10 minutes until they turn a deep golden brown.
4. Aromatics & Tomatoes: Add 1 tbsp of ginger-garlic paste and green chilies. Sauté for 1 minute until the raw smell goes away. Pour in the tomato puree and cook until the mixture thickens and oil starts separating from the edges (about 5-7 minutes).
5. Spice Powders: Lower the heat and add 1/2 tsp turmeric, 1 tsp Kashmiri red chili powder, 1 tsp coriander powder, and 1/2 tsp cumin powder. Stir constantly for 30 seconds so the spices bloom without burning.
6. Adding Base: Add the prepared Baingan to the masala. Sauté on medium-high heat for 4-5 minutes to coat everything well and seal in the flavors.
7. Simmering: Pour in 1 to 1.5 cups of warm water (adjust for desired gravy consistency). Bring to a boil, then reduce heat to low, cover with a lid, and simmer. Cook until the Baingan is completely tender (15 mins for veg/paneer, 30-45 mins for meat).
8. Final Garnish: Crush 1 tsp of Kasuri Methi (dried fenugreek leaves) between your palms and sprinkle it over the curry along with 1/2 tsp of garam masala. Garnish with freshly chopped cilantro and serve hot.",,True,2026-08-08T05:39:03.813674+00:00,Main Course
f60920fa-cffb-4d4f-b835-958c76269ac6,baingan-chettinad,Baingan Chettinad,Goan,Baingan,"500g Baingan, washed and prepped
2 medium Onions, finely chopped
1 tbsp Ginger-Garlic Paste
2 medium Tomatoes, pureed or chopped
2-3 Green Chilies, slit
1 tsp Cumin Seeds
1/2 tsp Turmeric Powder
1 tsp Red Chili Powder
1 tsp Garam Masala
2 tbsp Oil or Ghee
Salt to taste
2 tbsp Fresh Coriander Leaves, chopped",Vegetarian,False,{},{All},"1. Preparation: Thoroughly wash and prepare Baingan. If it's meat or paneer, marinate it with a little turmeric, red chili powder, salt, and lemon juice for 20 minutes. Finely chop 2 onions and puree 2 tomatoes.
2. Whole Spices (Tadka): Heat 3 tbsp of oil or ghee in a heavy-bottomed pan or pressure cooker over medium heat. Add cumin seeds, 1 bay leaf, 2-3 cloves, and a small cinnamon stick. Let them sizzle for 30 seconds to release their aroma.
3. Onion Base: Add the finely chopped onions and a pinch of salt. Sauté patiently for 8-10 minutes until they turn a deep golden brown.
4. Aromatics & Tomatoes: Add 1 tbsp of ginger-garlic paste and green chilies. Sauté for 1 minute until the raw smell goes away. Pour in the tomato puree and cook until the mixture thickens and oil starts separating from the edges (about 5-7 minutes).
5. Spice Powders: Lower the heat and add 1/2 tsp turmeric, 1 tsp Kashmiri red chili powder, 1 tsp coriander powder, and 1/2 tsp cumin powder. Stir constantly for 30 seconds so the spices bloom without burning.
6. Adding Base: Add the prepared Baingan to the masala. Sauté on medium-high heat for 4-5 minutes to coat everything well and seal in the flavors.
7. Simmering: Pour in 1 to 1.5 cups of warm water (adjust for desired gravy consistency). Bring to a boil, then reduce heat to low, cover with a lid, and simmer. Cook until the Baingan is completely tender (15 mins for veg/paneer, 30-45 mins for meat).
8. Final Garnish: Crush 1 tsp of Kasuri Methi (dried fenugreek leaves) between your palms and sprinkle it over the curry along with 1/2 tsp of garam masala. Garnish with freshly chopped cilantro and serve hot.",,True,2026-08-08T05:39:03.813696+00:00,Main Course
3ba18e8e-e5c3-43b8-a1d6-270c2c936aa3,baingan-do-pyaza,Baingan Do Pyaza,Hyderabadi,Baingan,"500g Baingan, washed and prepped
2-3 Green Chilies, slit
1 tsp Cumin Seeds
1/2 tsp Turmeric Powder
1 tsp Red Chili Powder
1 tsp Garam Masala
2 tbsp Oil or Ghee
Salt to taste
2 tbsp Fresh Coriander Leaves, chopped",Vegan,True,{},{All},"1. Preparation: Thoroughly wash and prepare Baingan. If it's meat or paneer, marinate it with a little turmeric, red chili powder, salt, and lemon juice for 20 minutes. Finely chop 2 onions and puree 2 tomatoes.
2. Whole Spices (Tadka): Heat 3 tbsp of oil or ghee in a heavy-bottomed pan or pressure cooker over medium heat. Add cumin seeds, 1 bay leaf, 2-3 cloves, and a small cinnamon stick. Let them sizzle for 30 seconds to release their aroma.
3. Onion Base: Add the finely chopped onions and a pinch of salt. Sauté patiently for 8-10 minutes until they turn a deep golden brown.
4. Aromatics & Tomatoes: Add 1 tbsp of ginger-garlic paste and green chilies. Sauté for 1 minute until the raw smell goes away. Pour in the tomato puree and cook until the mixture thickens and oil starts separating from the edges (about 5-7 minutes).
5. Spice Powders: Lower the heat and add 1/2 tsp turmeric, 1 tsp Kashmiri red chili powder, 1 tsp coriander powder, and 1/2 tsp cumin powder. Stir constantly for 30 seconds so the spices bloom without burning.
6. Adding Base: Add the prepared Baingan to the masala. Sauté on medium-high heat for 4-5 minutes to coat everything well and seal in the flavors.
7. Simmering: Pour in 1 to 1.5 cups of warm water (adjust for desired gravy consistency). Bring to a boil, then reduce heat to low, cover with a lid, and simmer. Cook until the Baingan is completely tender (15 mins for veg/paneer, 30-45 mins for meat).
8. Final Garnish: Crush 1 tsp of Kasuri Methi (dried fenugreek leaves) between your palms and sprinkle it over the curry along with 1/2 tsp of garam masala. Garnish with freshly chopped cilantro and serve hot.",,True,2026-08-08T05:39:03.813718+00:00,Main Course
5ed9233a-0bd3-41c2-8105-68827659394d,baingan-salna,Baingan Salna,Andhra,Baingan,"500g Baingan, washed and prepped
2-3 Green Chilies, slit
1 tsp Cumin Seeds
1/2 tsp Turmeric Powder
1 tsp Red Chili Powder
1 tsp Garam Masala
2 tbsp Oil or Ghee
Salt to taste
2 tbsp Fresh Coriander Leaves, chopped",Vegetarian,True,{},{All},"1. Preparation: Thoroughly wash and prepare Baingan. If it's meat or paneer, marinate it with a little turmeric, red chili powder, salt, and lemon juice for 20 minutes. Finely chop 2 onions and puree 2 tomatoes.
2. Whole Spices (Tadka): Heat 3 tbsp of oil or ghee in a heavy-bottomed pan or pressure cooker over medium heat. Add cumin seeds, 1 bay leaf, 2-3 cloves, and a small cinnamon stick. Let them sizzle for 30 seconds to release their aroma.
3. Onion Base: Add the finely chopped onions and a pinch of salt. Sauté patiently for 8-10 minutes until they turn a deep golden brown.
4. Aromatics & Tomatoes: Add 1 tbsp of ginger-garlic paste and green chilies. Sauté for 1 minute until the raw smell goes away. Pour in the tomato puree and cook until the mixture thickens and oil starts separating from the edges (about 5-7 minutes).
5. Spice Powders: Lower the heat and add 1/2 tsp turmeric, 1 tsp Kashmiri red chili powder, 1 tsp coriander powder, and 1/2 tsp cumin powder. Stir constantly for 30 seconds so the spices bloom without burning.
6. Adding Base: Add the prepared Baingan to the masala. Sauté on medium-high heat for 4-5 minutes to coat everything well and seal in the flavors.
7. Simmering: Pour in 1 to 1.5 cups of warm water (adjust for desired gravy consistency). Bring to a boil, then reduce heat to low, cover with a lid, and simmer. Cook until the Baingan is completely tender (15 mins for veg/paneer, 30-45 mins for meat).
8. Final Garnish: Crush 1 tsp of Kasuri Methi (dried fenugreek leaves) between your palms and sprinkle it over the curry along with 1/2 tsp of garam masala. Garnish with freshly chopped cilantro and serve hot.",,True,2026-08-08T05:39:03.813739+00:00,Main Course
2e82bf9e-fc20-4fc8-bdaf-6b03f56e4183,baingan-kurma,Baingan Kurma,Rajasthani,Baingan,"500g Baingan, washed and prepped
2-3 Green Chilies, slit
1 tsp Cumin Seeds
1/2 tsp Turmeric Powder
1 tsp Red Chili Powder
1 tsp Garam Masala
2 tbsp Oil or Ghee
Salt to taste
2 tbsp Fresh Coriander Leaves, chopped",Vegan,True,{Nuts},{All},"1. Preparation: Thoroughly wash and prepare Baingan. If it's meat or paneer, marinate it with a little turmeric, red chili powder, salt, and lemon juice for 20 minutes. Finely chop 2 onions and puree 2 tomatoes.
2. Whole Spices (Tadka): Heat 3 tbsp of oil or ghee in a heavy-bottomed pan or pressure cooker over medium heat. Add cumin seeds, 1 bay leaf, 2-3 cloves, and a small cinnamon stick. Let them sizzle for 30 seconds to release their aroma.
3. Onion Base: Add the finely chopped onions and a pinch of salt. Sauté patiently for 8-10 minutes until they turn a deep golden brown.
4. Aromatics & Tomatoes: Add 1 tbsp of ginger-garlic paste and green chilies. Sauté for 1 minute until the raw smell goes away. Pour in the tomato puree and cook until the mixture thickens and oil starts separating from the edges (about 5-7 minutes).
5. Spice Powders: Lower the heat and add 1/2 tsp turmeric, 1 tsp Kashmiri red chili powder, 1 tsp coriander powder, and 1/2 tsp cumin powder. Stir constantly for 30 seconds so the spices bloom without burning.
6. Adding Base: Add the prepared Baingan to the masala. Sauté on medium-high heat for 4-5 minutes to coat everything well and seal in the flavors.
7. Simmering: Pour in 1 to 1.5 cups of warm water (adjust for desired gravy consistency). Bring to a boil, then reduce heat to low, cover with a lid, and simmer. Cook until the Baingan is completely tender (15 mins for veg/paneer, 30-45 mins for meat).
8. Final Garnish: Crush 1 tsp of Kasuri Methi (dried fenugreek leaves) between your palms and sprinkle it over the curry along with 1/2 tsp of garam masala. Garnish with freshly chopped cilantro and serve hot.",,True,2026-08-08T05:39:03.813776+00:00,Main Course
44777558-a2e2-449a-b0a3-e11e9b52aa28,palak-curry,Palak Curry,Andhra,Palak,"500g Palak, washed and prepped
2-3 Green Chilies, slit
1 tsp Cumin Seeds
1/2 tsp Turmeric Powder
1 tsp Red Chili Powder
1 tsp Garam Masala
2 tbsp Oil or Ghee
Salt to taste
2 tbsp Fresh Coriander Leaves, chopped",Vegan,True,{},{All},"1. Preparation: Thoroughly wash and prepare Palak. If it's meat or paneer, marinate it with a little turmeric, red chili powder, salt, and lemon juice for 20 minutes. Finely chop 2 onions and puree 2 tomatoes.
2. Whole Spices (Tadka): Heat 3 tbsp of oil or ghee in a heavy-bottomed pan or pressure cooker over medium heat. Add cumin seeds, 1 bay leaf, 2-3 cloves, and a small cinnamon stick. Let them sizzle for 30 seconds to release their aroma.
3. Onion Base: Add the finely chopped onions and a pinch of salt. Sauté patiently for 8-10 minutes until they turn a deep golden brown.
4. Aromatics & Tomatoes: Add 1 tbsp of ginger-garlic paste and green chilies. Sauté for 1 minute until the raw smell goes away. Pour in the tomato puree and cook until the mixture thickens and oil starts separating from the edges (about 5-7 minutes).
5. Spice Powders: Lower the heat and add 1/2 tsp turmeric, 1 tsp Kashmiri red chili powder, 1 tsp coriander powder, and 1/2 tsp cumin powder. Stir constantly for 30 seconds so the spices bloom without burning.
6. Adding Base: Add the prepared Palak to the masala. Sauté on medium-high heat for 4-5 minutes to coat everything well and seal in the flavors.
7. Simmering: Pour in 1 to 1.5 cups of warm water (adjust for desired gravy consistency). Bring to a boil, then reduce heat to low, cover with a lid, and simmer. Cook until the Palak is completely tender (15 mins for veg/paneer, 30-45 mins for meat).
8. Final Garnish: Crush 1 tsp of Kasuri Methi (dried fenugreek leaves) between your palms and sprinkle it over the curry along with 1/2 tsp of garam masala. Garnish with freshly chopped cilantro and serve hot.",,True,2026-08-08T05:39:03.813802+00:00,Main Course
ba0e4f3d-4cef-4279-8d29-0b7506eab4f6,palak-masala,Palak Masala,Tamil,Palak,"500g Palak, washed and prepped
2-3 Green Chilies, slit
1 tsp Cumin Seeds
1/2 tsp Turmeric Powder
1 tsp Red Chili Powder
1 tsp Garam Masala
2 tbsp Oil or Ghee
Salt to taste
2 tbsp Fresh Coriander Leaves, chopped",Vegan,True,{},{All},"1. Preparation: Thoroughly wash and prepare Palak. If it's meat or paneer, marinate it with a little turmeric, red chili powder, salt, and lemon juice for 20 minutes. Finely chop 2 onions and puree 2 tomatoes.
2. Whole Spices (Tadka): Heat 3 tbsp of oil or ghee in a heavy-bottomed pan or pressure cooker over medium heat. Add cumin seeds, 1 bay leaf, 2-3 cloves, and a small cinnamon stick. Let them sizzle for 30 seconds to release their aroma.
3. Onion Base: Add the finely chopped onions and a pinch of salt. Sauté patiently for 8-10 minutes until they turn a deep golden brown.
4. Aromatics & Tomatoes: Add 1 tbsp of ginger-garlic paste and green chilies. Sauté for 1 minute until the raw smell goes away. Pour in the tomato puree and cook until the mixture thickens and oil starts separating from the edges (about 5-7 minutes).
5. Spice Powders: Lower the heat and add 1/2 tsp turmeric, 1 tsp Kashmiri red chili powder, 1 tsp coriander powder, and 1/2 tsp cumin powder. Stir constantly for 30 seconds so the spices bloom without burning.
6. Adding Base: Add the prepared Palak to the masala. Sauté on medium-high heat for 4-5 minutes to coat everything well and seal in the flavors.
7. Simmering: Pour in 1 to 1.5 cups of warm water (adjust for desired gravy consistency). Bring to a boil, then reduce heat to low, cover with a lid, and simmer. Cook until the Palak is completely tender (15 mins for veg/paneer, 30-45 mins for meat).
8. Final Garnish: Crush 1 tsp of Kasuri Methi (dried fenugreek leaves) between your palms and sprinkle it over the curry along with 1/2 tsp of garam masala. Garnish with freshly chopped cilantro and serve hot.",,True,2026-08-08T05:39:03.813825+00:00,Main Course
84e8d64a-1a0f-4854-b501-00f60a227eb3,palak-fry,Palak Fry,Tamil,Palak,"500g Palak, washed and prepped
2-3 Green Chilies, slit
1 tsp Cumin Seeds
1/2 tsp Turmeric Powder
1 tsp Red Chili Powder
1 tsp Garam Masala
2 tbsp Oil or Ghee
Salt to taste
2 tbsp Fresh Coriander Leaves, chopped",Vegetarian,True,{},{All},"1. Ingredient Prep: Wash, peel, and chop Palak into even, bite-sized pieces. Finely chop onions, tomatoes, and slit green chilies.
2. Tempering (Tadka): Heat 2-3 tbsp of oil (mustard oil preferred for vegetables) in a wide pan. Add mustard seeds, cumin seeds, a pinch of hing (asafoetida), and curry leaves. Let them splutter.
3. Aromatics: Add chopped onions and sauté until translucent. Add ginger-garlic paste and sauté for another minute.
4. Main Ingredient Addition: Add the chopped Palak along with a pinch of turmeric and salt. Mix well to coat with the oil and spices.
5. Searing/Cooking: Cook uncovered on medium-high heat for the first 5 minutes to get a slight sear. Then, reduce the heat, cover with a lid, and cook until Palak is 80% tender. Stir occasionally to prevent sticking.
6. Spicing: Remove the lid and add dry spice powders (coriander powder, cumin powder, red chili powder, amchur/dry mango powder). Mix thoroughly.
7. Finishing: Sauté on medium heat for another 3-4 minutes to crisp up the edges. Finish with a sprinkle of garam masala and fresh coriander leaves. Serve hot as a side dish.",,True,2026-08-08T05:39:03.813846+00:00,Main Course
701d29b8-b073-4579-a1e3-340f3d6eec1a,palak-roast,Palak Roast,Goan,Palak,"500g Palak, washed and prepped
2-3 Green Chilies, slit
1 tsp Cumin Seeds
1/2 tsp Turmeric Powder
1 tsp Red Chili Powder
1 tsp Garam Masala
2 tbsp Oil or Ghee
Salt to taste
2 tbsp Fresh Coriander Leaves, chopped",Vegetarian,True,{},{All},"1. Ingredient Prep: Wash, peel, and chop Palak into even, bite-sized pieces. Finely chop onions, tomatoes, and slit green chilies.
2. Tempering (Tadka): Heat 2-3 tbsp of oil (mustard oil preferred for vegetables) in a wide pan. Add mustard seeds, cumin seeds, a pinch of hing (asafoetida), and curry leaves. Let them splutter.
3. Aromatics: Add chopped onions and sauté until translucent. Add ginger-garlic paste and sauté for another minute.
4. Main Ingredient Addition: Add the chopped Palak along with a pinch of turmeric and salt. Mix well to coat with the oil and spices.
5. Searing/Cooking: Cook uncovered on medium-high heat for the first 5 minutes to get a slight sear. Then, reduce the heat, cover with a lid, and cook until Palak is 80% tender. Stir occasionally to prevent sticking.
6. Spicing: Remove the lid and add dry spice powders (coriander powder, cumin powder, red chili powder, amchur/dry mango powder). Mix thoroughly.
7. Finishing: Sauté on medium heat for another 3-4 minutes to crisp up the edges. Finish with a sprinkle of garam masala and fresh coriander leaves. Serve hot as a side dish.",,True,2026-08-08T05:39:03.813887+00:00,Main Course
2e7ccfd5-cada-4b5b-9955-15c0ab83b29f,palak-tikka,Palak Tikka,Goan,Palak,"500g Palak, washed and prepped
2 medium Onions, finely chopped
1 tbsp Ginger-Garlic Paste
2 medium Tomatoes, pureed or chopped
2-3 Green Chilies, slit
1 tsp Cumin Seeds
1/2 tsp Turmeric Powder
1 tsp Red Chili Powder
1 tsp Garam Masala
2 tbsp Oil or Ghee
Salt to taste
2 tbsp Fresh Coriander Leaves, chopped",Vegan,False,{},{All},"1. Ingredient Prep: Wash, peel, and chop Palak into even, bite-sized pieces. Finely chop onions, tomatoes, and slit green chilies.
2. Tempering (Tadka): Heat 2-3 tbsp of oil (mustard oil preferred for vegetables) in a wide pan. Add mustard seeds, cumin seeds, a pinch of hing (asafoetida), and curry leaves. Let them splutter.
3. Aromatics: Add chopped onions and sauté until translucent. Add ginger-garlic paste and sauté for another minute.
4. Main Ingredient Addition: Add the chopped Palak along with a pinch of turmeric and salt. Mix well to coat with the oil and spices.
5. Searing/Cooking: Cook uncovered on medium-high heat for the first 5 minutes to get a slight sear. Then, reduce the heat, cover with a lid, and cook until Palak is 80% tender. Stir occasionally to prevent sticking.
6. Spicing: Remove the lid and add dry spice powders (coriander powder, cumin powder, red chili powder, amchur/dry mango powder). Mix thoroughly.
7. Finishing: Sauté on medium heat for another 3-4 minutes to crisp up the edges. Finish with a sprinkle of garam masala and fresh coriander leaves. Serve hot as a side dish.",,True,2026-08-08T05:39:03.813925+00:00,Main Course
5027e1cd-ae78-4fcf-b6cc-d391f823a194,palak-korma,Palak Korma,Hyderabadi,Palak,"500g Palak, washed and prepped
2 medium Onions, finely chopped
1 tbsp Ginger-Garlic Paste
2 medium Tomatoes, pureed or chopped
2-3 Green Chilies, slit
1 tsp Cumin Seeds
1/2 tsp Turmeric Powder
1 tsp Red Chili Powder
1 tsp Garam Masala
2 tbsp Oil or Ghee
Salt to taste
2 tbsp Fresh Coriander Leaves, chopped",Vegan,False,{Nuts},{All},"1. Preparation: Thoroughly wash and prepare Palak. If it's meat or paneer, marinate it with a little turmeric, red chili powder, salt, and lemon juice for 20 minutes. Finely chop 2 onions and puree 2 tomatoes.
2. Whole Spices (Tadka): Heat 3 tbsp of oil or ghee in a heavy-bottomed pan or pressure cooker over medium heat. Add cumin seeds, 1 bay leaf, 2-3 cloves, and a small cinnamon stick. Let them sizzle for 30 seconds to release their aroma.
3. Onion Base: Add the finely chopped onions and a pinch of salt. Sauté patiently for 8-10 minutes until they turn a deep golden brown.
4. Aromatics & Tomatoes: Add 1 tbsp of ginger-garlic paste and green chilies. Sauté for 1 minute until the raw smell goes away. Pour in the tomato puree and cook until the mixture thickens and oil starts separating from the edges (about 5-7 minutes).
5. Spice Powders: Lower the heat and add 1/2 tsp turmeric, 1 tsp Kashmiri red chili powder, 1 tsp coriander powder, and 1/2 tsp cumin powder. Stir constantly for 30 seconds so the spices bloom without burning.
6. Adding Base: Add the prepared Palak to the masala. Sauté on medium-high heat for 4-5 minutes to coat everything well and seal in the flavors.
7. Simmering: Pour in 1 to 1.5 cups of warm water (adjust for desired gravy consistency). Bring to a boil, then reduce heat to low, cover with a lid, and simmer. Cook until the Palak is completely tender (15 mins for veg/paneer, 30-45 mins for meat).
8. Final Garnish: Crush 1 tsp of Kasuri Methi (dried fenugreek leaves) between your palms and sprinkle it over the curry along with 1/2 tsp of garam masala. Garnish with freshly chopped cilantro and serve hot.",,True,2026-08-08T05:39:03.813955+00:00,Main Course
062ea2d2-8136-4e02-bd40-ed30981133d8,palak-makhani,Palak Makhani,South Indian,Palak,"500g Palak, washed and prepped
2 medium Onions, finely chopped
1 tbsp Ginger-Garlic Paste
2 medium Tomatoes, pureed or chopped
2-3 Green Chilies, slit
1 tsp Cumin Seeds
1/2 tsp Turmeric Powder
1 tsp Red Chili Powder
1 tsp Garam Masala
3 tbsp Butter
1/4 cup Fresh Cream
1 tsp Kasuri Methi
Salt to taste
2 tbsp Fresh Coriander Leaves, chopped",Vegan,False,{Dairy},{All},"1. Preparation: Thoroughly wash and prepare Palak. If it's meat or paneer, marinate it with a little turmeric, red chili powder, salt, and lemon juice for 20 minutes. Finely chop 2 onions and puree 2 tomatoes.
2. Whole Spices (Tadka): Heat 3 tbsp of oil or ghee in a heavy-bottomed pan or pressure cooker over medium heat. Add cumin seeds, 1 bay leaf, 2-3 cloves, and a small cinnamon stick. Let them sizzle for 30 seconds to release their aroma.
3. Onion Base: Add the finely chopped onions and a pinch of salt. Sauté patiently for 8-10 minutes until they turn a deep golden brown.
4. Aromatics & Tomatoes: Add 1 tbsp of ginger-garlic paste and green chilies. Sauté for 1 minute until the raw smell goes away. Pour in the tomato puree and cook until the mixture thickens and oil starts separating from the edges (about 5-7 minutes).
5. Spice Powders: Lower the heat and add 1/2 tsp turmeric, 1 tsp Kashmiri red chili powder, 1 tsp coriander powder, and 1/2 tsp cumin powder. Stir constantly for 30 seconds so the spices bloom without burning.
6. Adding Base: Add the prepared Palak to the masala. Sauté on medium-high heat for 4-5 minutes to coat everything well and seal in the flavors.
7. Simmering: Pour in 1 to 1.5 cups of warm water (adjust for desired gravy consistency). Bring to a boil, then reduce heat to low, cover with a lid, and simmer. Cook until the Palak is completely tender (15 mins for veg/paneer, 30-45 mins for meat).
8. Final Garnish: Crush 1 tsp of Kasuri Methi (dried fenugreek leaves) between your palms and sprinkle it over the curry along with 1/2 tsp of garam masala. Garnish with freshly chopped cilantro and serve hot.",,True,2026-08-08T05:39:03.813992+00:00,Main Course
dc2807b2-dbdb-4dd9-80cd-f6f6a7976526,palak-bhurji,Palak Bhurji,Rajasthani,Palak,"500g Palak, washed and prepped
2 medium Onions, finely chopped
1 tbsp Ginger-Garlic Paste
2 medium Tomatoes, pureed or chopped
2-3 Green Chilies, slit
1 tsp Cumin Seeds
1/2 tsp Turmeric Powder
1 tsp Red Chili Powder
1 tsp Garam Masala
2 tbsp Oil or Ghee
Salt to taste
2 tbsp Fresh Coriander Leaves, chopped",Vegetarian,False,{},{All},"1. Ingredient Prep: Wash, peel, and chop Palak into even, bite-sized pieces. Finely chop onions, tomatoes, and slit green chilies.
2. Tempering (Tadka): Heat 2-3 tbsp of oil (mustard oil preferred for vegetables) in a wide pan. Add mustard seeds, cumin seeds, a pinch of hing (asafoetida), and curry leaves. Let them splutter.
3. Aromatics: Add chopped onions and sauté until translucent. Add ginger-garlic paste and sauté for another minute.
4. Main Ingredient Addition: Add the chopped Palak along with a pinch of turmeric and salt. Mix well to coat with the oil and spices.
5. Searing/Cooking: Cook uncovered on medium-high heat for the first 5 minutes to get a slight sear. Then, reduce the heat, cover with a lid, and cook until Palak is 80% tender. Stir occasionally to prevent sticking.
6. Spicing: Remove the lid and add dry spice powders (coriander powder, cumin powder, red chili powder, amchur/dry mango powder). Mix thoroughly.
7. Finishing: Sauté on medium heat for another 3-4 minutes to crisp up the edges. Finish with a sprinkle of garam masala and fresh coriander leaves. Serve hot as a side dish.",,True,2026-08-08T05:39:03.814017+00:00,Main Course
4e169248-330a-4401-b0f9-33f2cbf43eda,palak-kofta,Palak Kofta,Kerala,Palak,"500g Palak, washed and prepped
2-3 Green Chilies, slit
1 tsp Cumin Seeds
1/2 tsp Turmeric Powder
1 tsp Red Chili Powder
1 tsp Garam Masala
2 tbsp Oil or Ghee
Salt to taste
2 tbsp Fresh Coriander Leaves, chopped",Vegetarian,True,{},{All},"1. Preparation: Thoroughly wash and prepare Palak. If it's meat or paneer, marinate it with a little turmeric, red chili powder, salt, and lemon juice for 20 minutes. Finely chop 2 onions and puree 2 tomatoes.
2. Whole Spices (Tadka): Heat 3 tbsp of oil or ghee in a heavy-bottomed pan or pressure cooker over medium heat. Add cumin seeds, 1 bay leaf, 2-3 cloves, and a small cinnamon stick. Let them sizzle for 30 seconds to release their aroma.
3. Onion Base: Add the finely chopped onions and a pinch of salt. Sauté patiently for 8-10 minutes until they turn a deep golden brown.
4. Aromatics & Tomatoes: Add 1 tbsp of ginger-garlic paste and green chilies. Sauté for 1 minute until the raw smell goes away. Pour in the tomato puree and cook until the mixture thickens and oil starts separating from the edges (about 5-7 minutes).
5. Spice Powders: Lower the heat and add 1/2 tsp turmeric, 1 tsp Kashmiri red chili powder, 1 tsp coriander powder, and 1/2 tsp cumin powder. Stir constantly for 30 seconds so the spices bloom without burning.
6. Adding Base: Add the prepared Palak to the masala. Sauté on medium-high heat for 4-5 minutes to coat everything well and seal in the flavors.
7. Simmering: Pour in 1 to 1.5 cups of warm water (adjust for desired gravy consistency). Bring to a boil, then reduce heat to low, cover with a lid, and simmer. Cook until the Palak is completely tender (15 mins for veg/paneer, 30-45 mins for meat).
8. Final Garnish: Crush 1 tsp of Kasuri Methi (dried fenugreek leaves) between your palms and sprinkle it over the curry along with 1/2 tsp of garam masala. Garnish with freshly chopped cilantro and serve hot.",,True,2026-08-08T05:39:03.814062+00:00,Main Course
c63b6cd9-06c0-4b71-ba0f-a16c822cd15a,palak-saag,Palak Saag,Awadhi,Palak,"500g Palak, washed and prepped
2-3 Green Chilies, slit
1 tsp Cumin Seeds
1/2 tsp Turmeric Powder
1 tsp Red Chili Powder
1 tsp Garam Masala
2 tbsp Oil or Ghee
Salt to taste
2 tbsp Fresh Coriander Leaves, chopped",Vegan,True,{},{All},"1. Preparation: Thoroughly wash and prepare Palak. If it's meat or paneer, marinate it with a little turmeric, red chili powder, salt, and lemon juice for 20 minutes. Finely chop 2 onions and puree 2 tomatoes.
2. Whole Spices (Tadka): Heat 3 tbsp of oil or ghee in a heavy-bottomed pan or pressure cooker over medium heat. Add cumin seeds, 1 bay leaf, 2-3 cloves, and a small cinnamon stick. Let them sizzle for 30 seconds to release their aroma.
3. Onion Base: Add the finely chopped onions and a pinch of salt. Sauté patiently for 8-10 minutes until they turn a deep golden brown.
4. Aromatics & Tomatoes: Add 1 tbsp of ginger-garlic paste and green chilies. Sauté for 1 minute until the raw smell goes away. Pour in the tomato puree and cook until the mixture thickens and oil starts separating from the edges (about 5-7 minutes).
5. Spice Powders: Lower the heat and add 1/2 tsp turmeric, 1 tsp Kashmiri red chili powder, 1 tsp coriander powder, and 1/2 tsp cumin powder. Stir constantly for 30 seconds so the spices bloom without burning.
6. Adding Base: Add the prepared Palak to the masala. Sauté on medium-high heat for 4-5 minutes to coat everything well and seal in the flavors.
7. Simmering: Pour in 1 to 1.5 cups of warm water (adjust for desired gravy consistency). Bring to a boil, then reduce heat to low, cover with a lid, and simmer. Cook until the Palak is completely tender (15 mins for veg/paneer, 30-45 mins for meat).
8. Final Garnish: Crush 1 tsp of Kasuri Methi (dried fenugreek leaves) between your palms and sprinkle it over the curry along with 1/2 tsp of garam masala. Garnish with freshly chopped cilantro and serve hot.",,True,2026-08-08T05:39:03.814092+00:00,Main Course
70e31d5f-01b4-4cfb-b23f-78978ac26a11,palak-vindaloo,Palak Vindaloo,Tamil,Palak,"500g Palak, washed and prepped
2 medium Onions, finely chopped
1 tbsp Ginger-Garlic Paste
2 medium Tomatoes, pureed or chopped
2-3 Green Chilies, slit
1 tsp Cumin Seeds
1/2 tsp Turmeric Powder
1 tsp Red Chili Powder
1 tsp Garam Masala
2 tbsp Oil or Ghee
Salt to taste
2 tbsp Fresh Coriander Leaves, chopped",Vegetarian,False,{},{All},"1. Preparation: Thoroughly wash and prepare Palak. If it's meat or paneer, marinate it with a little turmeric, red chili powder, salt, and lemon juice for 20 minutes. Finely chop 2 onions and puree 2 tomatoes.
2. Whole Spices (Tadka): Heat 3 tbsp of oil or ghee in a heavy-bottomed pan or pressure cooker over medium heat. Add cumin seeds, 1 bay leaf, 2-3 cloves, and a small cinnamon stick. Let them sizzle for 30 seconds to release their aroma.
3. Onion Base: Add the finely chopped onions and a pinch of salt. Sauté patiently for 8-10 minutes until they turn a deep golden brown.
4. Aromatics & Tomatoes: Add 1 tbsp of ginger-garlic paste and green chilies. Sauté for 1 minute until the raw smell goes away. Pour in the tomato puree and cook until the mixture thickens and oil starts separating from the edges (about 5-7 minutes).
5. Spice Powders: Lower the heat and add 1/2 tsp turmeric, 1 tsp Kashmiri red chili powder, 1 tsp coriander powder, and 1/2 tsp cumin powder. Stir constantly for 30 seconds so the spices bloom without burning.
6. Adding Base: Add the prepared Palak to the masala. Sauté on medium-high heat for 4-5 minutes to coat everything well and seal in the flavors.
7. Simmering: Pour in 1 to 1.5 cups of warm water (adjust for desired gravy consistency). Bring to a boil, then reduce heat to low, cover with a lid, and simmer. Cook until the Palak is completely tender (15 mins for veg/paneer, 30-45 mins for meat).
8. Final Garnish: Crush 1 tsp of Kasuri Methi (dried fenugreek leaves) between your palms and sprinkle it over the curry along with 1/2 tsp of garam masala. Garnish with freshly chopped cilantro and serve hot.",,True,2026-08-08T05:39:03.814128+00:00,Main Course
72dade3e-b762-4a27-8cd4-110d980d6eb8,palak-chettinad,Palak Chettinad,Tamil,Palak,"500g Palak, washed and prepped
2 medium Onions, finely chopped
1 tbsp Ginger-Garlic Paste
2 medium Tomatoes, pureed or chopped
2-3 Green Chilies, slit
1 tsp Cumin Seeds
1/2 tsp Turmeric Powder
1 tsp Red Chili Powder
1 tsp Garam Masala
2 tbsp Oil or Ghee
Salt to taste
2 tbsp Fresh Coriander Leaves, chopped",Vegetarian,False,{},{All},"1. Preparation: Thoroughly wash and prepare Palak. If it's meat or paneer, marinate it with a little turmeric, red chili powder, salt, and lemon juice for 20 minutes. Finely chop 2 onions and puree 2 tomatoes.
2. Whole Spices (Tadka): Heat 3 tbsp of oil or ghee in a heavy-bottomed pan or pressure cooker over medium heat. Add cumin seeds, 1 bay leaf, 2-3 cloves, and a small cinnamon stick. Let them sizzle for 30 seconds to release their aroma.
3. Onion Base: Add the finely chopped onions and a pinch of salt. Sauté patiently for 8-10 minutes until they turn a deep golden brown.
4. Aromatics & Tomatoes: Add 1 tbsp of ginger-garlic paste and green chilies. Sauté for 1 minute until the raw smell goes away. Pour in the tomato puree and cook until the mixture thickens and oil starts separating from the edges (about 5-7 minutes).
5. Spice Powders: Lower the heat and add 1/2 tsp turmeric, 1 tsp Kashmiri red chili powder, 1 tsp coriander powder, and 1/2 tsp cumin powder. Stir constantly for 30 seconds so the spices bloom without burning.
6. Adding Base: Add the prepared Palak to the masala. Sauté on medium-high heat for 4-5 minutes to coat everything well and seal in the flavors.
7. Simmering: Pour in 1 to 1.5 cups of warm water (adjust for desired gravy consistency). Bring to a boil, then reduce heat to low, cover with a lid, and simmer. Cook until the Palak is completely tender (15 mins for veg/paneer, 30-45 mins for meat).
8. Final Garnish: Crush 1 tsp of Kasuri Methi (dried fenugreek leaves) between your palms and sprinkle it over the curry along with 1/2 tsp of garam masala. Garnish with freshly chopped cilantro and serve hot.",,True,2026-08-08T05:39:03.814160+00:00,Main Course
5bda7479-1329-4fe8-88bc-5888bd8d1919,palak-do-pyaza,Palak Do Pyaza,Goan,Palak,"500g Palak, washed and prepped
2 medium Onions, finely chopped
1 tbsp Ginger-Garlic Paste
2 medium Tomatoes, pureed or chopped
2-3 Green Chilies, slit
1 tsp Cumin Seeds
1/2 tsp Turmeric Powder
1 tsp Red Chili Powder
1 tsp Garam Masala
2 tbsp Oil or Ghee
Salt to taste
2 tbsp Fresh Coriander Leaves, chopped",Vegan,False,{},{All},"1. Preparation: Thoroughly wash and prepare Palak. If it's meat or paneer, marinate it with a little turmeric, red chili powder, salt, and lemon juice for 20 minutes. Finely chop 2 onions and puree 2 tomatoes.
2. Whole Spices (Tadka): Heat 3 tbsp of oil or ghee in a heavy-bottomed pan or pressure cooker over medium heat. Add cumin seeds, 1 bay leaf, 2-3 cloves, and a small cinnamon stick. Let them sizzle for 30 seconds to release their aroma.
3. Onion Base: Add the finely chopped onions and a pinch of salt. Sauté patiently for 8-10 minutes until they turn a deep golden brown.
4. Aromatics & Tomatoes: Add 1 tbsp of ginger-garlic paste and green chilies. Sauté for 1 minute until the raw smell goes away. Pour in the tomato puree and cook until the mixture thickens and oil starts separating from the edges (about 5-7 minutes).
5. Spice Powders: Lower the heat and add 1/2 tsp turmeric, 1 tsp Kashmiri red chili powder, 1 tsp coriander powder, and 1/2 tsp cumin powder. Stir constantly for 30 seconds so the spices bloom without burning.
6. Adding Base: Add the prepared Palak to the masala. Sauté on medium-high heat for 4-5 minutes to coat everything well and seal in the flavors.
7. Simmering: Pour in 1 to 1.5 cups of warm water (adjust for desired gravy consistency). Bring to a boil, then reduce heat to low, cover with a lid, and simmer. Cook until the Palak is completely tender (15 mins for veg/paneer, 30-45 mins for meat).
8. Final Garnish: Crush 1 tsp of Kasuri Methi (dried fenugreek leaves) between your palms and sprinkle it over the curry along with 1/2 tsp of garam masala. Garnish with freshly chopped cilantro and serve hot.",,True,2026-08-08T05:39:03.814197+00:00,Main Course
1f0455f0-053c-4d70-bf46-5206d22f6f9d,palak-salna,Palak Salna,Goan,Palak,"500g Palak, washed and prepped
2-3 Green Chilies, slit
1 tsp Cumin Seeds
1/2 tsp Turmeric Powder
1 tsp Red Chili Powder
1 tsp Garam Masala
2 tbsp Oil or Ghee
Salt to taste
2 tbsp Fresh Coriander Leaves, chopped",Vegetarian,True,{},{All},"1. Preparation: Thoroughly wash and prepare Palak. If it's meat or paneer, marinate it with a little turmeric, red chili powder, salt, and lemon juice for 20 minutes. Finely chop 2 onions and puree 2 tomatoes.
2. Whole Spices (Tadka): Heat 3 tbsp of oil or ghee in a heavy-bottomed pan or pressure cooker over medium heat. Add cumin seeds, 1 bay leaf, 2-3 cloves, and a small cinnamon stick. Let them sizzle for 30 seconds to release their aroma.
3. Onion Base: Add the finely chopped onions and a pinch of salt. Sauté patiently for 8-10 minutes until they turn a deep golden brown.
4. Aromatics & Tomatoes: Add 1 tbsp of ginger-garlic paste and green chilies. Sauté for 1 minute until the raw smell goes away. Pour in the tomato puree and cook until the mixture thickens and oil starts separating from the edges (about 5-7 minutes).
5. Spice Powders: Lower the heat and add 1/2 tsp turmeric, 1 tsp Kashmiri red chili powder, 1 tsp coriander powder, and 1/2 tsp cumin powder. Stir constantly for 30 seconds so the spices bloom without burning.
6. Adding Base: Add the prepared Palak to the masala. Sauté on medium-high heat for 4-5 minutes to coat everything well and seal in the flavors.
7. Simmering: Pour in 1 to 1.5 cups of warm water (adjust for desired gravy consistency). Bring to a boil, then reduce heat to low, cover with a lid, and simmer. Cook until the Palak is completely tender (15 mins for veg/paneer, 30-45 mins for meat).
8. Final Garnish: Crush 1 tsp of Kasuri Methi (dried fenugreek leaves) between your palms and sprinkle it over the curry along with 1/2 tsp of garam masala. Garnish with freshly chopped cilantro and serve hot.",,True,2026-08-08T05:39:03.814233+00:00,Main Course
91ce71ba-5c63-4abc-ba1a-e06decb88f97,palak-kurma,Palak Kurma,Punjabi,Palak,"500g Palak, washed and prepped
2-3 Green Chilies, slit
1 tsp Cumin Seeds
1/2 tsp Turmeric Powder
1 tsp Red Chili Powder
1 tsp Garam Masala
2 tbsp Oil or Ghee
Salt to taste
2 tbsp Fresh Coriander Leaves, chopped",Vegan,True,{Nuts},{All},"1. Preparation: Thoroughly wash and prepare Palak. If it's meat or paneer, marinate it with a little turmeric, red chili powder, salt, and lemon juice for 20 minutes. Finely chop 2 onions and puree 2 tomatoes.
2. Whole Spices (Tadka): Heat 3 tbsp of oil or ghee in a heavy-bottomed pan or pressure cooker over medium heat. Add cumin seeds, 1 bay leaf, 2-3 cloves, and a small cinnamon stick. Let them sizzle for 30 seconds to release their aroma.
3. Onion Base: Add the finely chopped onions and a pinch of salt. Sauté patiently for 8-10 minutes until they turn a deep golden brown.
4. Aromatics & Tomatoes: Add 1 tbsp of ginger-garlic paste and green chilies. Sauté for 1 minute until the raw smell goes away. Pour in the tomato puree and cook until the mixture thickens and oil starts separating from the edges (about 5-7 minutes).
5. Spice Powders: Lower the heat and add 1/2 tsp turmeric, 1 tsp Kashmiri red chili powder, 1 tsp coriander powder, and 1/2 tsp cumin powder. Stir constantly for 30 seconds so the spices bloom without burning.
6. Adding Base: Add the prepared Palak to the masala. Sauté on medium-high heat for 4-5 minutes to coat everything well and seal in the flavors.
7. Simmering: Pour in 1 to 1.5 cups of warm water (adjust for desired gravy consistency). Bring to a boil, then reduce heat to low, cover with a lid, and simmer. Cook until the Palak is completely tender (15 mins for veg/paneer, 30-45 mins for meat).
8. Final Garnish: Crush 1 tsp of Kasuri Methi (dried fenugreek leaves) between your palms and sprinkle it over the curry along with 1/2 tsp of garam masala. Garnish with freshly chopped cilantro and serve hot.",,True,2026-08-08T05:39:03.814262+00:00,Main Course
84b8f2e3-ed48-4102-92e8-40d1c1ec7911,mushroom-curry,Mushroom Curry,Hyderabadi,Mushroom,"500g Mushroom, washed and prepped
2 medium Onions, finely chopped
1 tbsp Ginger-Garlic Paste
2 medium Tomatoes, pureed or chopped
2-3 Green Chilies, slit
1 tsp Cumin Seeds
1/2 tsp Turmeric Powder
1 tsp Red Chili Powder
1 tsp Garam Masala
2 tbsp Oil or Ghee
Salt to taste
2 tbsp Fresh Coriander Leaves, chopped",Vegetarian,False,{},{All},"1. Preparation: Thoroughly wash and prepare Mushroom. If it's meat or paneer, marinate it with a little turmeric, red chili powder, salt, and lemon juice for 20 minutes. Finely chop 2 onions and puree 2 tomatoes.
2. Whole Spices (Tadka): Heat 3 tbsp of oil or ghee in a heavy-bottomed pan or pressure cooker over medium heat. Add cumin seeds, 1 bay leaf, 2-3 cloves, and a small cinnamon stick. Let them sizzle for 30 seconds to release their aroma.
3. Onion Base: Add the finely chopped onions and a pinch of salt. Sauté patiently for 8-10 minutes until they turn a deep golden brown.
4. Aromatics & Tomatoes: Add 1 tbsp of ginger-garlic paste and green chilies. Sauté for 1 minute until the raw smell goes away. Pour in the tomato puree and cook until the mixture thickens and oil starts separating from the edges (about 5-7 minutes).
5. Spice Powders: Lower the heat and add 1/2 tsp turmeric, 1 tsp Kashmiri red chili powder, 1 tsp coriander powder, and 1/2 tsp cumin powder. Stir constantly for 30 seconds so the spices bloom without burning.
6. Adding Base: Add the prepared Mushroom to the masala. Sauté on medium-high heat for 4-5 minutes to coat everything well and seal in the flavors.
7. Simmering: Pour in 1 to 1.5 cups of warm water (adjust for desired gravy consistency). Bring to a boil, then reduce heat to low, cover with a lid, and simmer. Cook until the Mushroom is completely tender (15 mins for veg/paneer, 30-45 mins for meat).
8. Final Garnish: Crush 1 tsp of Kasuri Methi (dried fenugreek leaves) between your palms and sprinkle it over the curry along with 1/2 tsp of garam masala. Garnish with freshly chopped cilantro and serve hot.",,True,2026-08-08T05:39:03.814293+00:00,Main Course
b240489c-99ec-4d73-8fbd-918c90073f98,mushroom-masala,Mushroom Masala,Tamil,Mushroom,"500g Mushroom, washed and prepped
2 medium Onions, finely chopped
1 tbsp Ginger-Garlic Paste
2 medium Tomatoes, pureed or chopped
2-3 Green Chilies, slit
1 tsp Cumin Seeds
1/2 tsp Turmeric Powder
1 tsp Red Chili Powder
1 tsp Garam Masala
2 tbsp Oil or Ghee
Salt to taste
2 tbsp Fresh Coriander Leaves, chopped",Vegetarian,False,{},{All},"1. Preparation: Thoroughly wash and prepare Mushroom. If it's meat or paneer, marinate it with a little turmeric, red chili powder, salt, and lemon juice for 20 minutes. Finely chop 2 onions and puree 2 tomatoes.
2. Whole Spices (Tadka): Heat 3 tbsp of oil or ghee in a heavy-bottomed pan or pressure cooker over medium heat. Add cumin seeds, 1 bay leaf, 2-3 cloves, and a small cinnamon stick. Let them sizzle for 30 seconds to release their aroma.
3. Onion Base: Add the finely chopped onions and a pinch of salt. Sauté patiently for 8-10 minutes until they turn a deep golden brown.
4. Aromatics & Tomatoes: Add 1 tbsp of ginger-garlic paste and green chilies. Sauté for 1 minute until the raw smell goes away. Pour in the tomato puree and cook until the mixture thickens and oil starts separating from the edges (about 5-7 minutes).
5. Spice Powders: Lower the heat and add 1/2 tsp turmeric, 1 tsp Kashmiri red chili powder, 1 tsp coriander powder, and 1/2 tsp cumin powder. Stir constantly for 30 seconds so the spices bloom without burning.
6. Adding Base: Add the prepared Mushroom to the masala. Sauté on medium-high heat for 4-5 minutes to coat everything well and seal in the flavors.
7. Simmering: Pour in 1 to 1.5 cups of warm water (adjust for desired gravy consistency). Bring to a boil, then reduce heat to low, cover with a lid, and simmer. Cook until the Mushroom is completely tender (15 mins for veg/paneer, 30-45 mins for meat).
8. Final Garnish: Crush 1 tsp of Kasuri Methi (dried fenugreek leaves) between your palms and sprinkle it over the curry along with 1/2 tsp of garam masala. Garnish with freshly chopped cilantro and serve hot.",,True,2026-08-08T05:39:03.814329+00:00,Main Course
ab9a419e-b308-4449-882f-cde06324f85a,mushroom-fry,Mushroom Fry,Andhra,Mushroom,"500g Mushroom, washed and prepped
2 medium Onions, finely chopped
1 tbsp Ginger-Garlic Paste
2 medium Tomatoes, pureed or chopped
2-3 Green Chilies, slit
1 tsp Cumin Seeds
1/2 tsp Turmeric Powder
1 tsp Red Chili Powder
1 tsp Garam Masala
2 tbsp Oil or Ghee
Salt to taste
2 tbsp Fresh Coriander Leaves, chopped",Vegan,False,{},{All},"1. Ingredient Prep: Wash, peel, and chop Mushroom into even, bite-sized pieces. Finely chop onions, tomatoes, and slit green chilies.
2. Tempering (Tadka): Heat 2-3 tbsp of oil (mustard oil preferred for vegetables) in a wide pan. Add mustard seeds, cumin seeds, a pinch of hing (asafoetida), and curry leaves. Let them splutter.
3. Aromatics: Add chopped onions and sauté until translucent. Add ginger-garlic paste and sauté for another minute.
4. Main Ingredient Addition: Add the chopped Mushroom along with a pinch of turmeric and salt. Mix well to coat with the oil and spices.
5. Searing/Cooking: Cook uncovered on medium-high heat for the first 5 minutes to get a slight sear. Then, reduce the heat, cover with a lid, and cook until Mushroom is 80% tender. Stir occasionally to prevent sticking.
6. Spicing: Remove the lid and add dry spice powders (coriander powder, cumin powder, red chili powder, amchur/dry mango powder). Mix thoroughly.
7. Finishing: Sauté on medium heat for another 3-4 minutes to crisp up the edges. Finish with a sprinkle of garam masala and fresh coriander leaves. Serve hot as a side dish.",,True,2026-08-08T05:39:03.814353+00:00,Main Course
02d1a343-57bc-42e0-a283-1db3b0aec582,mushroom-roast,Mushroom Roast,Kerala,Mushroom,"500g Mushroom, washed and prepped
2 medium Onions, finely chopped
1 tbsp Ginger-Garlic Paste
2 medium Tomatoes, pureed or chopped
2-3 Green Chilies, slit
1 tsp Cumin Seeds
1/2 tsp Turmeric Powder
1 tsp Red Chili Powder
1 tsp Garam Masala
2 tbsp Oil or Ghee
Salt to taste
2 tbsp Fresh Coriander Leaves, chopped",Vegetarian,False,{},{All},"1. Ingredient Prep: Wash, peel, and chop Mushroom into even, bite-sized pieces. Finely chop onions, tomatoes, and slit green chilies.
2. Tempering (Tadka): Heat 2-3 tbsp of oil (mustard oil preferred for vegetables) in a wide pan. Add mustard seeds, cumin seeds, a pinch of hing (asafoetida), and curry leaves. Let them splutter.
3. Aromatics: Add chopped onions and sauté until translucent. Add ginger-garlic paste and sauté for another minute.
4. Main Ingredient Addition: Add the chopped Mushroom along with a pinch of turmeric and salt. Mix well to coat with the oil and spices.
5. Searing/Cooking: Cook uncovered on medium-high heat for the first 5 minutes to get a slight sear. Then, reduce the heat, cover with a lid, and cook until Mushroom is 80% tender. Stir occasionally to prevent sticking.
6. Spicing: Remove the lid and add dry spice powders (coriander powder, cumin powder, red chili powder, amchur/dry mango powder). Mix thoroughly.
7. Finishing: Sauté on medium heat for another 3-4 minutes to crisp up the edges. Finish with a sprinkle of garam masala and fresh coriander leaves. Serve hot as a side dish.",,True,2026-08-08T05:39:03.814384+00:00,Main Course
cd781c8d-39ca-4b48-94ab-ac56b7042abe,mushroom-tikka,Mushroom Tikka,South Indian,Mushroom,"500g Mushroom, washed and prepped
2 medium Onions, finely chopped
1 tbsp Ginger-Garlic Paste
2 medium Tomatoes, pureed or chopped
2-3 Green Chilies, slit
1 tsp Cumin Seeds
1/2 tsp Turmeric Powder
1 tsp Red Chili Powder
1 tsp Garam Masala
2 tbsp Oil or Ghee
Salt to taste
2 tbsp Fresh Coriander Leaves, chopped",Vegan,False,{},{All},"1. Ingredient Prep: Wash, peel, and chop Mushroom into even, bite-sized pieces. Finely chop onions, tomatoes, and slit green chilies.
2. Tempering (Tadka): Heat 2-3 tbsp of oil (mustard oil preferred for vegetables) in a wide pan. Add mustard seeds, cumin seeds, a pinch of hing (asafoetida), and curry leaves. Let them splutter.
3. Aromatics: Add chopped onions and sauté until translucent. Add ginger-garlic paste and sauté for another minute.
4. Main Ingredient Addition: Add the chopped Mushroom along with a pinch of turmeric and salt. Mix well to coat with the oil and spices.
5. Searing/Cooking: Cook uncovered on medium-high heat for the first 5 minutes to get a slight sear. Then, reduce the heat, cover with a lid, and cook until Mushroom is 80% tender. Stir occasionally to prevent sticking.
6. Spicing: Remove the lid and add dry spice powders (coriander powder, cumin powder, red chili powder, amchur/dry mango powder). Mix thoroughly.
7. Finishing: Sauté on medium heat for another 3-4 minutes to crisp up the edges. Finish with a sprinkle of garam masala and fresh coriander leaves. Serve hot as a side dish.",,True,2026-08-08T05:39:03.814422+00:00,Main Course
91c49f51-6b8c-4c0d-8853-e2e3579bacc9,mushroom-korma,Mushroom Korma,Hyderabadi,Mushroom,"500g Mushroom, washed and prepped
2 medium Onions, finely chopped
1 tbsp Ginger-Garlic Paste
2 medium Tomatoes, pureed or chopped
2-3 Green Chilies, slit
1 tsp Cumin Seeds
1/2 tsp Turmeric Powder
1 tsp Red Chili Powder
1 tsp Garam Masala
2 tbsp Oil or Ghee
Salt to taste
2 tbsp Fresh Coriander Leaves, chopped",Vegan,False,{Nuts},{All},"1. Preparation: Thoroughly wash and prepare Mushroom. If it's meat or paneer, marinate it with a little turmeric, red chili powder, salt, and lemon juice for 20 minutes. Finely chop 2 onions and puree 2 tomatoes.
2. Whole Spices (Tadka): Heat 3 tbsp of oil or ghee in a heavy-bottomed pan or pressure cooker over medium heat. Add cumin seeds, 1 bay leaf, 2-3 cloves, and a small cinnamon stick. Let them sizzle for 30 seconds to release their aroma.
3. Onion Base: Add the finely chopped onions and a pinch of salt. Sauté patiently for 8-10 minutes until they turn a deep golden brown.
4. Aromatics & Tomatoes: Add 1 tbsp of ginger-garlic paste and green chilies. Sauté for 1 minute until the raw smell goes away. Pour in the tomato puree and cook until the mixture thickens and oil starts separating from the edges (about 5-7 minutes).
5. Spice Powders: Lower the heat and add 1/2 tsp turmeric, 1 tsp Kashmiri red chili powder, 1 tsp coriander powder, and 1/2 tsp cumin powder. Stir constantly for 30 seconds so the spices bloom without burning.
6. Adding Base: Add the prepared Mushroom to the masala. Sauté on medium-high heat for 4-5 minutes to coat everything well and seal in the flavors.
7. Simmering: Pour in 1 to 1.5 cups of warm water (adjust for desired gravy consistency). Bring to a boil, then reduce heat to low, cover with a lid, and simmer. Cook until the Mushroom is completely tender (15 mins for veg/paneer, 30-45 mins for meat).
8. Final Garnish: Crush 1 tsp of Kasuri Methi (dried fenugreek leaves) between your palms and sprinkle it over the curry along with 1/2 tsp of garam masala. Garnish with freshly chopped cilantro and serve hot.",,True,2026-08-08T05:39:03.814460+00:00,Main Course
febdfe2d-c1a4-4be2-98c0-a7b89ea370c3,mushroom-makhani,Mushroom Makhani,Gujarati,Mushroom,"500g Mushroom, washed and prepped
2 medium Onions, finely chopped
1 tbsp Ginger-Garlic Paste
2 medium Tomatoes, pureed or chopped
2-3 Green Chilies, slit
1 tsp Cumin Seeds
1/2 tsp Turmeric Powder
1 tsp Red Chili Powder
1 tsp Garam Masala
3 tbsp Butter
1/4 cup Fresh Cream
1 tsp Kasuri Methi
Salt to taste
2 tbsp Fresh Coriander Leaves, chopped",Vegetarian,False,{Dairy},{All},"1. Preparation: Thoroughly wash and prepare Mushroom. If it's meat or paneer, marinate it with a little turmeric, red chili powder, salt, and lemon juice for 20 minutes. Finely chop 2 onions and puree 2 tomatoes.
2. Whole Spices (Tadka): Heat 3 tbsp of oil or ghee in a heavy-bottomed pan or pressure cooker over medium heat. Add cumin seeds, 1 bay leaf, 2-3 cloves, and a small cinnamon stick. Let them sizzle for 30 seconds to release their aroma.
3. Onion Base: Add the finely chopped onions and a pinch of salt. Sauté patiently for 8-10 minutes until they turn a deep golden brown.
4. Aromatics & Tomatoes: Add 1 tbsp of ginger-garlic paste and green chilies. Sauté for 1 minute until the raw smell goes away. Pour in the tomato puree and cook until the mixture thickens and oil starts separating from the edges (about 5-7 minutes).
5. Spice Powders: Lower the heat and add 1/2 tsp turmeric, 1 tsp Kashmiri red chili powder, 1 tsp coriander powder, and 1/2 tsp cumin powder. Stir constantly for 30 seconds so the spices bloom without burning.
6. Adding Base: Add the prepared Mushroom to the masala. Sauté on medium-high heat for 4-5 minutes to coat everything well and seal in the flavors.
7. Simmering: Pour in 1 to 1.5 cups of warm water (adjust for desired gravy consistency). Bring to a boil, then reduce heat to low, cover with a lid, and simmer. Cook until the Mushroom is completely tender (15 mins for veg/paneer, 30-45 mins for meat).
8. Final Garnish: Crush 1 tsp of Kasuri Methi (dried fenugreek leaves) between your palms and sprinkle it over the curry along with 1/2 tsp of garam masala. Garnish with freshly chopped cilantro and serve hot.",,True,2026-08-08T05:39:03.814488+00:00,Main Course
78a207fc-6a98-4d74-b244-55af7b1214e2,mushroom-bhurji,Mushroom Bhurji,Gujarati,Mushroom,"500g Mushroom, washed and prepped
2 medium Onions, finely chopped
1 tbsp Ginger-Garlic Paste
2 medium Tomatoes, pureed or chopped
2-3 Green Chilies, slit
1 tsp Cumin Seeds
1/2 tsp Turmeric Powder
1 tsp Red Chili Powder
1 tsp Garam Masala
2 tbsp Oil or Ghee
Salt to taste
2 tbsp Fresh Coriander Leaves, chopped",Vegetarian,False,{},{All},"1. Ingredient Prep: Wash, peel, and chop Mushroom into even, bite-sized pieces. Finely chop onions, tomatoes, and slit green chilies.
2. Tempering (Tadka): Heat 2-3 tbsp of oil (mustard oil preferred for vegetables) in a wide pan. Add mustard seeds, cumin seeds, a pinch of hing (asafoetida), and curry leaves. Let them splutter.
3. Aromatics: Add chopped onions and sauté until translucent. Add ginger-garlic paste and sauté for another minute.
4. Main Ingredient Addition: Add the chopped Mushroom along with a pinch of turmeric and salt. Mix well to coat with the oil and spices.
5. Searing/Cooking: Cook uncovered on medium-high heat for the first 5 minutes to get a slight sear. Then, reduce the heat, cover with a lid, and cook until Mushroom is 80% tender. Stir occasionally to prevent sticking.
6. Spicing: Remove the lid and add dry spice powders (coriander powder, cumin powder, red chili powder, amchur/dry mango powder). Mix thoroughly.
7. Finishing: Sauté on medium heat for another 3-4 minutes to crisp up the edges. Finish with a sprinkle of garam masala and fresh coriander leaves. Serve hot as a side dish.",,True,2026-08-08T05:39:03.814519+00:00,Main Course
cf40d337-a991-4938-be11-faee40f56ef2,mushroom-kofta,Mushroom Kofta,South Indian,Mushroom,"500g Mushroom, washed and prepped
2 medium Onions, finely chopped
1 tbsp Ginger-Garlic Paste
2 medium Tomatoes, pureed or chopped
2-3 Green Chilies, slit
1 tsp Cumin Seeds
1/2 tsp Turmeric Powder
1 tsp Red Chili Powder
1 tsp Garam Masala
2 tbsp Oil or Ghee
Salt to taste
2 tbsp Fresh Coriander Leaves, chopped",Vegan,False,{},{All},"1. Preparation: Thoroughly wash and prepare Mushroom. If it's meat or paneer, marinate it with a little turmeric, red chili powder, salt, and lemon juice for 20 minutes. Finely chop 2 onions and puree 2 tomatoes.
2. Whole Spices (Tadka): Heat 3 tbsp of oil or ghee in a heavy-bottomed pan or pressure cooker over medium heat. Add cumin seeds, 1 bay leaf, 2-3 cloves, and a small cinnamon stick. Let them sizzle for 30 seconds to release their aroma.
3. Onion Base: Add the finely chopped onions and a pinch of salt. Sauté patiently for 8-10 minutes until they turn a deep golden brown.
4. Aromatics & Tomatoes: Add 1 tbsp of ginger-garlic paste and green chilies. Sauté for 1 minute until the raw smell goes away. Pour in the tomato puree and cook until the mixture thickens and oil starts separating from the edges (about 5-7 minutes).
5. Spice Powders: Lower the heat and add 1/2 tsp turmeric, 1 tsp Kashmiri red chili powder, 1 tsp coriander powder, and 1/2 tsp cumin powder. Stir constantly for 30 seconds so the spices bloom without burning.
6. Adding Base: Add the prepared Mushroom to the masala. Sauté on medium-high heat for 4-5 minutes to coat everything well and seal in the flavors.
7. Simmering: Pour in 1 to 1.5 cups of warm water (adjust for desired gravy consistency). Bring to a boil, then reduce heat to low, cover with a lid, and simmer. Cook until the Mushroom is completely tender (15 mins for veg/paneer, 30-45 mins for meat).
8. Final Garnish: Crush 1 tsp of Kasuri Methi (dried fenugreek leaves) between your palms and sprinkle it over the curry along with 1/2 tsp of garam masala. Garnish with freshly chopped cilantro and serve hot.",,True,2026-08-08T05:39:03.814541+00:00,Main Course
4945feb4-4083-4049-bfd0-9b6345252f70,mushroom-saag,Mushroom Saag,South Indian,Mushroom,"500g Mushroom, washed and prepped
2 medium Onions, finely chopped
1 tbsp Ginger-Garlic Paste
2 medium Tomatoes, pureed or chopped
2-3 Green Chilies, slit
1 tsp Cumin Seeds
1/2 tsp Turmeric Powder
1 tsp Red Chili Powder
1 tsp Garam Masala
2 tbsp Oil or Ghee
Salt to taste
2 tbsp Fresh Coriander Leaves, chopped",Vegetarian,False,{},{All},"1. Preparation: Thoroughly wash and prepare Mushroom. If it's meat or paneer, marinate it with a little turmeric, red chili powder, salt, and lemon juice for 20 minutes. Finely chop 2 onions and puree 2 tomatoes.
2. Whole Spices (Tadka): Heat 3 tbsp of oil or ghee in a heavy-bottomed pan or pressure cooker over medium heat. Add cumin seeds, 1 bay leaf, 2-3 cloves, and a small cinnamon stick. Let them sizzle for 30 seconds to release their aroma.
3. Onion Base: Add the finely chopped onions and a pinch of salt. Sauté patiently for 8-10 minutes until they turn a deep golden brown.
4. Aromatics & Tomatoes: Add 1 tbsp of ginger-garlic paste and green chilies. Sauté for 1 minute until the raw smell goes away. Pour in the tomato puree and cook until the mixture thickens and oil starts separating from the edges (about 5-7 minutes).
5. Spice Powders: Lower the heat and add 1/2 tsp turmeric, 1 tsp Kashmiri red chili powder, 1 tsp coriander powder, and 1/2 tsp cumin powder. Stir constantly for 30 seconds so the spices bloom without burning.
6. Adding Base: Add the prepared Mushroom to the masala. Sauté on medium-high heat for 4-5 minutes to coat everything well and seal in the flavors.
7. Simmering: Pour in 1 to 1.5 cups of warm water (adjust for desired gravy consistency). Bring to a boil, then reduce heat to low, cover with a lid, and simmer. Cook until the Mushroom is completely tender (15 mins for veg/paneer, 30-45 mins for meat).
8. Final Garnish: Crush 1 tsp of Kasuri Methi (dried fenugreek leaves) between your palms and sprinkle it over the curry along with 1/2 tsp of garam masala. Garnish with freshly chopped cilantro and serve hot.",,True,2026-08-08T05:39:03.814563+00:00,Main Course
f12132f0-b11d-4bef-8b7a-a3ad49604123,mushroom-vindaloo,Mushroom Vindaloo,Punjabi,Mushroom,"500g Mushroom, washed and prepped
2 medium Onions, finely chopped
1 tbsp Ginger-Garlic Paste
2 medium Tomatoes, pureed or chopped
2-3 Green Chilies, slit
1 tsp Cumin Seeds
1/2 tsp Turmeric Powder
1 tsp Red Chili Powder
1 tsp Garam Masala
2 tbsp Oil or Ghee
Salt to taste
2 tbsp Fresh Coriander Leaves, chopped",Vegan,False,{},{All},"1. Preparation: Thoroughly wash and prepare Mushroom. If it's meat or paneer, marinate it with a little turmeric, red chili powder, salt, and lemon juice for 20 minutes. Finely chop 2 onions and puree 2 tomatoes.
2. Whole Spices (Tadka): Heat 3 tbsp of oil or ghee in a heavy-bottomed pan or pressure cooker over medium heat. Add cumin seeds, 1 bay leaf, 2-3 cloves, and a small cinnamon stick. Let them sizzle for 30 seconds to release their aroma.
3. Onion Base: Add the finely chopped onions and a pinch of salt. Sauté patiently for 8-10 minutes until they turn a deep golden brown.
4. Aromatics & Tomatoes: Add 1 tbsp of ginger-garlic paste and green chilies. Sauté for 1 minute until the raw smell goes away. Pour in the tomato puree and cook until the mixture thickens and oil starts separating from the edges (about 5-7 minutes).
5. Spice Powders: Lower the heat and add 1/2 tsp turmeric, 1 tsp Kashmiri red chili powder, 1 tsp coriander powder, and 1/2 tsp cumin powder. Stir constantly for 30 seconds so the spices bloom without burning.
6. Adding Base: Add the prepared Mushroom to the masala. Sauté on medium-high heat for 4-5 minutes to coat everything well and seal in the flavors.
7. Simmering: Pour in 1 to 1.5 cups of warm water (adjust for desired gravy consistency). Bring to a boil, then reduce heat to low, cover with a lid, and simmer. Cook until the Mushroom is completely tender (15 mins for veg/paneer, 30-45 mins for meat).
8. Final Garnish: Crush 1 tsp of Kasuri Methi (dried fenugreek leaves) between your palms and sprinkle it over the curry along with 1/2 tsp of garam masala. Garnish with freshly chopped cilantro and serve hot.",,True,2026-08-08T05:39:03.814600+00:00,Main Course
8920b928-909a-4ad4-9a63-cff847744fba,mushroom-chettinad,Mushroom Chettinad,Tamil,Mushroom,"500g Mushroom, washed and prepped
2 medium Onions, finely chopped
1 tbsp Ginger-Garlic Paste
2 medium Tomatoes, pureed or chopped
2-3 Green Chilies, slit
1 tsp Cumin Seeds
1/2 tsp Turmeric Powder
1 tsp Red Chili Powder
1 tsp Garam Masala
2 tbsp Oil or Ghee
Salt to taste
2 tbsp Fresh Coriander Leaves, chopped",Vegetarian,False,{},{All},"1. Preparation: Thoroughly wash and prepare Mushroom. If it's meat or paneer, marinate it with a little turmeric, red chili powder, salt, and lemon juice for 20 minutes. Finely chop 2 onions and puree 2 tomatoes.
2. Whole Spices (Tadka): Heat 3 tbsp of oil or ghee in a heavy-bottomed pan or pressure cooker over medium heat. Add cumin seeds, 1 bay leaf, 2-3 cloves, and a small cinnamon stick. Let them sizzle for 30 seconds to release their aroma.
3. Onion Base: Add the finely chopped onions and a pinch of salt. Sauté patiently for 8-10 minutes until they turn a deep golden brown.
4. Aromatics & Tomatoes: Add 1 tbsp of ginger-garlic paste and green chilies. Sauté for 1 minute until the raw smell goes away. Pour in the tomato puree and cook until the mixture thickens and oil starts separating from the edges (about 5-7 minutes).
5. Spice Powders: Lower the heat and add 1/2 tsp turmeric, 1 tsp Kashmiri red chili powder, 1 tsp coriander powder, and 1/2 tsp cumin powder. Stir constantly for 30 seconds so the spices bloom without burning.
6. Adding Base: Add the prepared Mushroom to the masala. Sauté on medium-high heat for 4-5 minutes to coat everything well and seal in the flavors.
7. Simmering: Pour in 1 to 1.5 cups of warm water (adjust for desired gravy consistency). Bring to a boil, then reduce heat to low, cover with a lid, and simmer. Cook until the Mushroom is completely tender (15 mins for veg/paneer, 30-45 mins for meat).
8. Final Garnish: Crush 1 tsp of Kasuri Methi (dried fenugreek leaves) between your palms and sprinkle it over the curry along with 1/2 tsp of garam masala. Garnish with freshly chopped cilantro and serve hot.",,True,2026-08-08T05:39:03.814632+00:00,Main Course
38eae4f2-7084-481c-9c65-b06faae11c24,mushroom-do-pyaza,Mushroom Do Pyaza,Maharashtrian,Mushroom,"500g Mushroom, washed and prepped
2 medium Onions, finely chopped
1 tbsp Ginger-Garlic Paste
2 medium Tomatoes, pureed or chopped
2-3 Green Chilies, slit
1 tsp Cumin Seeds
1/2 tsp Turmeric Powder
1 tsp Red Chili Powder
1 tsp Garam Masala
2 tbsp Oil or Ghee
Salt to taste
2 tbsp Fresh Coriander Leaves, chopped",Vegan,False,{},{All},"1. Preparation: Thoroughly wash and prepare Mushroom. If it's meat or paneer, marinate it with a little turmeric, red chili powder, salt, and lemon juice for 20 minutes. Finely chop 2 onions and puree 2 tomatoes.
2. Whole Spices (Tadka): Heat 3 tbsp of oil or ghee in a heavy-bottomed pan or pressure cooker over medium heat. Add cumin seeds, 1 bay leaf, 2-3 cloves, and a small cinnamon stick. Let them sizzle for 30 seconds to release their aroma.
3. Onion Base: Add the finely chopped onions and a pinch of salt. Sauté patiently for 8-10 minutes until they turn a deep golden brown.
4. Aromatics & Tomatoes: Add 1 tbsp of ginger-garlic paste and green chilies. Sauté for 1 minute until the raw smell goes away. Pour in the tomato puree and cook until the mixture thickens and oil starts separating from the edges (about 5-7 minutes).
5. Spice Powders: Lower the heat and add 1/2 tsp turmeric, 1 tsp Kashmiri red chili powder, 1 tsp coriander powder, and 1/2 tsp cumin powder. Stir constantly for 30 seconds so the spices bloom without burning.
6. Adding Base: Add the prepared Mushroom to the masala. Sauté on medium-high heat for 4-5 minutes to coat everything well and seal in the flavors.
7. Simmering: Pour in 1 to 1.5 cups of warm water (adjust for desired gravy consistency). Bring to a boil, then reduce heat to low, cover with a lid, and simmer. Cook until the Mushroom is completely tender (15 mins for veg/paneer, 30-45 mins for meat).
8. Final Garnish: Crush 1 tsp of Kasuri Methi (dried fenugreek leaves) between your palms and sprinkle it over the curry along with 1/2 tsp of garam masala. Garnish with freshly chopped cilantro and serve hot.",,True,2026-08-08T05:39:03.814657+00:00,Main Course
c9da24e5-d4c6-4d02-a000-674b96fa418f,mushroom-salna,Mushroom Salna,Gujarati,Mushroom,"500g Mushroom, washed and prepped
2 medium Onions, finely chopped
1 tbsp Ginger-Garlic Paste
2 medium Tomatoes, pureed or chopped
2-3 Green Chilies, slit
1 tsp Cumin Seeds
1/2 tsp Turmeric Powder
1 tsp Red Chili Powder
1 tsp Garam Masala
2 tbsp Oil or Ghee
Salt to taste
2 tbsp Fresh Coriander Leaves, chopped",Vegetarian,False,{},{All},"1. Preparation: Thoroughly wash and prepare Mushroom. If it's meat or paneer, marinate it with a little turmeric, red chili powder, salt, and lemon juice for 20 minutes. Finely chop 2 onions and puree 2 tomatoes.
2. Whole Spices (Tadka): Heat 3 tbsp of oil or ghee in a heavy-bottomed pan or pressure cooker over medium heat. Add cumin seeds, 1 bay leaf, 2-3 cloves, and a small cinnamon stick. Let them sizzle for 30 seconds to release their aroma.
3. Onion Base: Add the finely chopped onions and a pinch of salt. Sauté patiently for 8-10 minutes until they turn a deep golden brown.
4. Aromatics & Tomatoes: Add 1 tbsp of ginger-garlic paste and green chilies. Sauté for 1 minute until the raw smell goes away. Pour in the tomato puree and cook until the mixture thickens and oil starts separating from the edges (about 5-7 minutes).
5. Spice Powders: Lower the heat and add 1/2 tsp turmeric, 1 tsp Kashmiri red chili powder, 1 tsp coriander powder, and 1/2 tsp cumin powder. Stir constantly for 30 seconds so the spices bloom without burning.
6. Adding Base: Add the prepared Mushroom to the masala. Sauté on medium-high heat for 4-5 minutes to coat everything well and seal in the flavors.
7. Simmering: Pour in 1 to 1.5 cups of warm water (adjust for desired gravy consistency). Bring to a boil, then reduce heat to low, cover with a lid, and simmer. Cook until the Mushroom is completely tender (15 mins for veg/paneer, 30-45 mins for meat).
8. Final Garnish: Crush 1 tsp of Kasuri Methi (dried fenugreek leaves) between your palms and sprinkle it over the curry along with 1/2 tsp of garam masala. Garnish with freshly chopped cilantro and serve hot.",,True,2026-08-08T05:39:03.814678+00:00,Main Course
6b07eed9-f826-4724-9536-aabc4c6bf583,mushroom-kurma,Mushroom Kurma,Awadhi,Mushroom,"500g Mushroom, washed and prepped
2 medium Onions, finely chopped
1 tbsp Ginger-Garlic Paste
2 medium Tomatoes, pureed or chopped
2-3 Green Chilies, slit
1 tsp Cumin Seeds
1/2 tsp Turmeric Powder
1 tsp Red Chili Powder
1 tsp Garam Masala
2 tbsp Oil or Ghee
Salt to taste
2 tbsp Fresh Coriander Leaves, chopped",Vegan,False,{Nuts},{All},"1. Preparation: Thoroughly wash and prepare Mushroom. If it's meat or paneer, marinate it with a little turmeric, red chili powder, salt, and lemon juice for 20 minutes. Finely chop 2 onions and puree 2 tomatoes.
2. Whole Spices (Tadka): Heat 3 tbsp of oil or ghee in a heavy-bottomed pan or pressure cooker over medium heat. Add cumin seeds, 1 bay leaf, 2-3 cloves, and a small cinnamon stick. Let them sizzle for 30 seconds to release their aroma.
3. Onion Base: Add the finely chopped onions and a pinch of salt. Sauté patiently for 8-10 minutes until they turn a deep golden brown.
4. Aromatics & Tomatoes: Add 1 tbsp of ginger-garlic paste and green chilies. Sauté for 1 minute until the raw smell goes away. Pour in the tomato puree and cook until the mixture thickens and oil starts separating from the edges (about 5-7 minutes).
5. Spice Powders: Lower the heat and add 1/2 tsp turmeric, 1 tsp Kashmiri red chili powder, 1 tsp coriander powder, and 1/2 tsp cumin powder. Stir constantly for 30 seconds so the spices bloom without burning.
6. Adding Base: Add the prepared Mushroom to the masala. Sauté on medium-high heat for 4-5 minutes to coat everything well and seal in the flavors.
7. Simmering: Pour in 1 to 1.5 cups of warm water (adjust for desired gravy consistency). Bring to a boil, then reduce heat to low, cover with a lid, and simmer. Cook until the Mushroom is completely tender (15 mins for veg/paneer, 30-45 mins for meat).
8. Final Garnish: Crush 1 tsp of Kasuri Methi (dried fenugreek leaves) between your palms and sprinkle it over the curry along with 1/2 tsp of garam masala. Garnish with freshly chopped cilantro and serve hot.",,True,2026-08-08T05:39:03.814700+00:00,Main Course
35df1f3b-9bbc-4130-8ff3-cc2a54395058,matar-curry,Matar Curry,Rajasthani,Matar,"500g Matar, washed and prepped
2 medium Onions, finely chopped
1 tbsp Ginger-Garlic Paste
2 medium Tomatoes, pureed or chopped
2-3 Green Chilies, slit
1 tsp Cumin Seeds
1/2 tsp Turmeric Powder
1 tsp Red Chili Powder
1 tsp Garam Masala
2 tbsp Oil or Ghee
Salt to taste
2 tbsp Fresh Coriander Leaves, chopped",Vegan,False,{},{All},"1. Preparation: Thoroughly wash and prepare Matar. If it's meat or paneer, marinate it with a little turmeric, red chili powder, salt, and lemon juice for 20 minutes. Finely chop 2 onions and puree 2 tomatoes.
2. Whole Spices (Tadka): Heat 3 tbsp of oil or ghee in a heavy-bottomed pan or pressure cooker over medium heat. Add cumin seeds, 1 bay leaf, 2-3 cloves, and a small cinnamon stick. Let them sizzle for 30 seconds to release their aroma.
3. Onion Base: Add the finely chopped onions and a pinch of salt. Sauté patiently for 8-10 minutes until they turn a deep golden brown.
4. Aromatics & Tomatoes: Add 1 tbsp of ginger-garlic paste and green chilies. Sauté for 1 minute until the raw smell goes away. Pour in the tomato puree and cook until the mixture thickens and oil starts separating from the edges (about 5-7 minutes).
5. Spice Powders: Lower the heat and add 1/2 tsp turmeric, 1 tsp Kashmiri red chili powder, 1 tsp coriander powder, and 1/2 tsp cumin powder. Stir constantly for 30 seconds so the spices bloom without burning.
6. Adding Base: Add the prepared Matar to the masala. Sauté on medium-high heat for 4-5 minutes to coat everything well and seal in the flavors.
7. Simmering: Pour in 1 to 1.5 cups of warm water (adjust for desired gravy consistency). Bring to a boil, then reduce heat to low, cover with a lid, and simmer. Cook until the Matar is completely tender (15 mins for veg/paneer, 30-45 mins for meat).
8. Final Garnish: Crush 1 tsp of Kasuri Methi (dried fenugreek leaves) between your palms and sprinkle it over the curry along with 1/2 tsp of garam masala. Garnish with freshly chopped cilantro and serve hot.",,True,2026-08-08T05:39:03.814740+00:00,Main Course
e33b6532-ed50-4c9f-b458-cfed5aded891,matar-masala,Matar Masala,Kerala,Matar,"500g Matar, washed and prepped
2-3 Green Chilies, slit
1 tsp Cumin Seeds
1/2 tsp Turmeric Powder
1 tsp Red Chili Powder
1 tsp Garam Masala
2 tbsp Oil or Ghee
Salt to taste
2 tbsp Fresh Coriander Leaves, chopped",Vegan,True,{},{All},"1. Preparation: Thoroughly wash and prepare Matar. If it's meat or paneer, marinate it with a little turmeric, red chili powder, salt, and lemon juice for 20 minutes. Finely chop 2 onions and puree 2 tomatoes.
2. Whole Spices (Tadka): Heat 3 tbsp of oil or ghee in a heavy-bottomed pan or pressure cooker over medium heat. Add cumin seeds, 1 bay leaf, 2-3 cloves, and a small cinnamon stick. Let them sizzle for 30 seconds to release their aroma.
3. Onion Base: Add the finely chopped onions and a pinch of salt. Sauté patiently for 8-10 minutes until they turn a deep golden brown.
4. Aromatics & Tomatoes: Add 1 tbsp of ginger-garlic paste and green chilies. Sauté for 1 minute until the raw smell goes away. Pour in the tomato puree and cook until the mixture thickens and oil starts separating from the edges (about 5-7 minutes).
5. Spice Powders: Lower the heat and add 1/2 tsp turmeric, 1 tsp Kashmiri red chili powder, 1 tsp coriander powder, and 1/2 tsp cumin powder. Stir constantly for 30 seconds so the spices bloom without burning.
6. Adding Base: Add the prepared Matar to the masala. Sauté on medium-high heat for 4-5 minutes to coat everything well and seal in the flavors.
7. Simmering: Pour in 1 to 1.5 cups of warm water (adjust for desired gravy consistency). Bring to a boil, then reduce heat to low, cover with a lid, and simmer. Cook until the Matar is completely tender (15 mins for veg/paneer, 30-45 mins for meat).
8. Final Garnish: Crush 1 tsp of Kasuri Methi (dried fenugreek leaves) between your palms and sprinkle it over the curry along with 1/2 tsp of garam masala. Garnish with freshly chopped cilantro and serve hot.",,True,2026-08-08T05:39:03.814773+00:00,Main Course
e8622c68-eb19-4123-863b-462d30f38665,matar-fry,Matar Fry,South Indian,Matar,"500g Matar, washed and prepped
2 medium Onions, finely chopped
1 tbsp Ginger-Garlic Paste
2 medium Tomatoes, pureed or chopped
2-3 Green Chilies, slit
1 tsp Cumin Seeds
1/2 tsp Turmeric Powder
1 tsp Red Chili Powder
1 tsp Garam Masala
2 tbsp Oil or Ghee
Salt to taste
2 tbsp Fresh Coriander Leaves, chopped",Vegetarian,False,{},{All},"1. Ingredient Prep: Wash, peel, and chop Matar into even, bite-sized pieces. Finely chop onions, tomatoes, and slit green chilies.
2. Tempering (Tadka): Heat 2-3 tbsp of oil (mustard oil preferred for vegetables) in a wide pan. Add mustard seeds, cumin seeds, a pinch of hing (asafoetida), and curry leaves. Let them splutter.
3. Aromatics: Add chopped onions and sauté until translucent. Add ginger-garlic paste and sauté for another minute.
4. Main Ingredient Addition: Add the chopped Matar along with a pinch of turmeric and salt. Mix well to coat with the oil and spices.
5. Searing/Cooking: Cook uncovered on medium-high heat for the first 5 minutes to get a slight sear. Then, reduce the heat, cover with a lid, and cook until Matar is 80% tender. Stir occasionally to prevent sticking.
6. Spicing: Remove the lid and add dry spice powders (coriander powder, cumin powder, red chili powder, amchur/dry mango powder). Mix thoroughly.
7. Finishing: Sauté on medium heat for another 3-4 minutes to crisp up the edges. Finish with a sprinkle of garam masala and fresh coriander leaves. Serve hot as a side dish.",,True,2026-08-08T05:39:03.814798+00:00,Main Course
3ecb6314-8bbc-42fb-b599-ca732f838fbe,matar-roast,Matar Roast,Gujarati,Matar,"500g Matar, washed and prepped
2-3 Green Chilies, slit
1 tsp Cumin Seeds
1/2 tsp Turmeric Powder
1 tsp Red Chili Powder
1 tsp Garam Masala
2 tbsp Oil or Ghee
Salt to taste
2 tbsp Fresh Coriander Leaves, chopped",Vegetarian,True,{},{All},"1. Ingredient Prep: Wash, peel, and chop Matar into even, bite-sized pieces. Finely chop onions, tomatoes, and slit green chilies.
2. Tempering (Tadka): Heat 2-3 tbsp of oil (mustard oil preferred for vegetables) in a wide pan. Add mustard seeds, cumin seeds, a pinch of hing (asafoetida), and curry leaves. Let them splutter.
3. Aromatics: Add chopped onions and sauté until translucent. Add ginger-garlic paste and sauté for another minute.
4. Main Ingredient Addition: Add the chopped Matar along with a pinch of turmeric and salt. Mix well to coat with the oil and spices.
5. Searing/Cooking: Cook uncovered on medium-high heat for the first 5 minutes to get a slight sear. Then, reduce the heat, cover with a lid, and cook until Matar is 80% tender. Stir occasionally to prevent sticking.
6. Spicing: Remove the lid and add dry spice powders (coriander powder, cumin powder, red chili powder, amchur/dry mango powder). Mix thoroughly.
7. Finishing: Sauté on medium heat for another 3-4 minutes to crisp up the edges. Finish with a sprinkle of garam masala and fresh coriander leaves. Serve hot as a side dish.",,True,2026-08-08T05:39:03.814835+00:00,Main Course
887be1a2-abed-43bb-a6d6-8390dd43cdb6,matar-tikka,Matar Tikka,Bengali,Matar,"500g Matar, washed and prepped
2-3 Green Chilies, slit
1 tsp Cumin Seeds
1/2 tsp Turmeric Powder
1 tsp Red Chili Powder
1 tsp Garam Masala
2 tbsp Oil or Ghee
Salt to taste
2 tbsp Fresh Coriander Leaves, chopped",Vegetarian,True,{},{All},"1. Ingredient Prep: Wash, peel, and chop Matar into even, bite-sized pieces. Finely chop onions, tomatoes, and slit green chilies.
2. Tempering (Tadka): Heat 2-3 tbsp of oil (mustard oil preferred for vegetables) in a wide pan. Add mustard seeds, cumin seeds, a pinch of hing (asafoetida), and curry leaves. Let them splutter.
3. Aromatics: Add chopped onions and sauté until translucent. Add ginger-garlic paste and sauté for another minute.
4. Main Ingredient Addition: Add the chopped Matar along with a pinch of turmeric and salt. Mix well to coat with the oil and spices.
5. Searing/Cooking: Cook uncovered on medium-high heat for the first 5 minutes to get a slight sear. Then, reduce the heat, cover with a lid, and cook until Matar is 80% tender. Stir occasionally to prevent sticking.
6. Spicing: Remove the lid and add dry spice powders (coriander powder, cumin powder, red chili powder, amchur/dry mango powder). Mix thoroughly.
7. Finishing: Sauté on medium heat for another 3-4 minutes to crisp up the edges. Finish with a sprinkle of garam masala and fresh coriander leaves. Serve hot as a side dish.",,True,2026-08-08T05:39:03.814874+00:00,Main Course
3b2237db-1939-4220-96be-66e4b8828bca,matar-korma,Matar Korma,Andhra,Matar,"500g Matar, washed and prepped
2-3 Green Chilies, slit
1 tsp Cumin Seeds
1/2 tsp Turmeric Powder
1 tsp Red Chili Powder
1 tsp Garam Masala
2 tbsp Oil or Ghee
Salt to taste
2 tbsp Fresh Coriander Leaves, chopped",Vegetarian,True,{Nuts},{All},"1. Preparation: Thoroughly wash and prepare Matar. If it's meat or paneer, marinate it with a little turmeric, red chili powder, salt, and lemon juice for 20 minutes. Finely chop 2 onions and puree 2 tomatoes.
2. Whole Spices (Tadka): Heat 3 tbsp of oil or ghee in a heavy-bottomed pan or pressure cooker over medium heat. Add cumin seeds, 1 bay leaf, 2-3 cloves, and a small cinnamon stick. Let them sizzle for 30 seconds to release their aroma.
3. Onion Base: Add the finely chopped onions and a pinch of salt. Sauté patiently for 8-10 minutes until they turn a deep golden brown.
4. Aromatics & Tomatoes: Add 1 tbsp of ginger-garlic paste and green chilies. Sauté for 1 minute until the raw smell goes away. Pour in the tomato puree and cook until the mixture thickens and oil starts separating from the edges (about 5-7 minutes).
5. Spice Powders: Lower the heat and add 1/2 tsp turmeric, 1 tsp Kashmiri red chili powder, 1 tsp coriander powder, and 1/2 tsp cumin powder. Stir constantly for 30 seconds so the spices bloom without burning.
6. Adding Base: Add the prepared Matar to the masala. Sauté on medium-high heat for 4-5 minutes to coat everything well and seal in the flavors.
7. Simmering: Pour in 1 to 1.5 cups of warm water (adjust for desired gravy consistency). Bring to a boil, then reduce heat to low, cover with a lid, and simmer. Cook until the Matar is completely tender (15 mins for veg/paneer, 30-45 mins for meat).
8. Final Garnish: Crush 1 tsp of Kasuri Methi (dried fenugreek leaves) between your palms and sprinkle it over the curry along with 1/2 tsp of garam masala. Garnish with freshly chopped cilantro and serve hot.",,True,2026-08-08T05:39:03.814902+00:00,Main Course
9f6f84f1-07dc-4352-80e2-b21a45485873,matar-makhani,Matar Makhani,Andhra,Matar,"500g Matar, washed and prepped
2 medium Onions, finely chopped
1 tbsp Ginger-Garlic Paste
2 medium Tomatoes, pureed or chopped
2-3 Green Chilies, slit
1 tsp Cumin Seeds
1/2 tsp Turmeric Powder
1 tsp Red Chili Powder
1 tsp Garam Masala
3 tbsp Butter
1/4 cup Fresh Cream
1 tsp Kasuri Methi
Salt to taste
2 tbsp Fresh Coriander Leaves, chopped",Vegetarian,False,{Dairy},{All},"1. Preparation: Thoroughly wash and prepare Matar. If it's meat or paneer, marinate it with a little turmeric, red chili powder, salt, and lemon juice for 20 minutes. Finely chop 2 onions and puree 2 tomatoes.
2. Whole Spices (Tadka): Heat 3 tbsp of oil or ghee in a heavy-bottomed pan or pressure cooker over medium heat. Add cumin seeds, 1 bay leaf, 2-3 cloves, and a small cinnamon stick. Let them sizzle for 30 seconds to release their aroma.
3. Onion Base: Add the finely chopped onions and a pinch of salt. Sauté patiently for 8-10 minutes until they turn a deep golden brown.
4. Aromatics & Tomatoes: Add 1 tbsp of ginger-garlic paste and green chilies. Sauté for 1 minute until the raw smell goes away. Pour in the tomato puree and cook until the mixture thickens and oil starts separating from the edges (about 5-7 minutes).
5. Spice Powders: Lower the heat and add 1/2 tsp turmeric, 1 tsp Kashmiri red chili powder, 1 tsp coriander powder, and 1/2 tsp cumin powder. Stir constantly for 30 seconds so the spices bloom without burning.
6. Adding Base: Add the prepared Matar to the masala. Sauté on medium-high heat for 4-5 minutes to coat everything well and seal in the flavors.
7. Simmering: Pour in 1 to 1.5 cups of warm water (adjust for desired gravy consistency). Bring to a boil, then reduce heat to low, cover with a lid, and simmer. Cook until the Matar is completely tender (15 mins for veg/paneer, 30-45 mins for meat).
8. Final Garnish: Crush 1 tsp of Kasuri Methi (dried fenugreek leaves) between your palms and sprinkle it over the curry along with 1/2 tsp of garam masala. Garnish with freshly chopped cilantro and serve hot.",,True,2026-08-08T05:39:03.814925+00:00,Main Course
4a8ff3bb-e7c2-41dc-8304-83c187a701fd,matar-bhurji,Matar Bhurji,North Indian,Matar,"500g Matar, washed and prepped
2-3 Green Chilies, slit
1 tsp Cumin Seeds
1/2 tsp Turmeric Powder
1 tsp Red Chili Powder
1 tsp Garam Masala
2 tbsp Oil or Ghee
Salt to taste
2 tbsp Fresh Coriander Leaves, chopped",Vegetarian,True,{},{All},"1. Ingredient Prep: Wash, peel, and chop Matar into even, bite-sized pieces. Finely chop onions, tomatoes, and slit green chilies.
2. Tempering (Tadka): Heat 2-3 tbsp of oil (mustard oil preferred for vegetables) in a wide pan. Add mustard seeds, cumin seeds, a pinch of hing (asafoetida), and curry leaves. Let them splutter.
3. Aromatics: Add chopped onions and sauté until translucent. Add ginger-garlic paste and sauté for another minute.
4. Main Ingredient Addition: Add the chopped Matar along with a pinch of turmeric and salt. Mix well to coat with the oil and spices.
5. Searing/Cooking: Cook uncovered on medium-high heat for the first 5 minutes to get a slight sear. Then, reduce the heat, cover with a lid, and cook until Matar is 80% tender. Stir occasionally to prevent sticking.
6. Spicing: Remove the lid and add dry spice powders (coriander powder, cumin powder, red chili powder, amchur/dry mango powder). Mix thoroughly.
7. Finishing: Sauté on medium heat for another 3-4 minutes to crisp up the edges. Finish with a sprinkle of garam masala and fresh coriander leaves. Serve hot as a side dish.",,True,2026-08-08T05:39:03.814947+00:00,Main Course
6ec20ec3-165d-4551-b545-e306e1e3b9ae,matar-kofta,Matar Kofta,Awadhi,Matar,"500g Matar, washed and prepped
2-3 Green Chilies, slit
1 tsp Cumin Seeds
1/2 tsp Turmeric Powder
1 tsp Red Chili Powder
1 tsp Garam Masala
2 tbsp Oil or Ghee
Salt to taste
2 tbsp Fresh Coriander Leaves, chopped",Vegetarian,True,{},{All},"1. Preparation: Thoroughly wash and prepare Matar. If it's meat or paneer, marinate it with a little turmeric, red chili powder, salt, and lemon juice for 20 minutes. Finely chop 2 onions and puree 2 tomatoes.
2. Whole Spices (Tadka): Heat 3 tbsp of oil or ghee in a heavy-bottomed pan or pressure cooker over medium heat. Add cumin seeds, 1 bay leaf, 2-3 cloves, and a small cinnamon stick. Let them sizzle for 30 seconds to release their aroma.
3. Onion Base: Add the finely chopped onions and a pinch of salt. Sauté patiently for 8-10 minutes until they turn a deep golden brown.
4. Aromatics & Tomatoes: Add 1 tbsp of ginger-garlic paste and green chilies. Sauté for 1 minute until the raw smell goes away. Pour in the tomato puree and cook until the mixture thickens and oil starts separating from the edges (about 5-7 minutes).
5. Spice Powders: Lower the heat and add 1/2 tsp turmeric, 1 tsp Kashmiri red chili powder, 1 tsp coriander powder, and 1/2 tsp cumin powder. Stir constantly for 30 seconds so the spices bloom without burning.
6. Adding Base: Add the prepared Matar to the masala. Sauté on medium-high heat for 4-5 minutes to coat everything well and seal in the flavors.
7. Simmering: Pour in 1 to 1.5 cups of warm water (adjust for desired gravy consistency). Bring to a boil, then reduce heat to low, cover with a lid, and simmer. Cook until the Matar is completely tender (15 mins for veg/paneer, 30-45 mins for meat).
8. Final Garnish: Crush 1 tsp of Kasuri Methi (dried fenugreek leaves) between your palms and sprinkle it over the curry along with 1/2 tsp of garam masala. Garnish with freshly chopped cilantro and serve hot.",,True,2026-08-08T05:39:03.814967+00:00,Main Course
6ea432fc-9ad4-4485-8027-c53a91f549bb,matar-saag,Matar Saag,Gujarati,Matar,"500g Matar, washed and prepped
2-3 Green Chilies, slit
1 tsp Cumin Seeds
1/2 tsp Turmeric Powder
1 tsp Red Chili Powder
1 tsp Garam Masala
2 tbsp Oil or Ghee
Salt to taste
2 tbsp Fresh Coriander Leaves, chopped",Vegetarian,True,{},{All},"1. Preparation: Thoroughly wash and prepare Matar. If it's meat or paneer, marinate it with a little turmeric, red chili powder, salt, and lemon juice for 20 minutes. Finely chop 2 onions and puree 2 tomatoes.
2. Whole Spices (Tadka): Heat 3 tbsp of oil or ghee in a heavy-bottomed pan or pressure cooker over medium heat. Add cumin seeds, 1 bay leaf, 2-3 cloves, and a small cinnamon stick. Let them sizzle for 30 seconds to release their aroma.
3. Onion Base: Add the finely chopped onions and a pinch of salt. Sauté patiently for 8-10 minutes until they turn a deep golden brown.
4. Aromatics & Tomatoes: Add 1 tbsp of ginger-garlic paste and green chilies. Sauté for 1 minute until the raw smell goes away. Pour in the tomato puree and cook until the mixture thickens and oil starts separating from the edges (about 5-7 minutes).
5. Spice Powders: Lower the heat and add 1/2 tsp turmeric, 1 tsp Kashmiri red chili powder, 1 tsp coriander powder, and 1/2 tsp cumin powder. Stir constantly for 30 seconds so the spices bloom without burning.
6. Adding Base: Add the prepared Matar to the masala. Sauté on medium-high heat for 4-5 minutes to coat everything well and seal in the flavors.
7. Simmering: Pour in 1 to 1.5 cups of warm water (adjust for desired gravy consistency). Bring to a boil, then reduce heat to low, cover with a lid, and simmer. Cook until the Matar is completely tender (15 mins for veg/paneer, 30-45 mins for meat).
8. Final Garnish: Crush 1 tsp of Kasuri Methi (dried fenugreek leaves) between your palms and sprinkle it over the curry along with 1/2 tsp of garam masala. Garnish with freshly chopped cilantro and serve hot.",,True,2026-08-08T05:39:03.814989+00:00,Main Course
bceb609b-ff16-4ace-99a9-3ac51735b5c3,matar-vindaloo,Matar Vindaloo,North Indian,Matar,"500g Matar, washed and prepped
2-3 Green Chilies, slit
1 tsp Cumin Seeds
1/2 tsp Turmeric Powder
1 tsp Red Chili Powder
1 tsp Garam Masala
2 tbsp Oil or Ghee
Salt to taste
2 tbsp Fresh Coriander Leaves, chopped",Vegan,True,{},{All},"1. Preparation: Thoroughly wash and prepare Matar. If it's meat or paneer, marinate it with a little turmeric, red chili powder, salt, and lemon juice for 20 minutes. Finely chop 2 onions and puree 2 tomatoes.
2. Whole Spices (Tadka): Heat 3 tbsp of oil or ghee in a heavy-bottomed pan or pressure cooker over medium heat. Add cumin seeds, 1 bay leaf, 2-3 cloves, and a small cinnamon stick. Let them sizzle for 30 seconds to release their aroma.
3. Onion Base: Add the finely chopped onions and a pinch of salt. Sauté patiently for 8-10 minutes until they turn a deep golden brown.
4. Aromatics & Tomatoes: Add 1 tbsp of ginger-garlic paste and green chilies. Sauté for 1 minute until the raw smell goes away. Pour in the tomato puree and cook until the mixture thickens and oil starts separating from the edges (about 5-7 minutes).
5. Spice Powders: Lower the heat and add 1/2 tsp turmeric, 1 tsp Kashmiri red chili powder, 1 tsp coriander powder, and 1/2 tsp cumin powder. Stir constantly for 30 seconds so the spices bloom without burning.
6. Adding Base: Add the prepared Matar to the masala. Sauté on medium-high heat for 4-5 minutes to coat everything well and seal in the flavors.
7. Simmering: Pour in 1 to 1.5 cups of warm water (adjust for desired gravy consistency). Bring to a boil, then reduce heat to low, cover with a lid, and simmer. Cook until the Matar is completely tender (15 mins for veg/paneer, 30-45 mins for meat).
8. Final Garnish: Crush 1 tsp of Kasuri Methi (dried fenugreek leaves) between your palms and sprinkle it over the curry along with 1/2 tsp of garam masala. Garnish with freshly chopped cilantro and serve hot.",,True,2026-08-08T05:39:03.815009+00:00,Main Course
0a9c44c5-e603-472e-9a4e-f6025b4a932b,matar-chettinad,Matar Chettinad,South Indian,Matar,"500g Matar, washed and prepped
2 medium Onions, finely chopped
1 tbsp Ginger-Garlic Paste
2 medium Tomatoes, pureed or chopped
2-3 Green Chilies, slit
1 tsp Cumin Seeds
1/2 tsp Turmeric Powder
1 tsp Red Chili Powder
1 tsp Garam Masala
2 tbsp Oil or Ghee
Salt to taste
2 tbsp Fresh Coriander Leaves, chopped",Vegetarian,False,{},{All},"1. Preparation: Thoroughly wash and prepare Matar. If it's meat or paneer, marinate it with a little turmeric, red chili powder, salt, and lemon juice for 20 minutes. Finely chop 2 onions and puree 2 tomatoes.
2. Whole Spices (Tadka): Heat 3 tbsp of oil or ghee in a heavy-bottomed pan or pressure cooker over medium heat. Add cumin seeds, 1 bay leaf, 2-3 cloves, and a small cinnamon stick. Let them sizzle for 30 seconds to release their aroma.
3. Onion Base: Add the finely chopped onions and a pinch of salt. Sauté patiently for 8-10 minutes until they turn a deep golden brown.
4. Aromatics & Tomatoes: Add 1 tbsp of ginger-garlic paste and green chilies. Sauté for 1 minute until the raw smell goes away. Pour in the tomato puree and cook until the mixture thickens and oil starts separating from the edges (about 5-7 minutes).
5. Spice Powders: Lower the heat and add 1/2 tsp turmeric, 1 tsp Kashmiri red chili powder, 1 tsp coriander powder, and 1/2 tsp cumin powder. Stir constantly for 30 seconds so the spices bloom without burning.
6. Adding Base: Add the prepared Matar to the masala. Sauté on medium-high heat for 4-5 minutes to coat everything well and seal in the flavors.
7. Simmering: Pour in 1 to 1.5 cups of warm water (adjust for desired gravy consistency). Bring to a boil, then reduce heat to low, cover with a lid, and simmer. Cook until the Matar is completely tender (15 mins for veg/paneer, 30-45 mins for meat).
8. Final Garnish: Crush 1 tsp of Kasuri Methi (dried fenugreek leaves) between your palms and sprinkle it over the curry along with 1/2 tsp of garam masala. Garnish with freshly chopped cilantro and serve hot.",,True,2026-08-08T05:39:03.815030+00:00,Main Course
65e145e9-ede6-42c5-8be6-1f8ff2f5f26b,matar-do-pyaza,Matar Do Pyaza,Maharashtrian,Matar,"500g Matar, washed and prepped
2 medium Onions, finely chopped
1 tbsp Ginger-Garlic Paste
2 medium Tomatoes, pureed or chopped
2-3 Green Chilies, slit
1 tsp Cumin Seeds
1/2 tsp Turmeric Powder
1 tsp Red Chili Powder
1 tsp Garam Masala
2 tbsp Oil or Ghee
Salt to taste
2 tbsp Fresh Coriander Leaves, chopped",Vegan,False,{},{All},"1. Preparation: Thoroughly wash and prepare Matar. If it's meat or paneer, marinate it with a little turmeric, red chili powder, salt, and lemon juice for 20 minutes. Finely chop 2 onions and puree 2 tomatoes.
2. Whole Spices (Tadka): Heat 3 tbsp of oil or ghee in a heavy-bottomed pan or pressure cooker over medium heat. Add cumin seeds, 1 bay leaf, 2-3 cloves, and a small cinnamon stick. Let them sizzle for 30 seconds to release their aroma.
3. Onion Base: Add the finely chopped onions and a pinch of salt. Sauté patiently for 8-10 minutes until they turn a deep golden brown.
4. Aromatics & Tomatoes: Add 1 tbsp of ginger-garlic paste and green chilies. Sauté for 1 minute until the raw smell goes away. Pour in the tomato puree and cook until the mixture thickens and oil starts separating from the edges (about 5-7 minutes).
5. Spice Powders: Lower the heat and add 1/2 tsp turmeric, 1 tsp Kashmiri red chili powder, 1 tsp coriander powder, and 1/2 tsp cumin powder. Stir constantly for 30 seconds so the spices bloom without burning.
6. Adding Base: Add the prepared Matar to the masala. Sauté on medium-high heat for 4-5 minutes to coat everything well and seal in the flavors.
7. Simmering: Pour in 1 to 1.5 cups of warm water (adjust for desired gravy consistency). Bring to a boil, then reduce heat to low, cover with a lid, and simmer. Cook until the Matar is completely tender (15 mins for veg/paneer, 30-45 mins for meat).
8. Final Garnish: Crush 1 tsp of Kasuri Methi (dried fenugreek leaves) between your palms and sprinkle it over the curry along with 1/2 tsp of garam masala. Garnish with freshly chopped cilantro and serve hot.",,True,2026-08-08T05:39:03.815070+00:00,Main Course
42c1e0cb-aa02-4a85-9537-988d6bd58000,matar-salna,Matar Salna,Gujarati,Matar,"500g Matar, washed and prepped
2 medium Onions, finely chopped
1 tbsp Ginger-Garlic Paste
2 medium Tomatoes, pureed or chopped
2-3 Green Chilies, slit
1 tsp Cumin Seeds
1/2 tsp Turmeric Powder
1 tsp Red Chili Powder
1 tsp Garam Masala
2 tbsp Oil or Ghee
Salt to taste
2 tbsp Fresh Coriander Leaves, chopped",Vegetarian,False,{},{All},"1. Preparation: Thoroughly wash and prepare Matar. If it's meat or paneer, marinate it with a little turmeric, red chili powder, salt, and lemon juice for 20 minutes. Finely chop 2 onions and puree 2 tomatoes.
2. Whole Spices (Tadka): Heat 3 tbsp of oil or ghee in a heavy-bottomed pan or pressure cooker over medium heat. Add cumin seeds, 1 bay leaf, 2-3 cloves, and a small cinnamon stick. Let them sizzle for 30 seconds to release their aroma.
3. Onion Base: Add the finely chopped onions and a pinch of salt. Sauté patiently for 8-10 minutes until they turn a deep golden brown.
4. Aromatics & Tomatoes: Add 1 tbsp of ginger-garlic paste and green chilies. Sauté for 1 minute until the raw smell goes away. Pour in the tomato puree and cook until the mixture thickens and oil starts separating from the edges (about 5-7 minutes).
5. Spice Powders: Lower the heat and add 1/2 tsp turmeric, 1 tsp Kashmiri red chili powder, 1 tsp coriander powder, and 1/2 tsp cumin powder. Stir constantly for 30 seconds so the spices bloom without burning.
6. Adding Base: Add the prepared Matar to the masala. Sauté on medium-high heat for 4-5 minutes to coat everything well and seal in the flavors.
7. Simmering: Pour in 1 to 1.5 cups of warm water (adjust for desired gravy consistency). Bring to a boil, then reduce heat to low, cover with a lid, and simmer. Cook until the Matar is completely tender (15 mins for veg/paneer, 30-45 mins for meat).
8. Final Garnish: Crush 1 tsp of Kasuri Methi (dried fenugreek leaves) between your palms and sprinkle it over the curry along with 1/2 tsp of garam masala. Garnish with freshly chopped cilantro and serve hot.",,True,2026-08-08T05:39:03.815130+00:00,Main Course
68370bf5-5f3f-45c4-8d5f-3a4f040579fc,matar-kurma,Matar Kurma,Awadhi,Matar,"500g Matar, washed and prepped
2-3 Green Chilies, slit
1 tsp Cumin Seeds
1/2 tsp Turmeric Powder
1 tsp Red Chili Powder
1 tsp Garam Masala
2 tbsp Oil or Ghee
Salt to taste
2 tbsp Fresh Coriander Leaves, chopped",Vegan,True,{Nuts},{All},"1. Preparation: Thoroughly wash and prepare Matar. If it's meat or paneer, marinate it with a little turmeric, red chili powder, salt, and lemon juice for 20 minutes. Finely chop 2 onions and puree 2 tomatoes.
2. Whole Spices (Tadka): Heat 3 tbsp of oil or ghee in a heavy-bottomed pan or pressure cooker over medium heat. Add cumin seeds, 1 bay leaf, 2-3 cloves, and a small cinnamon stick. Let them sizzle for 30 seconds to release their aroma.
3. Onion Base: Add the finely chopped onions and a pinch of salt. Sauté patiently for 8-10 minutes until they turn a deep golden brown.
4. Aromatics & Tomatoes: Add 1 tbsp of ginger-garlic paste and green chilies. Sauté for 1 minute until the raw smell goes away. Pour in the tomato puree and cook until the mixture thickens and oil starts separating from the edges (about 5-7 minutes).
5. Spice Powders: Lower the heat and add 1/2 tsp turmeric, 1 tsp Kashmiri red chili powder, 1 tsp coriander powder, and 1/2 tsp cumin powder. Stir constantly for 30 seconds so the spices bloom without burning.
6. Adding Base: Add the prepared Matar to the masala. Sauté on medium-high heat for 4-5 minutes to coat everything well and seal in the flavors.
7. Simmering: Pour in 1 to 1.5 cups of warm water (adjust for desired gravy consistency). Bring to a boil, then reduce heat to low, cover with a lid, and simmer. Cook until the Matar is completely tender (15 mins for veg/paneer, 30-45 mins for meat).
8. Final Garnish: Crush 1 tsp of Kasuri Methi (dried fenugreek leaves) between your palms and sprinkle it over the curry along with 1/2 tsp of garam masala. Garnish with freshly chopped cilantro and serve hot.",,True,2026-08-08T05:39:03.815169+00:00,Main Course
e5c81dd0-ba7b-41b6-9383-095fc771273a,chana-curry,Chana Curry,Gujarati,Chana,"1 cup Chana, soaked overnight
2 medium Onions, finely chopped
1 tbsp Ginger-Garlic Paste
2 medium Tomatoes, pureed or chopped
2-3 Green Chilies, slit
1 tsp Cumin Seeds
1/2 tsp Turmeric Powder
1 tsp Red Chili Powder
1 tsp Garam Masala
2 tbsp Oil or Ghee
Salt to taste
2 tbsp Fresh Coriander Leaves, chopped",Vegan,False,{},{All},"1. Preparation: Thoroughly wash and prepare Chana. If it's meat or paneer, marinate it with a little turmeric, red chili powder, salt, and lemon juice for 20 minutes. Finely chop 2 onions and puree 2 tomatoes.
2. Whole Spices (Tadka): Heat 3 tbsp of oil or ghee in a heavy-bottomed pan or pressure cooker over medium heat. Add cumin seeds, 1 bay leaf, 2-3 cloves, and a small cinnamon stick. Let them sizzle for 30 seconds to release their aroma.
3. Onion Base: Add the finely chopped onions and a pinch of salt. Sauté patiently for 8-10 minutes until they turn a deep golden brown.
4. Aromatics & Tomatoes: Add 1 tbsp of ginger-garlic paste and green chilies. Sauté for 1 minute until the raw smell goes away. Pour in the tomato puree and cook until the mixture thickens and oil starts separating from the edges (about 5-7 minutes).
5. Spice Powders: Lower the heat and add 1/2 tsp turmeric, 1 tsp Kashmiri red chili powder, 1 tsp coriander powder, and 1/2 tsp cumin powder. Stir constantly for 30 seconds so the spices bloom without burning.
6. Adding Base: Add the prepared Chana to the masala. Sauté on medium-high heat for 4-5 minutes to coat everything well and seal in the flavors.
7. Simmering: Pour in 1 to 1.5 cups of warm water (adjust for desired gravy consistency). Bring to a boil, then reduce heat to low, cover with a lid, and simmer. Cook until the Chana is completely tender (15 mins for veg/paneer, 30-45 mins for meat).
8. Final Garnish: Crush 1 tsp of Kasuri Methi (dried fenugreek leaves) between your palms and sprinkle it over the curry along with 1/2 tsp of garam masala. Garnish with freshly chopped cilantro and serve hot.",,True,2026-08-08T05:39:03.815192+00:00,Main Course
f7900574-4501-4c4b-9563-e6009d6310a2,chana-masala,Chana Masala,Hyderabadi,Chana,"1 cup Chana, soaked overnight
2 medium Onions, finely chopped
1 tbsp Ginger-Garlic Paste
2 medium Tomatoes, pureed or chopped
2-3 Green Chilies, slit
1 tsp Cumin Seeds
1/2 tsp Turmeric Powder
1 tsp Red Chili Powder
1 tsp Garam Masala
2 tbsp Oil or Ghee
Salt to taste
2 tbsp Fresh Coriander Leaves, chopped",Vegan,False,{},{All},"1. Preparation: Thoroughly wash and prepare Chana. If it's meat or paneer, marinate it with a little turmeric, red chili powder, salt, and lemon juice for 20 minutes. Finely chop 2 onions and puree 2 tomatoes.
2. Whole Spices (Tadka): Heat 3 tbsp of oil or ghee in a heavy-bottomed pan or pressure cooker over medium heat. Add cumin seeds, 1 bay leaf, 2-3 cloves, and a small cinnamon stick. Let them sizzle for 30 seconds to release their aroma.
3. Onion Base: Add the finely chopped onions and a pinch of salt. Sauté patiently for 8-10 minutes until they turn a deep golden brown.
4. Aromatics & Tomatoes: Add 1 tbsp of ginger-garlic paste and green chilies. Sauté for 1 minute until the raw smell goes away. Pour in the tomato puree and cook until the mixture thickens and oil starts separating from the edges (about 5-7 minutes).
5. Spice Powders: Lower the heat and add 1/2 tsp turmeric, 1 tsp Kashmiri red chili powder, 1 tsp coriander powder, and 1/2 tsp cumin powder. Stir constantly for 30 seconds so the spices bloom without burning.
6. Adding Base: Add the prepared Chana to the masala. Sauté on medium-high heat for 4-5 minutes to coat everything well and seal in the flavors.
7. Simmering: Pour in 1 to 1.5 cups of warm water (adjust for desired gravy consistency). Bring to a boil, then reduce heat to low, cover with a lid, and simmer. Cook until the Chana is completely tender (15 mins for veg/paneer, 30-45 mins for meat).
8. Final Garnish: Crush 1 tsp of Kasuri Methi (dried fenugreek leaves) between your palms and sprinkle it over the curry along with 1/2 tsp of garam masala. Garnish with freshly chopped cilantro and serve hot.",,True,2026-08-08T05:39:03.815213+00:00,Main Course
1865740c-5023-45b3-943e-534cae243504,chana-fry,Chana Fry,Gujarati,Chana,"1 cup Chana, soaked overnight
2 medium Onions, finely chopped
1 tbsp Ginger-Garlic Paste
2 medium Tomatoes, pureed or chopped
2-3 Green Chilies, slit
1 tsp Cumin Seeds
1/2 tsp Turmeric Powder
1 tsp Red Chili Powder
1 tsp Garam Masala
2 tbsp Oil or Ghee
Salt to taste
2 tbsp Fresh Coriander Leaves, chopped",Vegetarian,False,{},{All},"1. Ingredient Prep: Wash, peel, and chop Chana into even, bite-sized pieces. Finely chop onions, tomatoes, and slit green chilies.
2. Tempering (Tadka): Heat 2-3 tbsp of oil (mustard oil preferred for vegetables) in a wide pan. Add mustard seeds, cumin seeds, a pinch of hing (asafoetida), and curry leaves. Let them splutter.
3. Aromatics: Add chopped onions and sauté until translucent. Add ginger-garlic paste and sauté for another minute.
4. Main Ingredient Addition: Add the chopped Chana along with a pinch of turmeric and salt. Mix well to coat with the oil and spices.
5. Searing/Cooking: Cook uncovered on medium-high heat for the first 5 minutes to get a slight sear. Then, reduce the heat, cover with a lid, and cook until Chana is 80% tender. Stir occasionally to prevent sticking.
6. Spicing: Remove the lid and add dry spice powders (coriander powder, cumin powder, red chili powder, amchur/dry mango powder). Mix thoroughly.
7. Finishing: Sauté on medium heat for another 3-4 minutes to crisp up the edges. Finish with a sprinkle of garam masala and fresh coriander leaves. Serve hot as a side dish.",,True,2026-08-08T05:39:03.815250+00:00,Main Course
ba2bf97c-ed03-4445-9470-52f626cce1dd,chana-roast,Chana Roast,South Indian,Chana,"1 cup Chana, soaked overnight
2 medium Onions, finely chopped
1 tbsp Ginger-Garlic Paste
2 medium Tomatoes, pureed or chopped
2-3 Green Chilies, slit
1 tsp Cumin Seeds
1/2 tsp Turmeric Powder
1 tsp Red Chili Powder
1 tsp Garam Masala
2 tbsp Oil or Ghee
Salt to taste
2 tbsp Fresh Coriander Leaves, chopped",Vegan,False,{},{All},"1. Ingredient Prep: Wash, peel, and chop Chana into even, bite-sized pieces. Finely chop onions, tomatoes, and slit green chilies.
2. Tempering (Tadka): Heat 2-3 tbsp of oil (mustard oil preferred for vegetables) in a wide pan. Add mustard seeds, cumin seeds, a pinch of hing (asafoetida), and curry leaves. Let them splutter.
3. Aromatics: Add chopped onions and sauté until translucent. Add ginger-garlic paste and sauté for another minute.
4. Main Ingredient Addition: Add the chopped Chana along with a pinch of turmeric and salt. Mix well to coat with the oil and spices.
5. Searing/Cooking: Cook uncovered on medium-high heat for the first 5 minutes to get a slight sear. Then, reduce the heat, cover with a lid, and cook until Chana is 80% tender. Stir occasionally to prevent sticking.
6. Spicing: Remove the lid and add dry spice powders (coriander powder, cumin powder, red chili powder, amchur/dry mango powder). Mix thoroughly.
7. Finishing: Sauté on medium heat for another 3-4 minutes to crisp up the edges. Finish with a sprinkle of garam masala and fresh coriander leaves. Serve hot as a side dish.",,True,2026-08-08T05:39:03.815281+00:00,Main Course
6c4f5d47-a620-4a74-a559-fcec007d22cb,chana-tikka,Chana Tikka,Bengali,Chana,"1 cup Chana, soaked overnight
2 medium Onions, finely chopped
1 tbsp Ginger-Garlic Paste
2 medium Tomatoes, pureed or chopped
2-3 Green Chilies, slit
1 tsp Cumin Seeds
1/2 tsp Turmeric Powder
1 tsp Red Chili Powder
1 tsp Garam Masala
2 tbsp Oil or Ghee
Salt to taste
2 tbsp Fresh Coriander Leaves, chopped",Vegan,False,{},{All},"1. Ingredient Prep: Wash, peel, and chop Chana into even, bite-sized pieces. Finely chop onions, tomatoes, and slit green chilies.
2. Tempering (Tadka): Heat 2-3 tbsp of oil (mustard oil preferred for vegetables) in a wide pan. Add mustard seeds, cumin seeds, a pinch of hing (asafoetida), and curry leaves. Let them splutter.
3. Aromatics: Add chopped onions and sauté until translucent. Add ginger-garlic paste and sauté for another minute.
4. Main Ingredient Addition: Add the chopped Chana along with a pinch of turmeric and salt. Mix well to coat with the oil and spices.
5. Searing/Cooking: Cook uncovered on medium-high heat for the first 5 minutes to get a slight sear. Then, reduce the heat, cover with a lid, and cook until Chana is 80% tender. Stir occasionally to prevent sticking.
6. Spicing: Remove the lid and add dry spice powders (coriander powder, cumin powder, red chili powder, amchur/dry mango powder). Mix thoroughly.
7. Finishing: Sauté on medium heat for another 3-4 minutes to crisp up the edges. Finish with a sprinkle of garam masala and fresh coriander leaves. Serve hot as a side dish.",,True,2026-08-08T05:39:03.815305+00:00,Main Course
17ea2567-e6d1-4585-8290-bcb5b9c53f3a,chana-korma,Chana Korma,Rajasthani,Chana,"1 cup Chana, soaked overnight
2 medium Onions, finely chopped
1 tbsp Ginger-Garlic Paste
2 medium Tomatoes, pureed or chopped
2-3 Green Chilies, slit
1 tsp Cumin Seeds
1/2 tsp Turmeric Powder
1 tsp Red Chili Powder
1 tsp Garam Masala
2 tbsp Oil or Ghee
Salt to taste
2 tbsp Fresh Coriander Leaves, chopped",Vegan,False,{Nuts},{All},"1. Preparation: Thoroughly wash and prepare Chana. If it's meat or paneer, marinate it with a little turmeric, red chili powder, salt, and lemon juice for 20 minutes. Finely chop 2 onions and puree 2 tomatoes.
2. Whole Spices (Tadka): Heat 3 tbsp of oil or ghee in a heavy-bottomed pan or pressure cooker over medium heat. Add cumin seeds, 1 bay leaf, 2-3 cloves, and a small cinnamon stick. Let them sizzle for 30 seconds to release their aroma.
3. Onion Base: Add the finely chopped onions and a pinch of salt. Sauté patiently for 8-10 minutes until they turn a deep golden brown.
4. Aromatics & Tomatoes: Add 1 tbsp of ginger-garlic paste and green chilies. Sauté for 1 minute until the raw smell goes away. Pour in the tomato puree and cook until the mixture thickens and oil starts separating from the edges (about 5-7 minutes).
5. Spice Powders: Lower the heat and add 1/2 tsp turmeric, 1 tsp Kashmiri red chili powder, 1 tsp coriander powder, and 1/2 tsp cumin powder. Stir constantly for 30 seconds so the spices bloom without burning.
6. Adding Base: Add the prepared Chana to the masala. Sauté on medium-high heat for 4-5 minutes to coat everything well and seal in the flavors.
7. Simmering: Pour in 1 to 1.5 cups of warm water (adjust for desired gravy consistency). Bring to a boil, then reduce heat to low, cover with a lid, and simmer. Cook until the Chana is completely tender (15 mins for veg/paneer, 30-45 mins for meat).
8. Final Garnish: Crush 1 tsp of Kasuri Methi (dried fenugreek leaves) between your palms and sprinkle it over the curry along with 1/2 tsp of garam masala. Garnish with freshly chopped cilantro and serve hot.",,True,2026-08-08T05:39:03.815328+00:00,Main Course
821be4c7-4252-4da7-8f7a-d3999d8c16a2,chana-makhani,Chana Makhani,Awadhi,Chana,"1 cup Chana, soaked overnight
2-3 Green Chilies, slit
1 tsp Cumin Seeds
1/2 tsp Turmeric Powder
1 tsp Red Chili Powder
1 tsp Garam Masala
3 tbsp Butter
1/4 cup Fresh Cream
1 tsp Kasuri Methi
Salt to taste
2 tbsp Fresh Coriander Leaves, chopped",Vegetarian,True,{Dairy},{All},"1. Preparation: Thoroughly wash and prepare Chana. If it's meat or paneer, marinate it with a little turmeric, red chili powder, salt, and lemon juice for 20 minutes. Finely chop 2 onions and puree 2 tomatoes.
2. Whole Spices (Tadka): Heat 3 tbsp of oil or ghee in a heavy-bottomed pan or pressure cooker over medium heat. Add cumin seeds, 1 bay leaf, 2-3 cloves, and a small cinnamon stick. Let them sizzle for 30 seconds to release their aroma.
3. Onion Base: Add the finely chopped onions and a pinch of salt. Sauté patiently for 8-10 minutes until they turn a deep golden brown.
4. Aromatics & Tomatoes: Add 1 tbsp of ginger-garlic paste and green chilies. Sauté for 1 minute until the raw smell goes away. Pour in the tomato puree and cook until the mixture thickens and oil starts separating from the edges (about 5-7 minutes).
5. Spice Powders: Lower the heat and add 1/2 tsp turmeric, 1 tsp Kashmiri red chili powder, 1 tsp coriander powder, and 1/2 tsp cumin powder. Stir constantly for 30 seconds so the spices bloom without burning.
6. Adding Base: Add the prepared Chana to the masala. Sauté on medium-high heat for 4-5 minutes to coat everything well and seal in the flavors.
7. Simmering: Pour in 1 to 1.5 cups of warm water (adjust for desired gravy consistency). Bring to a boil, then reduce heat to low, cover with a lid, and simmer. Cook until the Chana is completely tender (15 mins for veg/paneer, 30-45 mins for meat).
8. Final Garnish: Crush 1 tsp of Kasuri Methi (dried fenugreek leaves) between your palms and sprinkle it over the curry along with 1/2 tsp of garam masala. Garnish with freshly chopped cilantro and serve hot.",,True,2026-08-08T05:39:03.815350+00:00,Main Course
26c2ef46-0fae-4e53-b7ac-e07fec26f4a0,chana-bhurji,Chana Bhurji,Goan,Chana,"1 cup Chana, soaked overnight
2-3 Green Chilies, slit
1 tsp Cumin Seeds
1/2 tsp Turmeric Powder
1 tsp Red Chili Powder
1 tsp Garam Masala
2 tbsp Oil or Ghee
Salt to taste
2 tbsp Fresh Coriander Leaves, chopped",Vegetarian,True,{},{All},"1. Ingredient Prep: Wash, peel, and chop Chana into even, bite-sized pieces. Finely chop onions, tomatoes, and slit green chilies.
2. Tempering (Tadka): Heat 2-3 tbsp of oil (mustard oil preferred for vegetables) in a wide pan. Add mustard seeds, cumin seeds, a pinch of hing (asafoetida), and curry leaves. Let them splutter.
3. Aromatics: Add chopped onions and sauté until translucent. Add ginger-garlic paste and sauté for another minute.
4. Main Ingredient Addition: Add the chopped Chana along with a pinch of turmeric and salt. Mix well to coat with the oil and spices.
5. Searing/Cooking: Cook uncovered on medium-high heat for the first 5 minutes to get a slight sear. Then, reduce the heat, cover with a lid, and cook until Chana is 80% tender. Stir occasionally to prevent sticking.
6. Spicing: Remove the lid and add dry spice powders (coriander powder, cumin powder, red chili powder, amchur/dry mango powder). Mix thoroughly.
7. Finishing: Sauté on medium heat for another 3-4 minutes to crisp up the edges. Finish with a sprinkle of garam masala and fresh coriander leaves. Serve hot as a side dish.",,True,2026-08-08T05:39:03.815388+00:00,Main Course
cf8532f8-ee3c-4f68-80c0-68c9b9a01bc9,chana-kofta,Chana Kofta,North Indian,Chana,"1 cup Chana, soaked overnight
2 medium Onions, finely chopped
1 tbsp Ginger-Garlic Paste
2 medium Tomatoes, pureed or chopped
2-3 Green Chilies, slit
1 tsp Cumin Seeds
1/2 tsp Turmeric Powder
1 tsp Red Chili Powder
1 tsp Garam Masala
2 tbsp Oil or Ghee
Salt to taste
2 tbsp Fresh Coriander Leaves, chopped",Vegan,False,{},{All},"1. Preparation: Thoroughly wash and prepare Chana. If it's meat or paneer, marinate it with a little turmeric, red chili powder, salt, and lemon juice for 20 minutes. Finely chop 2 onions and puree 2 tomatoes.
2. Whole Spices (Tadka): Heat 3 tbsp of oil or ghee in a heavy-bottomed pan or pressure cooker over medium heat. Add cumin seeds, 1 bay leaf, 2-3 cloves, and a small cinnamon stick. Let them sizzle for 30 seconds to release their aroma.
3. Onion Base: Add the finely chopped onions and a pinch of salt. Sauté patiently for 8-10 minutes until they turn a deep golden brown.
4. Aromatics & Tomatoes: Add 1 tbsp of ginger-garlic paste and green chilies. Sauté for 1 minute until the raw smell goes away. Pour in the tomato puree and cook until the mixture thickens and oil starts separating from the edges (about 5-7 minutes).
5. Spice Powders: Lower the heat and add 1/2 tsp turmeric, 1 tsp Kashmiri red chili powder, 1 tsp coriander powder, and 1/2 tsp cumin powder. Stir constantly for 30 seconds so the spices bloom without burning.
6. Adding Base: Add the prepared Chana to the masala. Sauté on medium-high heat for 4-5 minutes to coat everything well and seal in the flavors.
7. Simmering: Pour in 1 to 1.5 cups of warm water (adjust for desired gravy consistency). Bring to a boil, then reduce heat to low, cover with a lid, and simmer. Cook until the Chana is completely tender (15 mins for veg/paneer, 30-45 mins for meat).
8. Final Garnish: Crush 1 tsp of Kasuri Methi (dried fenugreek leaves) between your palms and sprinkle it over the curry along with 1/2 tsp of garam masala. Garnish with freshly chopped cilantro and serve hot.",,True,2026-08-08T05:39:03.815425+00:00,Main Course
3d08a869-6fd5-4c01-827e-68ec47e38743,chana-saag,Chana Saag,Awadhi,Chana,"1 cup Chana, soaked overnight
2 medium Onions, finely chopped
1 tbsp Ginger-Garlic Paste
2 medium Tomatoes, pureed or chopped
2-3 Green Chilies, slit
1 tsp Cumin Seeds
1/2 tsp Turmeric Powder
1 tsp Red Chili Powder
1 tsp Garam Masala
2 tbsp Oil or Ghee
Salt to taste
2 tbsp Fresh Coriander Leaves, chopped",Vegan,False,{},{All},"1. Preparation: Thoroughly wash and prepare Chana. If it's meat or paneer, marinate it with a little turmeric, red chili powder, salt, and lemon juice for 20 minutes. Finely chop 2 onions and puree 2 tomatoes.
2. Whole Spices (Tadka): Heat 3 tbsp of oil or ghee in a heavy-bottomed pan or pressure cooker over medium heat. Add cumin seeds, 1 bay leaf, 2-3 cloves, and a small cinnamon stick. Let them sizzle for 30 seconds to release their aroma.
3. Onion Base: Add the finely chopped onions and a pinch of salt. Sauté patiently for 8-10 minutes until they turn a deep golden brown.
4. Aromatics & Tomatoes: Add 1 tbsp of ginger-garlic paste and green chilies. Sauté for 1 minute until the raw smell goes away. Pour in the tomato puree and cook until the mixture thickens and oil starts separating from the edges (about 5-7 minutes).
5. Spice Powders: Lower the heat and add 1/2 tsp turmeric, 1 tsp Kashmiri red chili powder, 1 tsp coriander powder, and 1/2 tsp cumin powder. Stir constantly for 30 seconds so the spices bloom without burning.
6. Adding Base: Add the prepared Chana to the masala. Sauté on medium-high heat for 4-5 minutes to coat everything well and seal in the flavors.
7. Simmering: Pour in 1 to 1.5 cups of warm water (adjust for desired gravy consistency). Bring to a boil, then reduce heat to low, cover with a lid, and simmer. Cook until the Chana is completely tender (15 mins for veg/paneer, 30-45 mins for meat).
8. Final Garnish: Crush 1 tsp of Kasuri Methi (dried fenugreek leaves) between your palms and sprinkle it over the curry along with 1/2 tsp of garam masala. Garnish with freshly chopped cilantro and serve hot.",,True,2026-08-08T05:39:03.815464+00:00,Main Course
6ab6c8ed-c3ec-4acf-959d-39eed8089a55,chana-vindaloo,Chana Vindaloo,Hyderabadi,Chana,"1 cup Chana, soaked overnight
2 medium Onions, finely chopped
1 tbsp Ginger-Garlic Paste
2 medium Tomatoes, pureed or chopped
2-3 Green Chilies, slit
1 tsp Cumin Seeds
1/2 tsp Turmeric Powder
1 tsp Red Chili Powder
1 tsp Garam Masala
2 tbsp Oil or Ghee
Salt to taste
2 tbsp Fresh Coriander Leaves, chopped",Vegetarian,False,{},{All},"1. Preparation: Thoroughly wash and prepare Chana. If it's meat or paneer, marinate it with a little turmeric, red chili powder, salt, and lemon juice for 20 minutes. Finely chop 2 onions and puree 2 tomatoes.
2. Whole Spices (Tadka): Heat 3 tbsp of oil or ghee in a heavy-bottomed pan or pressure cooker over medium heat. Add cumin seeds, 1 bay leaf, 2-3 cloves, and a small cinnamon stick. Let them sizzle for 30 seconds to release their aroma.
3. Onion Base: Add the finely chopped onions and a pinch of salt. Sauté patiently for 8-10 minutes until they turn a deep golden brown.
4. Aromatics & Tomatoes: Add 1 tbsp of ginger-garlic paste and green chilies. Sauté for 1 minute until the raw smell goes away. Pour in the tomato puree and cook until the mixture thickens and oil starts separating from the edges (about 5-7 minutes).
5. Spice Powders: Lower the heat and add 1/2 tsp turmeric, 1 tsp Kashmiri red chili powder, 1 tsp coriander powder, and 1/2 tsp cumin powder. Stir constantly for 30 seconds so the spices bloom without burning.
6. Adding Base: Add the prepared Chana to the masala. Sauté on medium-high heat for 4-5 minutes to coat everything well and seal in the flavors.
7. Simmering: Pour in 1 to 1.5 cups of warm water (adjust for desired gravy consistency). Bring to a boil, then reduce heat to low, cover with a lid, and simmer. Cook until the Chana is completely tender (15 mins for veg/paneer, 30-45 mins for meat).
8. Final Garnish: Crush 1 tsp of Kasuri Methi (dried fenugreek leaves) between your palms and sprinkle it over the curry along with 1/2 tsp of garam masala. Garnish with freshly chopped cilantro and serve hot.",,True,2026-08-08T05:39:03.815505+00:00,Main Course
06dab164-009f-4573-81f9-972f0ede9572,chana-chettinad,Chana Chettinad,Gujarati,Chana,"1 cup Chana, soaked overnight
2-3 Green Chilies, slit
1 tsp Cumin Seeds
1/2 tsp Turmeric Powder
1 tsp Red Chili Powder
1 tsp Garam Masala
2 tbsp Oil or Ghee
Salt to taste
2 tbsp Fresh Coriander Leaves, chopped",Vegetarian,True,{},{All},"1. Preparation: Thoroughly wash and prepare Chana. If it's meat or paneer, marinate it with a little turmeric, red chili powder, salt, and lemon juice for 20 minutes. Finely chop 2 onions and puree 2 tomatoes.
2. Whole Spices (Tadka): Heat 3 tbsp of oil or ghee in a heavy-bottomed pan or pressure cooker over medium heat. Add cumin seeds, 1 bay leaf, 2-3 cloves, and a small cinnamon stick. Let them sizzle for 30 seconds to release their aroma.
3. Onion Base: Add the finely chopped onions and a pinch of salt. Sauté patiently for 8-10 minutes until they turn a deep golden brown.
4. Aromatics & Tomatoes: Add 1 tbsp of ginger-garlic paste and green chilies. Sauté for 1 minute until the raw smell goes away. Pour in the tomato puree and cook until the mixture thickens and oil starts separating from the edges (about 5-7 minutes).
5. Spice Powders: Lower the heat and add 1/2 tsp turmeric, 1 tsp Kashmiri red chili powder, 1 tsp coriander powder, and 1/2 tsp cumin powder. Stir constantly for 30 seconds so the spices bloom without burning.
6. Adding Base: Add the prepared Chana to the masala. Sauté on medium-high heat for 4-5 minutes to coat everything well and seal in the flavors.
7. Simmering: Pour in 1 to 1.5 cups of warm water (adjust for desired gravy consistency). Bring to a boil, then reduce heat to low, cover with a lid, and simmer. Cook until the Chana is completely tender (15 mins for veg/paneer, 30-45 mins for meat).
8. Final Garnish: Crush 1 tsp of Kasuri Methi (dried fenugreek leaves) between your palms and sprinkle it over the curry along with 1/2 tsp of garam masala. Garnish with freshly chopped cilantro and serve hot.",,True,2026-08-08T05:39:03.815532+00:00,Main Course
d4e923b2-3b6b-4389-a974-0cbd7d0e662b,chana-do-pyaza,Chana Do Pyaza,Gujarati,Chana,"1 cup Chana, soaked overnight
2-3 Green Chilies, slit
1 tsp Cumin Seeds
1/2 tsp Turmeric Powder
1 tsp Red Chili Powder
1 tsp Garam Masala
2 tbsp Oil or Ghee
Salt to taste
2 tbsp Fresh Coriander Leaves, chopped",Vegan,True,{},{All},"1. Preparation: Thoroughly wash and prepare Chana. If it's meat or paneer, marinate it with a little turmeric, red chili powder, salt, and lemon juice for 20 minutes. Finely chop 2 onions and puree 2 tomatoes.
2. Whole Spices (Tadka): Heat 3 tbsp of oil or ghee in a heavy-bottomed pan or pressure cooker over medium heat. Add cumin seeds, 1 bay leaf, 2-3 cloves, and a small cinnamon stick. Let them sizzle for 30 seconds to release their aroma.
3. Onion Base: Add the finely chopped onions and a pinch of salt. Sauté patiently for 8-10 minutes until they turn a deep golden brown.
4. Aromatics & Tomatoes: Add 1 tbsp of ginger-garlic paste and green chilies. Sauté for 1 minute until the raw smell goes away. Pour in the tomato puree and cook until the mixture thickens and oil starts separating from the edges (about 5-7 minutes).
5. Spice Powders: Lower the heat and add 1/2 tsp turmeric, 1 tsp Kashmiri red chili powder, 1 tsp coriander powder, and 1/2 tsp cumin powder. Stir constantly for 30 seconds so the spices bloom without burning.
6. Adding Base: Add the prepared Chana to the masala. Sauté on medium-high heat for 4-5 minutes to coat everything well and seal in the flavors.
7. Simmering: Pour in 1 to 1.5 cups of warm water (adjust for desired gravy consistency). Bring to a boil, then reduce heat to low, cover with a lid, and simmer. Cook until the Chana is completely tender (15 mins for veg/paneer, 30-45 mins for meat).
8. Final Garnish: Crush 1 tsp of Kasuri Methi (dried fenugreek leaves) between your palms and sprinkle it over the curry along with 1/2 tsp of garam masala. Garnish with freshly chopped cilantro and serve hot.",,True,2026-08-08T05:39:03.815556+00:00,Main Course
e9a0b607-7aef-40ff-83d4-f486b761ad67,chana-salna,Chana Salna,Punjabi,Chana,"1 cup Chana, soaked overnight
2-3 Green Chilies, slit
1 tsp Cumin Seeds
1/2 tsp Turmeric Powder
1 tsp Red Chili Powder
1 tsp Garam Masala
2 tbsp Oil or Ghee
Salt to taste
2 tbsp Fresh Coriander Leaves, chopped",Vegan,True,{},{All},"1. Preparation: Thoroughly wash and prepare Chana. If it's meat or paneer, marinate it with a little turmeric, red chili powder, salt, and lemon juice for 20 minutes. Finely chop 2 onions and puree 2 tomatoes.
2. Whole Spices (Tadka): Heat 3 tbsp of oil or ghee in a heavy-bottomed pan or pressure cooker over medium heat. Add cumin seeds, 1 bay leaf, 2-3 cloves, and a small cinnamon stick. Let them sizzle for 30 seconds to release their aroma.
3. Onion Base: Add the finely chopped onions and a pinch of salt. Sauté patiently for 8-10 minutes until they turn a deep golden brown.
4. Aromatics & Tomatoes: Add 1 tbsp of ginger-garlic paste and green chilies. Sauté for 1 minute until the raw smell goes away. Pour in the tomato puree and cook until the mixture thickens and oil starts separating from the edges (about 5-7 minutes).
5. Spice Powders: Lower the heat and add 1/2 tsp turmeric, 1 tsp Kashmiri red chili powder, 1 tsp coriander powder, and 1/2 tsp cumin powder. Stir constantly for 30 seconds so the spices bloom without burning.
6. Adding Base: Add the prepared Chana to the masala. Sauté on medium-high heat for 4-5 minutes to coat everything well and seal in the flavors.
7. Simmering: Pour in 1 to 1.5 cups of warm water (adjust for desired gravy consistency). Bring to a boil, then reduce heat to low, cover with a lid, and simmer. Cook until the Chana is completely tender (15 mins for veg/paneer, 30-45 mins for meat).
8. Final Garnish: Crush 1 tsp of Kasuri Methi (dried fenugreek leaves) between your palms and sprinkle it over the curry along with 1/2 tsp of garam masala. Garnish with freshly chopped cilantro and serve hot.",,True,2026-08-08T05:39:03.815632+00:00,Main Course
4215dcf7-1f34-41ed-9adc-38dcded3c2ec,chana-kurma,Chana Kurma,Punjabi,Chana,"1 cup Chana, soaked overnight
2-3 Green Chilies, slit
1 tsp Cumin Seeds
1/2 tsp Turmeric Powder
1 tsp Red Chili Powder
1 tsp Garam Masala
2 tbsp Oil or Ghee
Salt to taste
2 tbsp Fresh Coriander Leaves, chopped",Vegan,True,{Nuts},{All},"1. Preparation: Thoroughly wash and prepare Chana. If it's meat or paneer, marinate it with a little turmeric, red chili powder, salt, and lemon juice for 20 minutes. Finely chop 2 onions and puree 2 tomatoes.
2. Whole Spices (Tadka): Heat 3 tbsp of oil or ghee in a heavy-bottomed pan or pressure cooker over medium heat. Add cumin seeds, 1 bay leaf, 2-3 cloves, and a small cinnamon stick. Let them sizzle for 30 seconds to release their aroma.
3. Onion Base: Add the finely chopped onions and a pinch of salt. Sauté patiently for 8-10 minutes until they turn a deep golden brown.
4. Aromatics & Tomatoes: Add 1 tbsp of ginger-garlic paste and green chilies. Sauté for 1 minute until the raw smell goes away. Pour in the tomato puree and cook until the mixture thickens and oil starts separating from the edges (about 5-7 minutes).
5. Spice Powders: Lower the heat and add 1/2 tsp turmeric, 1 tsp Kashmiri red chili powder, 1 tsp coriander powder, and 1/2 tsp cumin powder. Stir constantly for 30 seconds so the spices bloom without burning.
6. Adding Base: Add the prepared Chana to the masala. Sauté on medium-high heat for 4-5 minutes to coat everything well and seal in the flavors.
7. Simmering: Pour in 1 to 1.5 cups of warm water (adjust for desired gravy consistency). Bring to a boil, then reduce heat to low, cover with a lid, and simmer. Cook until the Chana is completely tender (15 mins for veg/paneer, 30-45 mins for meat).
8. Final Garnish: Crush 1 tsp of Kasuri Methi (dried fenugreek leaves) between your palms and sprinkle it over the curry along with 1/2 tsp of garam masala. Garnish with freshly chopped cilantro and serve hot.",,True,2026-08-08T05:39:03.815662+00:00,Main Course
8ac6ce94-e10d-4887-aee4-4c0b2d85225c,rajma-curry,Rajma Curry,Kerala,Rajma,"1 cup Rajma, soaked overnight
2 medium Onions, finely chopped
1 tbsp Ginger-Garlic Paste
2 medium Tomatoes, pureed or chopped
2-3 Green Chilies, slit
1 tsp Cumin Seeds
1/2 tsp Turmeric Powder
1 tsp Red Chili Powder
1 tsp Garam Masala
2 tbsp Oil or Ghee
Salt to taste
2 tbsp Fresh Coriander Leaves, chopped",Vegetarian,False,{},{All},"1. Preparation: Thoroughly wash and prepare Rajma. If it's meat or paneer, marinate it with a little turmeric, red chili powder, salt, and lemon juice for 20 minutes. Finely chop 2 onions and puree 2 tomatoes.
2. Whole Spices (Tadka): Heat 3 tbsp of oil or ghee in a heavy-bottomed pan or pressure cooker over medium heat. Add cumin seeds, 1 bay leaf, 2-3 cloves, and a small cinnamon stick. Let them sizzle for 30 seconds to release their aroma.
3. Onion Base: Add the finely chopped onions and a pinch of salt. Sauté patiently for 8-10 minutes until they turn a deep golden brown.
4. Aromatics & Tomatoes: Add 1 tbsp of ginger-garlic paste and green chilies. Sauté for 1 minute until the raw smell goes away. Pour in the tomato puree and cook until the mixture thickens and oil starts separating from the edges (about 5-7 minutes).
5. Spice Powders: Lower the heat and add 1/2 tsp turmeric, 1 tsp Kashmiri red chili powder, 1 tsp coriander powder, and 1/2 tsp cumin powder. Stir constantly for 30 seconds so the spices bloom without burning.
6. Adding Base: Add the prepared Rajma to the masala. Sauté on medium-high heat for 4-5 minutes to coat everything well and seal in the flavors.
7. Simmering: Pour in 1 to 1.5 cups of warm water (adjust for desired gravy consistency). Bring to a boil, then reduce heat to low, cover with a lid, and simmer. Cook until the Rajma is completely tender (15 mins for veg/paneer, 30-45 mins for meat).
8. Final Garnish: Crush 1 tsp of Kasuri Methi (dried fenugreek leaves) between your palms and sprinkle it over the curry along with 1/2 tsp of garam masala. Garnish with freshly chopped cilantro and serve hot.",,True,2026-08-08T05:39:03.815708+00:00,Main Course
96282a04-ab4f-48ce-8829-0a193fe0b739,rajma-masala,Rajma Masala,South Indian,Rajma,"1 cup Rajma, soaked overnight
2-3 Green Chilies, slit
1 tsp Cumin Seeds
1/2 tsp Turmeric Powder
1 tsp Red Chili Powder
1 tsp Garam Masala
2 tbsp Oil or Ghee
Salt to taste
2 tbsp Fresh Coriander Leaves, chopped",Vegan,True,{},{All},"1. Preparation: Thoroughly wash and prepare Rajma. If it's meat or paneer, marinate it with a little turmeric, red chili powder, salt, and lemon juice for 20 minutes. Finely chop 2 onions and puree 2 tomatoes.
2. Whole Spices (Tadka): Heat 3 tbsp of oil or ghee in a heavy-bottomed pan or pressure cooker over medium heat. Add cumin seeds, 1 bay leaf, 2-3 cloves, and a small cinnamon stick. Let them sizzle for 30 seconds to release their aroma.
3. Onion Base: Add the finely chopped onions and a pinch of salt. Sauté patiently for 8-10 minutes until they turn a deep golden brown.
4. Aromatics & Tomatoes: Add 1 tbsp of ginger-garlic paste and green chilies. Sauté for 1 minute until the raw smell goes away. Pour in the tomato puree and cook until the mixture thickens and oil starts separating from the edges (about 5-7 minutes).
5. Spice Powders: Lower the heat and add 1/2 tsp turmeric, 1 tsp Kashmiri red chili powder, 1 tsp coriander powder, and 1/2 tsp cumin powder. Stir constantly for 30 seconds so the spices bloom without burning.
6. Adding Base: Add the prepared Rajma to the masala. Sauté on medium-high heat for 4-5 minutes to coat everything well and seal in the flavors.
7. Simmering: Pour in 1 to 1.5 cups of warm water (adjust for desired gravy consistency). Bring to a boil, then reduce heat to low, cover with a lid, and simmer. Cook until the Rajma is completely tender (15 mins for veg/paneer, 30-45 mins for meat).
8. Final Garnish: Crush 1 tsp of Kasuri Methi (dried fenugreek leaves) between your palms and sprinkle it over the curry along with 1/2 tsp of garam masala. Garnish with freshly chopped cilantro and serve hot.",,True,2026-08-08T05:39:03.815734+00:00,Main Course
99e5b0d0-5a98-461b-8aa9-2fa1b4120ab7,rajma-fry,Rajma Fry,Hyderabadi,Rajma,"1 cup Rajma, soaked overnight
2-3 Green Chilies, slit
1 tsp Cumin Seeds
1/2 tsp Turmeric Powder
1 tsp Red Chili Powder
1 tsp Garam Masala
2 tbsp Oil or Ghee
Salt to taste
2 tbsp Fresh Coriander Leaves, chopped",Vegetarian,True,{},{All},"1. Ingredient Prep: Wash, peel, and chop Rajma into even, bite-sized pieces. Finely chop onions, tomatoes, and slit green chilies.
2. Tempering (Tadka): Heat 2-3 tbsp of oil (mustard oil preferred for vegetables) in a wide pan. Add mustard seeds, cumin seeds, a pinch of hing (asafoetida), and curry leaves. Let them splutter.
3. Aromatics: Add chopped onions and sauté until translucent. Add ginger-garlic paste and sauté for another minute.
4. Main Ingredient Addition: Add the chopped Rajma along with a pinch of turmeric and salt. Mix well to coat with the oil and spices.
5. Searing/Cooking: Cook uncovered on medium-high heat for the first 5 minutes to get a slight sear. Then, reduce the heat, cover with a lid, and cook until Rajma is 80% tender. Stir occasionally to prevent sticking.
6. Spicing: Remove the lid and add dry spice powders (coriander powder, cumin powder, red chili powder, amchur/dry mango powder). Mix thoroughly.
7. Finishing: Sauté on medium heat for another 3-4 minutes to crisp up the edges. Finish with a sprinkle of garam masala and fresh coriander leaves. Serve hot as a side dish.",,True,2026-08-08T05:39:03.815756+00:00,Main Course
20a82312-3e66-444b-abd9-3f93d41cc1e7,rajma-roast,Rajma Roast,North Indian,Rajma,"1 cup Rajma, soaked overnight
2 medium Onions, finely chopped
1 tbsp Ginger-Garlic Paste
2 medium Tomatoes, pureed or chopped
2-3 Green Chilies, slit
1 tsp Cumin Seeds
1/2 tsp Turmeric Powder
1 tsp Red Chili Powder
1 tsp Garam Masala
2 tbsp Oil or Ghee
Salt to taste
2 tbsp Fresh Coriander Leaves, chopped",Vegetarian,False,{},{All},"1. Ingredient Prep: Wash, peel, and chop Rajma into even, bite-sized pieces. Finely chop onions, tomatoes, and slit green chilies.
2. Tempering (Tadka): Heat 2-3 tbsp of oil (mustard oil preferred for vegetables) in a wide pan. Add mustard seeds, cumin seeds, a pinch of hing (asafoetida), and curry leaves. Let them splutter.
3. Aromatics: Add chopped onions and sauté until translucent. Add ginger-garlic paste and sauté for another minute.
4. Main Ingredient Addition: Add the chopped Rajma along with a pinch of turmeric and salt. Mix well to coat with the oil and spices.
5. Searing/Cooking: Cook uncovered on medium-high heat for the first 5 minutes to get a slight sear. Then, reduce the heat, cover with a lid, and cook until Rajma is 80% tender. Stir occasionally to prevent sticking.
6. Spicing: Remove the lid and add dry spice powders (coriander powder, cumin powder, red chili powder, amchur/dry mango powder). Mix thoroughly.
7. Finishing: Sauté on medium heat for another 3-4 minutes to crisp up the edges. Finish with a sprinkle of garam masala and fresh coriander leaves. Serve hot as a side dish.",,True,2026-08-08T05:39:03.815776+00:00,Main Course
0910c2b8-5e0c-4ea3-ae3c-5c35d2635459,rajma-tikka,Rajma Tikka,South Indian,Rajma,"1 cup Rajma, soaked overnight
2 medium Onions, finely chopped
1 tbsp Ginger-Garlic Paste
2 medium Tomatoes, pureed or chopped
2-3 Green Chilies, slit
1 tsp Cumin Seeds
1/2 tsp Turmeric Powder
1 tsp Red Chili Powder
1 tsp Garam Masala
2 tbsp Oil or Ghee
Salt to taste
2 tbsp Fresh Coriander Leaves, chopped",Vegetarian,False,{},{All},"1. Ingredient Prep: Wash, peel, and chop Rajma into even, bite-sized pieces. Finely chop onions, tomatoes, and slit green chilies.
2. Tempering (Tadka): Heat 2-3 tbsp of oil (mustard oil preferred for vegetables) in a wide pan. Add mustard seeds, cumin seeds, a pinch of hing (asafoetida), and curry leaves. Let them splutter.
3. Aromatics: Add chopped onions and sauté until translucent. Add ginger-garlic paste and sauté for another minute.
4. Main Ingredient Addition: Add the chopped Rajma along with a pinch of turmeric and salt. Mix well to coat with the oil and spices.
5. Searing/Cooking: Cook uncovered on medium-high heat for the first 5 minutes to get a slight sear. Then, reduce the heat, cover with a lid, and cook until Rajma is 80% tender. Stir occasionally to prevent sticking.
6. Spicing: Remove the lid and add dry spice powders (coriander powder, cumin powder, red chili powder, amchur/dry mango powder). Mix thoroughly.
7. Finishing: Sauté on medium heat for another 3-4 minutes to crisp up the edges. Finish with a sprinkle of garam masala and fresh coriander leaves. Serve hot as a side dish.",,True,2026-08-08T05:39:03.815812+00:00,Main Course
019473b8-98d3-4365-af9c-9bedb035ff43,rajma-korma,Rajma Korma,Punjabi,Rajma,"1 cup Rajma, soaked overnight
2 medium Onions, finely chopped
1 tbsp Ginger-Garlic Paste
2 medium Tomatoes, pureed or chopped
2-3 Green Chilies, slit
1 tsp Cumin Seeds
1/2 tsp Turmeric Powder
1 tsp Red Chili Powder
1 tsp Garam Masala
2 tbsp Oil or Ghee
Salt to taste
2 tbsp Fresh Coriander Leaves, chopped",Vegan,False,{Nuts},{All},"1. Preparation: Thoroughly wash and prepare Rajma. If it's meat or paneer, marinate it with a little turmeric, red chili powder, salt, and lemon juice for 20 minutes. Finely chop 2 onions and puree 2 tomatoes.
2. Whole Spices (Tadka): Heat 3 tbsp of oil or ghee in a heavy-bottomed pan or pressure cooker over medium heat. Add cumin seeds, 1 bay leaf, 2-3 cloves, and a small cinnamon stick. Let them sizzle for 30 seconds to release their aroma.
3. Onion Base: Add the finely chopped onions and a pinch of salt. Sauté patiently for 8-10 minutes until they turn a deep golden brown.
4. Aromatics & Tomatoes: Add 1 tbsp of ginger-garlic paste and green chilies. Sauté for 1 minute until the raw smell goes away. Pour in the tomato puree and cook until the mixture thickens and oil starts separating from the edges (about 5-7 minutes).
5. Spice Powders: Lower the heat and add 1/2 tsp turmeric, 1 tsp Kashmiri red chili powder, 1 tsp coriander powder, and 1/2 tsp cumin powder. Stir constantly for 30 seconds so the spices bloom without burning.
6. Adding Base: Add the prepared Rajma to the masala. Sauté on medium-high heat for 4-5 minutes to coat everything well and seal in the flavors.
7. Simmering: Pour in 1 to 1.5 cups of warm water (adjust for desired gravy consistency). Bring to a boil, then reduce heat to low, cover with a lid, and simmer. Cook until the Rajma is completely tender (15 mins for veg/paneer, 30-45 mins for meat).
8. Final Garnish: Crush 1 tsp of Kasuri Methi (dried fenugreek leaves) between your palms and sprinkle it over the curry along with 1/2 tsp of garam masala. Garnish with freshly chopped cilantro and serve hot.",,True,2026-08-08T05:39:03.815840+00:00,Main Course
f4d1ac52-8cb3-4a69-abbc-5edec42b7f7b,rajma-makhani,Rajma Makhani,Kerala,Rajma,"1 cup Rajma, soaked overnight
2-3 Green Chilies, slit
1 tsp Cumin Seeds
1/2 tsp Turmeric Powder
1 tsp Red Chili Powder
1 tsp Garam Masala
3 tbsp Butter
1/4 cup Fresh Cream
1 tsp Kasuri Methi
Salt to taste
2 tbsp Fresh Coriander Leaves, chopped",Vegan,True,{Dairy},{All},"1. Preparation: Thoroughly wash and prepare Rajma. If it's meat or paneer, marinate it with a little turmeric, red chili powder, salt, and lemon juice for 20 minutes. Finely chop 2 onions and puree 2 tomatoes.
2. Whole Spices (Tadka): Heat 3 tbsp of oil or ghee in a heavy-bottomed pan or pressure cooker over medium heat. Add cumin seeds, 1 bay leaf, 2-3 cloves, and a small cinnamon stick. Let them sizzle for 30 seconds to release their aroma.
3. Onion Base: Add the finely chopped onions and a pinch of salt. Sauté patiently for 8-10 minutes until they turn a deep golden brown.
4. Aromatics & Tomatoes: Add 1 tbsp of ginger-garlic paste and green chilies. Sauté for 1 minute until the raw smell goes away. Pour in the tomato puree and cook until the mixture thickens and oil starts separating from the edges (about 5-7 minutes).
5. Spice Powders: Lower the heat and add 1/2 tsp turmeric, 1 tsp Kashmiri red chili powder, 1 tsp coriander powder, and 1/2 tsp cumin powder. Stir constantly for 30 seconds so the spices bloom without burning.
6. Adding Base: Add the prepared Rajma to the masala. Sauté on medium-high heat for 4-5 minutes to coat everything well and seal in the flavors.
7. Simmering: Pour in 1 to 1.5 cups of warm water (adjust for desired gravy consistency). Bring to a boil, then reduce heat to low, cover with a lid, and simmer. Cook until the Rajma is completely tender (15 mins for veg/paneer, 30-45 mins for meat).
8. Final Garnish: Crush 1 tsp of Kasuri Methi (dried fenugreek leaves) between your palms and sprinkle it over the curry along with 1/2 tsp of garam masala. Garnish with freshly chopped cilantro and serve hot.",,True,2026-08-08T05:39:03.815887+00:00,Main Course
2ddceed4-1bef-41cf-9731-6003edf85b15,rajma-bhurji,Rajma Bhurji,Gujarati,Rajma,"1 cup Rajma, soaked overnight
2 medium Onions, finely chopped
1 tbsp Ginger-Garlic Paste
2 medium Tomatoes, pureed or chopped
2-3 Green Chilies, slit
1 tsp Cumin Seeds
1/2 tsp Turmeric Powder
1 tsp Red Chili Powder
1 tsp Garam Masala
2 tbsp Oil or Ghee
Salt to taste
2 tbsp Fresh Coriander Leaves, chopped",Vegan,False,{},{All},"1. Ingredient Prep: Wash, peel, and chop Rajma into even, bite-sized pieces. Finely chop onions, tomatoes, and slit green chilies.
2. Tempering (Tadka): Heat 2-3 tbsp of oil (mustard oil preferred for vegetables) in a wide pan. Add mustard seeds, cumin seeds, a pinch of hing (asafoetida), and curry leaves. Let them splutter.
3. Aromatics: Add chopped onions and sauté until translucent. Add ginger-garlic paste and sauté for another minute.
4. Main Ingredient Addition: Add the chopped Rajma along with a pinch of turmeric and salt. Mix well to coat with the oil and spices.
5. Searing/Cooking: Cook uncovered on medium-high heat for the first 5 minutes to get a slight sear. Then, reduce the heat, cover with a lid, and cook until Rajma is 80% tender. Stir occasionally to prevent sticking.
6. Spicing: Remove the lid and add dry spice powders (coriander powder, cumin powder, red chili powder, amchur/dry mango powder). Mix thoroughly.
7. Finishing: Sauté on medium heat for another 3-4 minutes to crisp up the edges. Finish with a sprinkle of garam masala and fresh coriander leaves. Serve hot as a side dish.",,True,2026-08-08T05:39:03.815912+00:00,Main Course
fdab33fd-e38a-483d-ba50-2d1dca8a45b0,rajma-kofta,Rajma Kofta,North Indian,Rajma,"1 cup Rajma, soaked overnight
2 medium Onions, finely chopped
1 tbsp Ginger-Garlic Paste
2 medium Tomatoes, pureed or chopped
2-3 Green Chilies, slit
1 tsp Cumin Seeds
1/2 tsp Turmeric Powder
1 tsp Red Chili Powder
1 tsp Garam Masala
2 tbsp Oil or Ghee
Salt to taste
2 tbsp Fresh Coriander Leaves, chopped",Vegetarian,False,{},{All},"1. Preparation: Thoroughly wash and prepare Rajma. If it's meat or paneer, marinate it with a little turmeric, red chili powder, salt, and lemon juice for 20 minutes. Finely chop 2 onions and puree 2 tomatoes.
2. Whole Spices (Tadka): Heat 3 tbsp of oil or ghee in a heavy-bottomed pan or pressure cooker over medium heat. Add cumin seeds, 1 bay leaf, 2-3 cloves, and a small cinnamon stick. Let them sizzle for 30 seconds to release their aroma.
3. Onion Base: Add the finely chopped onions and a pinch of salt. Sauté patiently for 8-10 minutes until they turn a deep golden brown.
4. Aromatics & Tomatoes: Add 1 tbsp of ginger-garlic paste and green chilies. Sauté for 1 minute until the raw smell goes away. Pour in the tomato puree and cook until the mixture thickens and oil starts separating from the edges (about 5-7 minutes).
5. Spice Powders: Lower the heat and add 1/2 tsp turmeric, 1 tsp Kashmiri red chili powder, 1 tsp coriander powder, and 1/2 tsp cumin powder. Stir constantly for 30 seconds so the spices bloom without burning.
6. Adding Base: Add the prepared Rajma to the masala. Sauté on medium-high heat for 4-5 minutes to coat everything well and seal in the flavors.
7. Simmering: Pour in 1 to 1.5 cups of warm water (adjust for desired gravy consistency). Bring to a boil, then reduce heat to low, cover with a lid, and simmer. Cook until the Rajma is completely tender (15 mins for veg/paneer, 30-45 mins for meat).
8. Final Garnish: Crush 1 tsp of Kasuri Methi (dried fenugreek leaves) between your palms and sprinkle it over the curry along with 1/2 tsp of garam masala. Garnish with freshly chopped cilantro and serve hot.",,True,2026-08-08T05:39:03.815950+00:00,Main Course
4d7f87aa-8d5a-4402-a56e-7f681e4e4b14,rajma-saag,Rajma Saag,Rajasthani,Rajma,"1 cup Rajma, soaked overnight
2-3 Green Chilies, slit
1 tsp Cumin Seeds
1/2 tsp Turmeric Powder
1 tsp Red Chili Powder
1 tsp Garam Masala
2 tbsp Oil or Ghee
Salt to taste
2 tbsp Fresh Coriander Leaves, chopped",Vegetarian,True,{},{All},"1. Preparation: Thoroughly wash and prepare Rajma. If it's meat or paneer, marinate it with a little turmeric, red chili powder, salt, and lemon juice for 20 minutes. Finely chop 2 onions and puree 2 tomatoes.
2. Whole Spices (Tadka): Heat 3 tbsp of oil or ghee in a heavy-bottomed pan or pressure cooker over medium heat. Add cumin seeds, 1 bay leaf, 2-3 cloves, and a small cinnamon stick. Let them sizzle for 30 seconds to release their aroma.
3. Onion Base: Add the finely chopped onions and a pinch of salt. Sauté patiently for 8-10 minutes until they turn a deep golden brown.
4. Aromatics & Tomatoes: Add 1 tbsp of ginger-garlic paste and green chilies. Sauté for 1 minute until the raw smell goes away. Pour in the tomato puree and cook until the mixture thickens and oil starts separating from the edges (about 5-7 minutes).
5. Spice Powders: Lower the heat and add 1/2 tsp turmeric, 1 tsp Kashmiri red chili powder, 1 tsp coriander powder, and 1/2 tsp cumin powder. Stir constantly for 30 seconds so the spices bloom without burning.
6. Adding Base: Add the prepared Rajma to the masala. Sauté on medium-high heat for 4-5 minutes to coat everything well and seal in the flavors.
7. Simmering: Pour in 1 to 1.5 cups of warm water (adjust for desired gravy consistency). Bring to a boil, then reduce heat to low, cover with a lid, and simmer. Cook until the Rajma is completely tender (15 mins for veg/paneer, 30-45 mins for meat).
8. Final Garnish: Crush 1 tsp of Kasuri Methi (dried fenugreek leaves) between your palms and sprinkle it over the curry along with 1/2 tsp of garam masala. Garnish with freshly chopped cilantro and serve hot.",,True,2026-08-08T05:39:03.815982+00:00,Main Course
af8b6e7c-0481-47d6-9942-6945a2531348,rajma-vindaloo,Rajma Vindaloo,Rajasthani,Rajma,"1 cup Rajma, soaked overnight
2 medium Onions, finely chopped
1 tbsp Ginger-Garlic Paste
2 medium Tomatoes, pureed or chopped
2-3 Green Chilies, slit
1 tsp Cumin Seeds
1/2 tsp Turmeric Powder
1 tsp Red Chili Powder
1 tsp Garam Masala
2 tbsp Oil or Ghee
Salt to taste
2 tbsp Fresh Coriander Leaves, chopped",Vegan,False,{},{All},"1. Preparation: Thoroughly wash and prepare Rajma. If it's meat or paneer, marinate it with a little turmeric, red chili powder, salt, and lemon juice for 20 minutes. Finely chop 2 onions and puree 2 tomatoes.
2. Whole Spices (Tadka): Heat 3 tbsp of oil or ghee in a heavy-bottomed pan or pressure cooker over medium heat. Add cumin seeds, 1 bay leaf, 2-3 cloves, and a small cinnamon stick. Let them sizzle for 30 seconds to release their aroma.
3. Onion Base: Add the finely chopped onions and a pinch of salt. Sauté patiently for 8-10 minutes until they turn a deep golden brown.
4. Aromatics & Tomatoes: Add 1 tbsp of ginger-garlic paste and green chilies. Sauté for 1 minute until the raw smell goes away. Pour in the tomato puree and cook until the mixture thickens and oil starts separating from the edges (about 5-7 minutes).
5. Spice Powders: Lower the heat and add 1/2 tsp turmeric, 1 tsp Kashmiri red chili powder, 1 tsp coriander powder, and 1/2 tsp cumin powder. Stir constantly for 30 seconds so the spices bloom without burning.
6. Adding Base: Add the prepared Rajma to the masala. Sauté on medium-high heat for 4-5 minutes to coat everything well and seal in the flavors.
7. Simmering: Pour in 1 to 1.5 cups of warm water (adjust for desired gravy consistency). Bring to a boil, then reduce heat to low, cover with a lid, and simmer. Cook until the Rajma is completely tender (15 mins for veg/paneer, 30-45 mins for meat).
8. Final Garnish: Crush 1 tsp of Kasuri Methi (dried fenugreek leaves) between your palms and sprinkle it over the curry along with 1/2 tsp of garam masala. Garnish with freshly chopped cilantro and serve hot.",,True,2026-08-08T05:39:03.816008+00:00,Main Course
181c8c99-2ad6-488f-8ad3-d7b05c766821,rajma-chettinad,Rajma Chettinad,Hyderabadi,Rajma,"1 cup Rajma, soaked overnight
2 medium Onions, finely chopped
1 tbsp Ginger-Garlic Paste
2 medium Tomatoes, pureed or chopped
2-3 Green Chilies, slit
1 tsp Cumin Seeds
1/2 tsp Turmeric Powder
1 tsp Red Chili Powder
1 tsp Garam Masala
2 tbsp Oil or Ghee
Salt to taste
2 tbsp Fresh Coriander Leaves, chopped",Vegan,False,{},{All},"1. Preparation: Thoroughly wash and prepare Rajma. If it's meat or paneer, marinate it with a little turmeric, red chili powder, salt, and lemon juice for 20 minutes. Finely chop 2 onions and puree 2 tomatoes.
2. Whole Spices (Tadka): Heat 3 tbsp of oil or ghee in a heavy-bottomed pan or pressure cooker over medium heat. Add cumin seeds, 1 bay leaf, 2-3 cloves, and a small cinnamon stick. Let them sizzle for 30 seconds to release their aroma.
3. Onion Base: Add the finely chopped onions and a pinch of salt. Sauté patiently for 8-10 minutes until they turn a deep golden brown.
4. Aromatics & Tomatoes: Add 1 tbsp of ginger-garlic paste and green chilies. Sauté for 1 minute until the raw smell goes away. Pour in the tomato puree and cook until the mixture thickens and oil starts separating from the edges (about 5-7 minutes).
5. Spice Powders: Lower the heat and add 1/2 tsp turmeric, 1 tsp Kashmiri red chili powder, 1 tsp coriander powder, and 1/2 tsp cumin powder. Stir constantly for 30 seconds so the spices bloom without burning.
6. Adding Base: Add the prepared Rajma to the masala. Sauté on medium-high heat for 4-5 minutes to coat everything well and seal in the flavors.
7. Simmering: Pour in 1 to 1.5 cups of warm water (adjust for desired gravy consistency). Bring to a boil, then reduce heat to low, cover with a lid, and simmer. Cook until the Rajma is completely tender (15 mins for veg/paneer, 30-45 mins for meat).
8. Final Garnish: Crush 1 tsp of Kasuri Methi (dried fenugreek leaves) between your palms and sprinkle it over the curry along with 1/2 tsp of garam masala. Garnish with freshly chopped cilantro and serve hot.",,True,2026-08-08T05:39:03.816032+00:00,Main Course
c83a2ee8-aa92-4d85-842f-c01ad56ce907,rajma-do-pyaza,Rajma Do Pyaza,Maharashtrian,Rajma,"1 cup Rajma, soaked overnight
2 medium Onions, finely chopped
1 tbsp Ginger-Garlic Paste
2 medium Tomatoes, pureed or chopped
2-3 Green Chilies, slit
1 tsp Cumin Seeds
1/2 tsp Turmeric Powder
1 tsp Red Chili Powder
1 tsp Garam Masala
2 tbsp Oil or Ghee
Salt to taste
2 tbsp Fresh Coriander Leaves, chopped",Vegan,False,{},{All},"1. Preparation: Thoroughly wash and prepare Rajma. If it's meat or paneer, marinate it with a little turmeric, red chili powder, salt, and lemon juice for 20 minutes. Finely chop 2 onions and puree 2 tomatoes.
2. Whole Spices (Tadka): Heat 3 tbsp of oil or ghee in a heavy-bottomed pan or pressure cooker over medium heat. Add cumin seeds, 1 bay leaf, 2-3 cloves, and a small cinnamon stick. Let them sizzle for 30 seconds to release their aroma.
3. Onion Base: Add the finely chopped onions and a pinch of salt. Sauté patiently for 8-10 minutes until they turn a deep golden brown.
4. Aromatics & Tomatoes: Add 1 tbsp of ginger-garlic paste and green chilies. Sauté for 1 minute until the raw smell goes away. Pour in the tomato puree and cook until the mixture thickens and oil starts separating from the edges (about 5-7 minutes).
5. Spice Powders: Lower the heat and add 1/2 tsp turmeric, 1 tsp Kashmiri red chili powder, 1 tsp coriander powder, and 1/2 tsp cumin powder. Stir constantly for 30 seconds so the spices bloom without burning.
6. Adding Base: Add the prepared Rajma to the masala. Sauté on medium-high heat for 4-5 minutes to coat everything well and seal in the flavors.
7. Simmering: Pour in 1 to 1.5 cups of warm water (adjust for desired gravy consistency). Bring to a boil, then reduce heat to low, cover with a lid, and simmer. Cook until the Rajma is completely tender (15 mins for veg/paneer, 30-45 mins for meat).
8. Final Garnish: Crush 1 tsp of Kasuri Methi (dried fenugreek leaves) between your palms and sprinkle it over the curry along with 1/2 tsp of garam masala. Garnish with freshly chopped cilantro and serve hot.",,True,2026-08-08T05:39:03.816054+00:00,Main Course
d768cdc0-20d8-4d9f-aafd-e84f4baebde5,rajma-salna,Rajma Salna,Awadhi,Rajma,"1 cup Rajma, soaked overnight
2 medium Onions, finely chopped
1 tbsp Ginger-Garlic Paste
2 medium Tomatoes, pureed or chopped
2-3 Green Chilies, slit
1 tsp Cumin Seeds
1/2 tsp Turmeric Powder
1 tsp Red Chili Powder
1 tsp Garam Masala
2 tbsp Oil or Ghee
Salt to taste
2 tbsp Fresh Coriander Leaves, chopped",Vegan,False,{},{All},"1. Preparation: Thoroughly wash and prepare Rajma. If it's meat or paneer, marinate it with a little turmeric, red chili powder, salt, and lemon juice for 20 minutes. Finely chop 2 onions and puree 2 tomatoes.
2. Whole Spices (Tadka): Heat 3 tbsp of oil or ghee in a heavy-bottomed pan or pressure cooker over medium heat. Add cumin seeds, 1 bay leaf, 2-3 cloves, and a small cinnamon stick. Let them sizzle for 30 seconds to release their aroma.
3. Onion Base: Add the finely chopped onions and a pinch of salt. Sauté patiently for 8-10 minutes until they turn a deep golden brown.
4. Aromatics & Tomatoes: Add 1 tbsp of ginger-garlic paste and green chilies. Sauté for 1 minute until the raw smell goes away. Pour in the tomato puree and cook until the mixture thickens and oil starts separating from the edges (about 5-7 minutes).
5. Spice Powders: Lower the heat and add 1/2 tsp turmeric, 1 tsp Kashmiri red chili powder, 1 tsp coriander powder, and 1/2 tsp cumin powder. Stir constantly for 30 seconds so the spices bloom without burning.
6. Adding Base: Add the prepared Rajma to the masala. Sauté on medium-high heat for 4-5 minutes to coat everything well and seal in the flavors.
7. Simmering: Pour in 1 to 1.5 cups of warm water (adjust for desired gravy consistency). Bring to a boil, then reduce heat to low, cover with a lid, and simmer. Cook until the Rajma is completely tender (15 mins for veg/paneer, 30-45 mins for meat).
8. Final Garnish: Crush 1 tsp of Kasuri Methi (dried fenugreek leaves) between your palms and sprinkle it over the curry along with 1/2 tsp of garam masala. Garnish with freshly chopped cilantro and serve hot.",,True,2026-08-08T05:39:03.816075+00:00,Main Course
c898e9b7-3020-4f2b-b1c5-b9d5869f70c0,rajma-kurma,Rajma Kurma,Punjabi,Rajma,"1 cup Rajma, soaked overnight
2 medium Onions, finely chopped
1 tbsp Ginger-Garlic Paste
2 medium Tomatoes, pureed or chopped
2-3 Green Chilies, slit
1 tsp Cumin Seeds
1/2 tsp Turmeric Powder
1 tsp Red Chili Powder
1 tsp Garam Masala
2 tbsp Oil or Ghee
Salt to taste
2 tbsp Fresh Coriander Leaves, chopped",Vegetarian,False,{Nuts},{All},"1. Preparation: Thoroughly wash and prepare Rajma. If it's meat or paneer, marinate it with a little turmeric, red chili powder, salt, and lemon juice for 20 minutes. Finely chop 2 onions and puree 2 tomatoes.
2. Whole Spices (Tadka): Heat 3 tbsp of oil or ghee in a heavy-bottomed pan or pressure cooker over medium heat. Add cumin seeds, 1 bay leaf, 2-3 cloves, and a small cinnamon stick. Let them sizzle for 30 seconds to release their aroma.
3. Onion Base: Add the finely chopped onions and a pinch of salt. Sauté patiently for 8-10 minutes until they turn a deep golden brown.
4. Aromatics & Tomatoes: Add 1 tbsp of ginger-garlic paste and green chilies. Sauté for 1 minute until the raw smell goes away. Pour in the tomato puree and cook until the mixture thickens and oil starts separating from the edges (about 5-7 minutes).
5. Spice Powders: Lower the heat and add 1/2 tsp turmeric, 1 tsp Kashmiri red chili powder, 1 tsp coriander powder, and 1/2 tsp cumin powder. Stir constantly for 30 seconds so the spices bloom without burning.
6. Adding Base: Add the prepared Rajma to the masala. Sauté on medium-high heat for 4-5 minutes to coat everything well and seal in the flavors.
7. Simmering: Pour in 1 to 1.5 cups of warm water (adjust for desired gravy consistency). Bring to a boil, then reduce heat to low, cover with a lid, and simmer. Cook until the Rajma is completely tender (15 mins for veg/paneer, 30-45 mins for meat).
8. Final Garnish: Crush 1 tsp of Kasuri Methi (dried fenugreek leaves) between your palms and sprinkle it over the curry along with 1/2 tsp of garam masala. Garnish with freshly chopped cilantro and serve hot.",,True,2026-08-08T05:39:03.816099+00:00,Main Course
40352910-1216-4167-8835-400be5c60d93,dal-curry,Dal Curry,Maharashtrian,Dal,"1 cup Dal, soaked overnight
2-3 Green Chilies, slit
1 tsp Cumin Seeds
1/2 tsp Turmeric Powder
1 tsp Red Chili Powder
1 tsp Garam Masala
2 tbsp Oil or Ghee
Salt to taste
2 tbsp Fresh Coriander Leaves, chopped",Vegetarian,True,{},{All},"1. Preparation: Thoroughly wash and prepare Dal. If it's meat or paneer, marinate it with a little turmeric, red chili powder, salt, and lemon juice for 20 minutes. Finely chop 2 onions and puree 2 tomatoes.
2. Whole Spices (Tadka): Heat 3 tbsp of oil or ghee in a heavy-bottomed pan or pressure cooker over medium heat. Add cumin seeds, 1 bay leaf, 2-3 cloves, and a small cinnamon stick. Let them sizzle for 30 seconds to release their aroma.
3. Onion Base: Add the finely chopped onions and a pinch of salt. Sauté patiently for 8-10 minutes until they turn a deep golden brown.
4. Aromatics & Tomatoes: Add 1 tbsp of ginger-garlic paste and green chilies. Sauté for 1 minute until the raw smell goes away. Pour in the tomato puree and cook until the mixture thickens and oil starts separating from the edges (about 5-7 minutes).
5. Spice Powders: Lower the heat and add 1/2 tsp turmeric, 1 tsp Kashmiri red chili powder, 1 tsp coriander powder, and 1/2 tsp cumin powder. Stir constantly for 30 seconds so the spices bloom without burning.
6. Adding Base: Add the prepared Dal to the masala. Sauté on medium-high heat for 4-5 minutes to coat everything well and seal in the flavors.
7. Simmering: Pour in 1 to 1.5 cups of warm water (adjust for desired gravy consistency). Bring to a boil, then reduce heat to low, cover with a lid, and simmer. Cook until the Dal is completely tender (15 mins for veg/paneer, 30-45 mins for meat).
8. Final Garnish: Crush 1 tsp of Kasuri Methi (dried fenugreek leaves) between your palms and sprinkle it over the curry along with 1/2 tsp of garam masala. Garnish with freshly chopped cilantro and serve hot.",,True,2026-08-08T05:39:03.816120+00:00,Main Course
46dad4fa-5b17-4f06-b5ff-23343228d01e,dal-masala,Dal Masala,North Indian,Dal,"1 cup Dal, soaked overnight
2-3 Green Chilies, slit
1 tsp Cumin Seeds
1/2 tsp Turmeric Powder
1 tsp Red Chili Powder
1 tsp Garam Masala
2 tbsp Oil or Ghee
Salt to taste
2 tbsp Fresh Coriander Leaves, chopped",Vegetarian,True,{},{All},"1. Preparation: Thoroughly wash and prepare Dal. If it's meat or paneer, marinate it with a little turmeric, red chili powder, salt, and lemon juice for 20 minutes. Finely chop 2 onions and puree 2 tomatoes.
2. Whole Spices (Tadka): Heat 3 tbsp of oil or ghee in a heavy-bottomed pan or pressure cooker over medium heat. Add cumin seeds, 1 bay leaf, 2-3 cloves, and a small cinnamon stick. Let them sizzle for 30 seconds to release their aroma.
3. Onion Base: Add the finely chopped onions and a pinch of salt. Sauté patiently for 8-10 minutes until they turn a deep golden brown.
4. Aromatics & Tomatoes: Add 1 tbsp of ginger-garlic paste and green chilies. Sauté for 1 minute until the raw smell goes away. Pour in the tomato puree and cook until the mixture thickens and oil starts separating from the edges (about 5-7 minutes).
5. Spice Powders: Lower the heat and add 1/2 tsp turmeric, 1 tsp Kashmiri red chili powder, 1 tsp coriander powder, and 1/2 tsp cumin powder. Stir constantly for 30 seconds so the spices bloom without burning.
6. Adding Base: Add the prepared Dal to the masala. Sauté on medium-high heat for 4-5 minutes to coat everything well and seal in the flavors.
7. Simmering: Pour in 1 to 1.5 cups of warm water (adjust for desired gravy consistency). Bring to a boil, then reduce heat to low, cover with a lid, and simmer. Cook until the Dal is completely tender (15 mins for veg/paneer, 30-45 mins for meat).
8. Final Garnish: Crush 1 tsp of Kasuri Methi (dried fenugreek leaves) between your palms and sprinkle it over the curry along with 1/2 tsp of garam masala. Garnish with freshly chopped cilantro and serve hot.",,True,2026-08-08T05:39:03.816141+00:00,Main Course
e8f17e37-9cb9-4755-a18b-3760fcf0ea2f,dal-fry,Dal Fry,Awadhi,Dal,"1 cup Dal, soaked overnight
2 medium Onions, finely chopped
1 tbsp Ginger-Garlic Paste
2 medium Tomatoes, pureed or chopped
2-3 Green Chilies, slit
1 tsp Cumin Seeds
1/2 tsp Turmeric Powder
1 tsp Red Chili Powder
1 tsp Garam Masala
2 tbsp Oil or Ghee
Salt to taste
2 tbsp Fresh Coriander Leaves, chopped",Vegan,False,{},{All},"1. Ingredient Prep: Wash, peel, and chop Dal into even, bite-sized pieces. Finely chop onions, tomatoes, and slit green chilies.
2. Tempering (Tadka): Heat 2-3 tbsp of oil (mustard oil preferred for vegetables) in a wide pan. Add mustard seeds, cumin seeds, a pinch of hing (asafoetida), and curry leaves. Let them splutter.
3. Aromatics: Add chopped onions and sauté until translucent. Add ginger-garlic paste and sauté for another minute.
4. Main Ingredient Addition: Add the chopped Dal along with a pinch of turmeric and salt. Mix well to coat with the oil and spices.
5. Searing/Cooking: Cook uncovered on medium-high heat for the first 5 minutes to get a slight sear. Then, reduce the heat, cover with a lid, and cook until Dal is 80% tender. Stir occasionally to prevent sticking.
6. Spicing: Remove the lid and add dry spice powders (coriander powder, cumin powder, red chili powder, amchur/dry mango powder). Mix thoroughly.
7. Finishing: Sauté on medium heat for another 3-4 minutes to crisp up the edges. Finish with a sprinkle of garam masala and fresh coriander leaves. Serve hot as a side dish.",,True,2026-08-08T05:39:03.816163+00:00,Main Course
fbf00c88-cb1c-486e-af7f-b578dd08a9c9,dal-roast,Dal Roast,North Indian,Dal,"1 cup Dal, soaked overnight
2 medium Onions, finely chopped
1 tbsp Ginger-Garlic Paste
2 medium Tomatoes, pureed or chopped
2-3 Green Chilies, slit
1 tsp Cumin Seeds
1/2 tsp Turmeric Powder
1 tsp Red Chili Powder
1 tsp Garam Masala
2 tbsp Oil or Ghee
Salt to taste
2 tbsp Fresh Coriander Leaves, chopped",Vegetarian,False,{},{All},"1. Ingredient Prep: Wash, peel, and chop Dal into even, bite-sized pieces. Finely chop onions, tomatoes, and slit green chilies.
2. Tempering (Tadka): Heat 2-3 tbsp of oil (mustard oil preferred for vegetables) in a wide pan. Add mustard seeds, cumin seeds, a pinch of hing (asafoetida), and curry leaves. Let them splutter.
3. Aromatics: Add chopped onions and sauté until translucent. Add ginger-garlic paste and sauté for another minute.
4. Main Ingredient Addition: Add the chopped Dal along with a pinch of turmeric and salt. Mix well to coat with the oil and spices.
5. Searing/Cooking: Cook uncovered on medium-high heat for the first 5 minutes to get a slight sear. Then, reduce the heat, cover with a lid, and cook until Dal is 80% tender. Stir occasionally to prevent sticking.
6. Spicing: Remove the lid and add dry spice powders (coriander powder, cumin powder, red chili powder, amchur/dry mango powder). Mix thoroughly.
7. Finishing: Sauté on medium heat for another 3-4 minutes to crisp up the edges. Finish with a sprinkle of garam masala and fresh coriander leaves. Serve hot as a side dish.",,True,2026-08-08T05:39:03.816214+00:00,Main Course
19a11444-a723-4034-a43c-cdfe62f1af4d,dal-tikka,Dal Tikka,Andhra,Dal,"1 cup Dal, soaked overnight
2 medium Onions, finely chopped
1 tbsp Ginger-Garlic Paste
2 medium Tomatoes, pureed or chopped
2-3 Green Chilies, slit
1 tsp Cumin Seeds
1/2 tsp Turmeric Powder
1 tsp Red Chili Powder
1 tsp Garam Masala
2 tbsp Oil or Ghee
Salt to taste
2 tbsp Fresh Coriander Leaves, chopped",Vegan,False,{},{All},"1. Ingredient Prep: Wash, peel, and chop Dal into even, bite-sized pieces. Finely chop onions, tomatoes, and slit green chilies.
2. Tempering (Tadka): Heat 2-3 tbsp of oil (mustard oil preferred for vegetables) in a wide pan. Add mustard seeds, cumin seeds, a pinch of hing (asafoetida), and curry leaves. Let them splutter.
3. Aromatics: Add chopped onions and sauté until translucent. Add ginger-garlic paste and sauté for another minute.
4. Main Ingredient Addition: Add the chopped Dal along with a pinch of turmeric and salt. Mix well to coat with the oil and spices.
5. Searing/Cooking: Cook uncovered on medium-high heat for the first 5 minutes to get a slight sear. Then, reduce the heat, cover with a lid, and cook until Dal is 80% tender. Stir occasionally to prevent sticking.
6. Spicing: Remove the lid and add dry spice powders (coriander powder, cumin powder, red chili powder, amchur/dry mango powder). Mix thoroughly.
7. Finishing: Sauté on medium heat for another 3-4 minutes to crisp up the edges. Finish with a sprinkle of garam masala and fresh coriander leaves. Serve hot as a side dish.",,True,2026-08-08T05:39:03.816245+00:00,Main Course
3f8d5e86-ad54-40d7-aaee-275ef719c4a5,dal-korma,Dal Korma,Tamil,Dal,"1 cup Dal, soaked overnight
2 medium Onions, finely chopped
1 tbsp Ginger-Garlic Paste
2 medium Tomatoes, pureed or chopped
2-3 Green Chilies, slit
1 tsp Cumin Seeds
1/2 tsp Turmeric Powder
1 tsp Red Chili Powder
1 tsp Garam Masala
2 tbsp Oil or Ghee
Salt to taste
2 tbsp Fresh Coriander Leaves, chopped",Vegetarian,False,{Nuts},{All},"1. Preparation: Thoroughly wash and prepare Dal. If it's meat or paneer, marinate it with a little turmeric, red chili powder, salt, and lemon juice for 20 minutes. Finely chop 2 onions and puree 2 tomatoes.
2. Whole Spices (Tadka): Heat 3 tbsp of oil or ghee in a heavy-bottomed pan or pressure cooker over medium heat. Add cumin seeds, 1 bay leaf, 2-3 cloves, and a small cinnamon stick. Let them sizzle for 30 seconds to release their aroma.
3. Onion Base: Add the finely chopped onions and a pinch of salt. Sauté patiently for 8-10 minutes until they turn a deep golden brown.
4. Aromatics & Tomatoes: Add 1 tbsp of ginger-garlic paste and green chilies. Sauté for 1 minute until the raw smell goes away. Pour in the tomato puree and cook until the mixture thickens and oil starts separating from the edges (about 5-7 minutes).
5. Spice Powders: Lower the heat and add 1/2 tsp turmeric, 1 tsp Kashmiri red chili powder, 1 tsp coriander powder, and 1/2 tsp cumin powder. Stir constantly for 30 seconds so the spices bloom without burning.
6. Adding Base: Add the prepared Dal to the masala. Sauté on medium-high heat for 4-5 minutes to coat everything well and seal in the flavors.
7. Simmering: Pour in 1 to 1.5 cups of warm water (adjust for desired gravy consistency). Bring to a boil, then reduce heat to low, cover with a lid, and simmer. Cook until the Dal is completely tender (15 mins for veg/paneer, 30-45 mins for meat).
8. Final Garnish: Crush 1 tsp of Kasuri Methi (dried fenugreek leaves) between your palms and sprinkle it over the curry along with 1/2 tsp of garam masala. Garnish with freshly chopped cilantro and serve hot.",,True,2026-08-08T05:39:03.816270+00:00,Main Course
e96b2f84-088b-4b20-8d30-f8627d9286ec,dal-makhani,Dal Makhani,North Indian,Dal,"1 cup Dal, soaked overnight
2 medium Onions, finely chopped
1 tbsp Ginger-Garlic Paste
2 medium Tomatoes, pureed or chopped
2-3 Green Chilies, slit
1 tsp Cumin Seeds
1/2 tsp Turmeric Powder
1 tsp Red Chili Powder
1 tsp Garam Masala
3 tbsp Butter
1/4 cup Fresh Cream
1 tsp Kasuri Methi
Salt to taste
2 tbsp Fresh Coriander Leaves, chopped",Vegetarian,False,{Dairy},{All},"1. Preparation: Thoroughly wash and prepare Dal. If it's meat or paneer, marinate it with a little turmeric, red chili powder, salt, and lemon juice for 20 minutes. Finely chop 2 onions and puree 2 tomatoes.
2. Whole Spices (Tadka): Heat 3 tbsp of oil or ghee in a heavy-bottomed pan or pressure cooker over medium heat. Add cumin seeds, 1 bay leaf, 2-3 cloves, and a small cinnamon stick. Let them sizzle for 30 seconds to release their aroma.
3. Onion Base: Add the finely chopped onions and a pinch of salt. Sauté patiently for 8-10 minutes until they turn a deep golden brown.
4. Aromatics & Tomatoes: Add 1 tbsp of ginger-garlic paste and green chilies. Sauté for 1 minute until the raw smell goes away. Pour in the tomato puree and cook until the mixture thickens and oil starts separating from the edges (about 5-7 minutes).
5. Spice Powders: Lower the heat and add 1/2 tsp turmeric, 1 tsp Kashmiri red chili powder, 1 tsp coriander powder, and 1/2 tsp cumin powder. Stir constantly for 30 seconds so the spices bloom without burning.
6. Adding Base: Add the prepared Dal to the masala. Sauté on medium-high heat for 4-5 minutes to coat everything well and seal in the flavors.
7. Simmering: Pour in 1 to 1.5 cups of warm water (adjust for desired gravy consistency). Bring to a boil, then reduce heat to low, cover with a lid, and simmer. Cook until the Dal is completely tender (15 mins for veg/paneer, 30-45 mins for meat).
8. Final Garnish: Crush 1 tsp of Kasuri Methi (dried fenugreek leaves) between your palms and sprinkle it over the curry along with 1/2 tsp of garam masala. Garnish with freshly chopped cilantro and serve hot.",,True,2026-08-08T05:39:03.816308+00:00,Main Course
69498586-45c8-4286-9d26-7ee7e7e711a5,dal-bhurji,Dal Bhurji,Punjabi,Dal,"1 cup Dal, soaked overnight
2-3 Green Chilies, slit
1 tsp Cumin Seeds
1/2 tsp Turmeric Powder
1 tsp Red Chili Powder
1 tsp Garam Masala
2 tbsp Oil or Ghee
Salt to taste
2 tbsp Fresh Coriander Leaves, chopped",Vegetarian,True,{},{All},"1. Ingredient Prep: Wash, peel, and chop Dal into even, bite-sized pieces. Finely chop onions, tomatoes, and slit green chilies.
2. Tempering (Tadka): Heat 2-3 tbsp of oil (mustard oil preferred for vegetables) in a wide pan. Add mustard seeds, cumin seeds, a pinch of hing (asafoetida), and curry leaves. Let them splutter.
3. Aromatics: Add chopped onions and sauté until translucent. Add ginger-garlic paste and sauté for another minute.
4. Main Ingredient Addition: Add the chopped Dal along with a pinch of turmeric and salt. Mix well to coat with the oil and spices.
5. Searing/Cooking: Cook uncovered on medium-high heat for the first 5 minutes to get a slight sear. Then, reduce the heat, cover with a lid, and cook until Dal is 80% tender. Stir occasionally to prevent sticking.
6. Spicing: Remove the lid and add dry spice powders (coriander powder, cumin powder, red chili powder, amchur/dry mango powder). Mix thoroughly.
7. Finishing: Sauté on medium heat for another 3-4 minutes to crisp up the edges. Finish with a sprinkle of garam masala and fresh coriander leaves. Serve hot as a side dish.",,True,2026-08-08T05:39:03.816401+00:00,Main Course
5e554304-b857-4d85-9d7a-cd3e0d866a19,dal-kofta,Dal Kofta,Andhra,Dal,"1 cup Dal, soaked overnight
2 medium Onions, finely chopped
1 tbsp Ginger-Garlic Paste
2 medium Tomatoes, pureed or chopped
2-3 Green Chilies, slit
1 tsp Cumin Seeds
1/2 tsp Turmeric Powder
1 tsp Red Chili Powder
1 tsp Garam Masala
2 tbsp Oil or Ghee
Salt to taste
2 tbsp Fresh Coriander Leaves, chopped",Vegetarian,False,{},{All},"1. Preparation: Thoroughly wash and prepare Dal. If it's meat or paneer, marinate it with a little turmeric, red chili powder, salt, and lemon juice for 20 minutes. Finely chop 2 onions and puree 2 tomatoes.
2. Whole Spices (Tadka): Heat 3 tbsp of oil or ghee in a heavy-bottomed pan or pressure cooker over medium heat. Add cumin seeds, 1 bay leaf, 2-3 cloves, and a small cinnamon stick. Let them sizzle for 30 seconds to release their aroma.
3. Onion Base: Add the finely chopped onions and a pinch of salt. Sauté patiently for 8-10 minutes until they turn a deep golden brown.
4. Aromatics & Tomatoes: Add 1 tbsp of ginger-garlic paste and green chilies. Sauté for 1 minute until the raw smell goes away. Pour in the tomato puree and cook until the mixture thickens and oil starts separating from the edges (about 5-7 minutes).
5. Spice Powders: Lower the heat and add 1/2 tsp turmeric, 1 tsp Kashmiri red chili powder, 1 tsp coriander powder, and 1/2 tsp cumin powder. Stir constantly for 30 seconds so the spices bloom without burning.
6. Adding Base: Add the prepared Dal to the masala. Sauté on medium-high heat for 4-5 minutes to coat everything well and seal in the flavors.
7. Simmering: Pour in 1 to 1.5 cups of warm water (adjust for desired gravy consistency). Bring to a boil, then reduce heat to low, cover with a lid, and simmer. Cook until the Dal is completely tender (15 mins for veg/paneer, 30-45 mins for meat).
8. Final Garnish: Crush 1 tsp of Kasuri Methi (dried fenugreek leaves) between your palms and sprinkle it over the curry along with 1/2 tsp of garam masala. Garnish with freshly chopped cilantro and serve hot.",,True,2026-08-08T05:39:03.816431+00:00,Main Course
51330a90-3593-47ad-becc-32a7d6de82e5,dal-saag,Dal Saag,Goan,Dal,"1 cup Dal, soaked overnight
2-3 Green Chilies, slit
1 tsp Cumin Seeds
1/2 tsp Turmeric Powder
1 tsp Red Chili Powder
1 tsp Garam Masala
2 tbsp Oil or Ghee
Salt to taste
2 tbsp Fresh Coriander Leaves, chopped",Vegetarian,True,{},{All},"1. Preparation: Thoroughly wash and prepare Dal. If it's meat or paneer, marinate it with a little turmeric, red chili powder, salt, and lemon juice for 20 minutes. Finely chop 2 onions and puree 2 tomatoes.
2. Whole Spices (Tadka): Heat 3 tbsp of oil or ghee in a heavy-bottomed pan or pressure cooker over medium heat. Add cumin seeds, 1 bay leaf, 2-3 cloves, and a small cinnamon stick. Let them sizzle for 30 seconds to release their aroma.
3. Onion Base: Add the finely chopped onions and a pinch of salt. Sauté patiently for 8-10 minutes until they turn a deep golden brown.
4. Aromatics & Tomatoes: Add 1 tbsp of ginger-garlic paste and green chilies. Sauté for 1 minute until the raw smell goes away. Pour in the tomato puree and cook until the mixture thickens and oil starts separating from the edges (about 5-7 minutes).
5. Spice Powders: Lower the heat and add 1/2 tsp turmeric, 1 tsp Kashmiri red chili powder, 1 tsp coriander powder, and 1/2 tsp cumin powder. Stir constantly for 30 seconds so the spices bloom without burning.
6. Adding Base: Add the prepared Dal to the masala. Sauté on medium-high heat for 4-5 minutes to coat everything well and seal in the flavors.
7. Simmering: Pour in 1 to 1.5 cups of warm water (adjust for desired gravy consistency). Bring to a boil, then reduce heat to low, cover with a lid, and simmer. Cook until the Dal is completely tender (15 mins for veg/paneer, 30-45 mins for meat).
8. Final Garnish: Crush 1 tsp of Kasuri Methi (dried fenugreek leaves) between your palms and sprinkle it over the curry along with 1/2 tsp of garam masala. Garnish with freshly chopped cilantro and serve hot.",,True,2026-08-08T05:39:03.816454+00:00,Main Course
225ac495-5249-41c7-802b-180481cdd0f2,dal-vindaloo,Dal Vindaloo,Rajasthani,Dal,"1 cup Dal, soaked overnight
2 medium Onions, finely chopped
1 tbsp Ginger-Garlic Paste
2 medium Tomatoes, pureed or chopped
2-3 Green Chilies, slit
1 tsp Cumin Seeds
1/2 tsp Turmeric Powder
1 tsp Red Chili Powder
1 tsp Garam Masala
2 tbsp Oil or Ghee
Salt to taste
2 tbsp Fresh Coriander Leaves, chopped",Vegetarian,False,{},{All},"1. Preparation: Thoroughly wash and prepare Dal. If it's meat or paneer, marinate it with a little turmeric, red chili powder, salt, and lemon juice for 20 minutes. Finely chop 2 onions and puree 2 tomatoes.
2. Whole Spices (Tadka): Heat 3 tbsp of oil or ghee in a heavy-bottomed pan or pressure cooker over medium heat. Add cumin seeds, 1 bay leaf, 2-3 cloves, and a small cinnamon stick. Let them sizzle for 30 seconds to release their aroma.
3. Onion Base: Add the finely chopped onions and a pinch of salt. Sauté patiently for 8-10 minutes until they turn a deep golden brown.
4. Aromatics & Tomatoes: Add 1 tbsp of ginger-garlic paste and green chilies. Sauté for 1 minute until the raw smell goes away. Pour in the tomato puree and cook until the mixture thickens and oil starts separating from the edges (about 5-7 minutes).
5. Spice Powders: Lower the heat and add 1/2 tsp turmeric, 1 tsp Kashmiri red chili powder, 1 tsp coriander powder, and 1/2 tsp cumin powder. Stir constantly for 30 seconds so the spices bloom without burning.
6. Adding Base: Add the prepared Dal to the masala. Sauté on medium-high heat for 4-5 minutes to coat everything well and seal in the flavors.
7. Simmering: Pour in 1 to 1.5 cups of warm water (adjust for desired gravy consistency). Bring to a boil, then reduce heat to low, cover with a lid, and simmer. Cook until the Dal is completely tender (15 mins for veg/paneer, 30-45 mins for meat).
8. Final Garnish: Crush 1 tsp of Kasuri Methi (dried fenugreek leaves) between your palms and sprinkle it over the curry along with 1/2 tsp of garam masala. Garnish with freshly chopped cilantro and serve hot.",,True,2026-08-08T05:39:03.816473+00:00,Main Course
dbbbcdce-376e-41c5-9e6c-5aec6f347f06,dal-chettinad,Dal Chettinad,Andhra,Dal,"1 cup Dal, soaked overnight
2 medium Onions, finely chopped
1 tbsp Ginger-Garlic Paste
2 medium Tomatoes, pureed or chopped
2-3 Green Chilies, slit
1 tsp Cumin Seeds
1/2 tsp Turmeric Powder
1 tsp Red Chili Powder
1 tsp Garam Masala
2 tbsp Oil or Ghee
Salt to taste
2 tbsp Fresh Coriander Leaves, chopped",Vegetarian,False,{},{All},"1. Preparation: Thoroughly wash and prepare Dal. If it's meat or paneer, marinate it with a little turmeric, red chili powder, salt, and lemon juice for 20 minutes. Finely chop 2 onions and puree 2 tomatoes.
2. Whole Spices (Tadka): Heat 3 tbsp of oil or ghee in a heavy-bottomed pan or pressure cooker over medium heat. Add cumin seeds, 1 bay leaf, 2-3 cloves, and a small cinnamon stick. Let them sizzle for 30 seconds to release their aroma.
3. Onion Base: Add the finely chopped onions and a pinch of salt. Sauté patiently for 8-10 minutes until they turn a deep golden brown.
4. Aromatics & Tomatoes: Add 1 tbsp of ginger-garlic paste and green chilies. Sauté for 1 minute until the raw smell goes away. Pour in the tomato puree and cook until the mixture thickens and oil starts separating from the edges (about 5-7 minutes).
5. Spice Powders: Lower the heat and add 1/2 tsp turmeric, 1 tsp Kashmiri red chili powder, 1 tsp coriander powder, and 1/2 tsp cumin powder. Stir constantly for 30 seconds so the spices bloom without burning.
6. Adding Base: Add the prepared Dal to the masala. Sauté on medium-high heat for 4-5 minutes to coat everything well and seal in the flavors.
7. Simmering: Pour in 1 to 1.5 cups of warm water (adjust for desired gravy consistency). Bring to a boil, then reduce heat to low, cover with a lid, and simmer. Cook until the Dal is completely tender (15 mins for veg/paneer, 30-45 mins for meat).
8. Final Garnish: Crush 1 tsp of Kasuri Methi (dried fenugreek leaves) between your palms and sprinkle it over the curry along with 1/2 tsp of garam masala. Garnish with freshly chopped cilantro and serve hot.",,True,2026-08-08T05:39:03.816507+00:00,Main Course
586c9521-6c73-4d7b-84fa-6190322d75be,dal-do-pyaza,Dal Do Pyaza,Andhra,Dal,"1 cup Dal, soaked overnight
2 medium Onions, finely chopped
1 tbsp Ginger-Garlic Paste
2 medium Tomatoes, pureed or chopped
2-3 Green Chilies, slit
1 tsp Cumin Seeds
1/2 tsp Turmeric Powder
1 tsp Red Chili Powder
1 tsp Garam Masala
2 tbsp Oil or Ghee
Salt to taste
2 tbsp Fresh Coriander Leaves, chopped",Vegetarian,False,{},{All},"1. Preparation: Thoroughly wash and prepare Dal. If it's meat or paneer, marinate it with a little turmeric, red chili powder, salt, and lemon juice for 20 minutes. Finely chop 2 onions and puree 2 tomatoes.
2. Whole Spices (Tadka): Heat 3 tbsp of oil or ghee in a heavy-bottomed pan or pressure cooker over medium heat. Add cumin seeds, 1 bay leaf, 2-3 cloves, and a small cinnamon stick. Let them sizzle for 30 seconds to release their aroma.
3. Onion Base: Add the finely chopped onions and a pinch of salt. Sauté patiently for 8-10 minutes until they turn a deep golden brown.
4. Aromatics & Tomatoes: Add 1 tbsp of ginger-garlic paste and green chilies. Sauté for 1 minute until the raw smell goes away. Pour in the tomato puree and cook until the mixture thickens and oil starts separating from the edges (about 5-7 minutes).
5. Spice Powders: Lower the heat and add 1/2 tsp turmeric, 1 tsp Kashmiri red chili powder, 1 tsp coriander powder, and 1/2 tsp cumin powder. Stir constantly for 30 seconds so the spices bloom without burning.
6. Adding Base: Add the prepared Dal to the masala. Sauté on medium-high heat for 4-5 minutes to coat everything well and seal in the flavors.
7. Simmering: Pour in 1 to 1.5 cups of warm water (adjust for desired gravy consistency). Bring to a boil, then reduce heat to low, cover with a lid, and simmer. Cook until the Dal is completely tender (15 mins for veg/paneer, 30-45 mins for meat).
8. Final Garnish: Crush 1 tsp of Kasuri Methi (dried fenugreek leaves) between your palms and sprinkle it over the curry along with 1/2 tsp of garam masala. Garnish with freshly chopped cilantro and serve hot.",,True,2026-08-08T05:39:03.816536+00:00,Main Course
cecb0111-3b37-4298-b2e2-83f039ffe1a8,dal-salna,Dal Salna,Andhra,Dal,"1 cup Dal, soaked overnight
2-3 Green Chilies, slit
1 tsp Cumin Seeds
1/2 tsp Turmeric Powder
1 tsp Red Chili Powder
1 tsp Garam Masala
2 tbsp Oil or Ghee
Salt to taste
2 tbsp Fresh Coriander Leaves, chopped",Vegetarian,True,{},{All},"1. Preparation: Thoroughly wash and prepare Dal. If it's meat or paneer, marinate it with a little turmeric, red chili powder, salt, and lemon juice for 20 minutes. Finely chop 2 onions and puree 2 tomatoes.
2. Whole Spices (Tadka): Heat 3 tbsp of oil or ghee in a heavy-bottomed pan or pressure cooker over medium heat. Add cumin seeds, 1 bay leaf, 2-3 cloves, and a small cinnamon stick. Let them sizzle for 30 seconds to release their aroma.
3. Onion Base: Add the finely chopped onions and a pinch of salt. Sauté patiently for 8-10 minutes until they turn a deep golden brown.
4. Aromatics & Tomatoes: Add 1 tbsp of ginger-garlic paste and green chilies. Sauté for 1 minute until the raw smell goes away. Pour in the tomato puree and cook until the mixture thickens and oil starts separating from the edges (about 5-7 minutes).
5. Spice Powders: Lower the heat and add 1/2 tsp turmeric, 1 tsp Kashmiri red chili powder, 1 tsp coriander powder, and 1/2 tsp cumin powder. Stir constantly for 30 seconds so the spices bloom without burning.
6. Adding Base: Add the prepared Dal to the masala. Sauté on medium-high heat for 4-5 minutes to coat everything well and seal in the flavors.
7. Simmering: Pour in 1 to 1.5 cups of warm water (adjust for desired gravy consistency). Bring to a boil, then reduce heat to low, cover with a lid, and simmer. Cook until the Dal is completely tender (15 mins for veg/paneer, 30-45 mins for meat).
8. Final Garnish: Crush 1 tsp of Kasuri Methi (dried fenugreek leaves) between your palms and sprinkle it over the curry along with 1/2 tsp of garam masala. Garnish with freshly chopped cilantro and serve hot.",,True,2026-08-08T05:39:03.816557+00:00,Main Course
37b5a7fe-2d4a-4b9c-9ff1-8ff3be32c96f,dal-kurma,Dal Kurma,Rajasthani,Dal,"1 cup Dal, soaked overnight
2 medium Onions, finely chopped
1 tbsp Ginger-Garlic Paste
2 medium Tomatoes, pureed or chopped
2-3 Green Chilies, slit
1 tsp Cumin Seeds
1/2 tsp Turmeric Powder
1 tsp Red Chili Powder
1 tsp Garam Masala
2 tbsp Oil or Ghee
Salt to taste
2 tbsp Fresh Coriander Leaves, chopped",Vegan,False,{Nuts},{All},"1. Preparation: Thoroughly wash and prepare Dal. If it's meat or paneer, marinate it with a little turmeric, red chili powder, salt, and lemon juice for 20 minutes. Finely chop 2 onions and puree 2 tomatoes.
2. Whole Spices (Tadka): Heat 3 tbsp of oil or ghee in a heavy-bottomed pan or pressure cooker over medium heat. Add cumin seeds, 1 bay leaf, 2-3 cloves, and a small cinnamon stick. Let them sizzle for 30 seconds to release their aroma.
3. Onion Base: Add the finely chopped onions and a pinch of salt. Sauté patiently for 8-10 minutes until they turn a deep golden brown.
4. Aromatics & Tomatoes: Add 1 tbsp of ginger-garlic paste and green chilies. Sauté for 1 minute until the raw smell goes away. Pour in the tomato puree and cook until the mixture thickens and oil starts separating from the edges (about 5-7 minutes).
5. Spice Powders: Lower the heat and add 1/2 tsp turmeric, 1 tsp Kashmiri red chili powder, 1 tsp coriander powder, and 1/2 tsp cumin powder. Stir constantly for 30 seconds so the spices bloom without burning.
6. Adding Base: Add the prepared Dal to the masala. Sauté on medium-high heat for 4-5 minutes to coat everything well and seal in the flavors.
7. Simmering: Pour in 1 to 1.5 cups of warm water (adjust for desired gravy consistency). Bring to a boil, then reduce heat to low, cover with a lid, and simmer. Cook until the Dal is completely tender (15 mins for veg/paneer, 30-45 mins for meat).
8. Final Garnish: Crush 1 tsp of Kasuri Methi (dried fenugreek leaves) between your palms and sprinkle it over the curry along with 1/2 tsp of garam masala. Garnish with freshly chopped cilantro and serve hot.",,True,2026-08-08T05:39:03.816593+00:00,Main Course
3a43f840-d2aa-4141-b2a7-04a5f10f7592,lauki-curry,Lauki Curry,Maharashtrian,Lauki,"500g Lauki, washed and prepped
2-3 Green Chilies, slit
1 tsp Cumin Seeds
1/2 tsp Turmeric Powder
1 tsp Red Chili Powder
1 tsp Garam Masala
2 tbsp Oil or Ghee
Salt to taste
2 tbsp Fresh Coriander Leaves, chopped",Vegetarian,True,{},{All},"1. Preparation: Thoroughly wash and prepare Lauki. If it's meat or paneer, marinate it with a little turmeric, red chili powder, salt, and lemon juice for 20 minutes. Finely chop 2 onions and puree 2 tomatoes.
2. Whole Spices (Tadka): Heat 3 tbsp of oil or ghee in a heavy-bottomed pan or pressure cooker over medium heat. Add cumin seeds, 1 bay leaf, 2-3 cloves, and a small cinnamon stick. Let them sizzle for 30 seconds to release their aroma.
3. Onion Base: Add the finely chopped onions and a pinch of salt. Sauté patiently for 8-10 minutes until they turn a deep golden brown.
4. Aromatics & Tomatoes: Add 1 tbsp of ginger-garlic paste and green chilies. Sauté for 1 minute until the raw smell goes away. Pour in the tomato puree and cook until the mixture thickens and oil starts separating from the edges (about 5-7 minutes).
5. Spice Powders: Lower the heat and add 1/2 tsp turmeric, 1 tsp Kashmiri red chili powder, 1 tsp coriander powder, and 1/2 tsp cumin powder. Stir constantly for 30 seconds so the spices bloom without burning.
6. Adding Base: Add the prepared Lauki to the masala. Sauté on medium-high heat for 4-5 minutes to coat everything well and seal in the flavors.
7. Simmering: Pour in 1 to 1.5 cups of warm water (adjust for desired gravy consistency). Bring to a boil, then reduce heat to low, cover with a lid, and simmer. Cook until the Lauki is completely tender (15 mins for veg/paneer, 30-45 mins for meat).
8. Final Garnish: Crush 1 tsp of Kasuri Methi (dried fenugreek leaves) between your palms and sprinkle it over the curry along with 1/2 tsp of garam masala. Garnish with freshly chopped cilantro and serve hot.",,True,2026-08-08T05:39:03.816629+00:00,Main Course
c928bf0a-8a5d-4a8f-b625-a611df6d8785,lauki-masala,Lauki Masala,Goan,Lauki,"500g Lauki, washed and prepped
2 medium Onions, finely chopped
1 tbsp Ginger-Garlic Paste
2 medium Tomatoes, pureed or chopped
2-3 Green Chilies, slit
1 tsp Cumin Seeds
1/2 tsp Turmeric Powder
1 tsp Red Chili Powder
1 tsp Garam Masala
2 tbsp Oil or Ghee
Salt to taste
2 tbsp Fresh Coriander Leaves, chopped",Vegan,False,{},{All},"1. Preparation: Thoroughly wash and prepare Lauki. If it's meat or paneer, marinate it with a little turmeric, red chili powder, salt, and lemon juice for 20 minutes. Finely chop 2 onions and puree 2 tomatoes.
2. Whole Spices (Tadka): Heat 3 tbsp of oil or ghee in a heavy-bottomed pan or pressure cooker over medium heat. Add cumin seeds, 1 bay leaf, 2-3 cloves, and a small cinnamon stick. Let them sizzle for 30 seconds to release their aroma.
3. Onion Base: Add the finely chopped onions and a pinch of salt. Sauté patiently for 8-10 minutes until they turn a deep golden brown.
4. Aromatics & Tomatoes: Add 1 tbsp of ginger-garlic paste and green chilies. Sauté for 1 minute until the raw smell goes away. Pour in the tomato puree and cook until the mixture thickens and oil starts separating from the edges (about 5-7 minutes).
5. Spice Powders: Lower the heat and add 1/2 tsp turmeric, 1 tsp Kashmiri red chili powder, 1 tsp coriander powder, and 1/2 tsp cumin powder. Stir constantly for 30 seconds so the spices bloom without burning.
6. Adding Base: Add the prepared Lauki to the masala. Sauté on medium-high heat for 4-5 minutes to coat everything well and seal in the flavors.
7. Simmering: Pour in 1 to 1.5 cups of warm water (adjust for desired gravy consistency). Bring to a boil, then reduce heat to low, cover with a lid, and simmer. Cook until the Lauki is completely tender (15 mins for veg/paneer, 30-45 mins for meat).
8. Final Garnish: Crush 1 tsp of Kasuri Methi (dried fenugreek leaves) between your palms and sprinkle it over the curry along with 1/2 tsp of garam masala. Garnish with freshly chopped cilantro and serve hot.",,True,2026-08-08T05:39:03.816659+00:00,Main Course
7ff8e91d-afdf-426a-af6f-fe79c568c071,lauki-fry,Lauki Fry,Gujarati,Lauki,"500g Lauki, washed and prepped
2 medium Onions, finely chopped
1 tbsp Ginger-Garlic Paste
2 medium Tomatoes, pureed or chopped
2-3 Green Chilies, slit
1 tsp Cumin Seeds
1/2 tsp Turmeric Powder
1 tsp Red Chili Powder
1 tsp Garam Masala
2 tbsp Oil or Ghee
Salt to taste
2 tbsp Fresh Coriander Leaves, chopped",Vegan,False,{},{All},"1. Ingredient Prep: Wash, peel, and chop Lauki into even, bite-sized pieces. Finely chop onions, tomatoes, and slit green chilies.
2. Tempering (Tadka): Heat 2-3 tbsp of oil (mustard oil preferred for vegetables) in a wide pan. Add mustard seeds, cumin seeds, a pinch of hing (asafoetida), and curry leaves. Let them splutter.
3. Aromatics: Add chopped onions and sauté until translucent. Add ginger-garlic paste and sauté for another minute.
4. Main Ingredient Addition: Add the chopped Lauki along with a pinch of turmeric and salt. Mix well to coat with the oil and spices.
5. Searing/Cooking: Cook uncovered on medium-high heat for the first 5 minutes to get a slight sear. Then, reduce the heat, cover with a lid, and cook until Lauki is 80% tender. Stir occasionally to prevent sticking.
6. Spicing: Remove the lid and add dry spice powders (coriander powder, cumin powder, red chili powder, amchur/dry mango powder). Mix thoroughly.
7. Finishing: Sauté on medium heat for another 3-4 minutes to crisp up the edges. Finish with a sprinkle of garam masala and fresh coriander leaves. Serve hot as a side dish.",,True,2026-08-08T05:39:03.816681+00:00,Main Course
ee976138-ce6d-4172-a8ce-1e377d8bb93c,lauki-roast,Lauki Roast,Rajasthani,Lauki,"500g Lauki, washed and prepped
2-3 Green Chilies, slit
1 tsp Cumin Seeds
1/2 tsp Turmeric Powder
1 tsp Red Chili Powder
1 tsp Garam Masala
2 tbsp Oil or Ghee
Salt to taste
2 tbsp Fresh Coriander Leaves, chopped",Vegetarian,True,{},{All},"1. Ingredient Prep: Wash, peel, and chop Lauki into even, bite-sized pieces. Finely chop onions, tomatoes, and slit green chilies.
2. Tempering (Tadka): Heat 2-3 tbsp of oil (mustard oil preferred for vegetables) in a wide pan. Add mustard seeds, cumin seeds, a pinch of hing (asafoetida), and curry leaves. Let them splutter.
3. Aromatics: Add chopped onions and sauté until translucent. Add ginger-garlic paste and sauté for another minute.
4. Main Ingredient Addition: Add the chopped Lauki along with a pinch of turmeric and salt. Mix well to coat with the oil and spices.
5. Searing/Cooking: Cook uncovered on medium-high heat for the first 5 minutes to get a slight sear. Then, reduce the heat, cover with a lid, and cook until Lauki is 80% tender. Stir occasionally to prevent sticking.
6. Spicing: Remove the lid and add dry spice powders (coriander powder, cumin powder, red chili powder, amchur/dry mango powder). Mix thoroughly.
7. Finishing: Sauté on medium heat for another 3-4 minutes to crisp up the edges. Finish with a sprinkle of garam masala and fresh coriander leaves. Serve hot as a side dish.",,True,2026-08-08T05:39:03.816709+00:00,Main Course
a78f16e0-4004-4c0b-8539-8c9a23ae829d,lauki-tikka,Lauki Tikka,Goan,Lauki,"500g Lauki, washed and prepped
2-3 Green Chilies, slit
1 tsp Cumin Seeds
1/2 tsp Turmeric Powder
1 tsp Red Chili Powder
1 tsp Garam Masala
2 tbsp Oil or Ghee
Salt to taste
2 tbsp Fresh Coriander Leaves, chopped",Vegan,True,{},{All},"1. Ingredient Prep: Wash, peel, and chop Lauki into even, bite-sized pieces. Finely chop onions, tomatoes, and slit green chilies.
2. Tempering (Tadka): Heat 2-3 tbsp of oil (mustard oil preferred for vegetables) in a wide pan. Add mustard seeds, cumin seeds, a pinch of hing (asafoetida), and curry leaves. Let them splutter.
3. Aromatics: Add chopped onions and sauté until translucent. Add ginger-garlic paste and sauté for another minute.
4. Main Ingredient Addition: Add the chopped Lauki along with a pinch of turmeric and salt. Mix well to coat with the oil and spices.
5. Searing/Cooking: Cook uncovered on medium-high heat for the first 5 minutes to get a slight sear. Then, reduce the heat, cover with a lid, and cook until Lauki is 80% tender. Stir occasionally to prevent sticking.
6. Spicing: Remove the lid and add dry spice powders (coriander powder, cumin powder, red chili powder, amchur/dry mango powder). Mix thoroughly.
7. Finishing: Sauté on medium heat for another 3-4 minutes to crisp up the edges. Finish with a sprinkle of garam masala and fresh coriander leaves. Serve hot as a side dish.",,True,2026-08-08T05:39:03.816738+00:00,Main Course
eeef4a80-1fb0-43f8-be38-5a5a21ed3d29,lauki-korma,Lauki Korma,Kerala,Lauki,"500g Lauki, washed and prepped
2 medium Onions, finely chopped
1 tbsp Ginger-Garlic Paste
2 medium Tomatoes, pureed or chopped
2-3 Green Chilies, slit
1 tsp Cumin Seeds
1/2 tsp Turmeric Powder
1 tsp Red Chili Powder
1 tsp Garam Masala
2 tbsp Oil or Ghee
Salt to taste
2 tbsp Fresh Coriander Leaves, chopped",Vegan,False,{Nuts},{All},"1. Preparation: Thoroughly wash and prepare Lauki. If it's meat or paneer, marinate it with a little turmeric, red chili powder, salt, and lemon juice for 20 minutes. Finely chop 2 onions and puree 2 tomatoes.
2. Whole Spices (Tadka): Heat 3 tbsp of oil or ghee in a heavy-bottomed pan or pressure cooker over medium heat. Add cumin seeds, 1 bay leaf, 2-3 cloves, and a small cinnamon stick. Let them sizzle for 30 seconds to release their aroma.
3. Onion Base: Add the finely chopped onions and a pinch of salt. Sauté patiently for 8-10 minutes until they turn a deep golden brown.
4. Aromatics & Tomatoes: Add 1 tbsp of ginger-garlic paste and green chilies. Sauté for 1 minute until the raw smell goes away. Pour in the tomato puree and cook until the mixture thickens and oil starts separating from the edges (about 5-7 minutes).
5. Spice Powders: Lower the heat and add 1/2 tsp turmeric, 1 tsp Kashmiri red chili powder, 1 tsp coriander powder, and 1/2 tsp cumin powder. Stir constantly for 30 seconds so the spices bloom without burning.
6. Adding Base: Add the prepared Lauki to the masala. Sauté on medium-high heat for 4-5 minutes to coat everything well and seal in the flavors.
7. Simmering: Pour in 1 to 1.5 cups of warm water (adjust for desired gravy consistency). Bring to a boil, then reduce heat to low, cover with a lid, and simmer. Cook until the Lauki is completely tender (15 mins for veg/paneer, 30-45 mins for meat).
8. Final Garnish: Crush 1 tsp of Kasuri Methi (dried fenugreek leaves) between your palms and sprinkle it over the curry along with 1/2 tsp of garam masala. Garnish with freshly chopped cilantro and serve hot.",,True,2026-08-08T05:39:03.816763+00:00,Main Course
c4ff8f74-3117-4e11-9f4f-beeb9becce56,lauki-makhani,Lauki Makhani,Hyderabadi,Lauki,"500g Lauki, washed and prepped
2 medium Onions, finely chopped
1 tbsp Ginger-Garlic Paste
2 medium Tomatoes, pureed or chopped
2-3 Green Chilies, slit
1 tsp Cumin Seeds
1/2 tsp Turmeric Powder
1 tsp Red Chili Powder
1 tsp Garam Masala
3 tbsp Butter
1/4 cup Fresh Cream
1 tsp Kasuri Methi
Salt to taste
2 tbsp Fresh Coriander Leaves, chopped",Vegetarian,False,{Dairy},{All},"1. Preparation: Thoroughly wash and prepare Lauki. If it's meat or paneer, marinate it with a little turmeric, red chili powder, salt, and lemon juice for 20 minutes. Finely chop 2 onions and puree 2 tomatoes.
2. Whole Spices (Tadka): Heat 3 tbsp of oil or ghee in a heavy-bottomed pan or pressure cooker over medium heat. Add cumin seeds, 1 bay leaf, 2-3 cloves, and a small cinnamon stick. Let them sizzle for 30 seconds to release their aroma.
3. Onion Base: Add the finely chopped onions and a pinch of salt. Sauté patiently for 8-10 minutes until they turn a deep golden brown.
4. Aromatics & Tomatoes: Add 1 tbsp of ginger-garlic paste and green chilies. Sauté for 1 minute until the raw smell goes away. Pour in the tomato puree and cook until the mixture thickens and oil starts separating from the edges (about 5-7 minutes).
5. Spice Powders: Lower the heat and add 1/2 tsp turmeric, 1 tsp Kashmiri red chili powder, 1 tsp coriander powder, and 1/2 tsp cumin powder. Stir constantly for 30 seconds so the spices bloom without burning.
6. Adding Base: Add the prepared Lauki to the masala. Sauté on medium-high heat for 4-5 minutes to coat everything well and seal in the flavors.
7. Simmering: Pour in 1 to 1.5 cups of warm water (adjust for desired gravy consistency). Bring to a boil, then reduce heat to low, cover with a lid, and simmer. Cook until the Lauki is completely tender (15 mins for veg/paneer, 30-45 mins for meat).
8. Final Garnish: Crush 1 tsp of Kasuri Methi (dried fenugreek leaves) between your palms and sprinkle it over the curry along with 1/2 tsp of garam masala. Garnish with freshly chopped cilantro and serve hot.",,True,2026-08-08T05:39:03.816798+00:00,Main Course
850a184d-e3dc-4823-8cab-b971f85ac410,lauki-bhurji,Lauki Bhurji,North Indian,Lauki,"500g Lauki, washed and prepped
2 medium Onions, finely chopped
1 tbsp Ginger-Garlic Paste
2 medium Tomatoes, pureed or chopped
2-3 Green Chilies, slit
1 tsp Cumin Seeds
1/2 tsp Turmeric Powder
1 tsp Red Chili Powder
1 tsp Garam Masala
2 tbsp Oil or Ghee
Salt to taste
2 tbsp Fresh Coriander Leaves, chopped",Vegan,False,{},{All},"1. Ingredient Prep: Wash, peel, and chop Lauki into even, bite-sized pieces. Finely chop onions, tomatoes, and slit green chilies.
2. Tempering (Tadka): Heat 2-3 tbsp of oil (mustard oil preferred for vegetables) in a wide pan. Add mustard seeds, cumin seeds, a pinch of hing (asafoetida), and curry leaves. Let them splutter.
3. Aromatics: Add chopped onions and sauté until translucent. Add ginger-garlic paste and sauté for another minute.
4. Main Ingredient Addition: Add the chopped Lauki along with a pinch of turmeric and salt. Mix well to coat with the oil and spices.
5. Searing/Cooking: Cook uncovered on medium-high heat for the first 5 minutes to get a slight sear. Then, reduce the heat, cover with a lid, and cook until Lauki is 80% tender. Stir occasionally to prevent sticking.
6. Spicing: Remove the lid and add dry spice powders (coriander powder, cumin powder, red chili powder, amchur/dry mango powder). Mix thoroughly.
7. Finishing: Sauté on medium heat for another 3-4 minutes to crisp up the edges. Finish with a sprinkle of garam masala and fresh coriander leaves. Serve hot as a side dish.",,True,2026-08-08T05:39:03.816829+00:00,Main Course
8ef0a890-c468-4229-a325-3dad5c401172,lauki-kofta,Lauki Kofta,Andhra,Lauki,"500g Lauki, washed and prepped
2-3 Green Chilies, slit
1 tsp Cumin Seeds
1/2 tsp Turmeric Powder
1 tsp Red Chili Powder
1 tsp Garam Masala
2 tbsp Oil or Ghee
Salt to taste
2 tbsp Fresh Coriander Leaves, chopped",Vegetarian,True,{},{All},"1. Preparation: Thoroughly wash and prepare Lauki. If it's meat or paneer, marinate it with a little turmeric, red chili powder, salt, and lemon juice for 20 minutes. Finely chop 2 onions and puree 2 tomatoes.
2. Whole Spices (Tadka): Heat 3 tbsp of oil or ghee in a heavy-bottomed pan or pressure cooker over medium heat. Add cumin seeds, 1 bay leaf, 2-3 cloves, and a small cinnamon stick. Let them sizzle for 30 seconds to release their aroma.
3. Onion Base: Add the finely chopped onions and a pinch of salt. Sauté patiently for 8-10 minutes until they turn a deep golden brown.
4. Aromatics & Tomatoes: Add 1 tbsp of ginger-garlic paste and green chilies. Sauté for 1 minute until the raw smell goes away. Pour in the tomato puree and cook until the mixture thickens and oil starts separating from the edges (about 5-7 minutes).
5. Spice Powders: Lower the heat and add 1/2 tsp turmeric, 1 tsp Kashmiri red chili powder, 1 tsp coriander powder, and 1/2 tsp cumin powder. Stir constantly for 30 seconds so the spices bloom without burning.
6. Adding Base: Add the prepared Lauki to the masala. Sauté on medium-high heat for 4-5 minutes to coat everything well and seal in the flavors.
7. Simmering: Pour in 1 to 1.5 cups of warm water (adjust for desired gravy consistency). Bring to a boil, then reduce heat to low, cover with a lid, and simmer. Cook until the Lauki is completely tender (15 mins for veg/paneer, 30-45 mins for meat).
8. Final Garnish: Crush 1 tsp of Kasuri Methi (dried fenugreek leaves) between your palms and sprinkle it over the curry along with 1/2 tsp of garam masala. Garnish with freshly chopped cilantro and serve hot.",,True,2026-08-08T05:39:03.816875+00:00,Main Course
3c66337b-a3b8-48a6-b2bd-87e18276c351,lauki-saag,Lauki Saag,South Indian,Lauki,"500g Lauki, washed and prepped
2-3 Green Chilies, slit
1 tsp Cumin Seeds
1/2 tsp Turmeric Powder
1 tsp Red Chili Powder
1 tsp Garam Masala
2 tbsp Oil or Ghee
Salt to taste
2 tbsp Fresh Coriander Leaves, chopped",Vegetarian,True,{},{All},"1. Preparation: Thoroughly wash and prepare Lauki. If it's meat or paneer, marinate it with a little turmeric, red chili powder, salt, and lemon juice for 20 minutes. Finely chop 2 onions and puree 2 tomatoes.
2. Whole Spices (Tadka): Heat 3 tbsp of oil or ghee in a heavy-bottomed pan or pressure cooker over medium heat. Add cumin seeds, 1 bay leaf, 2-3 cloves, and a small cinnamon stick. Let them sizzle for 30 seconds to release their aroma.
3. Onion Base: Add the finely chopped onions and a pinch of salt. Sauté patiently for 8-10 minutes until they turn a deep golden brown.
4. Aromatics & Tomatoes: Add 1 tbsp of ginger-garlic paste and green chilies. Sauté for 1 minute until the raw smell goes away. Pour in the tomato puree and cook until the mixture thickens and oil starts separating from the edges (about 5-7 minutes).
5. Spice Powders: Lower the heat and add 1/2 tsp turmeric, 1 tsp Kashmiri red chili powder, 1 tsp coriander powder, and 1/2 tsp cumin powder. Stir constantly for 30 seconds so the spices bloom without burning.
6. Adding Base: Add the prepared Lauki to the masala. Sauté on medium-high heat for 4-5 minutes to coat everything well and seal in the flavors.
7. Simmering: Pour in 1 to 1.5 cups of warm water (adjust for desired gravy consistency). Bring to a boil, then reduce heat to low, cover with a lid, and simmer. Cook until the Lauki is completely tender (15 mins for veg/paneer, 30-45 mins for meat).
8. Final Garnish: Crush 1 tsp of Kasuri Methi (dried fenugreek leaves) between your palms and sprinkle it over the curry along with 1/2 tsp of garam masala. Garnish with freshly chopped cilantro and serve hot.",,True,2026-08-08T05:39:03.816904+00:00,Main Course
01630824-7e85-4982-95b4-9bcc35a43188,lauki-vindaloo,Lauki Vindaloo,Tamil,Lauki,"500g Lauki, washed and prepped
2 medium Onions, finely chopped
1 tbsp Ginger-Garlic Paste
2 medium Tomatoes, pureed or chopped
2-3 Green Chilies, slit
1 tsp Cumin Seeds
1/2 tsp Turmeric Powder
1 tsp Red Chili Powder
1 tsp Garam Masala
2 tbsp Oil or Ghee
Salt to taste
2 tbsp Fresh Coriander Leaves, chopped",Vegan,False,{},{All},"1. Preparation: Thoroughly wash and prepare Lauki. If it's meat or paneer, marinate it with a little turmeric, red chili powder, salt, and lemon juice for 20 minutes. Finely chop 2 onions and puree 2 tomatoes.
2. Whole Spices (Tadka): Heat 3 tbsp of oil or ghee in a heavy-bottomed pan or pressure cooker over medium heat. Add cumin seeds, 1 bay leaf, 2-3 cloves, and a small cinnamon stick. Let them sizzle for 30 seconds to release their aroma.
3. Onion Base: Add the finely chopped onions and a pinch of salt. Sauté patiently for 8-10 minutes until they turn a deep golden brown.
4. Aromatics & Tomatoes: Add 1 tbsp of ginger-garlic paste and green chilies. Sauté for 1 minute until the raw smell goes away. Pour in the tomato puree and cook until the mixture thickens and oil starts separating from the edges (about 5-7 minutes).
5. Spice Powders: Lower the heat and add 1/2 tsp turmeric, 1 tsp Kashmiri red chili powder, 1 tsp coriander powder, and 1/2 tsp cumin powder. Stir constantly for 30 seconds so the spices bloom without burning.
6. Adding Base: Add the prepared Lauki to the masala. Sauté on medium-high heat for 4-5 minutes to coat everything well and seal in the flavors.
7. Simmering: Pour in 1 to 1.5 cups of warm water (adjust for desired gravy consistency). Bring to a boil, then reduce heat to low, cover with a lid, and simmer. Cook until the Lauki is completely tender (15 mins for veg/paneer, 30-45 mins for meat).
8. Final Garnish: Crush 1 tsp of Kasuri Methi (dried fenugreek leaves) between your palms and sprinkle it over the curry along with 1/2 tsp of garam masala. Garnish with freshly chopped cilantro and serve hot.",,True,2026-08-08T05:39:03.816921+00:00,Main Course
e4c92a52-3183-4b17-8680-3f6829d3c475,lauki-chettinad,Lauki Chettinad,Punjabi,Lauki,"500g Lauki, washed and prepped
2-3 Green Chilies, slit
1 tsp Cumin Seeds
1/2 tsp Turmeric Powder
1 tsp Red Chili Powder
1 tsp Garam Masala
2 tbsp Oil or Ghee
Salt to taste
2 tbsp Fresh Coriander Leaves, chopped",Vegan,True,{},{All},"1. Preparation: Thoroughly wash and prepare Lauki. If it's meat or paneer, marinate it with a little turmeric, red chili powder, salt, and lemon juice for 20 minutes. Finely chop 2 onions and puree 2 tomatoes.
2. Whole Spices (Tadka): Heat 3 tbsp of oil or ghee in a heavy-bottomed pan or pressure cooker over medium heat. Add cumin seeds, 1 bay leaf, 2-3 cloves, and a small cinnamon stick. Let them sizzle for 30 seconds to release their aroma.
3. Onion Base: Add the finely chopped onions and a pinch of salt. Sauté patiently for 8-10 minutes until they turn a deep golden brown.
4. Aromatics & Tomatoes: Add 1 tbsp of ginger-garlic paste and green chilies. Sauté for 1 minute until the raw smell goes away. Pour in the tomato puree and cook until the mixture thickens and oil starts separating from the edges (about 5-7 minutes).
5. Spice Powders: Lower the heat and add 1/2 tsp turmeric, 1 tsp Kashmiri red chili powder, 1 tsp coriander powder, and 1/2 tsp cumin powder. Stir constantly for 30 seconds so the spices bloom without burning.
6. Adding Base: Add the prepared Lauki to the masala. Sauté on medium-high heat for 4-5 minutes to coat everything well and seal in the flavors.
7. Simmering: Pour in 1 to 1.5 cups of warm water (adjust for desired gravy consistency). Bring to a boil, then reduce heat to low, cover with a lid, and simmer. Cook until the Lauki is completely tender (15 mins for veg/paneer, 30-45 mins for meat).
8. Final Garnish: Crush 1 tsp of Kasuri Methi (dried fenugreek leaves) between your palms and sprinkle it over the curry along with 1/2 tsp of garam masala. Garnish with freshly chopped cilantro and serve hot.",,True,2026-08-08T05:39:03.816937+00:00,Main Course
15f023bf-f4dc-4144-8666-805d7bb41fb6,lauki-do-pyaza,Lauki Do Pyaza,South Indian,Lauki,"500g Lauki, washed and prepped
2 medium Onions, finely chopped
1 tbsp Ginger-Garlic Paste
2 medium Tomatoes, pureed or chopped
2-3 Green Chilies, slit
1 tsp Cumin Seeds
1/2 tsp Turmeric Powder
1 tsp Red Chili Powder
1 tsp Garam Masala
2 tbsp Oil or Ghee
Salt to taste
2 tbsp Fresh Coriander Leaves, chopped",Vegetarian,False,{},{All},"1. Preparation: Thoroughly wash and prepare Lauki. If it's meat or paneer, marinate it with a little turmeric, red chili powder, salt, and lemon juice for 20 minutes. Finely chop 2 onions and puree 2 tomatoes.
2. Whole Spices (Tadka): Heat 3 tbsp of oil or ghee in a heavy-bottomed pan or pressure cooker over medium heat. Add cumin seeds, 1 bay leaf, 2-3 cloves, and a small cinnamon stick. Let them sizzle for 30 seconds to release their aroma.
3. Onion Base: Add the finely chopped onions and a pinch of salt. Sauté patiently for 8-10 minutes until they turn a deep golden brown.
4. Aromatics & Tomatoes: Add 1 tbsp of ginger-garlic paste and green chilies. Sauté for 1 minute until the raw smell goes away. Pour in the tomato puree and cook until the mixture thickens and oil starts separating from the edges (about 5-7 minutes).
5. Spice Powders: Lower the heat and add 1/2 tsp turmeric, 1 tsp Kashmiri red chili powder, 1 tsp coriander powder, and 1/2 tsp cumin powder. Stir constantly for 30 seconds so the spices bloom without burning.
6. Adding Base: Add the prepared Lauki to the masala. Sauté on medium-high heat for 4-5 minutes to coat everything well and seal in the flavors.
7. Simmering: Pour in 1 to 1.5 cups of warm water (adjust for desired gravy consistency). Bring to a boil, then reduce heat to low, cover with a lid, and simmer. Cook until the Lauki is completely tender (15 mins for veg/paneer, 30-45 mins for meat).
8. Final Garnish: Crush 1 tsp of Kasuri Methi (dried fenugreek leaves) between your palms and sprinkle it over the curry along with 1/2 tsp of garam masala. Garnish with freshly chopped cilantro and serve hot.",,True,2026-08-08T05:39:03.816966+00:00,Main Course
4fed3ea5-1ef9-4a58-ba68-686d98cfb089,lauki-salna,Lauki Salna,Bengali,Lauki,"500g Lauki, washed and prepped
2 medium Onions, finely chopped
1 tbsp Ginger-Garlic Paste
2 medium Tomatoes, pureed or chopped
2-3 Green Chilies, slit
1 tsp Cumin Seeds
1/2 tsp Turmeric Powder
1 tsp Red Chili Powder
1 tsp Garam Masala
2 tbsp Oil or Ghee
Salt to taste
2 tbsp Fresh Coriander Leaves, chopped",Vegan,False,{},{All},"1. Preparation: Thoroughly wash and prepare Lauki. If it's meat or paneer, marinate it with a little turmeric, red chili powder, salt, and lemon juice for 20 minutes. Finely chop 2 onions and puree 2 tomatoes.
2. Whole Spices (Tadka): Heat 3 tbsp of oil or ghee in a heavy-bottomed pan or pressure cooker over medium heat. Add cumin seeds, 1 bay leaf, 2-3 cloves, and a small cinnamon stick. Let them sizzle for 30 seconds to release their aroma.
3. Onion Base: Add the finely chopped onions and a pinch of salt. Sauté patiently for 8-10 minutes until they turn a deep golden brown.
4. Aromatics & Tomatoes: Add 1 tbsp of ginger-garlic paste and green chilies. Sauté for 1 minute until the raw smell goes away. Pour in the tomato puree and cook until the mixture thickens and oil starts separating from the edges (about 5-7 minutes).
5. Spice Powders: Lower the heat and add 1/2 tsp turmeric, 1 tsp Kashmiri red chili powder, 1 tsp coriander powder, and 1/2 tsp cumin powder. Stir constantly for 30 seconds so the spices bloom without burning.
6. Adding Base: Add the prepared Lauki to the masala. Sauté on medium-high heat for 4-5 minutes to coat everything well and seal in the flavors.
7. Simmering: Pour in 1 to 1.5 cups of warm water (adjust for desired gravy consistency). Bring to a boil, then reduce heat to low, cover with a lid, and simmer. Cook until the Lauki is completely tender (15 mins for veg/paneer, 30-45 mins for meat).
8. Final Garnish: Crush 1 tsp of Kasuri Methi (dried fenugreek leaves) between your palms and sprinkle it over the curry along with 1/2 tsp of garam masala. Garnish with freshly chopped cilantro and serve hot.",,True,2026-08-08T05:39:03.816991+00:00,Main Course
5ea2db16-e3f1-48ef-87cd-2f2b3180e453,lauki-kurma,Lauki Kurma,Punjabi,Lauki,"500g Lauki, washed and prepped
2 medium Onions, finely chopped
1 tbsp Ginger-Garlic Paste
2 medium Tomatoes, pureed or chopped
2-3 Green Chilies, slit
1 tsp Cumin Seeds
1/2 tsp Turmeric Powder
1 tsp Red Chili Powder
1 tsp Garam Masala
2 tbsp Oil or Ghee
Salt to taste
2 tbsp Fresh Coriander Leaves, chopped",Vegan,False,{Nuts},{All},"1. Preparation: Thoroughly wash and prepare Lauki. If it's meat or paneer, marinate it with a little turmeric, red chili powder, salt, and lemon juice for 20 minutes. Finely chop 2 onions and puree 2 tomatoes.
2. Whole Spices (Tadka): Heat 3 tbsp of oil or ghee in a heavy-bottomed pan or pressure cooker over medium heat. Add cumin seeds, 1 bay leaf, 2-3 cloves, and a small cinnamon stick. Let them sizzle for 30 seconds to release their aroma.
3. Onion Base: Add the finely chopped onions and a pinch of salt. Sauté patiently for 8-10 minutes until they turn a deep golden brown.
4. Aromatics & Tomatoes: Add 1 tbsp of ginger-garlic paste and green chilies. Sauté for 1 minute until the raw smell goes away. Pour in the tomato puree and cook until the mixture thickens and oil starts separating from the edges (about 5-7 minutes).
5. Spice Powders: Lower the heat and add 1/2 tsp turmeric, 1 tsp Kashmiri red chili powder, 1 tsp coriander powder, and 1/2 tsp cumin powder. Stir constantly for 30 seconds so the spices bloom without burning.
6. Adding Base: Add the prepared Lauki to the masala. Sauté on medium-high heat for 4-5 minutes to coat everything well and seal in the flavors.
7. Simmering: Pour in 1 to 1.5 cups of warm water (adjust for desired gravy consistency). Bring to a boil, then reduce heat to low, cover with a lid, and simmer. Cook until the Lauki is completely tender (15 mins for veg/paneer, 30-45 mins for meat).
8. Final Garnish: Crush 1 tsp of Kasuri Methi (dried fenugreek leaves) between your palms and sprinkle it over the curry along with 1/2 tsp of garam masala. Garnish with freshly chopped cilantro and serve hot.",,True,2026-08-08T05:39:03.817010+00:00,Main Course
71f716a0-102e-4237-8046-19066c6bcb6b,tinda-curry,Tinda Curry,Tamil,Tinda,"500g Tinda, washed and prepped
2-3 Green Chilies, slit
1 tsp Cumin Seeds
1/2 tsp Turmeric Powder
1 tsp Red Chili Powder
1 tsp Garam Masala
2 tbsp Oil or Ghee
Salt to taste
2 tbsp Fresh Coriander Leaves, chopped",Vegan,True,{},{All},"1. Preparation: Thoroughly wash and prepare Tinda. If it's meat or paneer, marinate it with a little turmeric, red chili powder, salt, and lemon juice for 20 minutes. Finely chop 2 onions and puree 2 tomatoes.
2. Whole Spices (Tadka): Heat 3 tbsp of oil or ghee in a heavy-bottomed pan or pressure cooker over medium heat. Add cumin seeds, 1 bay leaf, 2-3 cloves, and a small cinnamon stick. Let them sizzle for 30 seconds to release their aroma.
3. Onion Base: Add the finely chopped onions and a pinch of salt. Sauté patiently for 8-10 minutes until they turn a deep golden brown.
4. Aromatics & Tomatoes: Add 1 tbsp of ginger-garlic paste and green chilies. Sauté for 1 minute until the raw smell goes away. Pour in the tomato puree and cook until the mixture thickens and oil starts separating from the edges (about 5-7 minutes).
5. Spice Powders: Lower the heat and add 1/2 tsp turmeric, 1 tsp Kashmiri red chili powder, 1 tsp coriander powder, and 1/2 tsp cumin powder. Stir constantly for 30 seconds so the spices bloom without burning.
6. Adding Base: Add the prepared Tinda to the masala. Sauté on medium-high heat for 4-5 minutes to coat everything well and seal in the flavors.
7. Simmering: Pour in 1 to 1.5 cups of warm water (adjust for desired gravy consistency). Bring to a boil, then reduce heat to low, cover with a lid, and simmer. Cook until the Tinda is completely tender (15 mins for veg/paneer, 30-45 mins for meat).
8. Final Garnish: Crush 1 tsp of Kasuri Methi (dried fenugreek leaves) between your palms and sprinkle it over the curry along with 1/2 tsp of garam masala. Garnish with freshly chopped cilantro and serve hot.",,True,2026-08-08T05:39:03.817024+00:00,Main Course
630b4201-a158-4d78-a093-a6ae805bf937,tinda-masala,Tinda Masala,Andhra,Tinda,"500g Tinda, washed and prepped
2-3 Green Chilies, slit
1 tsp Cumin Seeds
1/2 tsp Turmeric Powder
1 tsp Red Chili Powder
1 tsp Garam Masala
2 tbsp Oil or Ghee
Salt to taste
2 tbsp Fresh Coriander Leaves, chopped",Vegetarian,True,{},{All},"1. Preparation: Thoroughly wash and prepare Tinda. If it's meat or paneer, marinate it with a little turmeric, red chili powder, salt, and lemon juice for 20 minutes. Finely chop 2 onions and puree 2 tomatoes.
2. Whole Spices (Tadka): Heat 3 tbsp of oil or ghee in a heavy-bottomed pan or pressure cooker over medium heat. Add cumin seeds, 1 bay leaf, 2-3 cloves, and a small cinnamon stick. Let them sizzle for 30 seconds to release their aroma.
3. Onion Base: Add the finely chopped onions and a pinch of salt. Sauté patiently for 8-10 minutes until they turn a deep golden brown.
4. Aromatics & Tomatoes: Add 1 tbsp of ginger-garlic paste and green chilies. Sauté for 1 minute until the raw smell goes away. Pour in the tomato puree and cook until the mixture thickens and oil starts separating from the edges (about 5-7 minutes).
5. Spice Powders: Lower the heat and add 1/2 tsp turmeric, 1 tsp Kashmiri red chili powder, 1 tsp coriander powder, and 1/2 tsp cumin powder. Stir constantly for 30 seconds so the spices bloom without burning.
6. Adding Base: Add the prepared Tinda to the masala. Sauté on medium-high heat for 4-5 minutes to coat everything well and seal in the flavors.
7. Simmering: Pour in 1 to 1.5 cups of warm water (adjust for desired gravy consistency). Bring to a boil, then reduce heat to low, cover with a lid, and simmer. Cook until the Tinda is completely tender (15 mins for veg/paneer, 30-45 mins for meat).
8. Final Garnish: Crush 1 tsp of Kasuri Methi (dried fenugreek leaves) between your palms and sprinkle it over the curry along with 1/2 tsp of garam masala. Garnish with freshly chopped cilantro and serve hot.",,True,2026-08-08T05:39:03.817039+00:00,Main Course
4fb716e2-9560-4040-9424-3d2521d8a65d,tinda-fry,Tinda Fry,Goan,Tinda,"500g Tinda, washed and prepped
2-3 Green Chilies, slit
1 tsp Cumin Seeds
1/2 tsp Turmeric Powder
1 tsp Red Chili Powder
1 tsp Garam Masala
2 tbsp Oil or Ghee
Salt to taste
2 tbsp Fresh Coriander Leaves, chopped",Vegan,True,{},{All},"1. Ingredient Prep: Wash, peel, and chop Tinda into even, bite-sized pieces. Finely chop onions, tomatoes, and slit green chilies.
2. Tempering (Tadka): Heat 2-3 tbsp of oil (mustard oil preferred for vegetables) in a wide pan. Add mustard seeds, cumin seeds, a pinch of hing (asafoetida), and curry leaves. Let them splutter.
3. Aromatics: Add chopped onions and sauté until translucent. Add ginger-garlic paste and sauté for another minute.
4. Main Ingredient Addition: Add the chopped Tinda along with a pinch of turmeric and salt. Mix well to coat with the oil and spices.
5. Searing/Cooking: Cook uncovered on medium-high heat for the first 5 minutes to get a slight sear. Then, reduce the heat, cover with a lid, and cook until Tinda is 80% tender. Stir occasionally to prevent sticking.
6. Spicing: Remove the lid and add dry spice powders (coriander powder, cumin powder, red chili powder, amchur/dry mango powder). Mix thoroughly.
7. Finishing: Sauté on medium heat for another 3-4 minutes to crisp up the edges. Finish with a sprinkle of garam masala and fresh coriander leaves. Serve hot as a side dish.",,True,2026-08-08T05:39:03.817053+00:00,Main Course
d50c53c6-4ca8-401c-b531-1c4d49c0cebb,tinda-roast,Tinda Roast,Goan,Tinda,"500g Tinda, washed and prepped
2-3 Green Chilies, slit
1 tsp Cumin Seeds
1/2 tsp Turmeric Powder
1 tsp Red Chili Powder
1 tsp Garam Masala
2 tbsp Oil or Ghee
Salt to taste
2 tbsp Fresh Coriander Leaves, chopped",Vegetarian,True,{},{All},"1. Ingredient Prep: Wash, peel, and chop Tinda into even, bite-sized pieces. Finely chop onions, tomatoes, and slit green chilies.
2. Tempering (Tadka): Heat 2-3 tbsp of oil (mustard oil preferred for vegetables) in a wide pan. Add mustard seeds, cumin seeds, a pinch of hing (asafoetida), and curry leaves. Let them splutter.
3. Aromatics: Add chopped onions and sauté until translucent. Add ginger-garlic paste and sauté for another minute.
4. Main Ingredient Addition: Add the chopped Tinda along with a pinch of turmeric and salt. Mix well to coat with the oil and spices.
5. Searing/Cooking: Cook uncovered on medium-high heat for the first 5 minutes to get a slight sear. Then, reduce the heat, cover with a lid, and cook until Tinda is 80% tender. Stir occasionally to prevent sticking.
6. Spicing: Remove the lid and add dry spice powders (coriander powder, cumin powder, red chili powder, amchur/dry mango powder). Mix thoroughly.
7. Finishing: Sauté on medium heat for another 3-4 minutes to crisp up the edges. Finish with a sprinkle of garam masala and fresh coriander leaves. Serve hot as a side dish.",,True,2026-08-08T05:39:03.817066+00:00,Main Course
4f658180-44a5-4f17-a7e3-8189aa85f513,tinda-tikka,Tinda Tikka,Punjabi,Tinda,"500g Tinda, washed and prepped
2 medium Onions, finely chopped
1 tbsp Ginger-Garlic Paste
2 medium Tomatoes, pureed or chopped
2-3 Green Chilies, slit
1 tsp Cumin Seeds
1/2 tsp Turmeric Powder
1 tsp Red Chili Powder
1 tsp Garam Masala
2 tbsp Oil or Ghee
Salt to taste
2 tbsp Fresh Coriander Leaves, chopped",Vegan,False,{},{All},"1. Ingredient Prep: Wash, peel, and chop Tinda into even, bite-sized pieces. Finely chop onions, tomatoes, and slit green chilies.
2. Tempering (Tadka): Heat 2-3 tbsp of oil (mustard oil preferred for vegetables) in a wide pan. Add mustard seeds, cumin seeds, a pinch of hing (asafoetida), and curry leaves. Let them splutter.
3. Aromatics: Add chopped onions and sauté until translucent. Add ginger-garlic paste and sauté for another minute.
4. Main Ingredient Addition: Add the chopped Tinda along with a pinch of turmeric and salt. Mix well to coat with the oil and spices.
5. Searing/Cooking: Cook uncovered on medium-high heat for the first 5 minutes to get a slight sear. Then, reduce the heat, cover with a lid, and cook until Tinda is 80% tender. Stir occasionally to prevent sticking.
6. Spicing: Remove the lid and add dry spice powders (coriander powder, cumin powder, red chili powder, amchur/dry mango powder). Mix thoroughly.
7. Finishing: Sauté on medium heat for another 3-4 minutes to crisp up the edges. Finish with a sprinkle of garam masala and fresh coriander leaves. Serve hot as a side dish.",,True,2026-08-08T05:39:03.817083+00:00,Main Course
b3558d2b-a832-4959-b9d9-24dc26bad397,tinda-korma,Tinda Korma,South Indian,Tinda,"500g Tinda, washed and prepped
2-3 Green Chilies, slit
1 tsp Cumin Seeds
1/2 tsp Turmeric Powder
1 tsp Red Chili Powder
1 tsp Garam Masala
2 tbsp Oil or Ghee
Salt to taste
2 tbsp Fresh Coriander Leaves, chopped",Vegetarian,True,{Nuts},{All},"1. Preparation: Thoroughly wash and prepare Tinda. If it's meat or paneer, marinate it with a little turmeric, red chili powder, salt, and lemon juice for 20 minutes. Finely chop 2 onions and puree 2 tomatoes.
2. Whole Spices (Tadka): Heat 3 tbsp of oil or ghee in a heavy-bottomed pan or pressure cooker over medium heat. Add cumin seeds, 1 bay leaf, 2-3 cloves, and a small cinnamon stick. Let them sizzle for 30 seconds to release their aroma.
3. Onion Base: Add the finely chopped onions and a pinch of salt. Sauté patiently for 8-10 minutes until they turn a deep golden brown.
4. Aromatics & Tomatoes: Add 1 tbsp of ginger-garlic paste and green chilies. Sauté for 1 minute until the raw smell goes away. Pour in the tomato puree and cook until the mixture thickens and oil starts separating from the edges (about 5-7 minutes).
5. Spice Powders: Lower the heat and add 1/2 tsp turmeric, 1 tsp Kashmiri red chili powder, 1 tsp coriander powder, and 1/2 tsp cumin powder. Stir constantly for 30 seconds so the spices bloom without burning.
6. Adding Base: Add the prepared Tinda to the masala. Sauté on medium-high heat for 4-5 minutes to coat everything well and seal in the flavors.
7. Simmering: Pour in 1 to 1.5 cups of warm water (adjust for desired gravy consistency). Bring to a boil, then reduce heat to low, cover with a lid, and simmer. Cook until the Tinda is completely tender (15 mins for veg/paneer, 30-45 mins for meat).
8. Final Garnish: Crush 1 tsp of Kasuri Methi (dried fenugreek leaves) between your palms and sprinkle it over the curry along with 1/2 tsp of garam masala. Garnish with freshly chopped cilantro and serve hot.",,True,2026-08-08T05:39:03.817108+00:00,Main Course
5ee7f253-a436-4b3d-9731-35472c685c2c,tinda-makhani,Tinda Makhani,Awadhi,Tinda,"500g Tinda, washed and prepped
2 medium Onions, finely chopped
1 tbsp Ginger-Garlic Paste
2 medium Tomatoes, pureed or chopped
2-3 Green Chilies, slit
1 tsp Cumin Seeds
1/2 tsp Turmeric Powder
1 tsp Red Chili Powder
1 tsp Garam Masala
3 tbsp Butter
1/4 cup Fresh Cream
1 tsp Kasuri Methi
Salt to taste
2 tbsp Fresh Coriander Leaves, chopped",Vegetarian,False,{Dairy},{All},"1. Preparation: Thoroughly wash and prepare Tinda. If it's meat or paneer, marinate it with a little turmeric, red chili powder, salt, and lemon juice for 20 minutes. Finely chop 2 onions and puree 2 tomatoes.
2. Whole Spices (Tadka): Heat 3 tbsp of oil or ghee in a heavy-bottomed pan or pressure cooker over medium heat. Add cumin seeds, 1 bay leaf, 2-3 cloves, and a small cinnamon stick. Let them sizzle for 30 seconds to release their aroma.
3. Onion Base: Add the finely chopped onions and a pinch of salt. Sauté patiently for 8-10 minutes until they turn a deep golden brown.
4. Aromatics & Tomatoes: Add 1 tbsp of ginger-garlic paste and green chilies. Sauté for 1 minute until the raw smell goes away. Pour in the tomato puree and cook until the mixture thickens and oil starts separating from the edges (about 5-7 minutes).
5. Spice Powders: Lower the heat and add 1/2 tsp turmeric, 1 tsp Kashmiri red chili powder, 1 tsp coriander powder, and 1/2 tsp cumin powder. Stir constantly for 30 seconds so the spices bloom without burning.
6. Adding Base: Add the prepared Tinda to the masala. Sauté on medium-high heat for 4-5 minutes to coat everything well and seal in the flavors.
7. Simmering: Pour in 1 to 1.5 cups of warm water (adjust for desired gravy consistency). Bring to a boil, then reduce heat to low, cover with a lid, and simmer. Cook until the Tinda is completely tender (15 mins for veg/paneer, 30-45 mins for meat).
8. Final Garnish: Crush 1 tsp of Kasuri Methi (dried fenugreek leaves) between your palms and sprinkle it over the curry along with 1/2 tsp of garam masala. Garnish with freshly chopped cilantro and serve hot.",,True,2026-08-08T05:39:03.817131+00:00,Main Course
902f47c1-0886-4621-a40c-6b91ae4dedad,tinda-bhurji,Tinda Bhurji,Maharashtrian,Tinda,"500g Tinda, washed and prepped
2-3 Green Chilies, slit
1 tsp Cumin Seeds
1/2 tsp Turmeric Powder
1 tsp Red Chili Powder
1 tsp Garam Masala
2 tbsp Oil or Ghee
Salt to taste
2 tbsp Fresh Coriander Leaves, chopped",Vegan,True,{},{All},"1. Ingredient Prep: Wash, peel, and chop Tinda into even, bite-sized pieces. Finely chop onions, tomatoes, and slit green chilies.
2. Tempering (Tadka): Heat 2-3 tbsp of oil (mustard oil preferred for vegetables) in a wide pan. Add mustard seeds, cumin seeds, a pinch of hing (asafoetida), and curry leaves. Let them splutter.
3. Aromatics: Add chopped onions and sauté until translucent. Add ginger-garlic paste and sauté for another minute.
4. Main Ingredient Addition: Add the chopped Tinda along with a pinch of turmeric and salt. Mix well to coat with the oil and spices.
5. Searing/Cooking: Cook uncovered on medium-high heat for the first 5 minutes to get a slight sear. Then, reduce the heat, cover with a lid, and cook until Tinda is 80% tender. Stir occasionally to prevent sticking.
6. Spicing: Remove the lid and add dry spice powders (coriander powder, cumin powder, red chili powder, amchur/dry mango powder). Mix thoroughly.
7. Finishing: Sauté on medium heat for another 3-4 minutes to crisp up the edges. Finish with a sprinkle of garam masala and fresh coriander leaves. Serve hot as a side dish.",,True,2026-08-08T05:39:03.817147+00:00,Main Course
8daeacc7-128c-4793-829c-6b6c8442e6ab,tinda-kofta,Tinda Kofta,Andhra,Tinda,"500g Tinda, washed and prepped
2-3 Green Chilies, slit
1 tsp Cumin Seeds
1/2 tsp Turmeric Powder
1 tsp Red Chili Powder
1 tsp Garam Masala
2 tbsp Oil or Ghee
Salt to taste
2 tbsp Fresh Coriander Leaves, chopped",Vegetarian,True,{},{All},"1. Preparation: Thoroughly wash and prepare Tinda. If it's meat or paneer, marinate it with a little turmeric, red chili powder, salt, and lemon juice for 20 minutes. Finely chop 2 onions and puree 2 tomatoes.
2. Whole Spices (Tadka): Heat 3 tbsp of oil or ghee in a heavy-bottomed pan or pressure cooker over medium heat. Add cumin seeds, 1 bay leaf, 2-3 cloves, and a small cinnamon stick. Let them sizzle for 30 seconds to release their aroma.
3. Onion Base: Add the finely chopped onions and a pinch of salt. Sauté patiently for 8-10 minutes until they turn a deep golden brown.
4. Aromatics & Tomatoes: Add 1 tbsp of ginger-garlic paste and green chilies. Sauté for 1 minute until the raw smell goes away. Pour in the tomato puree and cook until the mixture thickens and oil starts separating from the edges (about 5-7 minutes).
5. Spice Powders: Lower the heat and add 1/2 tsp turmeric, 1 tsp Kashmiri red chili powder, 1 tsp coriander powder, and 1/2 tsp cumin powder. Stir constantly for 30 seconds so the spices bloom without burning.
6. Adding Base: Add the prepared Tinda to the masala. Sauté on medium-high heat for 4-5 minutes to coat everything well and seal in the flavors.
7. Simmering: Pour in 1 to 1.5 cups of warm water (adjust for desired gravy consistency). Bring to a boil, then reduce heat to low, cover with a lid, and simmer. Cook until the Tinda is completely tender (15 mins for veg/paneer, 30-45 mins for meat).
8. Final Garnish: Crush 1 tsp of Kasuri Methi (dried fenugreek leaves) between your palms and sprinkle it over the curry along with 1/2 tsp of garam masala. Garnish with freshly chopped cilantro and serve hot.",,True,2026-08-08T05:39:03.817162+00:00,Main Course
46ef77c1-7bd1-40e3-a4be-1376108e9a84,tinda-saag,Tinda Saag,Awadhi,Tinda,"500g Tinda, washed and prepped
2-3 Green Chilies, slit
1 tsp Cumin Seeds
1/2 tsp Turmeric Powder
1 tsp Red Chili Powder
1 tsp Garam Masala
2 tbsp Oil or Ghee
Salt to taste
2 tbsp Fresh Coriander Leaves, chopped",Vegan,True,{},{All},"1. Preparation: Thoroughly wash and prepare Tinda. If it's meat or paneer, marinate it with a little turmeric, red chili powder, salt, and lemon juice for 20 minutes. Finely chop 2 onions and puree 2 tomatoes.
2. Whole Spices (Tadka): Heat 3 tbsp of oil or ghee in a heavy-bottomed pan or pressure cooker over medium heat. Add cumin seeds, 1 bay leaf, 2-3 cloves, and a small cinnamon stick. Let them sizzle for 30 seconds to release their aroma.
3. Onion Base: Add the finely chopped onions and a pinch of salt. Sauté patiently for 8-10 minutes until they turn a deep golden brown.
4. Aromatics & Tomatoes: Add 1 tbsp of ginger-garlic paste and green chilies. Sauté for 1 minute until the raw smell goes away. Pour in the tomato puree and cook until the mixture thickens and oil starts separating from the edges (about 5-7 minutes).
5. Spice Powders: Lower the heat and add 1/2 tsp turmeric, 1 tsp Kashmiri red chili powder, 1 tsp coriander powder, and 1/2 tsp cumin powder. Stir constantly for 30 seconds so the spices bloom without burning.
6. Adding Base: Add the prepared Tinda to the masala. Sauté on medium-high heat for 4-5 minutes to coat everything well and seal in the flavors.
7. Simmering: Pour in 1 to 1.5 cups of warm water (adjust for desired gravy consistency). Bring to a boil, then reduce heat to low, cover with a lid, and simmer. Cook until the Tinda is completely tender (15 mins for veg/paneer, 30-45 mins for meat).
8. Final Garnish: Crush 1 tsp of Kasuri Methi (dried fenugreek leaves) between your palms and sprinkle it over the curry along with 1/2 tsp of garam masala. Garnish with freshly chopped cilantro and serve hot.",,True,2026-08-08T05:39:03.817176+00:00,Main Course
7de6c2c2-b700-43b7-ad3a-b29a523ac109,tinda-vindaloo,Tinda Vindaloo,Gujarati,Tinda,"500g Tinda, washed and prepped
2 medium Onions, finely chopped
1 tbsp Ginger-Garlic Paste
2 medium Tomatoes, pureed or chopped
2-3 Green Chilies, slit
1 tsp Cumin Seeds
1/2 tsp Turmeric Powder
1 tsp Red Chili Powder
1 tsp Garam Masala
2 tbsp Oil or Ghee
Salt to taste
2 tbsp Fresh Coriander Leaves, chopped",Vegan,False,{},{All},"1. Preparation: Thoroughly wash and prepare Tinda. If it's meat or paneer, marinate it with a little turmeric, red chili powder, salt, and lemon juice for 20 minutes. Finely chop 2 onions and puree 2 tomatoes.
2. Whole Spices (Tadka): Heat 3 tbsp of oil or ghee in a heavy-bottomed pan or pressure cooker over medium heat. Add cumin seeds, 1 bay leaf, 2-3 cloves, and a small cinnamon stick. Let them sizzle for 30 seconds to release their aroma.
3. Onion Base: Add the finely chopped onions and a pinch of salt. Sauté patiently for 8-10 minutes until they turn a deep golden brown.
4. Aromatics & Tomatoes: Add 1 tbsp of ginger-garlic paste and green chilies. Sauté for 1 minute until the raw smell goes away. Pour in the tomato puree and cook until the mixture thickens and oil starts separating from the edges (about 5-7 minutes).
5. Spice Powders: Lower the heat and add 1/2 tsp turmeric, 1 tsp Kashmiri red chili powder, 1 tsp coriander powder, and 1/2 tsp cumin powder. Stir constantly for 30 seconds so the spices bloom without burning.
6. Adding Base: Add the prepared Tinda to the masala. Sauté on medium-high heat for 4-5 minutes to coat everything well and seal in the flavors.
7. Simmering: Pour in 1 to 1.5 cups of warm water (adjust for desired gravy consistency). Bring to a boil, then reduce heat to low, cover with a lid, and simmer. Cook until the Tinda is completely tender (15 mins for veg/paneer, 30-45 mins for meat).
8. Final Garnish: Crush 1 tsp of Kasuri Methi (dried fenugreek leaves) between your palms and sprinkle it over the curry along with 1/2 tsp of garam masala. Garnish with freshly chopped cilantro and serve hot.",,True,2026-08-08T05:39:03.817190+00:00,Main Course
3a42f626-ef8e-43ce-bff4-a29c053b5928,tinda-chettinad,Tinda Chettinad,Tamil,Tinda,"500g Tinda, washed and prepped
2-3 Green Chilies, slit
1 tsp Cumin Seeds
1/2 tsp Turmeric Powder
1 tsp Red Chili Powder
1 tsp Garam Masala
2 tbsp Oil or Ghee
Salt to taste
2 tbsp Fresh Coriander Leaves, chopped",Vegan,True,{},{All},"1. Preparation: Thoroughly wash and prepare Tinda. If it's meat or paneer, marinate it with a little turmeric, red chili powder, salt, and lemon juice for 20 minutes. Finely chop 2 onions and puree 2 tomatoes.
2. Whole Spices (Tadka): Heat 3 tbsp of oil or ghee in a heavy-bottomed pan or pressure cooker over medium heat. Add cumin seeds, 1 bay leaf, 2-3 cloves, and a small cinnamon stick. Let them sizzle for 30 seconds to release their aroma.
3. Onion Base: Add the finely chopped onions and a pinch of salt. Sauté patiently for 8-10 minutes until they turn a deep golden brown.
4. Aromatics & Tomatoes: Add 1 tbsp of ginger-garlic paste and green chilies. Sauté for 1 minute until the raw smell goes away. Pour in the tomato puree and cook until the mixture thickens and oil starts separating from the edges (about 5-7 minutes).
5. Spice Powders: Lower the heat and add 1/2 tsp turmeric, 1 tsp Kashmiri red chili powder, 1 tsp coriander powder, and 1/2 tsp cumin powder. Stir constantly for 30 seconds so the spices bloom without burning.
6. Adding Base: Add the prepared Tinda to the masala. Sauté on medium-high heat for 4-5 minutes to coat everything well and seal in the flavors.
7. Simmering: Pour in 1 to 1.5 cups of warm water (adjust for desired gravy consistency). Bring to a boil, then reduce heat to low, cover with a lid, and simmer. Cook until the Tinda is completely tender (15 mins for veg/paneer, 30-45 mins for meat).
8. Final Garnish: Crush 1 tsp of Kasuri Methi (dried fenugreek leaves) between your palms and sprinkle it over the curry along with 1/2 tsp of garam masala. Garnish with freshly chopped cilantro and serve hot.",,True,2026-08-08T05:39:03.817204+00:00,Main Course
a542bde3-5f0d-4f3a-99dd-dbe692b2983c,tinda-do-pyaza,Tinda Do Pyaza,Maharashtrian,Tinda,"500g Tinda, washed and prepped
2-3 Green Chilies, slit
1 tsp Cumin Seeds
1/2 tsp Turmeric Powder
1 tsp Red Chili Powder
1 tsp Garam Masala
2 tbsp Oil or Ghee
Salt to taste
2 tbsp Fresh Coriander Leaves, chopped",Vegetarian,True,{},{All},"1. Preparation: Thoroughly wash and prepare Tinda. If it's meat or paneer, marinate it with a little turmeric, red chili powder, salt, and lemon juice for 20 minutes. Finely chop 2 onions and puree 2 tomatoes.
2. Whole Spices (Tadka): Heat 3 tbsp of oil or ghee in a heavy-bottomed pan or pressure cooker over medium heat. Add cumin seeds, 1 bay leaf, 2-3 cloves, and a small cinnamon stick. Let them sizzle for 30 seconds to release their aroma.
3. Onion Base: Add the finely chopped onions and a pinch of salt. Sauté patiently for 8-10 minutes until they turn a deep golden brown.
4. Aromatics & Tomatoes: Add 1 tbsp of ginger-garlic paste and green chilies. Sauté for 1 minute until the raw smell goes away. Pour in the tomato puree and cook until the mixture thickens and oil starts separating from the edges (about 5-7 minutes).
5. Spice Powders: Lower the heat and add 1/2 tsp turmeric, 1 tsp Kashmiri red chili powder, 1 tsp coriander powder, and 1/2 tsp cumin powder. Stir constantly for 30 seconds so the spices bloom without burning.
6. Adding Base: Add the prepared Tinda to the masala. Sauté on medium-high heat for 4-5 minutes to coat everything well and seal in the flavors.
7. Simmering: Pour in 1 to 1.5 cups of warm water (adjust for desired gravy consistency). Bring to a boil, then reduce heat to low, cover with a lid, and simmer. Cook until the Tinda is completely tender (15 mins for veg/paneer, 30-45 mins for meat).
8. Final Garnish: Crush 1 tsp of Kasuri Methi (dried fenugreek leaves) between your palms and sprinkle it over the curry along with 1/2 tsp of garam masala. Garnish with freshly chopped cilantro and serve hot.",,True,2026-08-08T05:39:03.817217+00:00,Main Course
d4281934-cbbd-430f-886a-c4a0d8fb3e52,tinda-salna,Tinda Salna,South Indian,Tinda,"500g Tinda, washed and prepped
2 medium Onions, finely chopped
1 tbsp Ginger-Garlic Paste
2 medium Tomatoes, pureed or chopped
2-3 Green Chilies, slit
1 tsp Cumin Seeds
1/2 tsp Turmeric Powder
1 tsp Red Chili Powder
1 tsp Garam Masala
2 tbsp Oil or Ghee
Salt to taste
2 tbsp Fresh Coriander Leaves, chopped",Vegan,False,{},{All},"1. Preparation: Thoroughly wash and prepare Tinda. If it's meat or paneer, marinate it with a little turmeric, red chili powder, salt, and lemon juice for 20 minutes. Finely chop 2 onions and puree 2 tomatoes.
2. Whole Spices (Tadka): Heat 3 tbsp of oil or ghee in a heavy-bottomed pan or pressure cooker over medium heat. Add cumin seeds, 1 bay leaf, 2-3 cloves, and a small cinnamon stick. Let them sizzle for 30 seconds to release their aroma.
3. Onion Base: Add the finely chopped onions and a pinch of salt. Sauté patiently for 8-10 minutes until they turn a deep golden brown.
4. Aromatics & Tomatoes: Add 1 tbsp of ginger-garlic paste and green chilies. Sauté for 1 minute until the raw smell goes away. Pour in the tomato puree and cook until the mixture thickens and oil starts separating from the edges (about 5-7 minutes).
5. Spice Powders: Lower the heat and add 1/2 tsp turmeric, 1 tsp Kashmiri red chili powder, 1 tsp coriander powder, and 1/2 tsp cumin powder. Stir constantly for 30 seconds so the spices bloom without burning.
6. Adding Base: Add the prepared Tinda to the masala. Sauté on medium-high heat for 4-5 minutes to coat everything well and seal in the flavors.
7. Simmering: Pour in 1 to 1.5 cups of warm water (adjust for desired gravy consistency). Bring to a boil, then reduce heat to low, cover with a lid, and simmer. Cook until the Tinda is completely tender (15 mins for veg/paneer, 30-45 mins for meat).
8. Final Garnish: Crush 1 tsp of Kasuri Methi (dried fenugreek leaves) between your palms and sprinkle it over the curry along with 1/2 tsp of garam masala. Garnish with freshly chopped cilantro and serve hot.",,True,2026-08-08T05:39:03.817230+00:00,Main Course
1fcba18f-8010-456b-b509-a7383677e8de,tinda-kurma,Tinda Kurma,Maharashtrian,Tinda,"500g Tinda, washed and prepped
2 medium Onions, finely chopped
1 tbsp Ginger-Garlic Paste
2 medium Tomatoes, pureed or chopped
2-3 Green Chilies, slit
1 tsp Cumin Seeds
1/2 tsp Turmeric Powder
1 tsp Red Chili Powder
1 tsp Garam Masala
2 tbsp Oil or Ghee
Salt to taste
2 tbsp Fresh Coriander Leaves, chopped",Vegetarian,False,{Nuts},{All},"1. Preparation: Thoroughly wash and prepare Tinda. If it's meat or paneer, marinate it with a little turmeric, red chili powder, salt, and lemon juice for 20 minutes. Finely chop 2 onions and puree 2 tomatoes.
2. Whole Spices (Tadka): Heat 3 tbsp of oil or ghee in a heavy-bottomed pan or pressure cooker over medium heat. Add cumin seeds, 1 bay leaf, 2-3 cloves, and a small cinnamon stick. Let them sizzle for 30 seconds to release their aroma.
3. Onion Base: Add the finely chopped onions and a pinch of salt. Sauté patiently for 8-10 minutes until they turn a deep golden brown.
4. Aromatics & Tomatoes: Add 1 tbsp of ginger-garlic paste and green chilies. Sauté for 1 minute until the raw smell goes away. Pour in the tomato puree and cook until the mixture thickens and oil starts separating from the edges (about 5-7 minutes).
5. Spice Powders: Lower the heat and add 1/2 tsp turmeric, 1 tsp Kashmiri red chili powder, 1 tsp coriander powder, and 1/2 tsp cumin powder. Stir constantly for 30 seconds so the spices bloom without burning.
6. Adding Base: Add the prepared Tinda to the masala. Sauté on medium-high heat for 4-5 minutes to coat everything well and seal in the flavors.
7. Simmering: Pour in 1 to 1.5 cups of warm water (adjust for desired gravy consistency). Bring to a boil, then reduce heat to low, cover with a lid, and simmer. Cook until the Tinda is completely tender (15 mins for veg/paneer, 30-45 mins for meat).
8. Final Garnish: Crush 1 tsp of Kasuri Methi (dried fenugreek leaves) between your palms and sprinkle it over the curry along with 1/2 tsp of garam masala. Garnish with freshly chopped cilantro and serve hot.",,True,2026-08-08T05:39:03.817244+00:00,Main Course
b3c1e0b2-fba2-48d8-80f8-eb7f443faa17,karela-curry,Karela Curry,North Indian,Karela,"500g Karela, washed and prepped
2 medium Onions, finely chopped
1 tbsp Ginger-Garlic Paste
2 medium Tomatoes, pureed or chopped
2-3 Green Chilies, slit
1 tsp Cumin Seeds
1/2 tsp Turmeric Powder
1 tsp Red Chili Powder
1 tsp Garam Masala
2 tbsp Oil or Ghee
Salt to taste
2 tbsp Fresh Coriander Leaves, chopped",Vegan,False,{},{All},"1. Preparation: Thoroughly wash and prepare Karela. If it's meat or paneer, marinate it with a little turmeric, red chili powder, salt, and lemon juice for 20 minutes. Finely chop 2 onions and puree 2 tomatoes.
2. Whole Spices (Tadka): Heat 3 tbsp of oil or ghee in a heavy-bottomed pan or pressure cooker over medium heat. Add cumin seeds, 1 bay leaf, 2-3 cloves, and a small cinnamon stick. Let them sizzle for 30 seconds to release their aroma.
3. Onion Base: Add the finely chopped onions and a pinch of salt. Sauté patiently for 8-10 minutes until they turn a deep golden brown.
4. Aromatics & Tomatoes: Add 1 tbsp of ginger-garlic paste and green chilies. Sauté for 1 minute until the raw smell goes away. Pour in the tomato puree and cook until the mixture thickens and oil starts separating from the edges (about 5-7 minutes).
5. Spice Powders: Lower the heat and add 1/2 tsp turmeric, 1 tsp Kashmiri red chili powder, 1 tsp coriander powder, and 1/2 tsp cumin powder. Stir constantly for 30 seconds so the spices bloom without burning.
6. Adding Base: Add the prepared Karela to the masala. Sauté on medium-high heat for 4-5 minutes to coat everything well and seal in the flavors.
7. Simmering: Pour in 1 to 1.5 cups of warm water (adjust for desired gravy consistency). Bring to a boil, then reduce heat to low, cover with a lid, and simmer. Cook until the Karela is completely tender (15 mins for veg/paneer, 30-45 mins for meat).
8. Final Garnish: Crush 1 tsp of Kasuri Methi (dried fenugreek leaves) between your palms and sprinkle it over the curry along with 1/2 tsp of garam masala. Garnish with freshly chopped cilantro and serve hot.",,True,2026-08-08T05:39:03.817258+00:00,Main Course
8592bcf1-8c67-47bf-b698-eabfd962f2c1,karela-masala,Karela Masala,Hyderabadi,Karela,"500g Karela, washed and prepped
2 medium Onions, finely chopped
1 tbsp Ginger-Garlic Paste
2 medium Tomatoes, pureed or chopped
2-3 Green Chilies, slit
1 tsp Cumin Seeds
1/2 tsp Turmeric Powder
1 tsp Red Chili Powder
1 tsp Garam Masala
2 tbsp Oil or Ghee
Salt to taste
2 tbsp Fresh Coriander Leaves, chopped",Vegetarian,False,{},{All},"1. Preparation: Thoroughly wash and prepare Karela. If it's meat or paneer, marinate it with a little turmeric, red chili powder, salt, and lemon juice for 20 minutes. Finely chop 2 onions and puree 2 tomatoes.
2. Whole Spices (Tadka): Heat 3 tbsp of oil or ghee in a heavy-bottomed pan or pressure cooker over medium heat. Add cumin seeds, 1 bay leaf, 2-3 cloves, and a small cinnamon stick. Let them sizzle for 30 seconds to release their aroma.
3. Onion Base: Add the finely chopped onions and a pinch of salt. Sauté patiently for 8-10 minutes until they turn a deep golden brown.
4. Aromatics & Tomatoes: Add 1 tbsp of ginger-garlic paste and green chilies. Sauté for 1 minute until the raw smell goes away. Pour in the tomato puree and cook until the mixture thickens and oil starts separating from the edges (about 5-7 minutes).
5. Spice Powders: Lower the heat and add 1/2 tsp turmeric, 1 tsp Kashmiri red chili powder, 1 tsp coriander powder, and 1/2 tsp cumin powder. Stir constantly for 30 seconds so the spices bloom without burning.
6. Adding Base: Add the prepared Karela to the masala. Sauté on medium-high heat for 4-5 minutes to coat everything well and seal in the flavors.
7. Simmering: Pour in 1 to 1.5 cups of warm water (adjust for desired gravy consistency). Bring to a boil, then reduce heat to low, cover with a lid, and simmer. Cook until the Karela is completely tender (15 mins for veg/paneer, 30-45 mins for meat).
8. Final Garnish: Crush 1 tsp of Kasuri Methi (dried fenugreek leaves) between your palms and sprinkle it over the curry along with 1/2 tsp of garam masala. Garnish with freshly chopped cilantro and serve hot.",,True,2026-08-08T05:39:03.817272+00:00,Main Course
2bc4023e-1a32-4ce4-8826-2a53041a79cf,karela-fry,Karela Fry,Goan,Karela,"500g Karela, washed and prepped
2 medium Onions, finely chopped
1 tbsp Ginger-Garlic Paste
2 medium Tomatoes, pureed or chopped
2-3 Green Chilies, slit
1 tsp Cumin Seeds
1/2 tsp Turmeric Powder
1 tsp Red Chili Powder
1 tsp Garam Masala
2 tbsp Oil or Ghee
Salt to taste
2 tbsp Fresh Coriander Leaves, chopped",Vegan,False,{},{All},"1. Ingredient Prep: Wash, peel, and chop Karela into even, bite-sized pieces. Finely chop onions, tomatoes, and slit green chilies.
2. Tempering (Tadka): Heat 2-3 tbsp of oil (mustard oil preferred for vegetables) in a wide pan. Add mustard seeds, cumin seeds, a pinch of hing (asafoetida), and curry leaves. Let them splutter.
3. Aromatics: Add chopped onions and sauté until translucent. Add ginger-garlic paste and sauté for another minute.
4. Main Ingredient Addition: Add the chopped Karela along with a pinch of turmeric and salt. Mix well to coat with the oil and spices.
5. Searing/Cooking: Cook uncovered on medium-high heat for the first 5 minutes to get a slight sear. Then, reduce the heat, cover with a lid, and cook until Karela is 80% tender. Stir occasionally to prevent sticking.
6. Spicing: Remove the lid and add dry spice powders (coriander powder, cumin powder, red chili powder, amchur/dry mango powder). Mix thoroughly.
7. Finishing: Sauté on medium heat for another 3-4 minutes to crisp up the edges. Finish with a sprinkle of garam masala and fresh coriander leaves. Serve hot as a side dish.",,True,2026-08-08T05:39:03.817285+00:00,Main Course
835dad93-1543-4c5e-b1f3-bc72bc850d27,karela-roast,Karela Roast,Punjabi,Karela,"500g Karela, washed and prepped
2 medium Onions, finely chopped
1 tbsp Ginger-Garlic Paste
2 medium Tomatoes, pureed or chopped
2-3 Green Chilies, slit
1 tsp Cumin Seeds
1/2 tsp Turmeric Powder
1 tsp Red Chili Powder
1 tsp Garam Masala
2 tbsp Oil or Ghee
Salt to taste
2 tbsp Fresh Coriander Leaves, chopped",Vegan,False,{},{All},"1. Ingredient Prep: Wash, peel, and chop Karela into even, bite-sized pieces. Finely chop onions, tomatoes, and slit green chilies.
2. Tempering (Tadka): Heat 2-3 tbsp of oil (mustard oil preferred for vegetables) in a wide pan. Add mustard seeds, cumin seeds, a pinch of hing (asafoetida), and curry leaves. Let them splutter.
3. Aromatics: Add chopped onions and sauté until translucent. Add ginger-garlic paste and sauté for another minute.
4. Main Ingredient Addition: Add the chopped Karela along with a pinch of turmeric and salt. Mix well to coat with the oil and spices.
5. Searing/Cooking: Cook uncovered on medium-high heat for the first 5 minutes to get a slight sear. Then, reduce the heat, cover with a lid, and cook until Karela is 80% tender. Stir occasionally to prevent sticking.
6. Spicing: Remove the lid and add dry spice powders (coriander powder, cumin powder, red chili powder, amchur/dry mango powder). Mix thoroughly.
7. Finishing: Sauté on medium heat for another 3-4 minutes to crisp up the edges. Finish with a sprinkle of garam masala and fresh coriander leaves. Serve hot as a side dish.",,True,2026-08-08T05:39:03.817299+00:00,Main Course
8766b4a0-5f2a-4502-a255-778640f6e86c,karela-tikka,Karela Tikka,Tamil,Karela,"500g Karela, washed and prepped
2-3 Green Chilies, slit
1 tsp Cumin Seeds
1/2 tsp Turmeric Powder
1 tsp Red Chili Powder
1 tsp Garam Masala
2 tbsp Oil or Ghee
Salt to taste
2 tbsp Fresh Coriander Leaves, chopped",Vegan,True,{},{All},"1. Ingredient Prep: Wash, peel, and chop Karela into even, bite-sized pieces. Finely chop onions, tomatoes, and slit green chilies.
2. Tempering (Tadka): Heat 2-3 tbsp of oil (mustard oil preferred for vegetables) in a wide pan. Add mustard seeds, cumin seeds, a pinch of hing (asafoetida), and curry leaves. Let them splutter.
3. Aromatics: Add chopped onions and sauté until translucent. Add ginger-garlic paste and sauté for another minute.
4. Main Ingredient Addition: Add the chopped Karela along with a pinch of turmeric and salt. Mix well to coat with the oil and spices.
5. Searing/Cooking: Cook uncovered on medium-high heat for the first 5 minutes to get a slight sear. Then, reduce the heat, cover with a lid, and cook until Karela is 80% tender. Stir occasionally to prevent sticking.
6. Spicing: Remove the lid and add dry spice powders (coriander powder, cumin powder, red chili powder, amchur/dry mango powder). Mix thoroughly.
7. Finishing: Sauté on medium heat for another 3-4 minutes to crisp up the edges. Finish with a sprinkle of garam masala and fresh coriander leaves. Serve hot as a side dish.",,True,2026-08-08T05:39:03.817323+00:00,Main Course
52225c4a-cbbf-4d2c-84a6-1c10726d093b,karela-korma,Karela Korma,Tamil,Karela,"500g Karela, washed and prepped
2 medium Onions, finely chopped
1 tbsp Ginger-Garlic Paste
2 medium Tomatoes, pureed or chopped
2-3 Green Chilies, slit
1 tsp Cumin Seeds
1/2 tsp Turmeric Powder
1 tsp Red Chili Powder
1 tsp Garam Masala
2 tbsp Oil or Ghee
Salt to taste
2 tbsp Fresh Coriander Leaves, chopped",Vegetarian,False,{Nuts},{All},"1. Preparation: Thoroughly wash and prepare Karela. If it's meat or paneer, marinate it with a little turmeric, red chili powder, salt, and lemon juice for 20 minutes. Finely chop 2 onions and puree 2 tomatoes.
2. Whole Spices (Tadka): Heat 3 tbsp of oil or ghee in a heavy-bottomed pan or pressure cooker over medium heat. Add cumin seeds, 1 bay leaf, 2-3 cloves, and a small cinnamon stick. Let them sizzle for 30 seconds to release their aroma.
3. Onion Base: Add the finely chopped onions and a pinch of salt. Sauté patiently for 8-10 minutes until they turn a deep golden brown.
4. Aromatics & Tomatoes: Add 1 tbsp of ginger-garlic paste and green chilies. Sauté for 1 minute until the raw smell goes away. Pour in the tomato puree and cook until the mixture thickens and oil starts separating from the edges (about 5-7 minutes).
5. Spice Powders: Lower the heat and add 1/2 tsp turmeric, 1 tsp Kashmiri red chili powder, 1 tsp coriander powder, and 1/2 tsp cumin powder. Stir constantly for 30 seconds so the spices bloom without burning.
6. Adding Base: Add the prepared Karela to the masala. Sauté on medium-high heat for 4-5 minutes to coat everything well and seal in the flavors.
7. Simmering: Pour in 1 to 1.5 cups of warm water (adjust for desired gravy consistency). Bring to a boil, then reduce heat to low, cover with a lid, and simmer. Cook until the Karela is completely tender (15 mins for veg/paneer, 30-45 mins for meat).
8. Final Garnish: Crush 1 tsp of Kasuri Methi (dried fenugreek leaves) between your palms and sprinkle it over the curry along with 1/2 tsp of garam masala. Garnish with freshly chopped cilantro and serve hot.",,True,2026-08-08T05:39:03.817347+00:00,Main Course
61eef036-0c81-4735-a311-49553bc50fbd,karela-makhani,Karela Makhani,South Indian,Karela,"500g Karela, washed and prepped
2-3 Green Chilies, slit
1 tsp Cumin Seeds
1/2 tsp Turmeric Powder
1 tsp Red Chili Powder
1 tsp Garam Masala
3 tbsp Butter
1/4 cup Fresh Cream
1 tsp Kasuri Methi
Salt to taste
2 tbsp Fresh Coriander Leaves, chopped",Vegetarian,True,{Dairy},{All},"1. Preparation: Thoroughly wash and prepare Karela. If it's meat or paneer, marinate it with a little turmeric, red chili powder, salt, and lemon juice for 20 minutes. Finely chop 2 onions and puree 2 tomatoes.
2. Whole Spices (Tadka): Heat 3 tbsp of oil or ghee in a heavy-bottomed pan or pressure cooker over medium heat. Add cumin seeds, 1 bay leaf, 2-3 cloves, and a small cinnamon stick. Let them sizzle for 30 seconds to release their aroma.
3. Onion Base: Add the finely chopped onions and a pinch of salt. Sauté patiently for 8-10 minutes until they turn a deep golden brown.
4. Aromatics & Tomatoes: Add 1 tbsp of ginger-garlic paste and green chilies. Sauté for 1 minute until the raw smell goes away. Pour in the tomato puree and cook until the mixture thickens and oil starts separating from the edges (about 5-7 minutes).
5. Spice Powders: Lower the heat and add 1/2 tsp turmeric, 1 tsp Kashmiri red chili powder, 1 tsp coriander powder, and 1/2 tsp cumin powder. Stir constantly for 30 seconds so the spices bloom without burning.
6. Adding Base: Add the prepared Karela to the masala. Sauté on medium-high heat for 4-5 minutes to coat everything well and seal in the flavors.
7. Simmering: Pour in 1 to 1.5 cups of warm water (adjust for desired gravy consistency). Bring to a boil, then reduce heat to low, cover with a lid, and simmer. Cook until the Karela is completely tender (15 mins for veg/paneer, 30-45 mins for meat).
8. Final Garnish: Crush 1 tsp of Kasuri Methi (dried fenugreek leaves) between your palms and sprinkle it over the curry along with 1/2 tsp of garam masala. Garnish with freshly chopped cilantro and serve hot.",,True,2026-08-08T05:39:03.817384+00:00,Main Course
1ada63b0-dda5-4ec3-869a-ee5b76393eed,karela-bhurji,Karela Bhurji,Awadhi,Karela,"500g Karela, washed and prepped
2 medium Onions, finely chopped
1 tbsp Ginger-Garlic Paste
2 medium Tomatoes, pureed or chopped
2-3 Green Chilies, slit
1 tsp Cumin Seeds
1/2 tsp Turmeric Powder
1 tsp Red Chili Powder
1 tsp Garam Masala
2 tbsp Oil or Ghee
Salt to taste
2 tbsp Fresh Coriander Leaves, chopped",Vegetarian,False,{},{All},"1. Ingredient Prep: Wash, peel, and chop Karela into even, bite-sized pieces. Finely chop onions, tomatoes, and slit green chilies.
2. Tempering (Tadka): Heat 2-3 tbsp of oil (mustard oil preferred for vegetables) in a wide pan. Add mustard seeds, cumin seeds, a pinch of hing (asafoetida), and curry leaves. Let them splutter.
3. Aromatics: Add chopped onions and sauté until translucent. Add ginger-garlic paste and sauté for another minute.
4. Main Ingredient Addition: Add the chopped Karela along with a pinch of turmeric and salt. Mix well to coat with the oil and spices.
5. Searing/Cooking: Cook uncovered on medium-high heat for the first 5 minutes to get a slight sear. Then, reduce the heat, cover with a lid, and cook until Karela is 80% tender. Stir occasionally to prevent sticking.
6. Spicing: Remove the lid and add dry spice powders (coriander powder, cumin powder, red chili powder, amchur/dry mango powder). Mix thoroughly.
7. Finishing: Sauté on medium heat for another 3-4 minutes to crisp up the edges. Finish with a sprinkle of garam masala and fresh coriander leaves. Serve hot as a side dish.",,True,2026-08-08T05:39:03.817408+00:00,Main Course
5e635eb6-77e6-408c-9c74-22fb781d6b23,karela-kofta,Karela Kofta,Tamil,Karela,"500g Karela, washed and prepped
2-3 Green Chilies, slit
1 tsp Cumin Seeds
1/2 tsp Turmeric Powder
1 tsp Red Chili Powder
1 tsp Garam Masala
2 tbsp Oil or Ghee
Salt to taste
2 tbsp Fresh Coriander Leaves, chopped",Vegetarian,True,{},{All},"1. Preparation: Thoroughly wash and prepare Karela. If it's meat or paneer, marinate it with a little turmeric, red chili powder, salt, and lemon juice for 20 minutes. Finely chop 2 onions and puree 2 tomatoes.
2. Whole Spices (Tadka): Heat 3 tbsp of oil or ghee in a heavy-bottomed pan or pressure cooker over medium heat. Add cumin seeds, 1 bay leaf, 2-3 cloves, and a small cinnamon stick. Let them sizzle for 30 seconds to release their aroma.
3. Onion Base: Add the finely chopped onions and a pinch of salt. Sauté patiently for 8-10 minutes until they turn a deep golden brown.
4. Aromatics & Tomatoes: Add 1 tbsp of ginger-garlic paste and green chilies. Sauté for 1 minute until the raw smell goes away. Pour in the tomato puree and cook until the mixture thickens and oil starts separating from the edges (about 5-7 minutes).
5. Spice Powders: Lower the heat and add 1/2 tsp turmeric, 1 tsp Kashmiri red chili powder, 1 tsp coriander powder, and 1/2 tsp cumin powder. Stir constantly for 30 seconds so the spices bloom without burning.
6. Adding Base: Add the prepared Karela to the masala. Sauté on medium-high heat for 4-5 minutes to coat everything well and seal in the flavors.
7. Simmering: Pour in 1 to 1.5 cups of warm water (adjust for desired gravy consistency). Bring to a boil, then reduce heat to low, cover with a lid, and simmer. Cook until the Karela is completely tender (15 mins for veg/paneer, 30-45 mins for meat).
8. Final Garnish: Crush 1 tsp of Kasuri Methi (dried fenugreek leaves) between your palms and sprinkle it over the curry along with 1/2 tsp of garam masala. Garnish with freshly chopped cilantro and serve hot.",,True,2026-08-08T05:39:03.817423+00:00,Main Course
fdc6ef35-1a1e-4c77-9cba-af38c5148a85,karela-saag,Karela Saag,Bengali,Karela,"500g Karela, washed and prepped
2-3 Green Chilies, slit
1 tsp Cumin Seeds
1/2 tsp Turmeric Powder
1 tsp Red Chili Powder
1 tsp Garam Masala
2 tbsp Oil or Ghee
Salt to taste
2 tbsp Fresh Coriander Leaves, chopped",Vegetarian,True,{},{All},"1. Preparation: Thoroughly wash and prepare Karela. If it's meat or paneer, marinate it with a little turmeric, red chili powder, salt, and lemon juice for 20 minutes. Finely chop 2 onions and puree 2 tomatoes.
2. Whole Spices (Tadka): Heat 3 tbsp of oil or ghee in a heavy-bottomed pan or pressure cooker over medium heat. Add cumin seeds, 1 bay leaf, 2-3 cloves, and a small cinnamon stick. Let them sizzle for 30 seconds to release their aroma.
3. Onion Base: Add the finely chopped onions and a pinch of salt. Sauté patiently for 8-10 minutes until they turn a deep golden brown.
4. Aromatics & Tomatoes: Add 1 tbsp of ginger-garlic paste and green chilies. Sauté for 1 minute until the raw smell goes away. Pour in the tomato puree and cook until the mixture thickens and oil starts separating from the edges (about 5-7 minutes).
5. Spice Powders: Lower the heat and add 1/2 tsp turmeric, 1 tsp Kashmiri red chili powder, 1 tsp coriander powder, and 1/2 tsp cumin powder. Stir constantly for 30 seconds so the spices bloom without burning.
6. Adding Base: Add the prepared Karela to the masala. Sauté on medium-high heat for 4-5 minutes to coat everything well and seal in the flavors.
7. Simmering: Pour in 1 to 1.5 cups of warm water (adjust for desired gravy consistency). Bring to a boil, then reduce heat to low, cover with a lid, and simmer. Cook until the Karela is completely tender (15 mins for veg/paneer, 30-45 mins for meat).
8. Final Garnish: Crush 1 tsp of Kasuri Methi (dried fenugreek leaves) between your palms and sprinkle it over the curry along with 1/2 tsp of garam masala. Garnish with freshly chopped cilantro and serve hot.",,True,2026-08-08T05:39:03.817439+00:00,Main Course
fc78c213-8d21-40a4-95dd-04b4a17c0568,karela-vindaloo,Karela Vindaloo,Rajasthani,Karela,"500g Karela, washed and prepped
2-3 Green Chilies, slit
1 tsp Cumin Seeds
1/2 tsp Turmeric Powder
1 tsp Red Chili Powder
1 tsp Garam Masala
2 tbsp Oil or Ghee
Salt to taste
2 tbsp Fresh Coriander Leaves, chopped",Vegetarian,True,{},{All},"1. Preparation: Thoroughly wash and prepare Karela. If it's meat or paneer, marinate it with a little turmeric, red chili powder, salt, and lemon juice for 20 minutes. Finely chop 2 onions and puree 2 tomatoes.
2. Whole Spices (Tadka): Heat 3 tbsp of oil or ghee in a heavy-bottomed pan or pressure cooker over medium heat. Add cumin seeds, 1 bay leaf, 2-3 cloves, and a small cinnamon stick. Let them sizzle for 30 seconds to release their aroma.
3. Onion Base: Add the finely chopped onions and a pinch of salt. Sauté patiently for 8-10 minutes until they turn a deep golden brown.
4. Aromatics & Tomatoes: Add 1 tbsp of ginger-garlic paste and green chilies. Sauté for 1 minute until the raw smell goes away. Pour in the tomato puree and cook until the mixture thickens and oil starts separating from the edges (about 5-7 minutes).
5. Spice Powders: Lower the heat and add 1/2 tsp turmeric, 1 tsp Kashmiri red chili powder, 1 tsp coriander powder, and 1/2 tsp cumin powder. Stir constantly for 30 seconds so the spices bloom without burning.
6. Adding Base: Add the prepared Karela to the masala. Sauté on medium-high heat for 4-5 minutes to coat everything well and seal in the flavors.
7. Simmering: Pour in 1 to 1.5 cups of warm water (adjust for desired gravy consistency). Bring to a boil, then reduce heat to low, cover with a lid, and simmer. Cook until the Karela is completely tender (15 mins for veg/paneer, 30-45 mins for meat).
8. Final Garnish: Crush 1 tsp of Kasuri Methi (dried fenugreek leaves) between your palms and sprinkle it over the curry along with 1/2 tsp of garam masala. Garnish with freshly chopped cilantro and serve hot.",,True,2026-08-08T05:39:03.817454+00:00,Main Course
0c4b1a48-b66c-4003-a9c0-28ca1db8b8d8,karela-chettinad,Karela Chettinad,North Indian,Karela,"500g Karela, washed and prepped
2 medium Onions, finely chopped
1 tbsp Ginger-Garlic Paste
2 medium Tomatoes, pureed or chopped
2-3 Green Chilies, slit
1 tsp Cumin Seeds
1/2 tsp Turmeric Powder
1 tsp Red Chili Powder
1 tsp Garam Masala
2 tbsp Oil or Ghee
Salt to taste
2 tbsp Fresh Coriander Leaves, chopped",Vegan,False,{},{All},"1. Preparation: Thoroughly wash and prepare Karela. If it's meat or paneer, marinate it with a little turmeric, red chili powder, salt, and lemon juice for 20 minutes. Finely chop 2 onions and puree 2 tomatoes.
2. Whole Spices (Tadka): Heat 3 tbsp of oil or ghee in a heavy-bottomed pan or pressure cooker over medium heat. Add cumin seeds, 1 bay leaf, 2-3 cloves, and a small cinnamon stick. Let them sizzle for 30 seconds to release their aroma.
3. Onion Base: Add the finely chopped onions and a pinch of salt. Sauté patiently for 8-10 minutes until they turn a deep golden brown.
4. Aromatics & Tomatoes: Add 1 tbsp of ginger-garlic paste and green chilies. Sauté for 1 minute until the raw smell goes away. Pour in the tomato puree and cook until the mixture thickens and oil starts separating from the edges (about 5-7 minutes).
5. Spice Powders: Lower the heat and add 1/2 tsp turmeric, 1 tsp Kashmiri red chili powder, 1 tsp coriander powder, and 1/2 tsp cumin powder. Stir constantly for 30 seconds so the spices bloom without burning.
6. Adding Base: Add the prepared Karela to the masala. Sauté on medium-high heat for 4-5 minutes to coat everything well and seal in the flavors.
7. Simmering: Pour in 1 to 1.5 cups of warm water (adjust for desired gravy consistency). Bring to a boil, then reduce heat to low, cover with a lid, and simmer. Cook until the Karela is completely tender (15 mins for veg/paneer, 30-45 mins for meat).
8. Final Garnish: Crush 1 tsp of Kasuri Methi (dried fenugreek leaves) between your palms and sprinkle it over the curry along with 1/2 tsp of garam masala. Garnish with freshly chopped cilantro and serve hot.",,True,2026-08-08T05:39:03.817469+00:00,Main Course
f8d44a46-0d3c-428b-8006-7dc5d34f47c8,karela-do-pyaza,Karela Do Pyaza,Bengali,Karela,"500g Karela, washed and prepped
2 medium Onions, finely chopped
1 tbsp Ginger-Garlic Paste
2 medium Tomatoes, pureed or chopped
2-3 Green Chilies, slit
1 tsp Cumin Seeds
1/2 tsp Turmeric Powder
1 tsp Red Chili Powder
1 tsp Garam Masala
2 tbsp Oil or Ghee
Salt to taste
2 tbsp Fresh Coriander Leaves, chopped",Vegetarian,False,{},{All},"1. Preparation: Thoroughly wash and prepare Karela. If it's meat or paneer, marinate it with a little turmeric, red chili powder, salt, and lemon juice for 20 minutes. Finely chop 2 onions and puree 2 tomatoes.
2. Whole Spices (Tadka): Heat 3 tbsp of oil or ghee in a heavy-bottomed pan or pressure cooker over medium heat. Add cumin seeds, 1 bay leaf, 2-3 cloves, and a small cinnamon stick. Let them sizzle for 30 seconds to release their aroma.
3. Onion Base: Add the finely chopped onions and a pinch of salt. Sauté patiently for 8-10 minutes until they turn a deep golden brown.
4. Aromatics & Tomatoes: Add 1 tbsp of ginger-garlic paste and green chilies. Sauté for 1 minute until the raw smell goes away. Pour in the tomato puree and cook until the mixture thickens and oil starts separating from the edges (about 5-7 minutes).
5. Spice Powders: Lower the heat and add 1/2 tsp turmeric, 1 tsp Kashmiri red chili powder, 1 tsp coriander powder, and 1/2 tsp cumin powder. Stir constantly for 30 seconds so the spices bloom without burning.
6. Adding Base: Add the prepared Karela to the masala. Sauté on medium-high heat for 4-5 minutes to coat everything well and seal in the flavors.
7. Simmering: Pour in 1 to 1.5 cups of warm water (adjust for desired gravy consistency). Bring to a boil, then reduce heat to low, cover with a lid, and simmer. Cook until the Karela is completely tender (15 mins for veg/paneer, 30-45 mins for meat).
8. Final Garnish: Crush 1 tsp of Kasuri Methi (dried fenugreek leaves) between your palms and sprinkle it over the curry along with 1/2 tsp of garam masala. Garnish with freshly chopped cilantro and serve hot.",,True,2026-08-08T05:39:03.817496+00:00,Main Course
075fcced-9ba8-4352-8739-770270d89316,karela-salna,Karela Salna,Bengali,Karela,"500g Karela, washed and prepped
2 medium Onions, finely chopped
1 tbsp Ginger-Garlic Paste
2 medium Tomatoes, pureed or chopped
2-3 Green Chilies, slit
1 tsp Cumin Seeds
1/2 tsp Turmeric Powder
1 tsp Red Chili Powder
1 tsp Garam Masala
2 tbsp Oil or Ghee
Salt to taste
2 tbsp Fresh Coriander Leaves, chopped",Vegetarian,False,{},{All},"1. Preparation: Thoroughly wash and prepare Karela. If it's meat or paneer, marinate it with a little turmeric, red chili powder, salt, and lemon juice for 20 minutes. Finely chop 2 onions and puree 2 tomatoes.
2. Whole Spices (Tadka): Heat 3 tbsp of oil or ghee in a heavy-bottomed pan or pressure cooker over medium heat. Add cumin seeds, 1 bay leaf, 2-3 cloves, and a small cinnamon stick. Let them sizzle for 30 seconds to release their aroma.
3. Onion Base: Add the finely chopped onions and a pinch of salt. Sauté patiently for 8-10 minutes until they turn a deep golden brown.
4. Aromatics & Tomatoes: Add 1 tbsp of ginger-garlic paste and green chilies. Sauté for 1 minute until the raw smell goes away. Pour in the tomato puree and cook until the mixture thickens and oil starts separating from the edges (about 5-7 minutes).
5. Spice Powders: Lower the heat and add 1/2 tsp turmeric, 1 tsp Kashmiri red chili powder, 1 tsp coriander powder, and 1/2 tsp cumin powder. Stir constantly for 30 seconds so the spices bloom without burning.
6. Adding Base: Add the prepared Karela to the masala. Sauté on medium-high heat for 4-5 minutes to coat everything well and seal in the flavors.
7. Simmering: Pour in 1 to 1.5 cups of warm water (adjust for desired gravy consistency). Bring to a boil, then reduce heat to low, cover with a lid, and simmer. Cook until the Karela is completely tender (15 mins for veg/paneer, 30-45 mins for meat).
8. Final Garnish: Crush 1 tsp of Kasuri Methi (dried fenugreek leaves) between your palms and sprinkle it over the curry along with 1/2 tsp of garam masala. Garnish with freshly chopped cilantro and serve hot.",,True,2026-08-08T05:39:03.817520+00:00,Main Course
76ae56e7-a632-4b00-9be6-5cf807975b16,karela-kurma,Karela Kurma,Goan,Karela,"500g Karela, washed and prepped
2 medium Onions, finely chopped
1 tbsp Ginger-Garlic Paste
2 medium Tomatoes, pureed or chopped
2-3 Green Chilies, slit
1 tsp Cumin Seeds
1/2 tsp Turmeric Powder
1 tsp Red Chili Powder
1 tsp Garam Masala
2 tbsp Oil or Ghee
Salt to taste
2 tbsp Fresh Coriander Leaves, chopped",Vegetarian,False,{Nuts},{All},"1. Preparation: Thoroughly wash and prepare Karela. If it's meat or paneer, marinate it with a little turmeric, red chili powder, salt, and lemon juice for 20 minutes. Finely chop 2 onions and puree 2 tomatoes.
2. Whole Spices (Tadka): Heat 3 tbsp of oil or ghee in a heavy-bottomed pan or pressure cooker over medium heat. Add cumin seeds, 1 bay leaf, 2-3 cloves, and a small cinnamon stick. Let them sizzle for 30 seconds to release their aroma.
3. Onion Base: Add the finely chopped onions and a pinch of salt. Sauté patiently for 8-10 minutes until they turn a deep golden brown.
4. Aromatics & Tomatoes: Add 1 tbsp of ginger-garlic paste and green chilies. Sauté for 1 minute until the raw smell goes away. Pour in the tomato puree and cook until the mixture thickens and oil starts separating from the edges (about 5-7 minutes).
5. Spice Powders: Lower the heat and add 1/2 tsp turmeric, 1 tsp Kashmiri red chili powder, 1 tsp coriander powder, and 1/2 tsp cumin powder. Stir constantly for 30 seconds so the spices bloom without burning.
6. Adding Base: Add the prepared Karela to the masala. Sauté on medium-high heat for 4-5 minutes to coat everything well and seal in the flavors.
7. Simmering: Pour in 1 to 1.5 cups of warm water (adjust for desired gravy consistency). Bring to a boil, then reduce heat to low, cover with a lid, and simmer. Cook until the Karela is completely tender (15 mins for veg/paneer, 30-45 mins for meat).
8. Final Garnish: Crush 1 tsp of Kasuri Methi (dried fenugreek leaves) between your palms and sprinkle it over the curry along with 1/2 tsp of garam masala. Garnish with freshly chopped cilantro and serve hot.",,True,2026-08-08T05:39:03.817537+00:00,Main Course
fb9e0397-2625-4cd5-b559-220c3dbf2860,capsicum-curry,Capsicum Curry,Goan,Capsicum,"500g Capsicum, washed and prepped
2-3 Green Chilies, slit
1 tsp Cumin Seeds
1/2 tsp Turmeric Powder
1 tsp Red Chili Powder
1 tsp Garam Masala
2 tbsp Oil or Ghee
Salt to taste
2 tbsp Fresh Coriander Leaves, chopped",Vegetarian,True,{},{All},"1. Preparation: Thoroughly wash and prepare Capsicum. If it's meat or paneer, marinate it with a little turmeric, red chili powder, salt, and lemon juice for 20 minutes. Finely chop 2 onions and puree 2 tomatoes.
2. Whole Spices (Tadka): Heat 3 tbsp of oil or ghee in a heavy-bottomed pan or pressure cooker over medium heat. Add cumin seeds, 1 bay leaf, 2-3 cloves, and a small cinnamon stick. Let them sizzle for 30 seconds to release their aroma.
3. Onion Base: Add the finely chopped onions and a pinch of salt. Sauté patiently for 8-10 minutes until they turn a deep golden brown.
4. Aromatics & Tomatoes: Add 1 tbsp of ginger-garlic paste and green chilies. Sauté for 1 minute until the raw smell goes away. Pour in the tomato puree and cook until the mixture thickens and oil starts separating from the edges (about 5-7 minutes).
5. Spice Powders: Lower the heat and add 1/2 tsp turmeric, 1 tsp Kashmiri red chili powder, 1 tsp coriander powder, and 1/2 tsp cumin powder. Stir constantly for 30 seconds so the spices bloom without burning.
6. Adding Base: Add the prepared Capsicum to the masala. Sauté on medium-high heat for 4-5 minutes to coat everything well and seal in the flavors.
7. Simmering: Pour in 1 to 1.5 cups of warm water (adjust for desired gravy consistency). Bring to a boil, then reduce heat to low, cover with a lid, and simmer. Cook until the Capsicum is completely tender (15 mins for veg/paneer, 30-45 mins for meat).
8. Final Garnish: Crush 1 tsp of Kasuri Methi (dried fenugreek leaves) between your palms and sprinkle it over the curry along with 1/2 tsp of garam masala. Garnish with freshly chopped cilantro and serve hot.",,True,2026-08-08T05:39:03.817553+00:00,Main Course
f009a4fc-e428-4178-89ac-9173d3d3a430,capsicum-masala,Capsicum Masala,Bengali,Capsicum,"500g Capsicum, washed and prepped
2 medium Onions, finely chopped
1 tbsp Ginger-Garlic Paste
2 medium Tomatoes, pureed or chopped
2-3 Green Chilies, slit
1 tsp Cumin Seeds
1/2 tsp Turmeric Powder
1 tsp Red Chili Powder
1 tsp Garam Masala
2 tbsp Oil or Ghee
Salt to taste
2 tbsp Fresh Coriander Leaves, chopped",Vegan,False,{},{All},"1. Preparation: Thoroughly wash and prepare Capsicum. If it's meat or paneer, marinate it with a little turmeric, red chili powder, salt, and lemon juice for 20 minutes. Finely chop 2 onions and puree 2 tomatoes.
2. Whole Spices (Tadka): Heat 3 tbsp of oil or ghee in a heavy-bottomed pan or pressure cooker over medium heat. Add cumin seeds, 1 bay leaf, 2-3 cloves, and a small cinnamon stick. Let them sizzle for 30 seconds to release their aroma.
3. Onion Base: Add the finely chopped onions and a pinch of salt. Sauté patiently for 8-10 minutes until they turn a deep golden brown.
4. Aromatics & Tomatoes: Add 1 tbsp of ginger-garlic paste and green chilies. Sauté for 1 minute until the raw smell goes away. Pour in the tomato puree and cook until the mixture thickens and oil starts separating from the edges (about 5-7 minutes).
5. Spice Powders: Lower the heat and add 1/2 tsp turmeric, 1 tsp Kashmiri red chili powder, 1 tsp coriander powder, and 1/2 tsp cumin powder. Stir constantly for 30 seconds so the spices bloom without burning.
6. Adding Base: Add the prepared Capsicum to the masala. Sauté on medium-high heat for 4-5 minutes to coat everything well and seal in the flavors.
7. Simmering: Pour in 1 to 1.5 cups of warm water (adjust for desired gravy consistency). Bring to a boil, then reduce heat to low, cover with a lid, and simmer. Cook until the Capsicum is completely tender (15 mins for veg/paneer, 30-45 mins for meat).
8. Final Garnish: Crush 1 tsp of Kasuri Methi (dried fenugreek leaves) between your palms and sprinkle it over the curry along with 1/2 tsp of garam masala. Garnish with freshly chopped cilantro and serve hot.",,True,2026-08-08T05:39:03.817567+00:00,Main Course
46761281-d62f-4bfe-8427-23d57e8c2c30,capsicum-fry,Capsicum Fry,Andhra,Capsicum,"500g Capsicum, washed and prepped
2 medium Onions, finely chopped
1 tbsp Ginger-Garlic Paste
2 medium Tomatoes, pureed or chopped
2-3 Green Chilies, slit
1 tsp Cumin Seeds
1/2 tsp Turmeric Powder
1 tsp Red Chili Powder
1 tsp Garam Masala
2 tbsp Oil or Ghee
Salt to taste
2 tbsp Fresh Coriander Leaves, chopped",Vegetarian,False,{},{All},"1. Ingredient Prep: Wash, peel, and chop Capsicum into even, bite-sized pieces. Finely chop onions, tomatoes, and slit green chilies.
2. Tempering (Tadka): Heat 2-3 tbsp of oil (mustard oil preferred for vegetables) in a wide pan. Add mustard seeds, cumin seeds, a pinch of hing (asafoetida), and curry leaves. Let them splutter.
3. Aromatics: Add chopped onions and sauté until translucent. Add ginger-garlic paste and sauté for another minute.
4. Main Ingredient Addition: Add the chopped Capsicum along with a pinch of turmeric and salt. Mix well to coat with the oil and spices.
5. Searing/Cooking: Cook uncovered on medium-high heat for the first 5 minutes to get a slight sear. Then, reduce the heat, cover with a lid, and cook until Capsicum is 80% tender. Stir occasionally to prevent sticking.
6. Spicing: Remove the lid and add dry spice powders (coriander powder, cumin powder, red chili powder, amchur/dry mango powder). Mix thoroughly.
7. Finishing: Sauté on medium heat for another 3-4 minutes to crisp up the edges. Finish with a sprinkle of garam masala and fresh coriander leaves. Serve hot as a side dish.",,True,2026-08-08T05:39:03.817580+00:00,Main Course
8903d70b-2341-49fd-a3a0-9a5686b374bc,capsicum-roast,Capsicum Roast,Gujarati,Capsicum,"500g Capsicum, washed and prepped
2 medium Onions, finely chopped
1 tbsp Ginger-Garlic Paste
2 medium Tomatoes, pureed or chopped
2-3 Green Chilies, slit
1 tsp Cumin Seeds
1/2 tsp Turmeric Powder
1 tsp Red Chili Powder
1 tsp Garam Masala
2 tbsp Oil or Ghee
Salt to taste
2 tbsp Fresh Coriander Leaves, chopped",Vegetarian,False,{},{All},"1. Ingredient Prep: Wash, peel, and chop Capsicum into even, bite-sized pieces. Finely chop onions, tomatoes, and slit green chilies.
2. Tempering (Tadka): Heat 2-3 tbsp of oil (mustard oil preferred for vegetables) in a wide pan. Add mustard seeds, cumin seeds, a pinch of hing (asafoetida), and curry leaves. Let them splutter.
3. Aromatics: Add chopped onions and sauté until translucent. Add ginger-garlic paste and sauté for another minute.
4. Main Ingredient Addition: Add the chopped Capsicum along with a pinch of turmeric and salt. Mix well to coat with the oil and spices.
5. Searing/Cooking: Cook uncovered on medium-high heat for the first 5 minutes to get a slight sear. Then, reduce the heat, cover with a lid, and cook until Capsicum is 80% tender. Stir occasionally to prevent sticking.
6. Spicing: Remove the lid and add dry spice powders (coriander powder, cumin powder, red chili powder, amchur/dry mango powder). Mix thoroughly.
7. Finishing: Sauté on medium heat for another 3-4 minutes to crisp up the edges. Finish with a sprinkle of garam masala and fresh coriander leaves. Serve hot as a side dish.",,True,2026-08-08T05:39:03.817595+00:00,Main Course
f1585057-1a3c-41d6-b3b9-fcf07419bc2d,capsicum-tikka,Capsicum Tikka,Hyderabadi,Capsicum,"500g Capsicum, washed and prepped
2-3 Green Chilies, slit
1 tsp Cumin Seeds
1/2 tsp Turmeric Powder
1 tsp Red Chili Powder
1 tsp Garam Masala
2 tbsp Oil or Ghee
Salt to taste
2 tbsp Fresh Coriander Leaves, chopped",Vegetarian,True,{},{All},"1. Ingredient Prep: Wash, peel, and chop Capsicum into even, bite-sized pieces. Finely chop onions, tomatoes, and slit green chilies.
2. Tempering (Tadka): Heat 2-3 tbsp of oil (mustard oil preferred for vegetables) in a wide pan. Add mustard seeds, cumin seeds, a pinch of hing (asafoetida), and curry leaves. Let them splutter.
3. Aromatics: Add chopped onions and sauté until translucent. Add ginger-garlic paste and sauté for another minute.
4. Main Ingredient Addition: Add the chopped Capsicum along with a pinch of turmeric and salt. Mix well to coat with the oil and spices.
5. Searing/Cooking: Cook uncovered on medium-high heat for the first 5 minutes to get a slight sear. Then, reduce the heat, cover with a lid, and cook until Capsicum is 80% tender. Stir occasionally to prevent sticking.
6. Spicing: Remove the lid and add dry spice powders (coriander powder, cumin powder, red chili powder, amchur/dry mango powder). Mix thoroughly.
7. Finishing: Sauté on medium heat for another 3-4 minutes to crisp up the edges. Finish with a sprinkle of garam masala and fresh coriander leaves. Serve hot as a side dish.",,True,2026-08-08T05:39:03.817608+00:00,Main Course
e1227b80-b912-4a6a-b292-5665234f0132,capsicum-korma,Capsicum Korma,Rajasthani,Capsicum,"500g Capsicum, washed and prepped
2 medium Onions, finely chopped
1 tbsp Ginger-Garlic Paste
2 medium Tomatoes, pureed or chopped
2-3 Green Chilies, slit
1 tsp Cumin Seeds
1/2 tsp Turmeric Powder
1 tsp Red Chili Powder
1 tsp Garam Masala
2 tbsp Oil or Ghee
Salt to taste
2 tbsp Fresh Coriander Leaves, chopped",Vegetarian,False,{Nuts},{All},"1. Preparation: Thoroughly wash and prepare Capsicum. If it's meat or paneer, marinate it with a little turmeric, red chili powder, salt, and lemon juice for 20 minutes. Finely chop 2 onions and puree 2 tomatoes.
2. Whole Spices (Tadka): Heat 3 tbsp of oil or ghee in a heavy-bottomed pan or pressure cooker over medium heat. Add cumin seeds, 1 bay leaf, 2-3 cloves, and a small cinnamon stick. Let them sizzle for 30 seconds to release their aroma.
3. Onion Base: Add the finely chopped onions and a pinch of salt. Sauté patiently for 8-10 minutes until they turn a deep golden brown.
4. Aromatics & Tomatoes: Add 1 tbsp of ginger-garlic paste and green chilies. Sauté for 1 minute until the raw smell goes away. Pour in the tomato puree and cook until the mixture thickens and oil starts separating from the edges (about 5-7 minutes).
5. Spice Powders: Lower the heat and add 1/2 tsp turmeric, 1 tsp Kashmiri red chili powder, 1 tsp coriander powder, and 1/2 tsp cumin powder. Stir constantly for 30 seconds so the spices bloom without burning.
6. Adding Base: Add the prepared Capsicum to the masala. Sauté on medium-high heat for 4-5 minutes to coat everything well and seal in the flavors.
7. Simmering: Pour in 1 to 1.5 cups of warm water (adjust for desired gravy consistency). Bring to a boil, then reduce heat to low, cover with a lid, and simmer. Cook until the Capsicum is completely tender (15 mins for veg/paneer, 30-45 mins for meat).
8. Final Garnish: Crush 1 tsp of Kasuri Methi (dried fenugreek leaves) between your palms and sprinkle it over the curry along with 1/2 tsp of garam masala. Garnish with freshly chopped cilantro and serve hot.",,True,2026-08-08T05:39:03.817622+00:00,Main Course
c54f375e-7261-40c7-a0d4-91fd4adec18c,capsicum-makhani,Capsicum Makhani,Punjabi,Capsicum,"500g Capsicum, washed and prepped
2 medium Onions, finely chopped
1 tbsp Ginger-Garlic Paste
2 medium Tomatoes, pureed or chopped
2-3 Green Chilies, slit
1 tsp Cumin Seeds
1/2 tsp Turmeric Powder
1 tsp Red Chili Powder
1 tsp Garam Masala
3 tbsp Butter
1/4 cup Fresh Cream
1 tsp Kasuri Methi
Salt to taste
2 tbsp Fresh Coriander Leaves, chopped",Vegan,False,{Dairy},{All},"1. Preparation: Thoroughly wash and prepare Capsicum. If it's meat or paneer, marinate it with a little turmeric, red chili powder, salt, and lemon juice for 20 minutes. Finely chop 2 onions and puree 2 tomatoes.
2. Whole Spices (Tadka): Heat 3 tbsp of oil or ghee in a heavy-bottomed pan or pressure cooker over medium heat. Add cumin seeds, 1 bay leaf, 2-3 cloves, and a small cinnamon stick. Let them sizzle for 30 seconds to release their aroma.
3. Onion Base: Add the finely chopped onions and a pinch of salt. Sauté patiently for 8-10 minutes until they turn a deep golden brown.
4. Aromatics & Tomatoes: Add 1 tbsp of ginger-garlic paste and green chilies. Sauté for 1 minute until the raw smell goes away. Pour in the tomato puree and cook until the mixture thickens and oil starts separating from the edges (about 5-7 minutes).
5. Spice Powders: Lower the heat and add 1/2 tsp turmeric, 1 tsp Kashmiri red chili powder, 1 tsp coriander powder, and 1/2 tsp cumin powder. Stir constantly for 30 seconds so the spices bloom without burning.
6. Adding Base: Add the prepared Capsicum to the masala. Sauté on medium-high heat for 4-5 minutes to coat everything well and seal in the flavors.
7. Simmering: Pour in 1 to 1.5 cups of warm water (adjust for desired gravy consistency). Bring to a boil, then reduce heat to low, cover with a lid, and simmer. Cook until the Capsicum is completely tender (15 mins for veg/paneer, 30-45 mins for meat).
8. Final Garnish: Crush 1 tsp of Kasuri Methi (dried fenugreek leaves) between your palms and sprinkle it over the curry along with 1/2 tsp of garam masala. Garnish with freshly chopped cilantro and serve hot.",,True,2026-08-08T05:39:03.817636+00:00,Main Course
8c45e074-ce3d-477a-98a4-83ede3c5fa41,capsicum-bhurji,Capsicum Bhurji,Hyderabadi,Capsicum,"500g Capsicum, washed and prepped
2 medium Onions, finely chopped
1 tbsp Ginger-Garlic Paste
2 medium Tomatoes, pureed or chopped
2-3 Green Chilies, slit
1 tsp Cumin Seeds
1/2 tsp Turmeric Powder
1 tsp Red Chili Powder
1 tsp Garam Masala
2 tbsp Oil or Ghee
Salt to taste
2 tbsp Fresh Coriander Leaves, chopped",Vegan,False,{},{All},"1. Ingredient Prep: Wash, peel, and chop Capsicum into even, bite-sized pieces. Finely chop onions, tomatoes, and slit green chilies.
2. Tempering (Tadka): Heat 2-3 tbsp of oil (mustard oil preferred for vegetables) in a wide pan. Add mustard seeds, cumin seeds, a pinch of hing (asafoetida), and curry leaves. Let them splutter.
3. Aromatics: Add chopped onions and sauté until translucent. Add ginger-garlic paste and sauté for another minute.
4. Main Ingredient Addition: Add the chopped Capsicum along with a pinch of turmeric and salt. Mix well to coat with the oil and spices.
5. Searing/Cooking: Cook uncovered on medium-high heat for the first 5 minutes to get a slight sear. Then, reduce the heat, cover with a lid, and cook until Capsicum is 80% tender. Stir occasionally to prevent sticking.
6. Spicing: Remove the lid and add dry spice powders (coriander powder, cumin powder, red chili powder, amchur/dry mango powder). Mix thoroughly.
7. Finishing: Sauté on medium heat for another 3-4 minutes to crisp up the edges. Finish with a sprinkle of garam masala and fresh coriander leaves. Serve hot as a side dish.",,True,2026-08-08T05:39:03.817650+00:00,Main Course
53d9c8db-27dd-496d-bcf9-b320d1c6adec,capsicum-kofta,Capsicum Kofta,Hyderabadi,Capsicum,"500g Capsicum, washed and prepped
2 medium Onions, finely chopped
1 tbsp Ginger-Garlic Paste
2 medium Tomatoes, pureed or chopped
2-3 Green Chilies, slit
1 tsp Cumin Seeds
1/2 tsp Turmeric Powder
1 tsp Red Chili Powder
1 tsp Garam Masala
2 tbsp Oil or Ghee
Salt to taste
2 tbsp Fresh Coriander Leaves, chopped",Vegetarian,False,{},{All},"1. Preparation: Thoroughly wash and prepare Capsicum. If it's meat or paneer, marinate it with a little turmeric, red chili powder, salt, and lemon juice for 20 minutes. Finely chop 2 onions and puree 2 tomatoes.
2. Whole Spices (Tadka): Heat 3 tbsp of oil or ghee in a heavy-bottomed pan or pressure cooker over medium heat. Add cumin seeds, 1 bay leaf, 2-3 cloves, and a small cinnamon stick. Let them sizzle for 30 seconds to release their aroma.
3. Onion Base: Add the finely chopped onions and a pinch of salt. Sauté patiently for 8-10 minutes until they turn a deep golden brown.
4. Aromatics & Tomatoes: Add 1 tbsp of ginger-garlic paste and green chilies. Sauté for 1 minute until the raw smell goes away. Pour in the tomato puree and cook until the mixture thickens and oil starts separating from the edges (about 5-7 minutes).
5. Spice Powders: Lower the heat and add 1/2 tsp turmeric, 1 tsp Kashmiri red chili powder, 1 tsp coriander powder, and 1/2 tsp cumin powder. Stir constantly for 30 seconds so the spices bloom without burning.
6. Adding Base: Add the prepared Capsicum to the masala. Sauté on medium-high heat for 4-5 minutes to coat everything well and seal in the flavors.
7. Simmering: Pour in 1 to 1.5 cups of warm water (adjust for desired gravy consistency). Bring to a boil, then reduce heat to low, cover with a lid, and simmer. Cook until the Capsicum is completely tender (15 mins for veg/paneer, 30-45 mins for meat).
8. Final Garnish: Crush 1 tsp of Kasuri Methi (dried fenugreek leaves) between your palms and sprinkle it over the curry along with 1/2 tsp of garam masala. Garnish with freshly chopped cilantro and serve hot.",,True,2026-08-08T05:39:03.817664+00:00,Main Course
20c811d4-a1e3-4d5a-8ec9-870878c99402,capsicum-saag,Capsicum Saag,Maharashtrian,Capsicum,"500g Capsicum, washed and prepped
2 medium Onions, finely chopped
1 tbsp Ginger-Garlic Paste
2 medium Tomatoes, pureed or chopped
2-3 Green Chilies, slit
1 tsp Cumin Seeds
1/2 tsp Turmeric Powder
1 tsp Red Chili Powder
1 tsp Garam Masala
2 tbsp Oil or Ghee
Salt to taste
2 tbsp Fresh Coriander Leaves, chopped",Vegetarian,False,{},{All},"1. Preparation: Thoroughly wash and prepare Capsicum. If it's meat or paneer, marinate it with a little turmeric, red chili powder, salt, and lemon juice for 20 minutes. Finely chop 2 onions and puree 2 tomatoes.
2. Whole Spices (Tadka): Heat 3 tbsp of oil or ghee in a heavy-bottomed pan or pressure cooker over medium heat. Add cumin seeds, 1 bay leaf, 2-3 cloves, and a small cinnamon stick. Let them sizzle for 30 seconds to release their aroma.
3. Onion Base: Add the finely chopped onions and a pinch of salt. Sauté patiently for 8-10 minutes until they turn a deep golden brown.
4. Aromatics & Tomatoes: Add 1 tbsp of ginger-garlic paste and green chilies. Sauté for 1 minute until the raw smell goes away. Pour in the tomato puree and cook until the mixture thickens and oil starts separating from the edges (about 5-7 minutes).
5. Spice Powders: Lower the heat and add 1/2 tsp turmeric, 1 tsp Kashmiri red chili powder, 1 tsp coriander powder, and 1/2 tsp cumin powder. Stir constantly for 30 seconds so the spices bloom without burning.
6. Adding Base: Add the prepared Capsicum to the masala. Sauté on medium-high heat for 4-5 minutes to coat everything well and seal in the flavors.
7. Simmering: Pour in 1 to 1.5 cups of warm water (adjust for desired gravy consistency). Bring to a boil, then reduce heat to low, cover with a lid, and simmer. Cook until the Capsicum is completely tender (15 mins for veg/paneer, 30-45 mins for meat).
8. Final Garnish: Crush 1 tsp of Kasuri Methi (dried fenugreek leaves) between your palms and sprinkle it over the curry along with 1/2 tsp of garam masala. Garnish with freshly chopped cilantro and serve hot.",,True,2026-08-08T05:39:03.817677+00:00,Main Course
fde30e42-6e07-46f2-a139-b7ac923e0cdb,capsicum-vindaloo,Capsicum Vindaloo,Hyderabadi,Capsicum,"500g Capsicum, washed and prepped
2 medium Onions, finely chopped
1 tbsp Ginger-Garlic Paste
2 medium Tomatoes, pureed or chopped
2-3 Green Chilies, slit
1 tsp Cumin Seeds
1/2 tsp Turmeric Powder
1 tsp Red Chili Powder
1 tsp Garam Masala
2 tbsp Oil or Ghee
Salt to taste
2 tbsp Fresh Coriander Leaves, chopped",Vegetarian,False,{},{All},"1. Preparation: Thoroughly wash and prepare Capsicum. If it's meat or paneer, marinate it with a little turmeric, red chili powder, salt, and lemon juice for 20 minutes. Finely chop 2 onions and puree 2 tomatoes.
2. Whole Spices (Tadka): Heat 3 tbsp of oil or ghee in a heavy-bottomed pan or pressure cooker over medium heat. Add cumin seeds, 1 bay leaf, 2-3 cloves, and a small cinnamon stick. Let them sizzle for 30 seconds to release their aroma.
3. Onion Base: Add the finely chopped onions and a pinch of salt. Sauté patiently for 8-10 minutes until they turn a deep golden brown.
4. Aromatics & Tomatoes: Add 1 tbsp of ginger-garlic paste and green chilies. Sauté for 1 minute until the raw smell goes away. Pour in the tomato puree and cook until the mixture thickens and oil starts separating from the edges (about 5-7 minutes).
5. Spice Powders: Lower the heat and add 1/2 tsp turmeric, 1 tsp Kashmiri red chili powder, 1 tsp coriander powder, and 1/2 tsp cumin powder. Stir constantly for 30 seconds so the spices bloom without burning.
6. Adding Base: Add the prepared Capsicum to the masala. Sauté on medium-high heat for 4-5 minutes to coat everything well and seal in the flavors.
7. Simmering: Pour in 1 to 1.5 cups of warm water (adjust for desired gravy consistency). Bring to a boil, then reduce heat to low, cover with a lid, and simmer. Cook until the Capsicum is completely tender (15 mins for veg/paneer, 30-45 mins for meat).
8. Final Garnish: Crush 1 tsp of Kasuri Methi (dried fenugreek leaves) between your palms and sprinkle it over the curry along with 1/2 tsp of garam masala. Garnish with freshly chopped cilantro and serve hot.",,True,2026-08-08T05:39:03.817691+00:00,Main Course
b6968f89-36a0-4d69-a293-829bd9aab46a,capsicum-chettinad,Capsicum Chettinad,Rajasthani,Capsicum,"500g Capsicum, washed and prepped
2 medium Onions, finely chopped
1 tbsp Ginger-Garlic Paste
2 medium Tomatoes, pureed or chopped
2-3 Green Chilies, slit
1 tsp Cumin Seeds
1/2 tsp Turmeric Powder
1 tsp Red Chili Powder
1 tsp Garam Masala
2 tbsp Oil or Ghee
Salt to taste
2 tbsp Fresh Coriander Leaves, chopped",Vegetarian,False,{},{All},"1. Preparation: Thoroughly wash and prepare Capsicum. If it's meat or paneer, marinate it with a little turmeric, red chili powder, salt, and lemon juice for 20 minutes. Finely chop 2 onions and puree 2 tomatoes.
2. Whole Spices (Tadka): Heat 3 tbsp of oil or ghee in a heavy-bottomed pan or pressure cooker over medium heat. Add cumin seeds, 1 bay leaf, 2-3 cloves, and a small cinnamon stick. Let them sizzle for 30 seconds to release their aroma.
3. Onion Base: Add the finely chopped onions and a pinch of salt. Sauté patiently for 8-10 minutes until they turn a deep golden brown.
4. Aromatics & Tomatoes: Add 1 tbsp of ginger-garlic paste and green chilies. Sauté for 1 minute until the raw smell goes away. Pour in the tomato puree and cook until the mixture thickens and oil starts separating from the edges (about 5-7 minutes).
5. Spice Powders: Lower the heat and add 1/2 tsp turmeric, 1 tsp Kashmiri red chili powder, 1 tsp coriander powder, and 1/2 tsp cumin powder. Stir constantly for 30 seconds so the spices bloom without burning.
6. Adding Base: Add the prepared Capsicum to the masala. Sauté on medium-high heat for 4-5 minutes to coat everything well and seal in the flavors.
7. Simmering: Pour in 1 to 1.5 cups of warm water (adjust for desired gravy consistency). Bring to a boil, then reduce heat to low, cover with a lid, and simmer. Cook until the Capsicum is completely tender (15 mins for veg/paneer, 30-45 mins for meat).
8. Final Garnish: Crush 1 tsp of Kasuri Methi (dried fenugreek leaves) between your palms and sprinkle it over the curry along with 1/2 tsp of garam masala. Garnish with freshly chopped cilantro and serve hot.",,True,2026-08-08T05:39:03.817705+00:00,Main Course
9a004642-e2aa-456f-a665-1aa51dfd3310,capsicum-do-pyaza,Capsicum Do Pyaza,Kerala,Capsicum,"500g Capsicum, washed and prepped
2-3 Green Chilies, slit
1 tsp Cumin Seeds
1/2 tsp Turmeric Powder
1 tsp Red Chili Powder
1 tsp Garam Masala
2 tbsp Oil or Ghee
Salt to taste
2 tbsp Fresh Coriander Leaves, chopped",Vegetarian,True,{},{All},"1. Preparation: Thoroughly wash and prepare Capsicum. If it's meat or paneer, marinate it with a little turmeric, red chili powder, salt, and lemon juice for 20 minutes. Finely chop 2 onions and puree 2 tomatoes.
2. Whole Spices (Tadka): Heat 3 tbsp of oil or ghee in a heavy-bottomed pan or pressure cooker over medium heat. Add cumin seeds, 1 bay leaf, 2-3 cloves, and a small cinnamon stick. Let them sizzle for 30 seconds to release their aroma.
3. Onion Base: Add the finely chopped onions and a pinch of salt. Sauté patiently for 8-10 minutes until they turn a deep golden brown.
4. Aromatics & Tomatoes: Add 1 tbsp of ginger-garlic paste and green chilies. Sauté for 1 minute until the raw smell goes away. Pour in the tomato puree and cook until the mixture thickens and oil starts separating from the edges (about 5-7 minutes).
5. Spice Powders: Lower the heat and add 1/2 tsp turmeric, 1 tsp Kashmiri red chili powder, 1 tsp coriander powder, and 1/2 tsp cumin powder. Stir constantly for 30 seconds so the spices bloom without burning.
6. Adding Base: Add the prepared Capsicum to the masala. Sauté on medium-high heat for 4-5 minutes to coat everything well and seal in the flavors.
7. Simmering: Pour in 1 to 1.5 cups of warm water (adjust for desired gravy consistency). Bring to a boil, then reduce heat to low, cover with a lid, and simmer. Cook until the Capsicum is completely tender (15 mins for veg/paneer, 30-45 mins for meat).
8. Final Garnish: Crush 1 tsp of Kasuri Methi (dried fenugreek leaves) between your palms and sprinkle it over the curry along with 1/2 tsp of garam masala. Garnish with freshly chopped cilantro and serve hot.",,True,2026-08-08T05:39:03.817718+00:00,Main Course
25ac659e-3aa2-41ef-afcb-52b7275c187e,capsicum-salna,Capsicum Salna,Gujarati,Capsicum,"500g Capsicum, washed and prepped
2-3 Green Chilies, slit
1 tsp Cumin Seeds
1/2 tsp Turmeric Powder
1 tsp Red Chili Powder
1 tsp Garam Masala
2 tbsp Oil or Ghee
Salt to taste
2 tbsp Fresh Coriander Leaves, chopped",Vegan,True,{},{All},"1. Preparation: Thoroughly wash and prepare Capsicum. If it's meat or paneer, marinate it with a little turmeric, red chili powder, salt, and lemon juice for 20 minutes. Finely chop 2 onions and puree 2 tomatoes.
2. Whole Spices (Tadka): Heat 3 tbsp of oil or ghee in a heavy-bottomed pan or pressure cooker over medium heat. Add cumin seeds, 1 bay leaf, 2-3 cloves, and a small cinnamon stick. Let them sizzle for 30 seconds to release their aroma.
3. Onion Base: Add the finely chopped onions and a pinch of salt. Sauté patiently for 8-10 minutes until they turn a deep golden brown.
4. Aromatics & Tomatoes: Add 1 tbsp of ginger-garlic paste and green chilies. Sauté for 1 minute until the raw smell goes away. Pour in the tomato puree and cook until the mixture thickens and oil starts separating from the edges (about 5-7 minutes).
5. Spice Powders: Lower the heat and add 1/2 tsp turmeric, 1 tsp Kashmiri red chili powder, 1 tsp coriander powder, and 1/2 tsp cumin powder. Stir constantly for 30 seconds so the spices bloom without burning.
6. Adding Base: Add the prepared Capsicum to the masala. Sauté on medium-high heat for 4-5 minutes to coat everything well and seal in the flavors.
7. Simmering: Pour in 1 to 1.5 cups of warm water (adjust for desired gravy consistency). Bring to a boil, then reduce heat to low, cover with a lid, and simmer. Cook until the Capsicum is completely tender (15 mins for veg/paneer, 30-45 mins for meat).
8. Final Garnish: Crush 1 tsp of Kasuri Methi (dried fenugreek leaves) between your palms and sprinkle it over the curry along with 1/2 tsp of garam masala. Garnish with freshly chopped cilantro and serve hot.",,True,2026-08-08T05:39:03.817742+00:00,Main Course
22fa11ea-4449-4ec9-976a-db65e41d047d,capsicum-kurma,Capsicum Kurma,Bengali,Capsicum,"500g Capsicum, washed and prepped
2 medium Onions, finely chopped
1 tbsp Ginger-Garlic Paste
2 medium Tomatoes, pureed or chopped
2-3 Green Chilies, slit
1 tsp Cumin Seeds
1/2 tsp Turmeric Powder
1 tsp Red Chili Powder
1 tsp Garam Masala
2 tbsp Oil or Ghee
Salt to taste
2 tbsp Fresh Coriander Leaves, chopped",Vegan,False,{Nuts},{All},"1. Preparation: Thoroughly wash and prepare Capsicum. If it's meat or paneer, marinate it with a little turmeric, red chili powder, salt, and lemon juice for 20 minutes. Finely chop 2 onions and puree 2 tomatoes.
2. Whole Spices (Tadka): Heat 3 tbsp of oil or ghee in a heavy-bottomed pan or pressure cooker over medium heat. Add cumin seeds, 1 bay leaf, 2-3 cloves, and a small cinnamon stick. Let them sizzle for 30 seconds to release their aroma.
3. Onion Base: Add the finely chopped onions and a pinch of salt. Sauté patiently for 8-10 minutes until they turn a deep golden brown.
4. Aromatics & Tomatoes: Add 1 tbsp of ginger-garlic paste and green chilies. Sauté for 1 minute until the raw smell goes away. Pour in the tomato puree and cook until the mixture thickens and oil starts separating from the edges (about 5-7 minutes).
5. Spice Powders: Lower the heat and add 1/2 tsp turmeric, 1 tsp Kashmiri red chili powder, 1 tsp coriander powder, and 1/2 tsp cumin powder. Stir constantly for 30 seconds so the spices bloom without burning.
6. Adding Base: Add the prepared Capsicum to the masala. Sauté on medium-high heat for 4-5 minutes to coat everything well and seal in the flavors.
7. Simmering: Pour in 1 to 1.5 cups of warm water (adjust for desired gravy consistency). Bring to a boil, then reduce heat to low, cover with a lid, and simmer. Cook until the Capsicum is completely tender (15 mins for veg/paneer, 30-45 mins for meat).
8. Final Garnish: Crush 1 tsp of Kasuri Methi (dried fenugreek leaves) between your palms and sprinkle it over the curry along with 1/2 tsp of garam masala. Garnish with freshly chopped cilantro and serve hot.",,True,2026-08-08T05:39:03.817765+00:00,Main Course
b1c8a39f-3ebe-42b6-bc1b-d9a0aad75356,besan-curry,Besan Curry,Hyderabadi,Besan,"500g Besan, washed and prepped
2-3 Green Chilies, slit
1 tsp Cumin Seeds
1/2 tsp Turmeric Powder
1 tsp Red Chili Powder
1 tsp Garam Masala
2 tbsp Oil or Ghee
Salt to taste
2 tbsp Fresh Coriander Leaves, chopped",Vegetarian,True,{},{All},"1. Preparation: Thoroughly wash and prepare Besan. If it's meat or paneer, marinate it with a little turmeric, red chili powder, salt, and lemon juice for 20 minutes. Finely chop 2 onions and puree 2 tomatoes.
2. Whole Spices (Tadka): Heat 3 tbsp of oil or ghee in a heavy-bottomed pan or pressure cooker over medium heat. Add cumin seeds, 1 bay leaf, 2-3 cloves, and a small cinnamon stick. Let them sizzle for 30 seconds to release their aroma.
3. Onion Base: Add the finely chopped onions and a pinch of salt. Sauté patiently for 8-10 minutes until they turn a deep golden brown.
4. Aromatics & Tomatoes: Add 1 tbsp of ginger-garlic paste and green chilies. Sauté for 1 minute until the raw smell goes away. Pour in the tomato puree and cook until the mixture thickens and oil starts separating from the edges (about 5-7 minutes).
5. Spice Powders: Lower the heat and add 1/2 tsp turmeric, 1 tsp Kashmiri red chili powder, 1 tsp coriander powder, and 1/2 tsp cumin powder. Stir constantly for 30 seconds so the spices bloom without burning.
6. Adding Base: Add the prepared Besan to the masala. Sauté on medium-high heat for 4-5 minutes to coat everything well and seal in the flavors.
7. Simmering: Pour in 1 to 1.5 cups of warm water (adjust for desired gravy consistency). Bring to a boil, then reduce heat to low, cover with a lid, and simmer. Cook until the Besan is completely tender (15 mins for veg/paneer, 30-45 mins for meat).
8. Final Garnish: Crush 1 tsp of Kasuri Methi (dried fenugreek leaves) between your palms and sprinkle it over the curry along with 1/2 tsp of garam masala. Garnish with freshly chopped cilantro and serve hot.",,True,2026-08-08T05:39:03.817783+00:00,Main Course
76081e6c-2fc8-4782-b5e5-430e4ebd206f,besan-masala,Besan Masala,Gujarati,Besan,"500g Besan, washed and prepped
2 medium Onions, finely chopped
1 tbsp Ginger-Garlic Paste
2 medium Tomatoes, pureed or chopped
2-3 Green Chilies, slit
1 tsp Cumin Seeds
1/2 tsp Turmeric Powder
1 tsp Red Chili Powder
1 tsp Garam Masala
2 tbsp Oil or Ghee
Salt to taste
2 tbsp Fresh Coriander Leaves, chopped",Vegetarian,False,{},{All},"1. Preparation: Thoroughly wash and prepare Besan. If it's meat or paneer, marinate it with a little turmeric, red chili powder, salt, and lemon juice for 20 minutes. Finely chop 2 onions and puree 2 tomatoes.
2. Whole Spices (Tadka): Heat 3 tbsp of oil or ghee in a heavy-bottomed pan or pressure cooker over medium heat. Add cumin seeds, 1 bay leaf, 2-3 cloves, and a small cinnamon stick. Let them sizzle for 30 seconds to release their aroma.
3. Onion Base: Add the finely chopped onions and a pinch of salt. Sauté patiently for 8-10 minutes until they turn a deep golden brown.
4. Aromatics & Tomatoes: Add 1 tbsp of ginger-garlic paste and green chilies. Sauté for 1 minute until the raw smell goes away. Pour in the tomato puree and cook until the mixture thickens and oil starts separating from the edges (about 5-7 minutes).
5. Spice Powders: Lower the heat and add 1/2 tsp turmeric, 1 tsp Kashmiri red chili powder, 1 tsp coriander powder, and 1/2 tsp cumin powder. Stir constantly for 30 seconds so the spices bloom without burning.
6. Adding Base: Add the prepared Besan to the masala. Sauté on medium-high heat for 4-5 minutes to coat everything well and seal in the flavors.
7. Simmering: Pour in 1 to 1.5 cups of warm water (adjust for desired gravy consistency). Bring to a boil, then reduce heat to low, cover with a lid, and simmer. Cook until the Besan is completely tender (15 mins for veg/paneer, 30-45 mins for meat).
8. Final Garnish: Crush 1 tsp of Kasuri Methi (dried fenugreek leaves) between your palms and sprinkle it over the curry along with 1/2 tsp of garam masala. Garnish with freshly chopped cilantro and serve hot.",,True,2026-08-08T05:39:03.817798+00:00,Main Course
b0d793dc-f5c3-4023-ba51-ea749e6946eb,besan-fry,Besan Fry,Gujarati,Besan,"500g Besan, washed and prepped
2-3 Green Chilies, slit
1 tsp Cumin Seeds
1/2 tsp Turmeric Powder
1 tsp Red Chili Powder
1 tsp Garam Masala
2 tbsp Oil or Ghee
Salt to taste
2 tbsp Fresh Coriander Leaves, chopped",Vegetarian,True,{},{All},"1. Ingredient Prep: Wash, peel, and chop Besan into even, bite-sized pieces. Finely chop onions, tomatoes, and slit green chilies.
2. Tempering (Tadka): Heat 2-3 tbsp of oil (mustard oil preferred for vegetables) in a wide pan. Add mustard seeds, cumin seeds, a pinch of hing (asafoetida), and curry leaves. Let them splutter.
3. Aromatics: Add chopped onions and sauté until translucent. Add ginger-garlic paste and sauté for another minute.
4. Main Ingredient Addition: Add the chopped Besan along with a pinch of turmeric and salt. Mix well to coat with the oil and spices.
5. Searing/Cooking: Cook uncovered on medium-high heat for the first 5 minutes to get a slight sear. Then, reduce the heat, cover with a lid, and cook until Besan is 80% tender. Stir occasionally to prevent sticking.
6. Spicing: Remove the lid and add dry spice powders (coriander powder, cumin powder, red chili powder, amchur/dry mango powder). Mix thoroughly.
7. Finishing: Sauté on medium heat for another 3-4 minutes to crisp up the edges. Finish with a sprinkle of garam masala and fresh coriander leaves. Serve hot as a side dish.",,True,2026-08-08T05:39:03.817813+00:00,Main Course
c34956d8-6b5a-4630-abcd-176ec1bf9c88,besan-roast,Besan Roast,North Indian,Besan,"500g Besan, washed and prepped
2 medium Onions, finely chopped
1 tbsp Ginger-Garlic Paste
2 medium Tomatoes, pureed or chopped
2-3 Green Chilies, slit
1 tsp Cumin Seeds
1/2 tsp Turmeric Powder
1 tsp Red Chili Powder
1 tsp Garam Masala
2 tbsp Oil or Ghee
Salt to taste
2 tbsp Fresh Coriander Leaves, chopped",Vegetarian,False,{},{All},"1. Ingredient Prep: Wash, peel, and chop Besan into even, bite-sized pieces. Finely chop onions, tomatoes, and slit green chilies.
2. Tempering (Tadka): Heat 2-3 tbsp of oil (mustard oil preferred for vegetables) in a wide pan. Add mustard seeds, cumin seeds, a pinch of hing (asafoetida), and curry leaves. Let them splutter.
3. Aromatics: Add chopped onions and sauté until translucent. Add ginger-garlic paste and sauté for another minute.
4. Main Ingredient Addition: Add the chopped Besan along with a pinch of turmeric and salt. Mix well to coat with the oil and spices.
5. Searing/Cooking: Cook uncovered on medium-high heat for the first 5 minutes to get a slight sear. Then, reduce the heat, cover with a lid, and cook until Besan is 80% tender. Stir occasionally to prevent sticking.
6. Spicing: Remove the lid and add dry spice powders (coriander powder, cumin powder, red chili powder, amchur/dry mango powder). Mix thoroughly.
7. Finishing: Sauté on medium heat for another 3-4 minutes to crisp up the edges. Finish with a sprinkle of garam masala and fresh coriander leaves. Serve hot as a side dish.",,True,2026-08-08T05:39:03.817838+00:00,Main Course
66aa3fbe-56af-4677-a9fb-2845866f044b,besan-tikka,Besan Tikka,Goan,Besan,"500g Besan, washed and prepped
2 medium Onions, finely chopped
1 tbsp Ginger-Garlic Paste
2 medium Tomatoes, pureed or chopped
2-3 Green Chilies, slit
1 tsp Cumin Seeds
1/2 tsp Turmeric Powder
1 tsp Red Chili Powder
1 tsp Garam Masala
2 tbsp Oil or Ghee
Salt to taste
2 tbsp Fresh Coriander Leaves, chopped",Vegetarian,False,{},{All},"1. Ingredient Prep: Wash, peel, and chop Besan into even, bite-sized pieces. Finely chop onions, tomatoes, and slit green chilies.
2. Tempering (Tadka): Heat 2-3 tbsp of oil (mustard oil preferred for vegetables) in a wide pan. Add mustard seeds, cumin seeds, a pinch of hing (asafoetida), and curry leaves. Let them splutter.
3. Aromatics: Add chopped onions and sauté until translucent. Add ginger-garlic paste and sauté for another minute.
4. Main Ingredient Addition: Add the chopped Besan along with a pinch of turmeric and salt. Mix well to coat with the oil and spices.
5. Searing/Cooking: Cook uncovered on medium-high heat for the first 5 minutes to get a slight sear. Then, reduce the heat, cover with a lid, and cook until Besan is 80% tender. Stir occasionally to prevent sticking.
6. Spicing: Remove the lid and add dry spice powders (coriander powder, cumin powder, red chili powder, amchur/dry mango powder). Mix thoroughly.
7. Finishing: Sauté on medium heat for another 3-4 minutes to crisp up the edges. Finish with a sprinkle of garam masala and fresh coriander leaves. Serve hot as a side dish.",,True,2026-08-08T05:39:03.817871+00:00,Main Course
a247a21b-5bd3-4150-9703-0dfcf13153fe,besan-korma,Besan Korma,Gujarati,Besan,"500g Besan, washed and prepped
2 medium Onions, finely chopped
1 tbsp Ginger-Garlic Paste
2 medium Tomatoes, pureed or chopped
2-3 Green Chilies, slit
1 tsp Cumin Seeds
1/2 tsp Turmeric Powder
1 tsp Red Chili Powder
1 tsp Garam Masala
2 tbsp Oil or Ghee
Salt to taste
2 tbsp Fresh Coriander Leaves, chopped",Vegetarian,False,{Nuts},{All},"1. Preparation: Thoroughly wash and prepare Besan. If it's meat or paneer, marinate it with a little turmeric, red chili powder, salt, and lemon juice for 20 minutes. Finely chop 2 onions and puree 2 tomatoes.
2. Whole Spices (Tadka): Heat 3 tbsp of oil or ghee in a heavy-bottomed pan or pressure cooker over medium heat. Add cumin seeds, 1 bay leaf, 2-3 cloves, and a small cinnamon stick. Let them sizzle for 30 seconds to release their aroma.
3. Onion Base: Add the finely chopped onions and a pinch of salt. Sauté patiently for 8-10 minutes until they turn a deep golden brown.
4. Aromatics & Tomatoes: Add 1 tbsp of ginger-garlic paste and green chilies. Sauté for 1 minute until the raw smell goes away. Pour in the tomato puree and cook until the mixture thickens and oil starts separating from the edges (about 5-7 minutes).
5. Spice Powders: Lower the heat and add 1/2 tsp turmeric, 1 tsp Kashmiri red chili powder, 1 tsp coriander powder, and 1/2 tsp cumin powder. Stir constantly for 30 seconds so the spices bloom without burning.
6. Adding Base: Add the prepared Besan to the masala. Sauté on medium-high heat for 4-5 minutes to coat everything well and seal in the flavors.
7. Simmering: Pour in 1 to 1.5 cups of warm water (adjust for desired gravy consistency). Bring to a boil, then reduce heat to low, cover with a lid, and simmer. Cook until the Besan is completely tender (15 mins for veg/paneer, 30-45 mins for meat).
8. Final Garnish: Crush 1 tsp of Kasuri Methi (dried fenugreek leaves) between your palms and sprinkle it over the curry along with 1/2 tsp of garam masala. Garnish with freshly chopped cilantro and serve hot.",,True,2026-08-08T05:39:03.817892+00:00,Main Course
5ce7f04c-66e6-47c7-b6d5-4ef0609fd41a,besan-makhani,Besan Makhani,Rajasthani,Besan,"500g Besan, washed and prepped
2 medium Onions, finely chopped
1 tbsp Ginger-Garlic Paste
2 medium Tomatoes, pureed or chopped
2-3 Green Chilies, slit
1 tsp Cumin Seeds
1/2 tsp Turmeric Powder
1 tsp Red Chili Powder
1 tsp Garam Masala
3 tbsp Butter
1/4 cup Fresh Cream
1 tsp Kasuri Methi
Salt to taste
2 tbsp Fresh Coriander Leaves, chopped",Vegetarian,False,{Dairy},{All},"1. Preparation: Thoroughly wash and prepare Besan. If it's meat or paneer, marinate it with a little turmeric, red chili powder, salt, and lemon juice for 20 minutes. Finely chop 2 onions and puree 2 tomatoes.
2. Whole Spices (Tadka): Heat 3 tbsp of oil or ghee in a heavy-bottomed pan or pressure cooker over medium heat. Add cumin seeds, 1 bay leaf, 2-3 cloves, and a small cinnamon stick. Let them sizzle for 30 seconds to release their aroma.
3. Onion Base: Add the finely chopped onions and a pinch of salt. Sauté patiently for 8-10 minutes until they turn a deep golden brown.
4. Aromatics & Tomatoes: Add 1 tbsp of ginger-garlic paste and green chilies. Sauté for 1 minute until the raw smell goes away. Pour in the tomato puree and cook until the mixture thickens and oil starts separating from the edges (about 5-7 minutes).
5. Spice Powders: Lower the heat and add 1/2 tsp turmeric, 1 tsp Kashmiri red chili powder, 1 tsp coriander powder, and 1/2 tsp cumin powder. Stir constantly for 30 seconds so the spices bloom without burning.
6. Adding Base: Add the prepared Besan to the masala. Sauté on medium-high heat for 4-5 minutes to coat everything well and seal in the flavors.
7. Simmering: Pour in 1 to 1.5 cups of warm water (adjust for desired gravy consistency). Bring to a boil, then reduce heat to low, cover with a lid, and simmer. Cook until the Besan is completely tender (15 mins for veg/paneer, 30-45 mins for meat).
8. Final Garnish: Crush 1 tsp of Kasuri Methi (dried fenugreek leaves) between your palms and sprinkle it over the curry along with 1/2 tsp of garam masala. Garnish with freshly chopped cilantro and serve hot.",,True,2026-08-08T05:39:03.817908+00:00,Main Course
a9915cc3-8a4e-433e-a76f-254d5e8232fe,besan-bhurji,Besan Bhurji,Bengali,Besan,"500g Besan, washed and prepped
2-3 Green Chilies, slit
1 tsp Cumin Seeds
1/2 tsp Turmeric Powder
1 tsp Red Chili Powder
1 tsp Garam Masala
2 tbsp Oil or Ghee
Salt to taste
2 tbsp Fresh Coriander Leaves, chopped",Vegetarian,True,{},{All},"1. Ingredient Prep: Wash, peel, and chop Besan into even, bite-sized pieces. Finely chop onions, tomatoes, and slit green chilies.
2. Tempering (Tadka): Heat 2-3 tbsp of oil (mustard oil preferred for vegetables) in a wide pan. Add mustard seeds, cumin seeds, a pinch of hing (asafoetida), and curry leaves. Let them splutter.
3. Aromatics: Add chopped onions and sauté until translucent. Add ginger-garlic paste and sauté for another minute.
4. Main Ingredient Addition: Add the chopped Besan along with a pinch of turmeric and salt. Mix well to coat with the oil and spices.
5. Searing/Cooking: Cook uncovered on medium-high heat for the first 5 minutes to get a slight sear. Then, reduce the heat, cover with a lid, and cook until Besan is 80% tender. Stir occasionally to prevent sticking.
6. Spicing: Remove the lid and add dry spice powders (coriander powder, cumin powder, red chili powder, amchur/dry mango powder). Mix thoroughly.
7. Finishing: Sauté on medium heat for another 3-4 minutes to crisp up the edges. Finish with a sprinkle of garam masala and fresh coriander leaves. Serve hot as a side dish.",,True,2026-08-08T05:39:03.817923+00:00,Main Course
12cb6599-9f99-40b4-9ba7-fbcb9fae7929,besan-kofta,Besan Kofta,Maharashtrian,Besan,"500g Besan, washed and prepped
2 medium Onions, finely chopped
1 tbsp Ginger-Garlic Paste
2 medium Tomatoes, pureed or chopped
2-3 Green Chilies, slit
1 tsp Cumin Seeds
1/2 tsp Turmeric Powder
1 tsp Red Chili Powder
1 tsp Garam Masala
2 tbsp Oil or Ghee
Salt to taste
2 tbsp Fresh Coriander Leaves, chopped",Vegetarian,False,{},{All},"1. Preparation: Thoroughly wash and prepare Besan. If it's meat or paneer, marinate it with a little turmeric, red chili powder, salt, and lemon juice for 20 minutes. Finely chop 2 onions and puree 2 tomatoes.
2. Whole Spices (Tadka): Heat 3 tbsp of oil or ghee in a heavy-bottomed pan or pressure cooker over medium heat. Add cumin seeds, 1 bay leaf, 2-3 cloves, and a small cinnamon stick. Let them sizzle for 30 seconds to release their aroma.
3. Onion Base: Add the finely chopped onions and a pinch of salt. Sauté patiently for 8-10 minutes until they turn a deep golden brown.
4. Aromatics & Tomatoes: Add 1 tbsp of ginger-garlic paste and green chilies. Sauté for 1 minute until the raw smell goes away. Pour in the tomato puree and cook until the mixture thickens and oil starts separating from the edges (about 5-7 minutes).
5. Spice Powders: Lower the heat and add 1/2 tsp turmeric, 1 tsp Kashmiri red chili powder, 1 tsp coriander powder, and 1/2 tsp cumin powder. Stir constantly for 30 seconds so the spices bloom without burning.
6. Adding Base: Add the prepared Besan to the masala. Sauté on medium-high heat for 4-5 minutes to coat everything well and seal in the flavors.
7. Simmering: Pour in 1 to 1.5 cups of warm water (adjust for desired gravy consistency). Bring to a boil, then reduce heat to low, cover with a lid, and simmer. Cook until the Besan is completely tender (15 mins for veg/paneer, 30-45 mins for meat).
8. Final Garnish: Crush 1 tsp of Kasuri Methi (dried fenugreek leaves) between your palms and sprinkle it over the curry along with 1/2 tsp of garam masala. Garnish with freshly chopped cilantro and serve hot.",,True,2026-08-08T05:39:03.817938+00:00,Main Course
2babd47b-cc4c-4749-9c12-b74d9c0a4b9d,besan-saag,Besan Saag,South Indian,Besan,"500g Besan, washed and prepped
2-3 Green Chilies, slit
1 tsp Cumin Seeds
1/2 tsp Turmeric Powder
1 tsp Red Chili Powder
1 tsp Garam Masala
2 tbsp Oil or Ghee
Salt to taste
2 tbsp Fresh Coriander Leaves, chopped",Vegetarian,True,{},{All},"1. Preparation: Thoroughly wash and prepare Besan. If it's meat or paneer, marinate it with a little turmeric, red chili powder, salt, and lemon juice for 20 minutes. Finely chop 2 onions and puree 2 tomatoes.
2. Whole Spices (Tadka): Heat 3 tbsp of oil or ghee in a heavy-bottomed pan or pressure cooker over medium heat. Add cumin seeds, 1 bay leaf, 2-3 cloves, and a small cinnamon stick. Let them sizzle for 30 seconds to release their aroma.
3. Onion Base: Add the finely chopped onions and a pinch of salt. Sauté patiently for 8-10 minutes until they turn a deep golden brown.
4. Aromatics & Tomatoes: Add 1 tbsp of ginger-garlic paste and green chilies. Sauté for 1 minute until the raw smell goes away. Pour in the tomato puree and cook until the mixture thickens and oil starts separating from the edges (about 5-7 minutes).
5. Spice Powders: Lower the heat and add 1/2 tsp turmeric, 1 tsp Kashmiri red chili powder, 1 tsp coriander powder, and 1/2 tsp cumin powder. Stir constantly for 30 seconds so the spices bloom without burning.
6. Adding Base: Add the prepared Besan to the masala. Sauté on medium-high heat for 4-5 minutes to coat everything well and seal in the flavors.
7. Simmering: Pour in 1 to 1.5 cups of warm water (adjust for desired gravy consistency). Bring to a boil, then reduce heat to low, cover with a lid, and simmer. Cook until the Besan is completely tender (15 mins for veg/paneer, 30-45 mins for meat).
8. Final Garnish: Crush 1 tsp of Kasuri Methi (dried fenugreek leaves) between your palms and sprinkle it over the curry along with 1/2 tsp of garam masala. Garnish with freshly chopped cilantro and serve hot.",,True,2026-08-08T05:39:03.817951+00:00,Main Course
6a256364-e8bb-4b1d-ba95-306ce616e29b,besan-vindaloo,Besan Vindaloo,Hyderabadi,Besan,"500g Besan, washed and prepped
2-3 Green Chilies, slit
1 tsp Cumin Seeds
1/2 tsp Turmeric Powder
1 tsp Red Chili Powder
1 tsp Garam Masala
2 tbsp Oil or Ghee
Salt to taste
2 tbsp Fresh Coriander Leaves, chopped",Vegetarian,True,{},{All},"1. Preparation: Thoroughly wash and prepare Besan. If it's meat or paneer, marinate it with a little turmeric, red chili powder, salt, and lemon juice for 20 minutes. Finely chop 2 onions and puree 2 tomatoes.
2. Whole Spices (Tadka): Heat 3 tbsp of oil or ghee in a heavy-bottomed pan or pressure cooker over medium heat. Add cumin seeds, 1 bay leaf, 2-3 cloves, and a small cinnamon stick. Let them sizzle for 30 seconds to release their aroma.
3. Onion Base: Add the finely chopped onions and a pinch of salt. Sauté patiently for 8-10 minutes until they turn a deep golden brown.
4. Aromatics & Tomatoes: Add 1 tbsp of ginger-garlic paste and green chilies. Sauté for 1 minute until the raw smell goes away. Pour in the tomato puree and cook until the mixture thickens and oil starts separating from the edges (about 5-7 minutes).
5. Spice Powders: Lower the heat and add 1/2 tsp turmeric, 1 tsp Kashmiri red chili powder, 1 tsp coriander powder, and 1/2 tsp cumin powder. Stir constantly for 30 seconds so the spices bloom without burning.
6. Adding Base: Add the prepared Besan to the masala. Sauté on medium-high heat for 4-5 minutes to coat everything well and seal in the flavors.
7. Simmering: Pour in 1 to 1.5 cups of warm water (adjust for desired gravy consistency). Bring to a boil, then reduce heat to low, cover with a lid, and simmer. Cook until the Besan is completely tender (15 mins for veg/paneer, 30-45 mins for meat).
8. Final Garnish: Crush 1 tsp of Kasuri Methi (dried fenugreek leaves) between your palms and sprinkle it over the curry along with 1/2 tsp of garam masala. Garnish with freshly chopped cilantro and serve hot.",,True,2026-08-08T05:39:03.817964+00:00,Main Course
6caae497-26af-423e-a292-510e3765dcee,besan-chettinad,Besan Chettinad,Maharashtrian,Besan,"500g Besan, washed and prepped
2 medium Onions, finely chopped
1 tbsp Ginger-Garlic Paste
2 medium Tomatoes, pureed or chopped
2-3 Green Chilies, slit
1 tsp Cumin Seeds
1/2 tsp Turmeric Powder
1 tsp Red Chili Powder
1 tsp Garam Masala
2 tbsp Oil or Ghee
Salt to taste
2 tbsp Fresh Coriander Leaves, chopped",Vegetarian,False,{},{All},"1. Preparation: Thoroughly wash and prepare Besan. If it's meat or paneer, marinate it with a little turmeric, red chili powder, salt, and lemon juice for 20 minutes. Finely chop 2 onions and puree 2 tomatoes.
2. Whole Spices (Tadka): Heat 3 tbsp of oil or ghee in a heavy-bottomed pan or pressure cooker over medium heat. Add cumin seeds, 1 bay leaf, 2-3 cloves, and a small cinnamon stick. Let them sizzle for 30 seconds to release their aroma.
3. Onion Base: Add the finely chopped onions and a pinch of salt. Sauté patiently for 8-10 minutes until they turn a deep golden brown.
4. Aromatics & Tomatoes: Add 1 tbsp of ginger-garlic paste and green chilies. Sauté for 1 minute until the raw smell goes away. Pour in the tomato puree and cook until the mixture thickens and oil starts separating from the edges (about 5-7 minutes).
5. Spice Powders: Lower the heat and add 1/2 tsp turmeric, 1 tsp Kashmiri red chili powder, 1 tsp coriander powder, and 1/2 tsp cumin powder. Stir constantly for 30 seconds so the spices bloom without burning.
6. Adding Base: Add the prepared Besan to the masala. Sauté on medium-high heat for 4-5 minutes to coat everything well and seal in the flavors.
7. Simmering: Pour in 1 to 1.5 cups of warm water (adjust for desired gravy consistency). Bring to a boil, then reduce heat to low, cover with a lid, and simmer. Cook until the Besan is completely tender (15 mins for veg/paneer, 30-45 mins for meat).
8. Final Garnish: Crush 1 tsp of Kasuri Methi (dried fenugreek leaves) between your palms and sprinkle it over the curry along with 1/2 tsp of garam masala. Garnish with freshly chopped cilantro and serve hot.",,True,2026-08-08T05:39:03.817985+00:00,Main Course
a3693b1b-b302-4f8a-99c0-f87ae1ae7c51,besan-do-pyaza,Besan Do Pyaza,Bengali,Besan,"500g Besan, washed and prepped
2-3 Green Chilies, slit
1 tsp Cumin Seeds
1/2 tsp Turmeric Powder
1 tsp Red Chili Powder
1 tsp Garam Masala
2 tbsp Oil or Ghee
Salt to taste
2 tbsp Fresh Coriander Leaves, chopped",Vegetarian,True,{},{All},"1. Preparation: Thoroughly wash and prepare Besan. If it's meat or paneer, marinate it with a little turmeric, red chili powder, salt, and lemon juice for 20 minutes. Finely chop 2 onions and puree 2 tomatoes.
2. Whole Spices (Tadka): Heat 3 tbsp of oil or ghee in a heavy-bottomed pan or pressure cooker over medium heat. Add cumin seeds, 1 bay leaf, 2-3 cloves, and a small cinnamon stick. Let them sizzle for 30 seconds to release their aroma.
3. Onion Base: Add the finely chopped onions and a pinch of salt. Sauté patiently for 8-10 minutes until they turn a deep golden brown.
4. Aromatics & Tomatoes: Add 1 tbsp of ginger-garlic paste and green chilies. Sauté for 1 minute until the raw smell goes away. Pour in the tomato puree and cook until the mixture thickens and oil starts separating from the edges (about 5-7 minutes).
5. Spice Powders: Lower the heat and add 1/2 tsp turmeric, 1 tsp Kashmiri red chili powder, 1 tsp coriander powder, and 1/2 tsp cumin powder. Stir constantly for 30 seconds so the spices bloom without burning.
6. Adding Base: Add the prepared Besan to the masala. Sauté on medium-high heat for 4-5 minutes to coat everything well and seal in the flavors.
7. Simmering: Pour in 1 to 1.5 cups of warm water (adjust for desired gravy consistency). Bring to a boil, then reduce heat to low, cover with a lid, and simmer. Cook until the Besan is completely tender (15 mins for veg/paneer, 30-45 mins for meat).
8. Final Garnish: Crush 1 tsp of Kasuri Methi (dried fenugreek leaves) between your palms and sprinkle it over the curry along with 1/2 tsp of garam masala. Garnish with freshly chopped cilantro and serve hot.",,True,2026-08-08T05:39:03.818010+00:00,Main Course
fa810050-2aec-4e0b-97be-12be3c67bd5b,besan-salna,Besan Salna,Goan,Besan,"500g Besan, washed and prepped
2 medium Onions, finely chopped
1 tbsp Ginger-Garlic Paste
2 medium Tomatoes, pureed or chopped
2-3 Green Chilies, slit
1 tsp Cumin Seeds
1/2 tsp Turmeric Powder
1 tsp Red Chili Powder
1 tsp Garam Masala
2 tbsp Oil or Ghee
Salt to taste
2 tbsp Fresh Coriander Leaves, chopped",Vegetarian,False,{},{All},"1. Preparation: Thoroughly wash and prepare Besan. If it's meat or paneer, marinate it with a little turmeric, red chili powder, salt, and lemon juice for 20 minutes. Finely chop 2 onions and puree 2 tomatoes.
2. Whole Spices (Tadka): Heat 3 tbsp of oil or ghee in a heavy-bottomed pan or pressure cooker over medium heat. Add cumin seeds, 1 bay leaf, 2-3 cloves, and a small cinnamon stick. Let them sizzle for 30 seconds to release their aroma.
3. Onion Base: Add the finely chopped onions and a pinch of salt. Sauté patiently for 8-10 minutes until they turn a deep golden brown.
4. Aromatics & Tomatoes: Add 1 tbsp of ginger-garlic paste and green chilies. Sauté for 1 minute until the raw smell goes away. Pour in the tomato puree and cook until the mixture thickens and oil starts separating from the edges (about 5-7 minutes).
5. Spice Powders: Lower the heat and add 1/2 tsp turmeric, 1 tsp Kashmiri red chili powder, 1 tsp coriander powder, and 1/2 tsp cumin powder. Stir constantly for 30 seconds so the spices bloom without burning.
6. Adding Base: Add the prepared Besan to the masala. Sauté on medium-high heat for 4-5 minutes to coat everything well and seal in the flavors.
7. Simmering: Pour in 1 to 1.5 cups of warm water (adjust for desired gravy consistency). Bring to a boil, then reduce heat to low, cover with a lid, and simmer. Cook until the Besan is completely tender (15 mins for veg/paneer, 30-45 mins for meat).
8. Final Garnish: Crush 1 tsp of Kasuri Methi (dried fenugreek leaves) between your palms and sprinkle it over the curry along with 1/2 tsp of garam masala. Garnish with freshly chopped cilantro and serve hot.",,True,2026-08-08T05:39:03.818027+00:00,Main Course
f34e371a-b444-4f93-a814-74bdd8d67fa8,besan-kurma,Besan Kurma,Tamil,Besan,"500g Besan, washed and prepped
2-3 Green Chilies, slit
1 tsp Cumin Seeds
1/2 tsp Turmeric Powder
1 tsp Red Chili Powder
1 tsp Garam Masala
2 tbsp Oil or Ghee
Salt to taste
2 tbsp Fresh Coriander Leaves, chopped",Vegetarian,True,{Nuts},{All},"1. Preparation: Thoroughly wash and prepare Besan. If it's meat or paneer, marinate it with a little turmeric, red chili powder, salt, and lemon juice for 20 minutes. Finely chop 2 onions and puree 2 tomatoes.
2. Whole Spices (Tadka): Heat 3 tbsp of oil or ghee in a heavy-bottomed pan or pressure cooker over medium heat. Add cumin seeds, 1 bay leaf, 2-3 cloves, and a small cinnamon stick. Let them sizzle for 30 seconds to release their aroma.
3. Onion Base: Add the finely chopped onions and a pinch of salt. Sauté patiently for 8-10 minutes until they turn a deep golden brown.
4. Aromatics & Tomatoes: Add 1 tbsp of ginger-garlic paste and green chilies. Sauté for 1 minute until the raw smell goes away. Pour in the tomato puree and cook until the mixture thickens and oil starts separating from the edges (about 5-7 minutes).
5. Spice Powders: Lower the heat and add 1/2 tsp turmeric, 1 tsp Kashmiri red chili powder, 1 tsp coriander powder, and 1/2 tsp cumin powder. Stir constantly for 30 seconds so the spices bloom without burning.
6. Adding Base: Add the prepared Besan to the masala. Sauté on medium-high heat for 4-5 minutes to coat everything well and seal in the flavors.
7. Simmering: Pour in 1 to 1.5 cups of warm water (adjust for desired gravy consistency). Bring to a boil, then reduce heat to low, cover with a lid, and simmer. Cook until the Besan is completely tender (15 mins for veg/paneer, 30-45 mins for meat).
8. Final Garnish: Crush 1 tsp of Kasuri Methi (dried fenugreek leaves) between your palms and sprinkle it over the curry along with 1/2 tsp of garam masala. Garnish with freshly chopped cilantro and serve hot.",,True,2026-08-08T05:39:03.818044+00:00,Main Course
ee734eab-17b7-4b95-b690-8c10933a342e,soya-curry,Soya Curry,Rajasthani,Soya,"500g Soya, washed and prepped
2 medium Onions, finely chopped
1 tbsp Ginger-Garlic Paste
2 medium Tomatoes, pureed or chopped
2-3 Green Chilies, slit
1 tsp Cumin Seeds
1/2 tsp Turmeric Powder
1 tsp Red Chili Powder
1 tsp Garam Masala
2 tbsp Oil or Ghee
Salt to taste
2 tbsp Fresh Coriander Leaves, chopped",Vegan,False,{},{All},"1. Preparation: Thoroughly wash and prepare Soya. If it's meat or paneer, marinate it with a little turmeric, red chili powder, salt, and lemon juice for 20 minutes. Finely chop 2 onions and puree 2 tomatoes.
2. Whole Spices (Tadka): Heat 3 tbsp of oil or ghee in a heavy-bottomed pan or pressure cooker over medium heat. Add cumin seeds, 1 bay leaf, 2-3 cloves, and a small cinnamon stick. Let them sizzle for 30 seconds to release their aroma.
3. Onion Base: Add the finely chopped onions and a pinch of salt. Sauté patiently for 8-10 minutes until they turn a deep golden brown.
4. Aromatics & Tomatoes: Add 1 tbsp of ginger-garlic paste and green chilies. Sauté for 1 minute until the raw smell goes away. Pour in the tomato puree and cook until the mixture thickens and oil starts separating from the edges (about 5-7 minutes).
5. Spice Powders: Lower the heat and add 1/2 tsp turmeric, 1 tsp Kashmiri red chili powder, 1 tsp coriander powder, and 1/2 tsp cumin powder. Stir constantly for 30 seconds so the spices bloom without burning.
6. Adding Base: Add the prepared Soya to the masala. Sauté on medium-high heat for 4-5 minutes to coat everything well and seal in the flavors.
7. Simmering: Pour in 1 to 1.5 cups of warm water (adjust for desired gravy consistency). Bring to a boil, then reduce heat to low, cover with a lid, and simmer. Cook until the Soya is completely tender (15 mins for veg/paneer, 30-45 mins for meat).
8. Final Garnish: Crush 1 tsp of Kasuri Methi (dried fenugreek leaves) between your palms and sprinkle it over the curry along with 1/2 tsp of garam masala. Garnish with freshly chopped cilantro and serve hot.",,True,2026-08-08T05:39:03.818059+00:00,Main Course
726f650d-dbc5-405f-9f5f-edb0475994c0,soya-masala,Soya Masala,North Indian,Soya,"500g Soya, washed and prepped
2-3 Green Chilies, slit
1 tsp Cumin Seeds
1/2 tsp Turmeric Powder
1 tsp Red Chili Powder
1 tsp Garam Masala
2 tbsp Oil or Ghee
Salt to taste
2 tbsp Fresh Coriander Leaves, chopped",Vegetarian,True,{},{All},"1. Preparation: Thoroughly wash and prepare Soya. If it's meat or paneer, marinate it with a little turmeric, red chili powder, salt, and lemon juice for 20 minutes. Finely chop 2 onions and puree 2 tomatoes.
2. Whole Spices (Tadka): Heat 3 tbsp of oil or ghee in a heavy-bottomed pan or pressure cooker over medium heat. Add cumin seeds, 1 bay leaf, 2-3 cloves, and a small cinnamon stick. Let them sizzle for 30 seconds to release their aroma.
3. Onion Base: Add the finely chopped onions and a pinch of salt. Sauté patiently for 8-10 minutes until they turn a deep golden brown.
4. Aromatics & Tomatoes: Add 1 tbsp of ginger-garlic paste and green chilies. Sauté for 1 minute until the raw smell goes away. Pour in the tomato puree and cook until the mixture thickens and oil starts separating from the edges (about 5-7 minutes).
5. Spice Powders: Lower the heat and add 1/2 tsp turmeric, 1 tsp Kashmiri red chili powder, 1 tsp coriander powder, and 1/2 tsp cumin powder. Stir constantly for 30 seconds so the spices bloom without burning.
6. Adding Base: Add the prepared Soya to the masala. Sauté on medium-high heat for 4-5 minutes to coat everything well and seal in the flavors.
7. Simmering: Pour in 1 to 1.5 cups of warm water (adjust for desired gravy consistency). Bring to a boil, then reduce heat to low, cover with a lid, and simmer. Cook until the Soya is completely tender (15 mins for veg/paneer, 30-45 mins for meat).
8. Final Garnish: Crush 1 tsp of Kasuri Methi (dried fenugreek leaves) between your palms and sprinkle it over the curry along with 1/2 tsp of garam masala. Garnish with freshly chopped cilantro and serve hot.",,True,2026-08-08T05:39:03.818073+00:00,Main Course
bc3c8f65-e927-4323-83a2-da244187a05d,soya-fry,Soya Fry,Maharashtrian,Soya,"500g Soya, washed and prepped
2-3 Green Chilies, slit
1 tsp Cumin Seeds
1/2 tsp Turmeric Powder
1 tsp Red Chili Powder
1 tsp Garam Masala
2 tbsp Oil or Ghee
Salt to taste
2 tbsp Fresh Coriander Leaves, chopped",Vegetarian,True,{},{All},"1. Ingredient Prep: Wash, peel, and chop Soya into even, bite-sized pieces. Finely chop onions, tomatoes, and slit green chilies.
2. Tempering (Tadka): Heat 2-3 tbsp of oil (mustard oil preferred for vegetables) in a wide pan. Add mustard seeds, cumin seeds, a pinch of hing (asafoetida), and curry leaves. Let them splutter.
3. Aromatics: Add chopped onions and sauté until translucent. Add ginger-garlic paste and sauté for another minute.
4. Main Ingredient Addition: Add the chopped Soya along with a pinch of turmeric and salt. Mix well to coat with the oil and spices.
5. Searing/Cooking: Cook uncovered on medium-high heat for the first 5 minutes to get a slight sear. Then, reduce the heat, cover with a lid, and cook until Soya is 80% tender. Stir occasionally to prevent sticking.
6. Spicing: Remove the lid and add dry spice powders (coriander powder, cumin powder, red chili powder, amchur/dry mango powder). Mix thoroughly.
7. Finishing: Sauté on medium heat for another 3-4 minutes to crisp up the edges. Finish with a sprinkle of garam masala and fresh coriander leaves. Serve hot as a side dish.",,True,2026-08-08T05:39:03.818086+00:00,Main Course
6b3f5026-841c-4c87-83e4-90a37edc0ef8,soya-roast,Soya Roast,Andhra,Soya,"500g Soya, washed and prepped
2 medium Onions, finely chopped
1 tbsp Ginger-Garlic Paste
2 medium Tomatoes, pureed or chopped
2-3 Green Chilies, slit
1 tsp Cumin Seeds
1/2 tsp Turmeric Powder
1 tsp Red Chili Powder
1 tsp Garam Masala
2 tbsp Oil or Ghee
Salt to taste
2 tbsp Fresh Coriander Leaves, chopped",Vegan,False,{},{All},"1. Ingredient Prep: Wash, peel, and chop Soya into even, bite-sized pieces. Finely chop onions, tomatoes, and slit green chilies.
2. Tempering (Tadka): Heat 2-3 tbsp of oil (mustard oil preferred for vegetables) in a wide pan. Add mustard seeds, cumin seeds, a pinch of hing (asafoetida), and curry leaves. Let them splutter.
3. Aromatics: Add chopped onions and sauté until translucent. Add ginger-garlic paste and sauté for another minute.
4. Main Ingredient Addition: Add the chopped Soya along with a pinch of turmeric and salt. Mix well to coat with the oil and spices.
5. Searing/Cooking: Cook uncovered on medium-high heat for the first 5 minutes to get a slight sear. Then, reduce the heat, cover with a lid, and cook until Soya is 80% tender. Stir occasionally to prevent sticking.
6. Spicing: Remove the lid and add dry spice powders (coriander powder, cumin powder, red chili powder, amchur/dry mango powder). Mix thoroughly.
7. Finishing: Sauté on medium heat for another 3-4 minutes to crisp up the edges. Finish with a sprinkle of garam masala and fresh coriander leaves. Serve hot as a side dish.",,True,2026-08-08T05:39:03.818099+00:00,Main Course
ab550fd6-b91e-4ed6-a5ff-ddbb127f953f,soya-tikka,Soya Tikka,North Indian,Soya,"500g Soya, washed and prepped
2-3 Green Chilies, slit
1 tsp Cumin Seeds
1/2 tsp Turmeric Powder
1 tsp Red Chili Powder
1 tsp Garam Masala
2 tbsp Oil or Ghee
Salt to taste
2 tbsp Fresh Coriander Leaves, chopped",Vegetarian,True,{},{All},"1. Ingredient Prep: Wash, peel, and chop Soya into even, bite-sized pieces. Finely chop onions, tomatoes, and slit green chilies.
2. Tempering (Tadka): Heat 2-3 tbsp of oil (mustard oil preferred for vegetables) in a wide pan. Add mustard seeds, cumin seeds, a pinch of hing (asafoetida), and curry leaves. Let them splutter.
3. Aromatics: Add chopped onions and sauté until translucent. Add ginger-garlic paste and sauté for another minute.
4. Main Ingredient Addition: Add the chopped Soya along with a pinch of turmeric and salt. Mix well to coat with the oil and spices.
5. Searing/Cooking: Cook uncovered on medium-high heat for the first 5 minutes to get a slight sear. Then, reduce the heat, cover with a lid, and cook until Soya is 80% tender. Stir occasionally to prevent sticking.
6. Spicing: Remove the lid and add dry spice powders (coriander powder, cumin powder, red chili powder, amchur/dry mango powder). Mix thoroughly.
7. Finishing: Sauté on medium heat for another 3-4 minutes to crisp up the edges. Finish with a sprinkle of garam masala and fresh coriander leaves. Serve hot as a side dish.",,True,2026-08-08T05:39:03.818112+00:00,Main Course
21a92a1f-88eb-405f-bb15-b00b83e8c816,soya-korma,Soya Korma,Andhra,Soya,"500g Soya, washed and prepped
2-3 Green Chilies, slit
1 tsp Cumin Seeds
1/2 tsp Turmeric Powder
1 tsp Red Chili Powder
1 tsp Garam Masala
2 tbsp Oil or Ghee
Salt to taste
2 tbsp Fresh Coriander Leaves, chopped",Vegan,True,{Nuts},{All},"1. Preparation: Thoroughly wash and prepare Soya. If it's meat or paneer, marinate it with a little turmeric, red chili powder, salt, and lemon juice for 20 minutes. Finely chop 2 onions and puree 2 tomatoes.
2. Whole Spices (Tadka): Heat 3 tbsp of oil or ghee in a heavy-bottomed pan or pressure cooker over medium heat. Add cumin seeds, 1 bay leaf, 2-3 cloves, and a small cinnamon stick. Let them sizzle for 30 seconds to release their aroma.
3. Onion Base: Add the finely chopped onions and a pinch of salt. Sauté patiently for 8-10 minutes until they turn a deep golden brown.
4. Aromatics & Tomatoes: Add 1 tbsp of ginger-garlic paste and green chilies. Sauté for 1 minute until the raw smell goes away. Pour in the tomato puree and cook until the mixture thickens and oil starts separating from the edges (about 5-7 minutes).
5. Spice Powders: Lower the heat and add 1/2 tsp turmeric, 1 tsp Kashmiri red chili powder, 1 tsp coriander powder, and 1/2 tsp cumin powder. Stir constantly for 30 seconds so the spices bloom without burning.
6. Adding Base: Add the prepared Soya to the masala. Sauté on medium-high heat for 4-5 minutes to coat everything well and seal in the flavors.
7. Simmering: Pour in 1 to 1.5 cups of warm water (adjust for desired gravy consistency). Bring to a boil, then reduce heat to low, cover with a lid, and simmer. Cook until the Soya is completely tender (15 mins for veg/paneer, 30-45 mins for meat).
8. Final Garnish: Crush 1 tsp of Kasuri Methi (dried fenugreek leaves) between your palms and sprinkle it over the curry along with 1/2 tsp of garam masala. Garnish with freshly chopped cilantro and serve hot.",,True,2026-08-08T05:39:03.818125+00:00,Main Course
a7eef569-7f40-4d8b-aedb-89313c2ecc11,soya-makhani,Soya Makhani,Bengali,Soya,"500g Soya, washed and prepped
2 medium Onions, finely chopped
1 tbsp Ginger-Garlic Paste
2 medium Tomatoes, pureed or chopped
2-3 Green Chilies, slit
1 tsp Cumin Seeds
1/2 tsp Turmeric Powder
1 tsp Red Chili Powder
1 tsp Garam Masala
3 tbsp Butter
1/4 cup Fresh Cream
1 tsp Kasuri Methi
Salt to taste
2 tbsp Fresh Coriander Leaves, chopped",Vegan,False,{Dairy},{All},"1. Preparation: Thoroughly wash and prepare Soya. If it's meat or paneer, marinate it with a little turmeric, red chili powder, salt, and lemon juice for 20 minutes. Finely chop 2 onions and puree 2 tomatoes.
2. Whole Spices (Tadka): Heat 3 tbsp of oil or ghee in a heavy-bottomed pan or pressure cooker over medium heat. Add cumin seeds, 1 bay leaf, 2-3 cloves, and a small cinnamon stick. Let them sizzle for 30 seconds to release their aroma.
3. Onion Base: Add the finely chopped onions and a pinch of salt. Sauté patiently for 8-10 minutes until they turn a deep golden brown.
4. Aromatics & Tomatoes: Add 1 tbsp of ginger-garlic paste and green chilies. Sauté for 1 minute until the raw smell goes away. Pour in the tomato puree and cook until the mixture thickens and oil starts separating from the edges (about 5-7 minutes).
5. Spice Powders: Lower the heat and add 1/2 tsp turmeric, 1 tsp Kashmiri red chili powder, 1 tsp coriander powder, and 1/2 tsp cumin powder. Stir constantly for 30 seconds so the spices bloom without burning.
6. Adding Base: Add the prepared Soya to the masala. Sauté on medium-high heat for 4-5 minutes to coat everything well and seal in the flavors.
7. Simmering: Pour in 1 to 1.5 cups of warm water (adjust for desired gravy consistency). Bring to a boil, then reduce heat to low, cover with a lid, and simmer. Cook until the Soya is completely tender (15 mins for veg/paneer, 30-45 mins for meat).
8. Final Garnish: Crush 1 tsp of Kasuri Methi (dried fenugreek leaves) between your palms and sprinkle it over the curry along with 1/2 tsp of garam masala. Garnish with freshly chopped cilantro and serve hot.",,True,2026-08-08T05:39:03.818149+00:00,Main Course
d1ae67aa-cdac-46fa-a857-9714f4e9f555,soya-bhurji,Soya Bhurji,Rajasthani,Soya,"500g Soya, washed and prepped
2 medium Onions, finely chopped
1 tbsp Ginger-Garlic Paste
2 medium Tomatoes, pureed or chopped
2-3 Green Chilies, slit
1 tsp Cumin Seeds
1/2 tsp Turmeric Powder
1 tsp Red Chili Powder
1 tsp Garam Masala
2 tbsp Oil or Ghee
Salt to taste
2 tbsp Fresh Coriander Leaves, chopped",Vegetarian,False,{},{All},"1. Ingredient Prep: Wash, peel, and chop Soya into even, bite-sized pieces. Finely chop onions, tomatoes, and slit green chilies.
2. Tempering (Tadka): Heat 2-3 tbsp of oil (mustard oil preferred for vegetables) in a wide pan. Add mustard seeds, cumin seeds, a pinch of hing (asafoetida), and curry leaves. Let them splutter.
3. Aromatics: Add chopped onions and sauté until translucent. Add ginger-garlic paste and sauté for another minute.
4. Main Ingredient Addition: Add the chopped Soya along with a pinch of turmeric and salt. Mix well to coat with the oil and spices.
5. Searing/Cooking: Cook uncovered on medium-high heat for the first 5 minutes to get a slight sear. Then, reduce the heat, cover with a lid, and cook until Soya is 80% tender. Stir occasionally to prevent sticking.
6. Spicing: Remove the lid and add dry spice powders (coriander powder, cumin powder, red chili powder, amchur/dry mango powder). Mix thoroughly.
7. Finishing: Sauté on medium heat for another 3-4 minutes to crisp up the edges. Finish with a sprinkle of garam masala and fresh coriander leaves. Serve hot as a side dish.",,True,2026-08-08T05:39:03.818172+00:00,Main Course
569ca0dd-c7ee-47e9-b091-4c3a0106b424,soya-kofta,Soya Kofta,Rajasthani,Soya,"500g Soya, washed and prepped
2 medium Onions, finely chopped
1 tbsp Ginger-Garlic Paste
2 medium Tomatoes, pureed or chopped
2-3 Green Chilies, slit
1 tsp Cumin Seeds
1/2 tsp Turmeric Powder
1 tsp Red Chili Powder
1 tsp Garam Masala
2 tbsp Oil or Ghee
Salt to taste
2 tbsp Fresh Coriander Leaves, chopped",Vegetarian,False,{},{All},"1. Preparation: Thoroughly wash and prepare Soya. If it's meat or paneer, marinate it with a little turmeric, red chili powder, salt, and lemon juice for 20 minutes. Finely chop 2 onions and puree 2 tomatoes.
2. Whole Spices (Tadka): Heat 3 tbsp of oil or ghee in a heavy-bottomed pan or pressure cooker over medium heat. Add cumin seeds, 1 bay leaf, 2-3 cloves, and a small cinnamon stick. Let them sizzle for 30 seconds to release their aroma.
3. Onion Base: Add the finely chopped onions and a pinch of salt. Sauté patiently for 8-10 minutes until they turn a deep golden brown.
4. Aromatics & Tomatoes: Add 1 tbsp of ginger-garlic paste and green chilies. Sauté for 1 minute until the raw smell goes away. Pour in the tomato puree and cook until the mixture thickens and oil starts separating from the edges (about 5-7 minutes).
5. Spice Powders: Lower the heat and add 1/2 tsp turmeric, 1 tsp Kashmiri red chili powder, 1 tsp coriander powder, and 1/2 tsp cumin powder. Stir constantly for 30 seconds so the spices bloom without burning.
6. Adding Base: Add the prepared Soya to the masala. Sauté on medium-high heat for 4-5 minutes to coat everything well and seal in the flavors.
7. Simmering: Pour in 1 to 1.5 cups of warm water (adjust for desired gravy consistency). Bring to a boil, then reduce heat to low, cover with a lid, and simmer. Cook until the Soya is completely tender (15 mins for veg/paneer, 30-45 mins for meat).
8. Final Garnish: Crush 1 tsp of Kasuri Methi (dried fenugreek leaves) between your palms and sprinkle it over the curry along with 1/2 tsp of garam masala. Garnish with freshly chopped cilantro and serve hot.",,True,2026-08-08T05:39:03.818188+00:00,Main Course
6efa5541-aecc-4ba2-9021-b51b0b57733f,soya-saag,Soya Saag,Maharashtrian,Soya,"500g Soya, washed and prepped
2 medium Onions, finely chopped
1 tbsp Ginger-Garlic Paste
2 medium Tomatoes, pureed or chopped
2-3 Green Chilies, slit
1 tsp Cumin Seeds
1/2 tsp Turmeric Powder
1 tsp Red Chili Powder
1 tsp Garam Masala
2 tbsp Oil or Ghee
Salt to taste
2 tbsp Fresh Coriander Leaves, chopped",Vegetarian,False,{},{All},"1. Preparation: Thoroughly wash and prepare Soya. If it's meat or paneer, marinate it with a little turmeric, red chili powder, salt, and lemon juice for 20 minutes. Finely chop 2 onions and puree 2 tomatoes.
2. Whole Spices (Tadka): Heat 3 tbsp of oil or ghee in a heavy-bottomed pan or pressure cooker over medium heat. Add cumin seeds, 1 bay leaf, 2-3 cloves, and a small cinnamon stick. Let them sizzle for 30 seconds to release their aroma.
3. Onion Base: Add the finely chopped onions and a pinch of salt. Sauté patiently for 8-10 minutes until they turn a deep golden brown.
4. Aromatics & Tomatoes: Add 1 tbsp of ginger-garlic paste and green chilies. Sauté for 1 minute until the raw smell goes away. Pour in the tomato puree and cook until the mixture thickens and oil starts separating from the edges (about 5-7 minutes).
5. Spice Powders: Lower the heat and add 1/2 tsp turmeric, 1 tsp Kashmiri red chili powder, 1 tsp coriander powder, and 1/2 tsp cumin powder. Stir constantly for 30 seconds so the spices bloom without burning.
6. Adding Base: Add the prepared Soya to the masala. Sauté on medium-high heat for 4-5 minutes to coat everything well and seal in the flavors.
7. Simmering: Pour in 1 to 1.5 cups of warm water (adjust for desired gravy consistency). Bring to a boil, then reduce heat to low, cover with a lid, and simmer. Cook until the Soya is completely tender (15 mins for veg/paneer, 30-45 mins for meat).
8. Final Garnish: Crush 1 tsp of Kasuri Methi (dried fenugreek leaves) between your palms and sprinkle it over the curry along with 1/2 tsp of garam masala. Garnish with freshly chopped cilantro and serve hot.",,True,2026-08-08T05:39:03.818212+00:00,Main Course
08a0f2af-7a82-47a1-9ae3-efd8e6893c10,soya-vindaloo,Soya Vindaloo,Awadhi,Soya,"500g Soya, washed and prepped
2-3 Green Chilies, slit
1 tsp Cumin Seeds
1/2 tsp Turmeric Powder
1 tsp Red Chili Powder
1 tsp Garam Masala
2 tbsp Oil or Ghee
Salt to taste
2 tbsp Fresh Coriander Leaves, chopped",Vegan,True,{},{All},"1. Preparation: Thoroughly wash and prepare Soya. If it's meat or paneer, marinate it with a little turmeric, red chili powder, salt, and lemon juice for 20 minutes. Finely chop 2 onions and puree 2 tomatoes.
2. Whole Spices (Tadka): Heat 3 tbsp of oil or ghee in a heavy-bottomed pan or pressure cooker over medium heat. Add cumin seeds, 1 bay leaf, 2-3 cloves, and a small cinnamon stick. Let them sizzle for 30 seconds to release their aroma.
3. Onion Base: Add the finely chopped onions and a pinch of salt. Sauté patiently for 8-10 minutes until they turn a deep golden brown.
4. Aromatics & Tomatoes: Add 1 tbsp of ginger-garlic paste and green chilies. Sauté for 1 minute until the raw smell goes away. Pour in the tomato puree and cook until the mixture thickens and oil starts separating from the edges (about 5-7 minutes).
5. Spice Powders: Lower the heat and add 1/2 tsp turmeric, 1 tsp Kashmiri red chili powder, 1 tsp coriander powder, and 1/2 tsp cumin powder. Stir constantly for 30 seconds so the spices bloom without burning.
6. Adding Base: Add the prepared Soya to the masala. Sauté on medium-high heat for 4-5 minutes to coat everything well and seal in the flavors.
7. Simmering: Pour in 1 to 1.5 cups of warm water (adjust for desired gravy consistency). Bring to a boil, then reduce heat to low, cover with a lid, and simmer. Cook until the Soya is completely tender (15 mins for veg/paneer, 30-45 mins for meat).
8. Final Garnish: Crush 1 tsp of Kasuri Methi (dried fenugreek leaves) between your palms and sprinkle it over the curry along with 1/2 tsp of garam masala. Garnish with freshly chopped cilantro and serve hot.",,True,2026-08-08T05:39:03.818298+00:00,Main Course
a57f6bcf-4193-4f45-a4ac-15945cccaa05,soya-chettinad,Soya Chettinad,North Indian,Soya,"500g Soya, washed and prepped
2 medium Onions, finely chopped
1 tbsp Ginger-Garlic Paste
2 medium Tomatoes, pureed or chopped
2-3 Green Chilies, slit
1 tsp Cumin Seeds
1/2 tsp Turmeric Powder
1 tsp Red Chili Powder
1 tsp Garam Masala
2 tbsp Oil or Ghee
Salt to taste
2 tbsp Fresh Coriander Leaves, chopped",Vegetarian,False,{},{All},"1. Preparation: Thoroughly wash and prepare Soya. If it's meat or paneer, marinate it with a little turmeric, red chili powder, salt, and lemon juice for 20 minutes. Finely chop 2 onions and puree 2 tomatoes.
2. Whole Spices (Tadka): Heat 3 tbsp of oil or ghee in a heavy-bottomed pan or pressure cooker over medium heat. Add cumin seeds, 1 bay leaf, 2-3 cloves, and a small cinnamon stick. Let them sizzle for 30 seconds to release their aroma.
3. Onion Base: Add the finely chopped onions and a pinch of salt. Sauté patiently for 8-10 minutes until they turn a deep golden brown.
4. Aromatics & Tomatoes: Add 1 tbsp of ginger-garlic paste and green chilies. Sauté for 1 minute until the raw smell goes away. Pour in the tomato puree and cook until the mixture thickens and oil starts separating from the edges (about 5-7 minutes).
5. Spice Powders: Lower the heat and add 1/2 tsp turmeric, 1 tsp Kashmiri red chili powder, 1 tsp coriander powder, and 1/2 tsp cumin powder. Stir constantly for 30 seconds so the spices bloom without burning.
6. Adding Base: Add the prepared Soya to the masala. Sauté on medium-high heat for 4-5 minutes to coat everything well and seal in the flavors.
7. Simmering: Pour in 1 to 1.5 cups of warm water (adjust for desired gravy consistency). Bring to a boil, then reduce heat to low, cover with a lid, and simmer. Cook until the Soya is completely tender (15 mins for veg/paneer, 30-45 mins for meat).
8. Final Garnish: Crush 1 tsp of Kasuri Methi (dried fenugreek leaves) between your palms and sprinkle it over the curry along with 1/2 tsp of garam masala. Garnish with freshly chopped cilantro and serve hot.",,True,2026-08-08T05:39:03.818322+00:00,Main Course
a6f54152-7b71-4bd8-beec-9776b96a48b8,soya-do-pyaza,Soya Do Pyaza,Bengali,Soya,"500g Soya, washed and prepped
2 medium Onions, finely chopped
1 tbsp Ginger-Garlic Paste
2 medium Tomatoes, pureed or chopped
2-3 Green Chilies, slit
1 tsp Cumin Seeds
1/2 tsp Turmeric Powder
1 tsp Red Chili Powder
1 tsp Garam Masala
2 tbsp Oil or Ghee
Salt to taste
2 tbsp Fresh Coriander Leaves, chopped",Vegan,False,{},{All},"1. Preparation: Thoroughly wash and prepare Soya. If it's meat or paneer, marinate it with a little turmeric, red chili powder, salt, and lemon juice for 20 minutes. Finely chop 2 onions and puree 2 tomatoes.
2. Whole Spices (Tadka): Heat 3 tbsp of oil or ghee in a heavy-bottomed pan or pressure cooker over medium heat. Add cumin seeds, 1 bay leaf, 2-3 cloves, and a small cinnamon stick. Let them sizzle for 30 seconds to release their aroma.
3. Onion Base: Add the finely chopped onions and a pinch of salt. Sauté patiently for 8-10 minutes until they turn a deep golden brown.
4. Aromatics & Tomatoes: Add 1 tbsp of ginger-garlic paste and green chilies. Sauté for 1 minute until the raw smell goes away. Pour in the tomato puree and cook until the mixture thickens and oil starts separating from the edges (about 5-7 minutes).
5. Spice Powders: Lower the heat and add 1/2 tsp turmeric, 1 tsp Kashmiri red chili powder, 1 tsp coriander powder, and 1/2 tsp cumin powder. Stir constantly for 30 seconds so the spices bloom without burning.
6. Adding Base: Add the prepared Soya to the masala. Sauté on medium-high heat for 4-5 minutes to coat everything well and seal in the flavors.
7. Simmering: Pour in 1 to 1.5 cups of warm water (adjust for desired gravy consistency). Bring to a boil, then reduce heat to low, cover with a lid, and simmer. Cook until the Soya is completely tender (15 mins for veg/paneer, 30-45 mins for meat).
8. Final Garnish: Crush 1 tsp of Kasuri Methi (dried fenugreek leaves) between your palms and sprinkle it over the curry along with 1/2 tsp of garam masala. Garnish with freshly chopped cilantro and serve hot.",,True,2026-08-08T05:39:03.818337+00:00,Main Course
fa95780d-c6e6-4a7d-8203-ed8eb4d13ed6,soya-salna,Soya Salna,South Indian,Soya,"500g Soya, washed and prepped
2 medium Onions, finely chopped
1 tbsp Ginger-Garlic Paste
2 medium Tomatoes, pureed or chopped
2-3 Green Chilies, slit
1 tsp Cumin Seeds
1/2 tsp Turmeric Powder
1 tsp Red Chili Powder
1 tsp Garam Masala
2 tbsp Oil or Ghee
Salt to taste
2 tbsp Fresh Coriander Leaves, chopped",Vegan,False,{},{All},"1. Preparation: Thoroughly wash and prepare Soya. If it's meat or paneer, marinate it with a little turmeric, red chili powder, salt, and lemon juice for 20 minutes. Finely chop 2 onions and puree 2 tomatoes.
2. Whole Spices (Tadka): Heat 3 tbsp of oil or ghee in a heavy-bottomed pan or pressure cooker over medium heat. Add cumin seeds, 1 bay leaf, 2-3 cloves, and a small cinnamon stick. Let them sizzle for 30 seconds to release their aroma.
3. Onion Base: Add the finely chopped onions and a pinch of salt. Sauté patiently for 8-10 minutes until they turn a deep golden brown.
4. Aromatics & Tomatoes: Add 1 tbsp of ginger-garlic paste and green chilies. Sauté for 1 minute until the raw smell goes away. Pour in the tomato puree and cook until the mixture thickens and oil starts separating from the edges (about 5-7 minutes).
5. Spice Powders: Lower the heat and add 1/2 tsp turmeric, 1 tsp Kashmiri red chili powder, 1 tsp coriander powder, and 1/2 tsp cumin powder. Stir constantly for 30 seconds so the spices bloom without burning.
6. Adding Base: Add the prepared Soya to the masala. Sauté on medium-high heat for 4-5 minutes to coat everything well and seal in the flavors.
7. Simmering: Pour in 1 to 1.5 cups of warm water (adjust for desired gravy consistency). Bring to a boil, then reduce heat to low, cover with a lid, and simmer. Cook until the Soya is completely tender (15 mins for veg/paneer, 30-45 mins for meat).
8. Final Garnish: Crush 1 tsp of Kasuri Methi (dried fenugreek leaves) between your palms and sprinkle it over the curry along with 1/2 tsp of garam masala. Garnish with freshly chopped cilantro and serve hot.",,True,2026-08-08T05:39:03.818353+00:00,Main Course
d8187012-fcf7-4cde-9ae1-02e9931e9208,soya-kurma,Soya Kurma,Andhra,Soya,"500g Soya, washed and prepped
2 medium Onions, finely chopped
1 tbsp Ginger-Garlic Paste
2 medium Tomatoes, pureed or chopped
2-3 Green Chilies, slit
1 tsp Cumin Seeds
1/2 tsp Turmeric Powder
1 tsp Red Chili Powder
1 tsp Garam Masala
2 tbsp Oil or Ghee
Salt to taste
2 tbsp Fresh Coriander Leaves, chopped",Vegan,False,{Nuts},{All},"1. Preparation: Thoroughly wash and prepare Soya. If it's meat or paneer, marinate it with a little turmeric, red chili powder, salt, and lemon juice for 20 minutes. Finely chop 2 onions and puree 2 tomatoes.
2. Whole Spices (Tadka): Heat 3 tbsp of oil or ghee in a heavy-bottomed pan or pressure cooker over medium heat. Add cumin seeds, 1 bay leaf, 2-3 cloves, and a small cinnamon stick. Let them sizzle for 30 seconds to release their aroma.
3. Onion Base: Add the finely chopped onions and a pinch of salt. Sauté patiently for 8-10 minutes until they turn a deep golden brown.
4. Aromatics & Tomatoes: Add 1 tbsp of ginger-garlic paste and green chilies. Sauté for 1 minute until the raw smell goes away. Pour in the tomato puree and cook until the mixture thickens and oil starts separating from the edges (about 5-7 minutes).
5. Spice Powders: Lower the heat and add 1/2 tsp turmeric, 1 tsp Kashmiri red chili powder, 1 tsp coriander powder, and 1/2 tsp cumin powder. Stir constantly for 30 seconds so the spices bloom without burning.
6. Adding Base: Add the prepared Soya to the masala. Sauté on medium-high heat for 4-5 minutes to coat everything well and seal in the flavors.
7. Simmering: Pour in 1 to 1.5 cups of warm water (adjust for desired gravy consistency). Bring to a boil, then reduce heat to low, cover with a lid, and simmer. Cook until the Soya is completely tender (15 mins for veg/paneer, 30-45 mins for meat).
8. Final Garnish: Crush 1 tsp of Kasuri Methi (dried fenugreek leaves) between your palms and sprinkle it over the curry along with 1/2 tsp of garam masala. Garnish with freshly chopped cilantro and serve hot.",,True,2026-08-08T05:39:03.818369+00:00,Main Course
a99ad778-cf39-4ac2-bde3-880e8532c406,methi-curry,Methi Curry,Goan,Methi,"500g Methi, washed and prepped
2-3 Green Chilies, slit
1 tsp Cumin Seeds
1/2 tsp Turmeric Powder
1 tsp Red Chili Powder
1 tsp Garam Masala
2 tbsp Oil or Ghee
Salt to taste
2 tbsp Fresh Coriander Leaves, chopped",Vegetarian,True,{},{All},"1. Preparation: Thoroughly wash and prepare Methi. If it's meat or paneer, marinate it with a little turmeric, red chili powder, salt, and lemon juice for 20 minutes. Finely chop 2 onions and puree 2 tomatoes.
2. Whole Spices (Tadka): Heat 3 tbsp of oil or ghee in a heavy-bottomed pan or pressure cooker over medium heat. Add cumin seeds, 1 bay leaf, 2-3 cloves, and a small cinnamon stick. Let them sizzle for 30 seconds to release their aroma.
3. Onion Base: Add the finely chopped onions and a pinch of salt. Sauté patiently for 8-10 minutes until they turn a deep golden brown.
4. Aromatics & Tomatoes: Add 1 tbsp of ginger-garlic paste and green chilies. Sauté for 1 minute until the raw smell goes away. Pour in the tomato puree and cook until the mixture thickens and oil starts separating from the edges (about 5-7 minutes).
5. Spice Powders: Lower the heat and add 1/2 tsp turmeric, 1 tsp Kashmiri red chili powder, 1 tsp coriander powder, and 1/2 tsp cumin powder. Stir constantly for 30 seconds so the spices bloom without burning.
6. Adding Base: Add the prepared Methi to the masala. Sauté on medium-high heat for 4-5 minutes to coat everything well and seal in the flavors.
7. Simmering: Pour in 1 to 1.5 cups of warm water (adjust for desired gravy consistency). Bring to a boil, then reduce heat to low, cover with a lid, and simmer. Cook until the Methi is completely tender (15 mins for veg/paneer, 30-45 mins for meat).
8. Final Garnish: Crush 1 tsp of Kasuri Methi (dried fenugreek leaves) between your palms and sprinkle it over the curry along with 1/2 tsp of garam masala. Garnish with freshly chopped cilantro and serve hot.",,True,2026-08-08T05:39:03.818382+00:00,Main Course
7e4ee552-eb1c-4285-ab89-f8f7daab7879,methi-masala,Methi Masala,Awadhi,Methi,"500g Methi, washed and prepped
2-3 Green Chilies, slit
1 tsp Cumin Seeds
1/2 tsp Turmeric Powder
1 tsp Red Chili Powder
1 tsp Garam Masala
2 tbsp Oil or Ghee
Salt to taste
2 tbsp Fresh Coriander Leaves, chopped",Vegan,True,{},{All},"1. Preparation: Thoroughly wash and prepare Methi. If it's meat or paneer, marinate it with a little turmeric, red chili powder, salt, and lemon juice for 20 minutes. Finely chop 2 onions and puree 2 tomatoes.
2. Whole Spices (Tadka): Heat 3 tbsp of oil or ghee in a heavy-bottomed pan or pressure cooker over medium heat. Add cumin seeds, 1 bay leaf, 2-3 cloves, and a small cinnamon stick. Let them sizzle for 30 seconds to release their aroma.
3. Onion Base: Add the finely chopped onions and a pinch of salt. Sauté patiently for 8-10 minutes until they turn a deep golden brown.
4. Aromatics & Tomatoes: Add 1 tbsp of ginger-garlic paste and green chilies. Sauté for 1 minute until the raw smell goes away. Pour in the tomato puree and cook until the mixture thickens and oil starts separating from the edges (about 5-7 minutes).
5. Spice Powders: Lower the heat and add 1/2 tsp turmeric, 1 tsp Kashmiri red chili powder, 1 tsp coriander powder, and 1/2 tsp cumin powder. Stir constantly for 30 seconds so the spices bloom without burning.
6. Adding Base: Add the prepared Methi to the masala. Sauté on medium-high heat for 4-5 minutes to coat everything well and seal in the flavors.
7. Simmering: Pour in 1 to 1.5 cups of warm water (adjust for desired gravy consistency). Bring to a boil, then reduce heat to low, cover with a lid, and simmer. Cook until the Methi is completely tender (15 mins for veg/paneer, 30-45 mins for meat).
8. Final Garnish: Crush 1 tsp of Kasuri Methi (dried fenugreek leaves) between your palms and sprinkle it over the curry along with 1/2 tsp of garam masala. Garnish with freshly chopped cilantro and serve hot.",,True,2026-08-08T05:39:03.818396+00:00,Main Course
d4e5687f-1e52-44a1-a9b2-1069f1ffebd2,methi-fry,Methi Fry,Tamil,Methi,"500g Methi, washed and prepped
2-3 Green Chilies, slit
1 tsp Cumin Seeds
1/2 tsp Turmeric Powder
1 tsp Red Chili Powder
1 tsp Garam Masala
2 tbsp Oil or Ghee
Salt to taste
2 tbsp Fresh Coriander Leaves, chopped",Vegan,True,{},{All},"1. Ingredient Prep: Wash, peel, and chop Methi into even, bite-sized pieces. Finely chop onions, tomatoes, and slit green chilies.
2. Tempering (Tadka): Heat 2-3 tbsp of oil (mustard oil preferred for vegetables) in a wide pan. Add mustard seeds, cumin seeds, a pinch of hing (asafoetida), and curry leaves. Let them splutter.
3. Aromatics: Add chopped onions and sauté until translucent. Add ginger-garlic paste and sauté for another minute.
4. Main Ingredient Addition: Add the chopped Methi along with a pinch of turmeric and salt. Mix well to coat with the oil and spices.
5. Searing/Cooking: Cook uncovered on medium-high heat for the first 5 minutes to get a slight sear. Then, reduce the heat, cover with a lid, and cook until Methi is 80% tender. Stir occasionally to prevent sticking.
6. Spicing: Remove the lid and add dry spice powders (coriander powder, cumin powder, red chili powder, amchur/dry mango powder). Mix thoroughly.
7. Finishing: Sauté on medium heat for another 3-4 minutes to crisp up the edges. Finish with a sprinkle of garam masala and fresh coriander leaves. Serve hot as a side dish.",,True,2026-08-08T05:39:03.818409+00:00,Main Course
a4b47977-5943-42c2-b6fc-14978a6230d5,methi-roast,Methi Roast,Goan,Methi,"500g Methi, washed and prepped
2 medium Onions, finely chopped
1 tbsp Ginger-Garlic Paste
2 medium Tomatoes, pureed or chopped
2-3 Green Chilies, slit
1 tsp Cumin Seeds
1/2 tsp Turmeric Powder
1 tsp Red Chili Powder
1 tsp Garam Masala
2 tbsp Oil or Ghee
Salt to taste
2 tbsp Fresh Coriander Leaves, chopped",Vegan,False,{},{All},"1. Ingredient Prep: Wash, peel, and chop Methi into even, bite-sized pieces. Finely chop onions, tomatoes, and slit green chilies.
2. Tempering (Tadka): Heat 2-3 tbsp of oil (mustard oil preferred for vegetables) in a wide pan. Add mustard seeds, cumin seeds, a pinch of hing (asafoetida), and curry leaves. Let them splutter.
3. Aromatics: Add chopped onions and sauté until translucent. Add ginger-garlic paste and sauté for another minute.
4. Main Ingredient Addition: Add the chopped Methi along with a pinch of turmeric and salt. Mix well to coat with the oil and spices.
5. Searing/Cooking: Cook uncovered on medium-high heat for the first 5 minutes to get a slight sear. Then, reduce the heat, cover with a lid, and cook until Methi is 80% tender. Stir occasionally to prevent sticking.
6. Spicing: Remove the lid and add dry spice powders (coriander powder, cumin powder, red chili powder, amchur/dry mango powder). Mix thoroughly.
7. Finishing: Sauté on medium heat for another 3-4 minutes to crisp up the edges. Finish with a sprinkle of garam masala and fresh coriander leaves. Serve hot as a side dish.",,True,2026-08-08T05:39:03.818423+00:00,Main Course
211e8dc1-c6da-4396-a66d-ad17a071b17e,methi-tikka,Methi Tikka,Bengali,Methi,"500g Methi, washed and prepped
2-3 Green Chilies, slit
1 tsp Cumin Seeds
1/2 tsp Turmeric Powder
1 tsp Red Chili Powder
1 tsp Garam Masala
2 tbsp Oil or Ghee
Salt to taste
2 tbsp Fresh Coriander Leaves, chopped",Vegan,True,{},{All},"1. Ingredient Prep: Wash, peel, and chop Methi into even, bite-sized pieces. Finely chop onions, tomatoes, and slit green chilies.
2. Tempering (Tadka): Heat 2-3 tbsp of oil (mustard oil preferred for vegetables) in a wide pan. Add mustard seeds, cumin seeds, a pinch of hing (asafoetida), and curry leaves. Let them splutter.
3. Aromatics: Add chopped onions and sauté until translucent. Add ginger-garlic paste and sauté for another minute.
4. Main Ingredient Addition: Add the chopped Methi along with a pinch of turmeric and salt. Mix well to coat with the oil and spices.
5. Searing/Cooking: Cook uncovered on medium-high heat for the first 5 minutes to get a slight sear. Then, reduce the heat, cover with a lid, and cook until Methi is 80% tender. Stir occasionally to prevent sticking.
6. Spicing: Remove the lid and add dry spice powders (coriander powder, cumin powder, red chili powder, amchur/dry mango powder). Mix thoroughly.
7. Finishing: Sauté on medium heat for another 3-4 minutes to crisp up the edges. Finish with a sprinkle of garam masala and fresh coriander leaves. Serve hot as a side dish.",,True,2026-08-08T05:39:03.818437+00:00,Main Course
a4ec60f0-afa2-4bce-904b-8cb93461a447,methi-korma,Methi Korma,Awadhi,Methi,"500g Methi, washed and prepped
2-3 Green Chilies, slit
1 tsp Cumin Seeds
1/2 tsp Turmeric Powder
1 tsp Red Chili Powder
1 tsp Garam Masala
2 tbsp Oil or Ghee
Salt to taste
2 tbsp Fresh Coriander Leaves, chopped",Vegan,True,{Nuts},{All},"1. Preparation: Thoroughly wash and prepare Methi. If it's meat or paneer, marinate it with a little turmeric, red chili powder, salt, and lemon juice for 20 minutes. Finely chop 2 onions and puree 2 tomatoes.
2. Whole Spices (Tadka): Heat 3 tbsp of oil or ghee in a heavy-bottomed pan or pressure cooker over medium heat. Add cumin seeds, 1 bay leaf, 2-3 cloves, and a small cinnamon stick. Let them sizzle for 30 seconds to release their aroma.
3. Onion Base: Add the finely chopped onions and a pinch of salt. Sauté patiently for 8-10 minutes until they turn a deep golden brown.
4. Aromatics & Tomatoes: Add 1 tbsp of ginger-garlic paste and green chilies. Sauté for 1 minute until the raw smell goes away. Pour in the tomato puree and cook until the mixture thickens and oil starts separating from the edges (about 5-7 minutes).
5. Spice Powders: Lower the heat and add 1/2 tsp turmeric, 1 tsp Kashmiri red chili powder, 1 tsp coriander powder, and 1/2 tsp cumin powder. Stir constantly for 30 seconds so the spices bloom without burning.
6. Adding Base: Add the prepared Methi to the masala. Sauté on medium-high heat for 4-5 minutes to coat everything well and seal in the flavors.
7. Simmering: Pour in 1 to 1.5 cups of warm water (adjust for desired gravy consistency). Bring to a boil, then reduce heat to low, cover with a lid, and simmer. Cook until the Methi is completely tender (15 mins for veg/paneer, 30-45 mins for meat).
8. Final Garnish: Crush 1 tsp of Kasuri Methi (dried fenugreek leaves) between your palms and sprinkle it over the curry along with 1/2 tsp of garam masala. Garnish with freshly chopped cilantro and serve hot.",,True,2026-08-08T05:39:03.818451+00:00,Main Course
76435ab7-1ebd-4c3f-aec3-d41f6e002b69,methi-makhani,Methi Makhani,Tamil,Methi,"500g Methi, washed and prepped
2 medium Onions, finely chopped
1 tbsp Ginger-Garlic Paste
2 medium Tomatoes, pureed or chopped
2-3 Green Chilies, slit
1 tsp Cumin Seeds
1/2 tsp Turmeric Powder
1 tsp Red Chili Powder
1 tsp Garam Masala
3 tbsp Butter
1/4 cup Fresh Cream
1 tsp Kasuri Methi
Salt to taste
2 tbsp Fresh Coriander Leaves, chopped",Vegetarian,False,{Dairy},{All},"1. Preparation: Thoroughly wash and prepare Methi. If it's meat or paneer, marinate it with a little turmeric, red chili powder, salt, and lemon juice for 20 minutes. Finely chop 2 onions and puree 2 tomatoes.
2. Whole Spices (Tadka): Heat 3 tbsp of oil or ghee in a heavy-bottomed pan or pressure cooker over medium heat. Add cumin seeds, 1 bay leaf, 2-3 cloves, and a small cinnamon stick. Let them sizzle for 30 seconds to release their aroma.
3. Onion Base: Add the finely chopped onions and a pinch of salt. Sauté patiently for 8-10 minutes until they turn a deep golden brown.
4. Aromatics & Tomatoes: Add 1 tbsp of ginger-garlic paste and green chilies. Sauté for 1 minute until the raw smell goes away. Pour in the tomato puree and cook until the mixture thickens and oil starts separating from the edges (about 5-7 minutes).
5. Spice Powders: Lower the heat and add 1/2 tsp turmeric, 1 tsp Kashmiri red chili powder, 1 tsp coriander powder, and 1/2 tsp cumin powder. Stir constantly for 30 seconds so the spices bloom without burning.
6. Adding Base: Add the prepared Methi to the masala. Sauté on medium-high heat for 4-5 minutes to coat everything well and seal in the flavors.
7. Simmering: Pour in 1 to 1.5 cups of warm water (adjust for desired gravy consistency). Bring to a boil, then reduce heat to low, cover with a lid, and simmer. Cook until the Methi is completely tender (15 mins for veg/paneer, 30-45 mins for meat).
8. Final Garnish: Crush 1 tsp of Kasuri Methi (dried fenugreek leaves) between your palms and sprinkle it over the curry along with 1/2 tsp of garam masala. Garnish with freshly chopped cilantro and serve hot.",,True,2026-08-08T05:39:03.818465+00:00,Main Course
90acd460-4566-4065-9263-1c25b109ff05,methi-bhurji,Methi Bhurji,Gujarati,Methi,"500g Methi, washed and prepped
2-3 Green Chilies, slit
1 tsp Cumin Seeds
1/2 tsp Turmeric Powder
1 tsp Red Chili Powder
1 tsp Garam Masala
2 tbsp Oil or Ghee
Salt to taste
2 tbsp Fresh Coriander Leaves, chopped",Vegan,True,{},{All},"1. Ingredient Prep: Wash, peel, and chop Methi into even, bite-sized pieces. Finely chop onions, tomatoes, and slit green chilies.
2. Tempering (Tadka): Heat 2-3 tbsp of oil (mustard oil preferred for vegetables) in a wide pan. Add mustard seeds, cumin seeds, a pinch of hing (asafoetida), and curry leaves. Let them splutter.
3. Aromatics: Add chopped onions and sauté until translucent. Add ginger-garlic paste and sauté for another minute.
4. Main Ingredient Addition: Add the chopped Methi along with a pinch of turmeric and salt. Mix well to coat with the oil and spices.
5. Searing/Cooking: Cook uncovered on medium-high heat for the first 5 minutes to get a slight sear. Then, reduce the heat, cover with a lid, and cook until Methi is 80% tender. Stir occasionally to prevent sticking.
6. Spicing: Remove the lid and add dry spice powders (coriander powder, cumin powder, red chili powder, amchur/dry mango powder). Mix thoroughly.
7. Finishing: Sauté on medium heat for another 3-4 minutes to crisp up the edges. Finish with a sprinkle of garam masala and fresh coriander leaves. Serve hot as a side dish.",,True,2026-08-08T05:39:03.818479+00:00,Main Course
d797de1f-1995-4f6c-a0c9-b47fb378f37e,methi-kofta,Methi Kofta,Goan,Methi,"500g Methi, washed and prepped
2-3 Green Chilies, slit
1 tsp Cumin Seeds
1/2 tsp Turmeric Powder
1 tsp Red Chili Powder
1 tsp Garam Masala
2 tbsp Oil or Ghee
Salt to taste
2 tbsp Fresh Coriander Leaves, chopped",Vegan,True,{},{All},"1. Preparation: Thoroughly wash and prepare Methi. If it's meat or paneer, marinate it with a little turmeric, red chili powder, salt, and lemon juice for 20 minutes. Finely chop 2 onions and puree 2 tomatoes.
2. Whole Spices (Tadka): Heat 3 tbsp of oil or ghee in a heavy-bottomed pan or pressure cooker over medium heat. Add cumin seeds, 1 bay leaf, 2-3 cloves, and a small cinnamon stick. Let them sizzle for 30 seconds to release their aroma.
3. Onion Base: Add the finely chopped onions and a pinch of salt. Sauté patiently for 8-10 minutes until they turn a deep golden brown.
4. Aromatics & Tomatoes: Add 1 tbsp of ginger-garlic paste and green chilies. Sauté for 1 minute until the raw smell goes away. Pour in the tomato puree and cook until the mixture thickens and oil starts separating from the edges (about 5-7 minutes).
5. Spice Powders: Lower the heat and add 1/2 tsp turmeric, 1 tsp Kashmiri red chili powder, 1 tsp coriander powder, and 1/2 tsp cumin powder. Stir constantly for 30 seconds so the spices bloom without burning.
6. Adding Base: Add the prepared Methi to the masala. Sauté on medium-high heat for 4-5 minutes to coat everything well and seal in the flavors.
7. Simmering: Pour in 1 to 1.5 cups of warm water (adjust for desired gravy consistency). Bring to a boil, then reduce heat to low, cover with a lid, and simmer. Cook until the Methi is completely tender (15 mins for veg/paneer, 30-45 mins for meat).
8. Final Garnish: Crush 1 tsp of Kasuri Methi (dried fenugreek leaves) between your palms and sprinkle it over the curry along with 1/2 tsp of garam masala. Garnish with freshly chopped cilantro and serve hot.",,True,2026-08-08T05:39:03.818492+00:00,Main Course
23703093-887c-4a19-bcbd-4c0137842ce4,methi-saag,Methi Saag,Goan,Methi,"500g Methi, washed and prepped
2 medium Onions, finely chopped
1 tbsp Ginger-Garlic Paste
2 medium Tomatoes, pureed or chopped
2-3 Green Chilies, slit
1 tsp Cumin Seeds
1/2 tsp Turmeric Powder
1 tsp Red Chili Powder
1 tsp Garam Masala
2 tbsp Oil or Ghee
Salt to taste
2 tbsp Fresh Coriander Leaves, chopped",Vegetarian,False,{},{All},"1. Preparation: Thoroughly wash and prepare Methi. If it's meat or paneer, marinate it with a little turmeric, red chili powder, salt, and lemon juice for 20 minutes. Finely chop 2 onions and puree 2 tomatoes.
2. Whole Spices (Tadka): Heat 3 tbsp of oil or ghee in a heavy-bottomed pan or pressure cooker over medium heat. Add cumin seeds, 1 bay leaf, 2-3 cloves, and a small cinnamon stick. Let them sizzle for 30 seconds to release their aroma.
3. Onion Base: Add the finely chopped onions and a pinch of salt. Sauté patiently for 8-10 minutes until they turn a deep golden brown.
4. Aromatics & Tomatoes: Add 1 tbsp of ginger-garlic paste and green chilies. Sauté for 1 minute until the raw smell goes away. Pour in the tomato puree and cook until the mixture thickens and oil starts separating from the edges (about 5-7 minutes).
5. Spice Powders: Lower the heat and add 1/2 tsp turmeric, 1 tsp Kashmiri red chili powder, 1 tsp coriander powder, and 1/2 tsp cumin powder. Stir constantly for 30 seconds so the spices bloom without burning.
6. Adding Base: Add the prepared Methi to the masala. Sauté on medium-high heat for 4-5 minutes to coat everything well and seal in the flavors.
7. Simmering: Pour in 1 to 1.5 cups of warm water (adjust for desired gravy consistency). Bring to a boil, then reduce heat to low, cover with a lid, and simmer. Cook until the Methi is completely tender (15 mins for veg/paneer, 30-45 mins for meat).
8. Final Garnish: Crush 1 tsp of Kasuri Methi (dried fenugreek leaves) between your palms and sprinkle it over the curry along with 1/2 tsp of garam masala. Garnish with freshly chopped cilantro and serve hot.",,True,2026-08-08T05:39:03.818505+00:00,Main Course
ea56e64c-6f8a-45af-bde1-04328df30e07,methi-vindaloo,Methi Vindaloo,Andhra,Methi,"500g Methi, washed and prepped
2-3 Green Chilies, slit
1 tsp Cumin Seeds
1/2 tsp Turmeric Powder
1 tsp Red Chili Powder
1 tsp Garam Masala
2 tbsp Oil or Ghee
Salt to taste
2 tbsp Fresh Coriander Leaves, chopped",Vegan,True,{},{All},"1. Preparation: Thoroughly wash and prepare Methi. If it's meat or paneer, marinate it with a little turmeric, red chili powder, salt, and lemon juice for 20 minutes. Finely chop 2 onions and puree 2 tomatoes.
2. Whole Spices (Tadka): Heat 3 tbsp of oil or ghee in a heavy-bottomed pan or pressure cooker over medium heat. Add cumin seeds, 1 bay leaf, 2-3 cloves, and a small cinnamon stick. Let them sizzle for 30 seconds to release their aroma.
3. Onion Base: Add the finely chopped onions and a pinch of salt. Sauté patiently for 8-10 minutes until they turn a deep golden brown.
4. Aromatics & Tomatoes: Add 1 tbsp of ginger-garlic paste and green chilies. Sauté for 1 minute until the raw smell goes away. Pour in the tomato puree and cook until the mixture thickens and oil starts separating from the edges (about 5-7 minutes).
5. Spice Powders: Lower the heat and add 1/2 tsp turmeric, 1 tsp Kashmiri red chili powder, 1 tsp coriander powder, and 1/2 tsp cumin powder. Stir constantly for 30 seconds so the spices bloom without burning.
6. Adding Base: Add the prepared Methi to the masala. Sauté on medium-high heat for 4-5 minutes to coat everything well and seal in the flavors.
7. Simmering: Pour in 1 to 1.5 cups of warm water (adjust for desired gravy consistency). Bring to a boil, then reduce heat to low, cover with a lid, and simmer. Cook until the Methi is completely tender (15 mins for veg/paneer, 30-45 mins for meat).
8. Final Garnish: Crush 1 tsp of Kasuri Methi (dried fenugreek leaves) between your palms and sprinkle it over the curry along with 1/2 tsp of garam masala. Garnish with freshly chopped cilantro and serve hot.",,True,2026-08-08T05:39:03.818519+00:00,Main Course
b690e2aa-ea9b-46f7-8a06-726a4d01e7bc,methi-chettinad,Methi Chettinad,Rajasthani,Methi,"500g Methi, washed and prepped
2 medium Onions, finely chopped
1 tbsp Ginger-Garlic Paste
2 medium Tomatoes, pureed or chopped
2-3 Green Chilies, slit
1 tsp Cumin Seeds
1/2 tsp Turmeric Powder
1 tsp Red Chili Powder
1 tsp Garam Masala
2 tbsp Oil or Ghee
Salt to taste
2 tbsp Fresh Coriander Leaves, chopped",Vegetarian,False,{},{All},"1. Preparation: Thoroughly wash and prepare Methi. If it's meat or paneer, marinate it with a little turmeric, red chili powder, salt, and lemon juice for 20 minutes. Finely chop 2 onions and puree 2 tomatoes.
2. Whole Spices (Tadka): Heat 3 tbsp of oil or ghee in a heavy-bottomed pan or pressure cooker over medium heat. Add cumin seeds, 1 bay leaf, 2-3 cloves, and a small cinnamon stick. Let them sizzle for 30 seconds to release their aroma.
3. Onion Base: Add the finely chopped onions and a pinch of salt. Sauté patiently for 8-10 minutes until they turn a deep golden brown.
4. Aromatics & Tomatoes: Add 1 tbsp of ginger-garlic paste and green chilies. Sauté for 1 minute until the raw smell goes away. Pour in the tomato puree and cook until the mixture thickens and oil starts separating from the edges (about 5-7 minutes).
5. Spice Powders: Lower the heat and add 1/2 tsp turmeric, 1 tsp Kashmiri red chili powder, 1 tsp coriander powder, and 1/2 tsp cumin powder. Stir constantly for 30 seconds so the spices bloom without burning.
6. Adding Base: Add the prepared Methi to the masala. Sauté on medium-high heat for 4-5 minutes to coat everything well and seal in the flavors.
7. Simmering: Pour in 1 to 1.5 cups of warm water (adjust for desired gravy consistency). Bring to a boil, then reduce heat to low, cover with a lid, and simmer. Cook until the Methi is completely tender (15 mins for veg/paneer, 30-45 mins for meat).
8. Final Garnish: Crush 1 tsp of Kasuri Methi (dried fenugreek leaves) between your palms and sprinkle it over the curry along with 1/2 tsp of garam masala. Garnish with freshly chopped cilantro and serve hot.",,True,2026-08-08T05:39:03.818541+00:00,Main Course
30e69545-6357-46bf-a332-7c3db26e1ce4,methi-do-pyaza,Methi Do Pyaza,Maharashtrian,Methi,"500g Methi, washed and prepped
2-3 Green Chilies, slit
1 tsp Cumin Seeds
1/2 tsp Turmeric Powder
1 tsp Red Chili Powder
1 tsp Garam Masala
2 tbsp Oil or Ghee
Salt to taste
2 tbsp Fresh Coriander Leaves, chopped",Vegan,True,{},{All},"1. Preparation: Thoroughly wash and prepare Methi. If it's meat or paneer, marinate it with a little turmeric, red chili powder, salt, and lemon juice for 20 minutes. Finely chop 2 onions and puree 2 tomatoes.
2. Whole Spices (Tadka): Heat 3 tbsp of oil or ghee in a heavy-bottomed pan or pressure cooker over medium heat. Add cumin seeds, 1 bay leaf, 2-3 cloves, and a small cinnamon stick. Let them sizzle for 30 seconds to release their aroma.
3. Onion Base: Add the finely chopped onions and a pinch of salt. Sauté patiently for 8-10 minutes until they turn a deep golden brown.
4. Aromatics & Tomatoes: Add 1 tbsp of ginger-garlic paste and green chilies. Sauté for 1 minute until the raw smell goes away. Pour in the tomato puree and cook until the mixture thickens and oil starts separating from the edges (about 5-7 minutes).
5. Spice Powders: Lower the heat and add 1/2 tsp turmeric, 1 tsp Kashmiri red chili powder, 1 tsp coriander powder, and 1/2 tsp cumin powder. Stir constantly for 30 seconds so the spices bloom without burning.
6. Adding Base: Add the prepared Methi to the masala. Sauté on medium-high heat for 4-5 minutes to coat everything well and seal in the flavors.
7. Simmering: Pour in 1 to 1.5 cups of warm water (adjust for desired gravy consistency). Bring to a boil, then reduce heat to low, cover with a lid, and simmer. Cook until the Methi is completely tender (15 mins for veg/paneer, 30-45 mins for meat).
8. Final Garnish: Crush 1 tsp of Kasuri Methi (dried fenugreek leaves) between your palms and sprinkle it over the curry along with 1/2 tsp of garam masala. Garnish with freshly chopped cilantro and serve hot.",,True,2026-08-08T05:39:03.818569+00:00,Main Course
f24a11b1-1730-48d4-8a28-b15b2bc11462,methi-salna,Methi Salna,Gujarati,Methi,"500g Methi, washed and prepped
2-3 Green Chilies, slit
1 tsp Cumin Seeds
1/2 tsp Turmeric Powder
1 tsp Red Chili Powder
1 tsp Garam Masala
2 tbsp Oil or Ghee
Salt to taste
2 tbsp Fresh Coriander Leaves, chopped",Vegan,True,{},{All},"1. Preparation: Thoroughly wash and prepare Methi. If it's meat or paneer, marinate it with a little turmeric, red chili powder, salt, and lemon juice for 20 minutes. Finely chop 2 onions and puree 2 tomatoes.
2. Whole Spices (Tadka): Heat 3 tbsp of oil or ghee in a heavy-bottomed pan or pressure cooker over medium heat. Add cumin seeds, 1 bay leaf, 2-3 cloves, and a small cinnamon stick. Let them sizzle for 30 seconds to release their aroma.
3. Onion Base: Add the finely chopped onions and a pinch of salt. Sauté patiently for 8-10 minutes until they turn a deep golden brown.
4. Aromatics & Tomatoes: Add 1 tbsp of ginger-garlic paste and green chilies. Sauté for 1 minute until the raw smell goes away. Pour in the tomato puree and cook until the mixture thickens and oil starts separating from the edges (about 5-7 minutes).
5. Spice Powders: Lower the heat and add 1/2 tsp turmeric, 1 tsp Kashmiri red chili powder, 1 tsp coriander powder, and 1/2 tsp cumin powder. Stir constantly for 30 seconds so the spices bloom without burning.
6. Adding Base: Add the prepared Methi to the masala. Sauté on medium-high heat for 4-5 minutes to coat everything well and seal in the flavors.
7. Simmering: Pour in 1 to 1.5 cups of warm water (adjust for desired gravy consistency). Bring to a boil, then reduce heat to low, cover with a lid, and simmer. Cook until the Methi is completely tender (15 mins for veg/paneer, 30-45 mins for meat).
8. Final Garnish: Crush 1 tsp of Kasuri Methi (dried fenugreek leaves) between your palms and sprinkle it over the curry along with 1/2 tsp of garam masala. Garnish with freshly chopped cilantro and serve hot.",,True,2026-08-08T05:39:03.818593+00:00,Main Course
f07e1e9f-4d00-4f6d-8d85-c510acfff4c1,methi-kurma,Methi Kurma,Hyderabadi,Methi,"500g Methi, washed and prepped
2 medium Onions, finely chopped
1 tbsp Ginger-Garlic Paste
2 medium Tomatoes, pureed or chopped
2-3 Green Chilies, slit
1 tsp Cumin Seeds
1/2 tsp Turmeric Powder
1 tsp Red Chili Powder
1 tsp Garam Masala
2 tbsp Oil or Ghee
Salt to taste
2 tbsp Fresh Coriander Leaves, chopped",Vegan,False,{Nuts},{All},"1. Preparation: Thoroughly wash and prepare Methi. If it's meat or paneer, marinate it with a little turmeric, red chili powder, salt, and lemon juice for 20 minutes. Finely chop 2 onions and puree 2 tomatoes.
2. Whole Spices (Tadka): Heat 3 tbsp of oil or ghee in a heavy-bottomed pan or pressure cooker over medium heat. Add cumin seeds, 1 bay leaf, 2-3 cloves, and a small cinnamon stick. Let them sizzle for 30 seconds to release their aroma.
3. Onion Base: Add the finely chopped onions and a pinch of salt. Sauté patiently for 8-10 minutes until they turn a deep golden brown.
4. Aromatics & Tomatoes: Add 1 tbsp of ginger-garlic paste and green chilies. Sauté for 1 minute until the raw smell goes away. Pour in the tomato puree and cook until the mixture thickens and oil starts separating from the edges (about 5-7 minutes).
5. Spice Powders: Lower the heat and add 1/2 tsp turmeric, 1 tsp Kashmiri red chili powder, 1 tsp coriander powder, and 1/2 tsp cumin powder. Stir constantly for 30 seconds so the spices bloom without burning.
6. Adding Base: Add the prepared Methi to the masala. Sauté on medium-high heat for 4-5 minutes to coat everything well and seal in the flavors.
7. Simmering: Pour in 1 to 1.5 cups of warm water (adjust for desired gravy consistency). Bring to a boil, then reduce heat to low, cover with a lid, and simmer. Cook until the Methi is completely tender (15 mins for veg/paneer, 30-45 mins for meat).
8. Final Garnish: Crush 1 tsp of Kasuri Methi (dried fenugreek leaves) between your palms and sprinkle it over the curry along with 1/2 tsp of garam masala. Garnish with freshly chopped cilantro and serve hot.",,True,2026-08-08T05:39:03.818623+00:00,Main Course
a8763cde-8bbf-4f7d-a013-91f1c984d179,sarson-curry,Sarson Curry,Kerala,Sarson,"500g Sarson, washed and prepped
2-3 Green Chilies, slit
1 tsp Cumin Seeds
1/2 tsp Turmeric Powder
1 tsp Red Chili Powder
1 tsp Garam Masala
2 tbsp Oil or Ghee
Salt to taste
2 tbsp Fresh Coriander Leaves, chopped",Vegan,True,{},{All},"1. Preparation: Thoroughly wash and prepare Sarson. If it's meat or paneer, marinate it with a little turmeric, red chili powder, salt, and lemon juice for 20 minutes. Finely chop 2 onions and puree 2 tomatoes.
2. Whole Spices (Tadka): Heat 3 tbsp of oil or ghee in a heavy-bottomed pan or pressure cooker over medium heat. Add cumin seeds, 1 bay leaf, 2-3 cloves, and a small cinnamon stick. Let them sizzle for 30 seconds to release their aroma.
3. Onion Base: Add the finely chopped onions and a pinch of salt. Sauté patiently for 8-10 minutes until they turn a deep golden brown.
4. Aromatics & Tomatoes: Add 1 tbsp of ginger-garlic paste and green chilies. Sauté for 1 minute until the raw smell goes away. Pour in the tomato puree and cook until the mixture thickens and oil starts separating from the edges (about 5-7 minutes).
5. Spice Powders: Lower the heat and add 1/2 tsp turmeric, 1 tsp Kashmiri red chili powder, 1 tsp coriander powder, and 1/2 tsp cumin powder. Stir constantly for 30 seconds so the spices bloom without burning.
6. Adding Base: Add the prepared Sarson to the masala. Sauté on medium-high heat for 4-5 minutes to coat everything well and seal in the flavors.
7. Simmering: Pour in 1 to 1.5 cups of warm water (adjust for desired gravy consistency). Bring to a boil, then reduce heat to low, cover with a lid, and simmer. Cook until the Sarson is completely tender (15 mins for veg/paneer, 30-45 mins for meat).
8. Final Garnish: Crush 1 tsp of Kasuri Methi (dried fenugreek leaves) between your palms and sprinkle it over the curry along with 1/2 tsp of garam masala. Garnish with freshly chopped cilantro and serve hot.",,True,2026-08-08T05:39:03.818662+00:00,Main Course
0dfa5afa-4521-414c-8245-79c671b55a34,sarson-masala,Sarson Masala,Kerala,Sarson,"500g Sarson, washed and prepped
2 medium Onions, finely chopped
1 tbsp Ginger-Garlic Paste
2 medium Tomatoes, pureed or chopped
2-3 Green Chilies, slit
1 tsp Cumin Seeds
1/2 tsp Turmeric Powder
1 tsp Red Chili Powder
1 tsp Garam Masala
2 tbsp Oil or Ghee
Salt to taste
2 tbsp Fresh Coriander Leaves, chopped",Vegetarian,False,{},{All},"1. Preparation: Thoroughly wash and prepare Sarson. If it's meat or paneer, marinate it with a little turmeric, red chili powder, salt, and lemon juice for 20 minutes. Finely chop 2 onions and puree 2 tomatoes.
2. Whole Spices (Tadka): Heat 3 tbsp of oil or ghee in a heavy-bottomed pan or pressure cooker over medium heat. Add cumin seeds, 1 bay leaf, 2-3 cloves, and a small cinnamon stick. Let them sizzle for 30 seconds to release their aroma.
3. Onion Base: Add the finely chopped onions and a pinch of salt. Sauté patiently for 8-10 minutes until they turn a deep golden brown.
4. Aromatics & Tomatoes: Add 1 tbsp of ginger-garlic paste and green chilies. Sauté for 1 minute until the raw smell goes away. Pour in the tomato puree and cook until the mixture thickens and oil starts separating from the edges (about 5-7 minutes).
5. Spice Powders: Lower the heat and add 1/2 tsp turmeric, 1 tsp Kashmiri red chili powder, 1 tsp coriander powder, and 1/2 tsp cumin powder. Stir constantly for 30 seconds so the spices bloom without burning.
6. Adding Base: Add the prepared Sarson to the masala. Sauté on medium-high heat for 4-5 minutes to coat everything well and seal in the flavors.
7. Simmering: Pour in 1 to 1.5 cups of warm water (adjust for desired gravy consistency). Bring to a boil, then reduce heat to low, cover with a lid, and simmer. Cook until the Sarson is completely tender (15 mins for veg/paneer, 30-45 mins for meat).
8. Final Garnish: Crush 1 tsp of Kasuri Methi (dried fenugreek leaves) between your palms and sprinkle it over the curry along with 1/2 tsp of garam masala. Garnish with freshly chopped cilantro and serve hot.",,True,2026-08-08T05:39:03.818686+00:00,Main Course
5f5562f6-ca76-453a-9677-4a577a1145c5,sarson-fry,Sarson Fry,Tamil,Sarson,"500g Sarson, washed and prepped
2 medium Onions, finely chopped
1 tbsp Ginger-Garlic Paste
2 medium Tomatoes, pureed or chopped
2-3 Green Chilies, slit
1 tsp Cumin Seeds
1/2 tsp Turmeric Powder
1 tsp Red Chili Powder
1 tsp Garam Masala
2 tbsp Oil or Ghee
Salt to taste
2 tbsp Fresh Coriander Leaves, chopped",Vegan,False,{},{All},"1. Ingredient Prep: Wash, peel, and chop Sarson into even, bite-sized pieces. Finely chop onions, tomatoes, and slit green chilies.
2. Tempering (Tadka): Heat 2-3 tbsp of oil (mustard oil preferred for vegetables) in a wide pan. Add mustard seeds, cumin seeds, a pinch of hing (asafoetida), and curry leaves. Let them splutter.
3. Aromatics: Add chopped onions and sauté until translucent. Add ginger-garlic paste and sauté for another minute.
4. Main Ingredient Addition: Add the chopped Sarson along with a pinch of turmeric and salt. Mix well to coat with the oil and spices.
5. Searing/Cooking: Cook uncovered on medium-high heat for the first 5 minutes to get a slight sear. Then, reduce the heat, cover with a lid, and cook until Sarson is 80% tender. Stir occasionally to prevent sticking.
6. Spicing: Remove the lid and add dry spice powders (coriander powder, cumin powder, red chili powder, amchur/dry mango powder). Mix thoroughly.
7. Finishing: Sauté on medium heat for another 3-4 minutes to crisp up the edges. Finish with a sprinkle of garam masala and fresh coriander leaves. Serve hot as a side dish.",,True,2026-08-08T05:39:03.818702+00:00,Main Course
a1cde435-bad8-4cd9-bfff-907f394c76fc,sarson-roast,Sarson Roast,Hyderabadi,Sarson,"500g Sarson, washed and prepped
2 medium Onions, finely chopped
1 tbsp Ginger-Garlic Paste
2 medium Tomatoes, pureed or chopped
2-3 Green Chilies, slit
1 tsp Cumin Seeds
1/2 tsp Turmeric Powder
1 tsp Red Chili Powder
1 tsp Garam Masala
2 tbsp Oil or Ghee
Salt to taste
2 tbsp Fresh Coriander Leaves, chopped",Vegetarian,False,{},{All},"1. Ingredient Prep: Wash, peel, and chop Sarson into even, bite-sized pieces. Finely chop onions, tomatoes, and slit green chilies.
2. Tempering (Tadka): Heat 2-3 tbsp of oil (mustard oil preferred for vegetables) in a wide pan. Add mustard seeds, cumin seeds, a pinch of hing (asafoetida), and curry leaves. Let them splutter.
3. Aromatics: Add chopped onions and sauté until translucent. Add ginger-garlic paste and sauté for another minute.
4. Main Ingredient Addition: Add the chopped Sarson along with a pinch of turmeric and salt. Mix well to coat with the oil and spices.
5. Searing/Cooking: Cook uncovered on medium-high heat for the first 5 minutes to get a slight sear. Then, reduce the heat, cover with a lid, and cook until Sarson is 80% tender. Stir occasionally to prevent sticking.
6. Spicing: Remove the lid and add dry spice powders (coriander powder, cumin powder, red chili powder, amchur/dry mango powder). Mix thoroughly.
7. Finishing: Sauté on medium heat for another 3-4 minutes to crisp up the edges. Finish with a sprinkle of garam masala and fresh coriander leaves. Serve hot as a side dish.",,True,2026-08-08T05:39:03.818728+00:00,Main Course
86460b19-d774-45e4-87aa-c493918ba96b,sarson-tikka,Sarson Tikka,Goan,Sarson,"500g Sarson, washed and prepped
2 medium Onions, finely chopped
1 tbsp Ginger-Garlic Paste
2 medium Tomatoes, pureed or chopped
2-3 Green Chilies, slit
1 tsp Cumin Seeds
1/2 tsp Turmeric Powder
1 tsp Red Chili Powder
1 tsp Garam Masala
2 tbsp Oil or Ghee
Salt to taste
2 tbsp Fresh Coriander Leaves, chopped",Vegetarian,False,{},{All},"1. Ingredient Prep: Wash, peel, and chop Sarson into even, bite-sized pieces. Finely chop onions, tomatoes, and slit green chilies.
2. Tempering (Tadka): Heat 2-3 tbsp of oil (mustard oil preferred for vegetables) in a wide pan. Add mustard seeds, cumin seeds, a pinch of hing (asafoetida), and curry leaves. Let them splutter.
3. Aromatics: Add chopped onions and sauté until translucent. Add ginger-garlic paste and sauté for another minute.
4. Main Ingredient Addition: Add the chopped Sarson along with a pinch of turmeric and salt. Mix well to coat with the oil and spices.
5. Searing/Cooking: Cook uncovered on medium-high heat for the first 5 minutes to get a slight sear. Then, reduce the heat, cover with a lid, and cook until Sarson is 80% tender. Stir occasionally to prevent sticking.
6. Spicing: Remove the lid and add dry spice powders (coriander powder, cumin powder, red chili powder, amchur/dry mango powder). Mix thoroughly.
7. Finishing: Sauté on medium heat for another 3-4 minutes to crisp up the edges. Finish with a sprinkle of garam masala and fresh coriander leaves. Serve hot as a side dish.",,True,2026-08-08T05:39:03.818754+00:00,Main Course
c7608c2c-8ed8-483f-98e5-68d7936fe064,sarson-korma,Sarson Korma,Maharashtrian,Sarson,"500g Sarson, washed and prepped
2-3 Green Chilies, slit
1 tsp Cumin Seeds
1/2 tsp Turmeric Powder
1 tsp Red Chili Powder
1 tsp Garam Masala
2 tbsp Oil or Ghee
Salt to taste
2 tbsp Fresh Coriander Leaves, chopped",Vegan,True,{Nuts},{All},"1. Preparation: Thoroughly wash and prepare Sarson. If it's meat or paneer, marinate it with a little turmeric, red chili powder, salt, and lemon juice for 20 minutes. Finely chop 2 onions and puree 2 tomatoes.
2. Whole Spices (Tadka): Heat 3 tbsp of oil or ghee in a heavy-bottomed pan or pressure cooker over medium heat. Add cumin seeds, 1 bay leaf, 2-3 cloves, and a small cinnamon stick. Let them sizzle for 30 seconds to release their aroma.
3. Onion Base: Add the finely chopped onions and a pinch of salt. Sauté patiently for 8-10 minutes until they turn a deep golden brown.
4. Aromatics & Tomatoes: Add 1 tbsp of ginger-garlic paste and green chilies. Sauté for 1 minute until the raw smell goes away. Pour in the tomato puree and cook until the mixture thickens and oil starts separating from the edges (about 5-7 minutes).
5. Spice Powders: Lower the heat and add 1/2 tsp turmeric, 1 tsp Kashmiri red chili powder, 1 tsp coriander powder, and 1/2 tsp cumin powder. Stir constantly for 30 seconds so the spices bloom without burning.
6. Adding Base: Add the prepared Sarson to the masala. Sauté on medium-high heat for 4-5 minutes to coat everything well and seal in the flavors.
7. Simmering: Pour in 1 to 1.5 cups of warm water (adjust for desired gravy consistency). Bring to a boil, then reduce heat to low, cover with a lid, and simmer. Cook until the Sarson is completely tender (15 mins for veg/paneer, 30-45 mins for meat).
8. Final Garnish: Crush 1 tsp of Kasuri Methi (dried fenugreek leaves) between your palms and sprinkle it over the curry along with 1/2 tsp of garam masala. Garnish with freshly chopped cilantro and serve hot.",,True,2026-08-08T05:39:03.818772+00:00,Main Course
76707ead-3bfe-4a22-a34d-2bdda2b2821f,sarson-makhani,Sarson Makhani,South Indian,Sarson,"500g Sarson, washed and prepped
2-3 Green Chilies, slit
1 tsp Cumin Seeds
1/2 tsp Turmeric Powder
1 tsp Red Chili Powder
1 tsp Garam Masala
3 tbsp Butter
1/4 cup Fresh Cream
1 tsp Kasuri Methi
Salt to taste
2 tbsp Fresh Coriander Leaves, chopped",Vegetarian,True,{Dairy},{All},"1. Preparation: Thoroughly wash and prepare Sarson. If it's meat or paneer, marinate it with a little turmeric, red chili powder, salt, and lemon juice for 20 minutes. Finely chop 2 onions and puree 2 tomatoes.
2. Whole Spices (Tadka): Heat 3 tbsp of oil or ghee in a heavy-bottomed pan or pressure cooker over medium heat. Add cumin seeds, 1 bay leaf, 2-3 cloves, and a small cinnamon stick. Let them sizzle for 30 seconds to release their aroma.
3. Onion Base: Add the finely chopped onions and a pinch of salt. Sauté patiently for 8-10 minutes until they turn a deep golden brown.
4. Aromatics & Tomatoes: Add 1 tbsp of ginger-garlic paste and green chilies. Sauté for 1 minute until the raw smell goes away. Pour in the tomato puree and cook until the mixture thickens and oil starts separating from the edges (about 5-7 minutes).
5. Spice Powders: Lower the heat and add 1/2 tsp turmeric, 1 tsp Kashmiri red chili powder, 1 tsp coriander powder, and 1/2 tsp cumin powder. Stir constantly for 30 seconds so the spices bloom without burning.
6. Adding Base: Add the prepared Sarson to the masala. Sauté on medium-high heat for 4-5 minutes to coat everything well and seal in the flavors.
7. Simmering: Pour in 1 to 1.5 cups of warm water (adjust for desired gravy consistency). Bring to a boil, then reduce heat to low, cover with a lid, and simmer. Cook until the Sarson is completely tender (15 mins for veg/paneer, 30-45 mins for meat).
8. Final Garnish: Crush 1 tsp of Kasuri Methi (dried fenugreek leaves) between your palms and sprinkle it over the curry along with 1/2 tsp of garam masala. Garnish with freshly chopped cilantro and serve hot.",,True,2026-08-08T05:39:03.818795+00:00,Main Course
48ec9240-af08-4c05-91c7-11fc27b267ac,sarson-bhurji,Sarson Bhurji,Goan,Sarson,"500g Sarson, washed and prepped
2 medium Onions, finely chopped
1 tbsp Ginger-Garlic Paste
2 medium Tomatoes, pureed or chopped
2-3 Green Chilies, slit
1 tsp Cumin Seeds
1/2 tsp Turmeric Powder
1 tsp Red Chili Powder
1 tsp Garam Masala
2 tbsp Oil or Ghee
Salt to taste
2 tbsp Fresh Coriander Leaves, chopped",Vegan,False,{},{All},"1. Ingredient Prep: Wash, peel, and chop Sarson into even, bite-sized pieces. Finely chop onions, tomatoes, and slit green chilies.
2. Tempering (Tadka): Heat 2-3 tbsp of oil (mustard oil preferred for vegetables) in a wide pan. Add mustard seeds, cumin seeds, a pinch of hing (asafoetida), and curry leaves. Let them splutter.
3. Aromatics: Add chopped onions and sauté until translucent. Add ginger-garlic paste and sauté for another minute.
4. Main Ingredient Addition: Add the chopped Sarson along with a pinch of turmeric and salt. Mix well to coat with the oil and spices.
5. Searing/Cooking: Cook uncovered on medium-high heat for the first 5 minutes to get a slight sear. Then, reduce the heat, cover with a lid, and cook until Sarson is 80% tender. Stir occasionally to prevent sticking.
6. Spicing: Remove the lid and add dry spice powders (coriander powder, cumin powder, red chili powder, amchur/dry mango powder). Mix thoroughly.
7. Finishing: Sauté on medium heat for another 3-4 minutes to crisp up the edges. Finish with a sprinkle of garam masala and fresh coriander leaves. Serve hot as a side dish.",,True,2026-08-08T05:39:03.818818+00:00,Main Course
150e12cd-5927-4114-b608-233ce1a68515,sarson-kofta,Sarson Kofta,Gujarati,Sarson,"500g Sarson, washed and prepped
2-3 Green Chilies, slit
1 tsp Cumin Seeds
1/2 tsp Turmeric Powder
1 tsp Red Chili Powder
1 tsp Garam Masala
2 tbsp Oil or Ghee
Salt to taste
2 tbsp Fresh Coriander Leaves, chopped",Vegetarian,True,{},{All},"1. Preparation: Thoroughly wash and prepare Sarson. If it's meat or paneer, marinate it with a little turmeric, red chili powder, salt, and lemon juice for 20 minutes. Finely chop 2 onions and puree 2 tomatoes.
2. Whole Spices (Tadka): Heat 3 tbsp of oil or ghee in a heavy-bottomed pan or pressure cooker over medium heat. Add cumin seeds, 1 bay leaf, 2-3 cloves, and a small cinnamon stick. Let them sizzle for 30 seconds to release their aroma.
3. Onion Base: Add the finely chopped onions and a pinch of salt. Sauté patiently for 8-10 minutes until they turn a deep golden brown.
4. Aromatics & Tomatoes: Add 1 tbsp of ginger-garlic paste and green chilies. Sauté for 1 minute until the raw smell goes away. Pour in the tomato puree and cook until the mixture thickens and oil starts separating from the edges (about 5-7 minutes).
5. Spice Powders: Lower the heat and add 1/2 tsp turmeric, 1 tsp Kashmiri red chili powder, 1 tsp coriander powder, and 1/2 tsp cumin powder. Stir constantly for 30 seconds so the spices bloom without burning.
6. Adding Base: Add the prepared Sarson to the masala. Sauté on medium-high heat for 4-5 minutes to coat everything well and seal in the flavors.
7. Simmering: Pour in 1 to 1.5 cups of warm water (adjust for desired gravy consistency). Bring to a boil, then reduce heat to low, cover with a lid, and simmer. Cook until the Sarson is completely tender (15 mins for veg/paneer, 30-45 mins for meat).
8. Final Garnish: Crush 1 tsp of Kasuri Methi (dried fenugreek leaves) between your palms and sprinkle it over the curry along with 1/2 tsp of garam masala. Garnish with freshly chopped cilantro and serve hot.",,True,2026-08-08T05:39:03.818863+00:00,Main Course
bae2110a-4b5a-4888-82c1-77f20ac32d66,sarson-saag,Sarson Saag,Punjabi,Sarson,"500g Sarson, washed and prepped
2-3 Green Chilies, slit
1 tsp Cumin Seeds
1/2 tsp Turmeric Powder
1 tsp Red Chili Powder
1 tsp Garam Masala
2 tbsp Oil or Ghee
Salt to taste
2 tbsp Fresh Coriander Leaves, chopped",Vegetarian,True,{},{All},"1. Preparation: Thoroughly wash and prepare Sarson. If it's meat or paneer, marinate it with a little turmeric, red chili powder, salt, and lemon juice for 20 minutes. Finely chop 2 onions and puree 2 tomatoes.
2. Whole Spices (Tadka): Heat 3 tbsp of oil or ghee in a heavy-bottomed pan or pressure cooker over medium heat. Add cumin seeds, 1 bay leaf, 2-3 cloves, and a small cinnamon stick. Let them sizzle for 30 seconds to release their aroma.
3. Onion Base: Add the finely chopped onions and a pinch of salt. Sauté patiently for 8-10 minutes until they turn a deep golden brown.
4. Aromatics & Tomatoes: Add 1 tbsp of ginger-garlic paste and green chilies. Sauté for 1 minute until the raw smell goes away. Pour in the tomato puree and cook until the mixture thickens and oil starts separating from the edges (about 5-7 minutes).
5. Spice Powders: Lower the heat and add 1/2 tsp turmeric, 1 tsp Kashmiri red chili powder, 1 tsp coriander powder, and 1/2 tsp cumin powder. Stir constantly for 30 seconds so the spices bloom without burning.
6. Adding Base: Add the prepared Sarson to the masala. Sauté on medium-high heat for 4-5 minutes to coat everything well and seal in the flavors.
7. Simmering: Pour in 1 to 1.5 cups of warm water (adjust for desired gravy consistency). Bring to a boil, then reduce heat to low, cover with a lid, and simmer. Cook until the Sarson is completely tender (15 mins for veg/paneer, 30-45 mins for meat).
8. Final Garnish: Crush 1 tsp of Kasuri Methi (dried fenugreek leaves) between your palms and sprinkle it over the curry along with 1/2 tsp of garam masala. Garnish with freshly chopped cilantro and serve hot.",,True,2026-08-08T05:39:03.818887+00:00,Main Course
d929628f-0583-43ed-909a-88f9619381ca,sarson-vindaloo,Sarson Vindaloo,North Indian,Sarson,"500g Sarson, washed and prepped
2-3 Green Chilies, slit
1 tsp Cumin Seeds
1/2 tsp Turmeric Powder
1 tsp Red Chili Powder
1 tsp Garam Masala
2 tbsp Oil or Ghee
Salt to taste
2 tbsp Fresh Coriander Leaves, chopped",Vegetarian,True,{},{All},"1. Preparation: Thoroughly wash and prepare Sarson. If it's meat or paneer, marinate it with a little turmeric, red chili powder, salt, and lemon juice for 20 minutes. Finely chop 2 onions and puree 2 tomatoes.
2. Whole Spices (Tadka): Heat 3 tbsp of oil or ghee in a heavy-bottomed pan or pressure cooker over medium heat. Add cumin seeds, 1 bay leaf, 2-3 cloves, and a small cinnamon stick. Let them sizzle for 30 seconds to release their aroma.
3. Onion Base: Add the finely chopped onions and a pinch of salt. Sauté patiently for 8-10 minutes until they turn a deep golden brown.
4. Aromatics & Tomatoes: Add 1 tbsp of ginger-garlic paste and green chilies. Sauté for 1 minute until the raw smell goes away. Pour in the tomato puree and cook until the mixture thickens and oil starts separating from the edges (about 5-7 minutes).
5. Spice Powders: Lower the heat and add 1/2 tsp turmeric, 1 tsp Kashmiri red chili powder, 1 tsp coriander powder, and 1/2 tsp cumin powder. Stir constantly for 30 seconds so the spices bloom without burning.
6. Adding Base: Add the prepared Sarson to the masala. Sauté on medium-high heat for 4-5 minutes to coat everything well and seal in the flavors.
7. Simmering: Pour in 1 to 1.5 cups of warm water (adjust for desired gravy consistency). Bring to a boil, then reduce heat to low, cover with a lid, and simmer. Cook until the Sarson is completely tender (15 mins for veg/paneer, 30-45 mins for meat).
8. Final Garnish: Crush 1 tsp of Kasuri Methi (dried fenugreek leaves) between your palms and sprinkle it over the curry along with 1/2 tsp of garam masala. Garnish with freshly chopped cilantro and serve hot.",,True,2026-08-08T05:39:03.818903+00:00,Main Course
61b30e8c-b7b3-4df2-adb5-271d26c470d9,sarson-chettinad,Sarson Chettinad,Kerala,Sarson,"500g Sarson, washed and prepped
2-3 Green Chilies, slit
1 tsp Cumin Seeds
1/2 tsp Turmeric Powder
1 tsp Red Chili Powder
1 tsp Garam Masala
2 tbsp Oil or Ghee
Salt to taste
2 tbsp Fresh Coriander Leaves, chopped",Vegetarian,True,{},{All},"1. Preparation: Thoroughly wash and prepare Sarson. If it's meat or paneer, marinate it with a little turmeric, red chili powder, salt, and lemon juice for 20 minutes. Finely chop 2 onions and puree 2 tomatoes.
2. Whole Spices (Tadka): Heat 3 tbsp of oil or ghee in a heavy-bottomed pan or pressure cooker over medium heat. Add cumin seeds, 1 bay leaf, 2-3 cloves, and a small cinnamon stick. Let them sizzle for 30 seconds to release their aroma.
3. Onion Base: Add the finely chopped onions and a pinch of salt. Sauté patiently for 8-10 minutes until they turn a deep golden brown.
4. Aromatics & Tomatoes: Add 1 tbsp of ginger-garlic paste and green chilies. Sauté for 1 minute until the raw smell goes away. Pour in the tomato puree and cook until the mixture thickens and oil starts separating from the edges (about 5-7 minutes).
5. Spice Powders: Lower the heat and add 1/2 tsp turmeric, 1 tsp Kashmiri red chili powder, 1 tsp coriander powder, and 1/2 tsp cumin powder. Stir constantly for 30 seconds so the spices bloom without burning.
6. Adding Base: Add the prepared Sarson to the masala. Sauté on medium-high heat for 4-5 minutes to coat everything well and seal in the flavors.
7. Simmering: Pour in 1 to 1.5 cups of warm water (adjust for desired gravy consistency). Bring to a boil, then reduce heat to low, cover with a lid, and simmer. Cook until the Sarson is completely tender (15 mins for veg/paneer, 30-45 mins for meat).
8. Final Garnish: Crush 1 tsp of Kasuri Methi (dried fenugreek leaves) between your palms and sprinkle it over the curry along with 1/2 tsp of garam masala. Garnish with freshly chopped cilantro and serve hot.",,True,2026-08-08T05:39:03.818918+00:00,Main Course
8373b407-6b19-4692-a3e9-41725e602fb7,sarson-do-pyaza,Sarson Do Pyaza,Kerala,Sarson,"500g Sarson, washed and prepped
2 medium Onions, finely chopped
1 tbsp Ginger-Garlic Paste
2 medium Tomatoes, pureed or chopped
2-3 Green Chilies, slit
1 tsp Cumin Seeds
1/2 tsp Turmeric Powder
1 tsp Red Chili Powder
1 tsp Garam Masala
2 tbsp Oil or Ghee
Salt to taste
2 tbsp Fresh Coriander Leaves, chopped",Vegan,False,{},{All},"1. Preparation: Thoroughly wash and prepare Sarson. If it's meat or paneer, marinate it with a little turmeric, red chili powder, salt, and lemon juice for 20 minutes. Finely chop 2 onions and puree 2 tomatoes.
2. Whole Spices (Tadka): Heat 3 tbsp of oil or ghee in a heavy-bottomed pan or pressure cooker over medium heat. Add cumin seeds, 1 bay leaf, 2-3 cloves, and a small cinnamon stick. Let them sizzle for 30 seconds to release their aroma.
3. Onion Base: Add the finely chopped onions and a pinch of salt. Sauté patiently for 8-10 minutes until they turn a deep golden brown.
4. Aromatics & Tomatoes: Add 1 tbsp of ginger-garlic paste and green chilies. Sauté for 1 minute until the raw smell goes away. Pour in the tomato puree and cook until the mixture thickens and oil starts separating from the edges (about 5-7 minutes).
5. Spice Powders: Lower the heat and add 1/2 tsp turmeric, 1 tsp Kashmiri red chili powder, 1 tsp coriander powder, and 1/2 tsp cumin powder. Stir constantly for 30 seconds so the spices bloom without burning.
6. Adding Base: Add the prepared Sarson to the masala. Sauté on medium-high heat for 4-5 minutes to coat everything well and seal in the flavors.
7. Simmering: Pour in 1 to 1.5 cups of warm water (adjust for desired gravy consistency). Bring to a boil, then reduce heat to low, cover with a lid, and simmer. Cook until the Sarson is completely tender (15 mins for veg/paneer, 30-45 mins for meat).
8. Final Garnish: Crush 1 tsp of Kasuri Methi (dried fenugreek leaves) between your palms and sprinkle it over the curry along with 1/2 tsp of garam masala. Garnish with freshly chopped cilantro and serve hot.",,True,2026-08-08T05:39:03.818934+00:00,Main Course
bc414d8e-60ad-4e38-9007-9155d7de1294,sarson-salna,Sarson Salna,Goan,Sarson,"500g Sarson, washed and prepped
2-3 Green Chilies, slit
1 tsp Cumin Seeds
1/2 tsp Turmeric Powder
1 tsp Red Chili Powder
1 tsp Garam Masala
2 tbsp Oil or Ghee
Salt to taste
2 tbsp Fresh Coriander Leaves, chopped",Vegetarian,True,{},{All},"1. Preparation: Thoroughly wash and prepare Sarson. If it's meat or paneer, marinate it with a little turmeric, red chili powder, salt, and lemon juice for 20 minutes. Finely chop 2 onions and puree 2 tomatoes.
2. Whole Spices (Tadka): Heat 3 tbsp of oil or ghee in a heavy-bottomed pan or pressure cooker over medium heat. Add cumin seeds, 1 bay leaf, 2-3 cloves, and a small cinnamon stick. Let them sizzle for 30 seconds to release their aroma.
3. Onion Base: Add the finely chopped onions and a pinch of salt. Sauté patiently for 8-10 minutes until they turn a deep golden brown.
4. Aromatics & Tomatoes: Add 1 tbsp of ginger-garlic paste and green chilies. Sauté for 1 minute until the raw smell goes away. Pour in the tomato puree and cook until the mixture thickens and oil starts separating from the edges (about 5-7 minutes).
5. Spice Powders: Lower the heat and add 1/2 tsp turmeric, 1 tsp Kashmiri red chili powder, 1 tsp coriander powder, and 1/2 tsp cumin powder. Stir constantly for 30 seconds so the spices bloom without burning.
6. Adding Base: Add the prepared Sarson to the masala. Sauté on medium-high heat for 4-5 minutes to coat everything well and seal in the flavors.
7. Simmering: Pour in 1 to 1.5 cups of warm water (adjust for desired gravy consistency). Bring to a boil, then reduce heat to low, cover with a lid, and simmer. Cook until the Sarson is completely tender (15 mins for veg/paneer, 30-45 mins for meat).
8. Final Garnish: Crush 1 tsp of Kasuri Methi (dried fenugreek leaves) between your palms and sprinkle it over the curry along with 1/2 tsp of garam masala. Garnish with freshly chopped cilantro and serve hot.",,True,2026-08-08T05:39:03.818948+00:00,Main Course
5918f31c-1dbe-4183-a0e1-5d33f96d8a26,sarson-kurma,Sarson Kurma,Awadhi,Sarson,"500g Sarson, washed and prepped
2 medium Onions, finely chopped
1 tbsp Ginger-Garlic Paste
2 medium Tomatoes, pureed or chopped
2-3 Green Chilies, slit
1 tsp Cumin Seeds
1/2 tsp Turmeric Powder
1 tsp Red Chili Powder
1 tsp Garam Masala
2 tbsp Oil or Ghee
Salt to taste
2 tbsp Fresh Coriander Leaves, chopped",Vegan,False,{Nuts},{All},"1. Preparation: Thoroughly wash and prepare Sarson. If it's meat or paneer, marinate it with a little turmeric, red chili powder, salt, and lemon juice for 20 minutes. Finely chop 2 onions and puree 2 tomatoes.
2. Whole Spices (Tadka): Heat 3 tbsp of oil or ghee in a heavy-bottomed pan or pressure cooker over medium heat. Add cumin seeds, 1 bay leaf, 2-3 cloves, and a small cinnamon stick. Let them sizzle for 30 seconds to release their aroma.
3. Onion Base: Add the finely chopped onions and a pinch of salt. Sauté patiently for 8-10 minutes until they turn a deep golden brown.
4. Aromatics & Tomatoes: Add 1 tbsp of ginger-garlic paste and green chilies. Sauté for 1 minute until the raw smell goes away. Pour in the tomato puree and cook until the mixture thickens and oil starts separating from the edges (about 5-7 minutes).
5. Spice Powders: Lower the heat and add 1/2 tsp turmeric, 1 tsp Kashmiri red chili powder, 1 tsp coriander powder, and 1/2 tsp cumin powder. Stir constantly for 30 seconds so the spices bloom without burning.
6. Adding Base: Add the prepared Sarson to the masala. Sauté on medium-high heat for 4-5 minutes to coat everything well and seal in the flavors.
7. Simmering: Pour in 1 to 1.5 cups of warm water (adjust for desired gravy consistency). Bring to a boil, then reduce heat to low, cover with a lid, and simmer. Cook until the Sarson is completely tender (15 mins for veg/paneer, 30-45 mins for meat).
8. Final Garnish: Crush 1 tsp of Kasuri Methi (dried fenugreek leaves) between your palms and sprinkle it over the curry along with 1/2 tsp of garam masala. Garnish with freshly chopped cilantro and serve hot.",,True,2026-08-08T05:39:03.818963+00:00,Main Course
758468c5-eef1-4f01-98a1-2635c9d09d06,mix-veg-curry,Mix Veg Curry,Kerala,Mix Veg,"500g Mix Veg, washed and prepped
2-3 Green Chilies, slit
1 tsp Cumin Seeds
1/2 tsp Turmeric Powder
1 tsp Red Chili Powder
1 tsp Garam Masala
2 tbsp Oil or Ghee
Salt to taste
2 tbsp Fresh Coriander Leaves, chopped",Vegan,True,{},{All},"1. Preparation: Thoroughly wash and prepare Mix Veg. If it's meat or paneer, marinate it with a little turmeric, red chili powder, salt, and lemon juice for 20 minutes. Finely chop 2 onions and puree 2 tomatoes.
2. Whole Spices (Tadka): Heat 3 tbsp of oil or ghee in a heavy-bottomed pan or pressure cooker over medium heat. Add cumin seeds, 1 bay leaf, 2-3 cloves, and a small cinnamon stick. Let them sizzle for 30 seconds to release their aroma.
3. Onion Base: Add the finely chopped onions and a pinch of salt. Sauté patiently for 8-10 minutes until they turn a deep golden brown.
4. Aromatics & Tomatoes: Add 1 tbsp of ginger-garlic paste and green chilies. Sauté for 1 minute until the raw smell goes away. Pour in the tomato puree and cook until the mixture thickens and oil starts separating from the edges (about 5-7 minutes).
5. Spice Powders: Lower the heat and add 1/2 tsp turmeric, 1 tsp Kashmiri red chili powder, 1 tsp coriander powder, and 1/2 tsp cumin powder. Stir constantly for 30 seconds so the spices bloom without burning.
6. Adding Base: Add the prepared Mix Veg to the masala. Sauté on medium-high heat for 4-5 minutes to coat everything well and seal in the flavors.
7. Simmering: Pour in 1 to 1.5 cups of warm water (adjust for desired gravy consistency). Bring to a boil, then reduce heat to low, cover with a lid, and simmer. Cook until the Mix Veg is completely tender (15 mins for veg/paneer, 30-45 mins for meat).
8. Final Garnish: Crush 1 tsp of Kasuri Methi (dried fenugreek leaves) between your palms and sprinkle it over the curry along with 1/2 tsp of garam masala. Garnish with freshly chopped cilantro and serve hot.",,True,2026-08-08T05:39:03.818977+00:00,Main Course
53cb8cd9-ef50-4896-8a86-8935972da175,mix-veg-masala,Mix Veg Masala,Gujarati,Mix Veg,"500g Mix Veg, washed and prepped
2-3 Green Chilies, slit
1 tsp Cumin Seeds
1/2 tsp Turmeric Powder
1 tsp Red Chili Powder
1 tsp Garam Masala
2 tbsp Oil or Ghee
Salt to taste
2 tbsp Fresh Coriander Leaves, chopped",Vegetarian,True,{},{All},"1. Preparation: Thoroughly wash and prepare Mix Veg. If it's meat or paneer, marinate it with a little turmeric, red chili powder, salt, and lemon juice for 20 minutes. Finely chop 2 onions and puree 2 tomatoes.
2. Whole Spices (Tadka): Heat 3 tbsp of oil or ghee in a heavy-bottomed pan or pressure cooker over medium heat. Add cumin seeds, 1 bay leaf, 2-3 cloves, and a small cinnamon stick. Let them sizzle for 30 seconds to release their aroma.
3. Onion Base: Add the finely chopped onions and a pinch of salt. Sauté patiently for 8-10 minutes until they turn a deep golden brown.
4. Aromatics & Tomatoes: Add 1 tbsp of ginger-garlic paste and green chilies. Sauté for 1 minute until the raw smell goes away. Pour in the tomato puree and cook until the mixture thickens and oil starts separating from the edges (about 5-7 minutes).
5. Spice Powders: Lower the heat and add 1/2 tsp turmeric, 1 tsp Kashmiri red chili powder, 1 tsp coriander powder, and 1/2 tsp cumin powder. Stir constantly for 30 seconds so the spices bloom without burning.
6. Adding Base: Add the prepared Mix Veg to the masala. Sauté on medium-high heat for 4-5 minutes to coat everything well and seal in the flavors.
7. Simmering: Pour in 1 to 1.5 cups of warm water (adjust for desired gravy consistency). Bring to a boil, then reduce heat to low, cover with a lid, and simmer. Cook until the Mix Veg is completely tender (15 mins for veg/paneer, 30-45 mins for meat).
8. Final Garnish: Crush 1 tsp of Kasuri Methi (dried fenugreek leaves) between your palms and sprinkle it over the curry along with 1/2 tsp of garam masala. Garnish with freshly chopped cilantro and serve hot.",,True,2026-08-08T05:39:03.818991+00:00,Main Course
42ba2f01-878d-4ecc-955f-cb40bcd54c7b,mix-veg-fry,Mix Veg Fry,Goan,Mix Veg,"500g Mix Veg, washed and prepped
2 medium Onions, finely chopped
1 tbsp Ginger-Garlic Paste
2 medium Tomatoes, pureed or chopped
2-3 Green Chilies, slit
1 tsp Cumin Seeds
1/2 tsp Turmeric Powder
1 tsp Red Chili Powder
1 tsp Garam Masala
2 tbsp Oil or Ghee
Salt to taste
2 tbsp Fresh Coriander Leaves, chopped",Vegetarian,False,{},{All},"1. Ingredient Prep: Wash, peel, and chop Mix Veg into even, bite-sized pieces. Finely chop onions, tomatoes, and slit green chilies.
2. Tempering (Tadka): Heat 2-3 tbsp of oil (mustard oil preferred for vegetables) in a wide pan. Add mustard seeds, cumin seeds, a pinch of hing (asafoetida), and curry leaves. Let them splutter.
3. Aromatics: Add chopped onions and sauté until translucent. Add ginger-garlic paste and sauté for another minute.
4. Main Ingredient Addition: Add the chopped Mix Veg along with a pinch of turmeric and salt. Mix well to coat with the oil and spices.
5. Searing/Cooking: Cook uncovered on medium-high heat for the first 5 minutes to get a slight sear. Then, reduce the heat, cover with a lid, and cook until Mix Veg is 80% tender. Stir occasionally to prevent sticking.
6. Spicing: Remove the lid and add dry spice powders (coriander powder, cumin powder, red chili powder, amchur/dry mango powder). Mix thoroughly.
7. Finishing: Sauté on medium heat for another 3-4 minutes to crisp up the edges. Finish with a sprinkle of garam masala and fresh coriander leaves. Serve hot as a side dish.",,True,2026-08-08T05:39:03.819005+00:00,Main Course
65bf3b58-7ad4-4601-8fc2-badebd1f195e,mix-veg-roast,Mix Veg Roast,Hyderabadi,Mix Veg,"500g Mix Veg, washed and prepped
2 medium Onions, finely chopped
1 tbsp Ginger-Garlic Paste
2 medium Tomatoes, pureed or chopped
2-3 Green Chilies, slit
1 tsp Cumin Seeds
1/2 tsp Turmeric Powder
1 tsp Red Chili Powder
1 tsp Garam Masala
2 tbsp Oil or Ghee
Salt to taste
2 tbsp Fresh Coriander Leaves, chopped",Vegetarian,False,{},{All},"1. Ingredient Prep: Wash, peel, and chop Mix Veg into even, bite-sized pieces. Finely chop onions, tomatoes, and slit green chilies.
2. Tempering (Tadka): Heat 2-3 tbsp of oil (mustard oil preferred for vegetables) in a wide pan. Add mustard seeds, cumin seeds, a pinch of hing (asafoetida), and curry leaves. Let them splutter.
3. Aromatics: Add chopped onions and sauté until translucent. Add ginger-garlic paste and sauté for another minute.
4. Main Ingredient Addition: Add the chopped Mix Veg along with a pinch of turmeric and salt. Mix well to coat with the oil and spices.
5. Searing/Cooking: Cook uncovered on medium-high heat for the first 5 minutes to get a slight sear. Then, reduce the heat, cover with a lid, and cook until Mix Veg is 80% tender. Stir occasionally to prevent sticking.
6. Spicing: Remove the lid and add dry spice powders (coriander powder, cumin powder, red chili powder, amchur/dry mango powder). Mix thoroughly.
7. Finishing: Sauté on medium heat for another 3-4 minutes to crisp up the edges. Finish with a sprinkle of garam masala and fresh coriander leaves. Serve hot as a side dish.",,True,2026-08-08T05:39:03.819019+00:00,Main Course
525580d7-c137-4a80-a026-cb660063d58e,mix-veg-tikka,Mix Veg Tikka,Hyderabadi,Mix Veg,"500g Mix Veg, washed and prepped
2 medium Onions, finely chopped
1 tbsp Ginger-Garlic Paste
2 medium Tomatoes, pureed or chopped
2-3 Green Chilies, slit
1 tsp Cumin Seeds
1/2 tsp Turmeric Powder
1 tsp Red Chili Powder
1 tsp Garam Masala
2 tbsp Oil or Ghee
Salt to taste
2 tbsp Fresh Coriander Leaves, chopped",Vegan,False,{},{All},"1. Ingredient Prep: Wash, peel, and chop Mix Veg into even, bite-sized pieces. Finely chop onions, tomatoes, and slit green chilies.
2. Tempering (Tadka): Heat 2-3 tbsp of oil (mustard oil preferred for vegetables) in a wide pan. Add mustard seeds, cumin seeds, a pinch of hing (asafoetida), and curry leaves. Let them splutter.
3. Aromatics: Add chopped onions and sauté until translucent. Add ginger-garlic paste and sauté for another minute.
4. Main Ingredient Addition: Add the chopped Mix Veg along with a pinch of turmeric and salt. Mix well to coat with the oil and spices.
5. Searing/Cooking: Cook uncovered on medium-high heat for the first 5 minutes to get a slight sear. Then, reduce the heat, cover with a lid, and cook until Mix Veg is 80% tender. Stir occasionally to prevent sticking.
6. Spicing: Remove the lid and add dry spice powders (coriander powder, cumin powder, red chili powder, amchur/dry mango powder). Mix thoroughly.
7. Finishing: Sauté on medium heat for another 3-4 minutes to crisp up the edges. Finish with a sprinkle of garam masala and fresh coriander leaves. Serve hot as a side dish.",,True,2026-08-08T05:39:03.819033+00:00,Main Course
06db5807-50be-468c-85fb-e42e0fb370a3,mix-veg-korma,Mix Veg Korma,Gujarati,Mix Veg,"500g Mix Veg, washed and prepped
2 medium Onions, finely chopped
1 tbsp Ginger-Garlic Paste
2 medium Tomatoes, pureed or chopped
2-3 Green Chilies, slit
1 tsp Cumin Seeds
1/2 tsp Turmeric Powder
1 tsp Red Chili Powder
1 tsp Garam Masala
2 tbsp Oil or Ghee
Salt to taste
2 tbsp Fresh Coriander Leaves, chopped",Vegetarian,False,{Nuts},{All},"1. Preparation: Thoroughly wash and prepare Mix Veg. If it's meat or paneer, marinate it with a little turmeric, red chili powder, salt, and lemon juice for 20 minutes. Finely chop 2 onions and puree 2 tomatoes.
2. Whole Spices (Tadka): Heat 3 tbsp of oil or ghee in a heavy-bottomed pan or pressure cooker over medium heat. Add cumin seeds, 1 bay leaf, 2-3 cloves, and a small cinnamon stick. Let them sizzle for 30 seconds to release their aroma.
3. Onion Base: Add the finely chopped onions and a pinch of salt. Sauté patiently for 8-10 minutes until they turn a deep golden brown.
4. Aromatics & Tomatoes: Add 1 tbsp of ginger-garlic paste and green chilies. Sauté for 1 minute until the raw smell goes away. Pour in the tomato puree and cook until the mixture thickens and oil starts separating from the edges (about 5-7 minutes).
5. Spice Powders: Lower the heat and add 1/2 tsp turmeric, 1 tsp Kashmiri red chili powder, 1 tsp coriander powder, and 1/2 tsp cumin powder. Stir constantly for 30 seconds so the spices bloom without burning.
6. Adding Base: Add the prepared Mix Veg to the masala. Sauté on medium-high heat for 4-5 minutes to coat everything well and seal in the flavors.
7. Simmering: Pour in 1 to 1.5 cups of warm water (adjust for desired gravy consistency). Bring to a boil, then reduce heat to low, cover with a lid, and simmer. Cook until the Mix Veg is completely tender (15 mins for veg/paneer, 30-45 mins for meat).
8. Final Garnish: Crush 1 tsp of Kasuri Methi (dried fenugreek leaves) between your palms and sprinkle it over the curry along with 1/2 tsp of garam masala. Garnish with freshly chopped cilantro and serve hot.",,True,2026-08-08T05:39:03.819046+00:00,Main Course
42fa7ed8-fe9a-4a11-94cc-ee833436cabe,mix-veg-makhani,Mix Veg Makhani,Hyderabadi,Mix Veg,"500g Mix Veg, washed and prepped
2-3 Green Chilies, slit
1 tsp Cumin Seeds
1/2 tsp Turmeric Powder
1 tsp Red Chili Powder
1 tsp Garam Masala
3 tbsp Butter
1/4 cup Fresh Cream
1 tsp Kasuri Methi
Salt to taste
2 tbsp Fresh Coriander Leaves, chopped",Vegan,True,{Dairy},{All},"1. Preparation: Thoroughly wash and prepare Mix Veg. If it's meat or paneer, marinate it with a little turmeric, red chili powder, salt, and lemon juice for 20 minutes. Finely chop 2 onions and puree 2 tomatoes.
2. Whole Spices (Tadka): Heat 3 tbsp of oil or ghee in a heavy-bottomed pan or pressure cooker over medium heat. Add cumin seeds, 1 bay leaf, 2-3 cloves, and a small cinnamon stick. Let them sizzle for 30 seconds to release their aroma.
3. Onion Base: Add the finely chopped onions and a pinch of salt. Sauté patiently for 8-10 minutes until they turn a deep golden brown.
4. Aromatics & Tomatoes: Add 1 tbsp of ginger-garlic paste and green chilies. Sauté for 1 minute until the raw smell goes away. Pour in the tomato puree and cook until the mixture thickens and oil starts separating from the edges (about 5-7 minutes).
5. Spice Powders: Lower the heat and add 1/2 tsp turmeric, 1 tsp Kashmiri red chili powder, 1 tsp coriander powder, and 1/2 tsp cumin powder. Stir constantly for 30 seconds so the spices bloom without burning.
6. Adding Base: Add the prepared Mix Veg to the masala. Sauté on medium-high heat for 4-5 minutes to coat everything well and seal in the flavors.
7. Simmering: Pour in 1 to 1.5 cups of warm water (adjust for desired gravy consistency). Bring to a boil, then reduce heat to low, cover with a lid, and simmer. Cook until the Mix Veg is completely tender (15 mins for veg/paneer, 30-45 mins for meat).
8. Final Garnish: Crush 1 tsp of Kasuri Methi (dried fenugreek leaves) between your palms and sprinkle it over the curry along with 1/2 tsp of garam masala. Garnish with freshly chopped cilantro and serve hot.",,True,2026-08-08T05:39:03.819071+00:00,Main Course
64c39673-dc50-4bbb-9c3b-2b6567ed7ac1,mix-veg-bhurji,Mix Veg Bhurji,North Indian,Mix Veg,"500g Mix Veg, washed and prepped
2 medium Onions, finely chopped
1 tbsp Ginger-Garlic Paste
2 medium Tomatoes, pureed or chopped
2-3 Green Chilies, slit
1 tsp Cumin Seeds
1/2 tsp Turmeric Powder
1 tsp Red Chili Powder
1 tsp Garam Masala
2 tbsp Oil or Ghee
Salt to taste
2 tbsp Fresh Coriander Leaves, chopped",Vegetarian,False,{},{All},"1. Ingredient Prep: Wash, peel, and chop Mix Veg into even, bite-sized pieces. Finely chop onions, tomatoes, and slit green chilies.
2. Tempering (Tadka): Heat 2-3 tbsp of oil (mustard oil preferred for vegetables) in a wide pan. Add mustard seeds, cumin seeds, a pinch of hing (asafoetida), and curry leaves. Let them splutter.
3. Aromatics: Add chopped onions and sauté until translucent. Add ginger-garlic paste and sauté for another minute.
4. Main Ingredient Addition: Add the chopped Mix Veg along with a pinch of turmeric and salt. Mix well to coat with the oil and spices.
5. Searing/Cooking: Cook uncovered on medium-high heat for the first 5 minutes to get a slight sear. Then, reduce the heat, cover with a lid, and cook until Mix Veg is 80% tender. Stir occasionally to prevent sticking.
6. Spicing: Remove the lid and add dry spice powders (coriander powder, cumin powder, red chili powder, amchur/dry mango powder). Mix thoroughly.
7. Finishing: Sauté on medium heat for another 3-4 minutes to crisp up the edges. Finish with a sprinkle of garam masala and fresh coriander leaves. Serve hot as a side dish.",,True,2026-08-08T05:39:03.819106+00:00,Main Course
499372a2-296e-46e9-b783-a5edf82c0158,mix-veg-kofta,Mix Veg Kofta,South Indian,Mix Veg,"500g Mix Veg, washed and prepped
2 medium Onions, finely chopped
1 tbsp Ginger-Garlic Paste
2 medium Tomatoes, pureed or chopped
2-3 Green Chilies, slit
1 tsp Cumin Seeds
1/2 tsp Turmeric Powder
1 tsp Red Chili Powder
1 tsp Garam Masala
2 tbsp Oil or Ghee
Salt to taste
2 tbsp Fresh Coriander Leaves, chopped",Vegan,False,{},{All},"1. Preparation: Thoroughly wash and prepare Mix Veg. If it's meat or paneer, marinate it with a little turmeric, red chili powder, salt, and lemon juice for 20 minutes. Finely chop 2 onions and puree 2 tomatoes.
2. Whole Spices (Tadka): Heat 3 tbsp of oil or ghee in a heavy-bottomed pan or pressure cooker over medium heat. Add cumin seeds, 1 bay leaf, 2-3 cloves, and a small cinnamon stick. Let them sizzle for 30 seconds to release their aroma.
3. Onion Base: Add the finely chopped onions and a pinch of salt. Sauté patiently for 8-10 minutes until they turn a deep golden brown.
4. Aromatics & Tomatoes: Add 1 tbsp of ginger-garlic paste and green chilies. Sauté for 1 minute until the raw smell goes away. Pour in the tomato puree and cook until the mixture thickens and oil starts separating from the edges (about 5-7 minutes).
5. Spice Powders: Lower the heat and add 1/2 tsp turmeric, 1 tsp Kashmiri red chili powder, 1 tsp coriander powder, and 1/2 tsp cumin powder. Stir constantly for 30 seconds so the spices bloom without burning.
6. Adding Base: Add the prepared Mix Veg to the masala. Sauté on medium-high heat for 4-5 minutes to coat everything well and seal in the flavors.
7. Simmering: Pour in 1 to 1.5 cups of warm water (adjust for desired gravy consistency). Bring to a boil, then reduce heat to low, cover with a lid, and simmer. Cook until the Mix Veg is completely tender (15 mins for veg/paneer, 30-45 mins for meat).
8. Final Garnish: Crush 1 tsp of Kasuri Methi (dried fenugreek leaves) between your palms and sprinkle it over the curry along with 1/2 tsp of garam masala. Garnish with freshly chopped cilantro and serve hot.",,True,2026-08-08T05:39:03.819136+00:00,Main Course
83883cc7-ea2c-48b6-84be-b8845c030e7f,mix-veg-saag,Mix Veg Saag,Punjabi,Mix Veg,"500g Mix Veg, washed and prepped
2-3 Green Chilies, slit
1 tsp Cumin Seeds
1/2 tsp Turmeric Powder
1 tsp Red Chili Powder
1 tsp Garam Masala
2 tbsp Oil or Ghee
Salt to taste
2 tbsp Fresh Coriander Leaves, chopped",Vegan,True,{},{All},"1. Preparation: Thoroughly wash and prepare Mix Veg. If it's meat or paneer, marinate it with a little turmeric, red chili powder, salt, and lemon juice for 20 minutes. Finely chop 2 onions and puree 2 tomatoes.
2. Whole Spices (Tadka): Heat 3 tbsp of oil or ghee in a heavy-bottomed pan or pressure cooker over medium heat. Add cumin seeds, 1 bay leaf, 2-3 cloves, and a small cinnamon stick. Let them sizzle for 30 seconds to release their aroma.
3. Onion Base: Add the finely chopped onions and a pinch of salt. Sauté patiently for 8-10 minutes until they turn a deep golden brown.
4. Aromatics & Tomatoes: Add 1 tbsp of ginger-garlic paste and green chilies. Sauté for 1 minute until the raw smell goes away. Pour in the tomato puree and cook until the mixture thickens and oil starts separating from the edges (about 5-7 minutes).
5. Spice Powders: Lower the heat and add 1/2 tsp turmeric, 1 tsp Kashmiri red chili powder, 1 tsp coriander powder, and 1/2 tsp cumin powder. Stir constantly for 30 seconds so the spices bloom without burning.
6. Adding Base: Add the prepared Mix Veg to the masala. Sauté on medium-high heat for 4-5 minutes to coat everything well and seal in the flavors.
7. Simmering: Pour in 1 to 1.5 cups of warm water (adjust for desired gravy consistency). Bring to a boil, then reduce heat to low, cover with a lid, and simmer. Cook until the Mix Veg is completely tender (15 mins for veg/paneer, 30-45 mins for meat).
8. Final Garnish: Crush 1 tsp of Kasuri Methi (dried fenugreek leaves) between your palms and sprinkle it over the curry along with 1/2 tsp of garam masala. Garnish with freshly chopped cilantro and serve hot.",,True,2026-08-08T05:39:03.819154+00:00,Main Course
780dab3f-6291-44b2-a0d8-64ceeba08fbe,mix-veg-vindaloo,Mix Veg Vindaloo,Goan,Mix Veg,"500g Mix Veg, washed and prepped
2-3 Green Chilies, slit
1 tsp Cumin Seeds
1/2 tsp Turmeric Powder
1 tsp Red Chili Powder
1 tsp Garam Masala
2 tbsp Oil or Ghee
Salt to taste
2 tbsp Fresh Coriander Leaves, chopped",Vegan,True,{},{All},"1. Preparation: Thoroughly wash and prepare Mix Veg. If it's meat or paneer, marinate it with a little turmeric, red chili powder, salt, and lemon juice for 20 minutes. Finely chop 2 onions and puree 2 tomatoes.
2. Whole Spices (Tadka): Heat 3 tbsp of oil or ghee in a heavy-bottomed pan or pressure cooker over medium heat. Add cumin seeds, 1 bay leaf, 2-3 cloves, and a small cinnamon stick. Let them sizzle for 30 seconds to release their aroma.
3. Onion Base: Add the finely chopped onions and a pinch of salt. Sauté patiently for 8-10 minutes until they turn a deep golden brown.
4. Aromatics & Tomatoes: Add 1 tbsp of ginger-garlic paste and green chilies. Sauté for 1 minute until the raw smell goes away. Pour in the tomato puree and cook until the mixture thickens and oil starts separating from the edges (about 5-7 minutes).
5. Spice Powders: Lower the heat and add 1/2 tsp turmeric, 1 tsp Kashmiri red chili powder, 1 tsp coriander powder, and 1/2 tsp cumin powder. Stir constantly for 30 seconds so the spices bloom without burning.
6. Adding Base: Add the prepared Mix Veg to the masala. Sauté on medium-high heat for 4-5 minutes to coat everything well and seal in the flavors.
7. Simmering: Pour in 1 to 1.5 cups of warm water (adjust for desired gravy consistency). Bring to a boil, then reduce heat to low, cover with a lid, and simmer. Cook until the Mix Veg is completely tender (15 mins for veg/paneer, 30-45 mins for meat).
8. Final Garnish: Crush 1 tsp of Kasuri Methi (dried fenugreek leaves) between your palms and sprinkle it over the curry along with 1/2 tsp of garam masala. Garnish with freshly chopped cilantro and serve hot.",,True,2026-08-08T05:39:03.819171+00:00,Main Course
04364c0e-3b8d-4e21-a4d5-1fb8ec608f28,mix-veg-chettinad,Mix Veg Chettinad,Hyderabadi,Mix Veg,"500g Mix Veg, washed and prepped
2 medium Onions, finely chopped
1 tbsp Ginger-Garlic Paste
2 medium Tomatoes, pureed or chopped
2-3 Green Chilies, slit
1 tsp Cumin Seeds
1/2 tsp Turmeric Powder
1 tsp Red Chili Powder
1 tsp Garam Masala
2 tbsp Oil or Ghee
Salt to taste
2 tbsp Fresh Coriander Leaves, chopped",Vegan,False,{},{All},"1. Preparation: Thoroughly wash and prepare Mix Veg. If it's meat or paneer, marinate it with a little turmeric, red chili powder, salt, and lemon juice for 20 minutes. Finely chop 2 onions and puree 2 tomatoes.
2. Whole Spices (Tadka): Heat 3 tbsp of oil or ghee in a heavy-bottomed pan or pressure cooker over medium heat. Add cumin seeds, 1 bay leaf, 2-3 cloves, and a small cinnamon stick. Let them sizzle for 30 seconds to release their aroma.
3. Onion Base: Add the finely chopped onions and a pinch of salt. Sauté patiently for 8-10 minutes until they turn a deep golden brown.
4. Aromatics & Tomatoes: Add 1 tbsp of ginger-garlic paste and green chilies. Sauté for 1 minute until the raw smell goes away. Pour in the tomato puree and cook until the mixture thickens and oil starts separating from the edges (about 5-7 minutes).
5. Spice Powders: Lower the heat and add 1/2 tsp turmeric, 1 tsp Kashmiri red chili powder, 1 tsp coriander powder, and 1/2 tsp cumin powder. Stir constantly for 30 seconds so the spices bloom without burning.
6. Adding Base: Add the prepared Mix Veg to the masala. Sauté on medium-high heat for 4-5 minutes to coat everything well and seal in the flavors.
7. Simmering: Pour in 1 to 1.5 cups of warm water (adjust for desired gravy consistency). Bring to a boil, then reduce heat to low, cover with a lid, and simmer. Cook until the Mix Veg is completely tender (15 mins for veg/paneer, 30-45 mins for meat).
8. Final Garnish: Crush 1 tsp of Kasuri Methi (dried fenugreek leaves) between your palms and sprinkle it over the curry along with 1/2 tsp of garam masala. Garnish with freshly chopped cilantro and serve hot.",,True,2026-08-08T05:39:03.819186+00:00,Main Course
3722f636-0dbc-4daa-a489-a57b57e91271,mix-veg-do-pyaza,Mix Veg Do Pyaza,Andhra,Mix Veg,"500g Mix Veg, washed and prepped
2 medium Onions, finely chopped
1 tbsp Ginger-Garlic Paste
2 medium Tomatoes, pureed or chopped
2-3 Green Chilies, slit
1 tsp Cumin Seeds
1/2 tsp Turmeric Powder
1 tsp Red Chili Powder
1 tsp Garam Masala
2 tbsp Oil or Ghee
Salt to taste
2 tbsp Fresh Coriander Leaves, chopped",Vegan,False,{},{All},"1. Preparation: Thoroughly wash and prepare Mix Veg. If it's meat or paneer, marinate it with a little turmeric, red chili powder, salt, and lemon juice for 20 minutes. Finely chop 2 onions and puree 2 tomatoes.
2. Whole Spices (Tadka): Heat 3 tbsp of oil or ghee in a heavy-bottomed pan or pressure cooker over medium heat. Add cumin seeds, 1 bay leaf, 2-3 cloves, and a small cinnamon stick. Let them sizzle for 30 seconds to release their aroma.
3. Onion Base: Add the finely chopped onions and a pinch of salt. Sauté patiently for 8-10 minutes until they turn a deep golden brown.
4. Aromatics & Tomatoes: Add 1 tbsp of ginger-garlic paste and green chilies. Sauté for 1 minute until the raw smell goes away. Pour in the tomato puree and cook until the mixture thickens and oil starts separating from the edges (about 5-7 minutes).
5. Spice Powders: Lower the heat and add 1/2 tsp turmeric, 1 tsp Kashmiri red chili powder, 1 tsp coriander powder, and 1/2 tsp cumin powder. Stir constantly for 30 seconds so the spices bloom without burning.
6. Adding Base: Add the prepared Mix Veg to the masala. Sauté on medium-high heat for 4-5 minutes to coat everything well and seal in the flavors.
7. Simmering: Pour in 1 to 1.5 cups of warm water (adjust for desired gravy consistency). Bring to a boil, then reduce heat to low, cover with a lid, and simmer. Cook until the Mix Veg is completely tender (15 mins for veg/paneer, 30-45 mins for meat).
8. Final Garnish: Crush 1 tsp of Kasuri Methi (dried fenugreek leaves) between your palms and sprinkle it over the curry along with 1/2 tsp of garam masala. Garnish with freshly chopped cilantro and serve hot.",,True,2026-08-08T05:39:03.819201+00:00,Main Course
8a25c0c1-5078-4440-8e28-64ead710b4a0,mix-veg-salna,Mix Veg Salna,Tamil,Mix Veg,"500g Mix Veg, washed and prepped
2 medium Onions, finely chopped
1 tbsp Ginger-Garlic Paste
2 medium Tomatoes, pureed or chopped
2-3 Green Chilies, slit
1 tsp Cumin Seeds
1/2 tsp Turmeric Powder
1 tsp Red Chili Powder
1 tsp Garam Masala
2 tbsp Oil or Ghee
Salt to taste
2 tbsp Fresh Coriander Leaves, chopped",Vegan,False,{},{All},"1. Preparation: Thoroughly wash and prepare Mix Veg. If it's meat or paneer, marinate it with a little turmeric, red chili powder, salt, and lemon juice for 20 minutes. Finely chop 2 onions and puree 2 tomatoes.
2. Whole Spices (Tadka): Heat 3 tbsp of oil or ghee in a heavy-bottomed pan or pressure cooker over medium heat. Add cumin seeds, 1 bay leaf, 2-3 cloves, and a small cinnamon stick. Let them sizzle for 30 seconds to release their aroma.
3. Onion Base: Add the finely chopped onions and a pinch of salt. Sauté patiently for 8-10 minutes until they turn a deep golden brown.
4. Aromatics & Tomatoes: Add 1 tbsp of ginger-garlic paste and green chilies. Sauté for 1 minute until the raw smell goes away. Pour in the tomato puree and cook until the mixture thickens and oil starts separating from the edges (about 5-7 minutes).
5. Spice Powders: Lower the heat and add 1/2 tsp turmeric, 1 tsp Kashmiri red chili powder, 1 tsp coriander powder, and 1/2 tsp cumin powder. Stir constantly for 30 seconds so the spices bloom without burning.
6. Adding Base: Add the prepared Mix Veg to the masala. Sauté on medium-high heat for 4-5 minutes to coat everything well and seal in the flavors.
7. Simmering: Pour in 1 to 1.5 cups of warm water (adjust for desired gravy consistency). Bring to a boil, then reduce heat to low, cover with a lid, and simmer. Cook until the Mix Veg is completely tender (15 mins for veg/paneer, 30-45 mins for meat).
8. Final Garnish: Crush 1 tsp of Kasuri Methi (dried fenugreek leaves) between your palms and sprinkle it over the curry along with 1/2 tsp of garam masala. Garnish with freshly chopped cilantro and serve hot.",,True,2026-08-08T05:39:03.819216+00:00,Main Course
ddf714c8-c8e8-4630-84b5-cdd0d3730a7d,mix-veg-kurma,Mix Veg Kurma,Punjabi,Mix Veg,"500g Mix Veg, washed and prepped
2 medium Onions, finely chopped
1 tbsp Ginger-Garlic Paste
2 medium Tomatoes, pureed or chopped
2-3 Green Chilies, slit
1 tsp Cumin Seeds
1/2 tsp Turmeric Powder
1 tsp Red Chili Powder
1 tsp Garam Masala
2 tbsp Oil or Ghee
Salt to taste
2 tbsp Fresh Coriander Leaves, chopped",Vegan,False,{Nuts},{All},"1. Preparation: Thoroughly wash and prepare Mix Veg. If it's meat or paneer, marinate it with a little turmeric, red chili powder, salt, and lemon juice for 20 minutes. Finely chop 2 onions and puree 2 tomatoes.
2. Whole Spices (Tadka): Heat 3 tbsp of oil or ghee in a heavy-bottomed pan or pressure cooker over medium heat. Add cumin seeds, 1 bay leaf, 2-3 cloves, and a small cinnamon stick. Let them sizzle for 30 seconds to release their aroma.
3. Onion Base: Add the finely chopped onions and a pinch of salt. Sauté patiently for 8-10 minutes until they turn a deep golden brown.
4. Aromatics & Tomatoes: Add 1 tbsp of ginger-garlic paste and green chilies. Sauté for 1 minute until the raw smell goes away. Pour in the tomato puree and cook until the mixture thickens and oil starts separating from the edges (about 5-7 minutes).
5. Spice Powders: Lower the heat and add 1/2 tsp turmeric, 1 tsp Kashmiri red chili powder, 1 tsp coriander powder, and 1/2 tsp cumin powder. Stir constantly for 30 seconds so the spices bloom without burning.
6. Adding Base: Add the prepared Mix Veg to the masala. Sauté on medium-high heat for 4-5 minutes to coat everything well and seal in the flavors.
7. Simmering: Pour in 1 to 1.5 cups of warm water (adjust for desired gravy consistency). Bring to a boil, then reduce heat to low, cover with a lid, and simmer. Cook until the Mix Veg is completely tender (15 mins for veg/paneer, 30-45 mins for meat).
8. Final Garnish: Crush 1 tsp of Kasuri Methi (dried fenugreek leaves) between your palms and sprinkle it over the curry along with 1/2 tsp of garam masala. Garnish with freshly chopped cilantro and serve hot.",,True,2026-08-08T05:39:03.819235+00:00,Main Course
9a972c83-77f4-4ccc-8d68-9b59269af069,chicken-curry,Chicken Curry,Kerala,Chicken,"500g Chicken, bone-in or boneless
2 medium Onions, finely chopped
1 tbsp Ginger-Garlic Paste
2 medium Tomatoes, pureed or chopped
2-3 Green Chilies, slit
1 tsp Cumin Seeds
1/2 tsp Turmeric Powder
1 tsp Red Chili Powder
1 tsp Garam Masala
2 tbsp Oil or Ghee
Salt to taste
2 tbsp Fresh Coriander Leaves, chopped",Non-Vegetarian,False,{},{All},"1. Preparation: Thoroughly wash and prepare Chicken. If it's meat or paneer, marinate it with a little turmeric, red chili powder, salt, and lemon juice for 20 minutes. Finely chop 2 onions and puree 2 tomatoes.
2. Whole Spices (Tadka): Heat 3 tbsp of oil or ghee in a heavy-bottomed pan or pressure cooker over medium heat. Add cumin seeds, 1 bay leaf, 2-3 cloves, and a small cinnamon stick. Let them sizzle for 30 seconds to release their aroma.
3. Onion Base: Add the finely chopped onions and a pinch of salt. Sauté patiently for 8-10 minutes until they turn a deep golden brown.
4. Aromatics & Tomatoes: Add 1 tbsp of ginger-garlic paste and green chilies. Sauté for 1 minute until the raw smell goes away. Pour in the tomato puree and cook until the mixture thickens and oil starts separating from the edges (about 5-7 minutes).
5. Spice Powders: Lower the heat and add 1/2 tsp turmeric, 1 tsp Kashmiri red chili powder, 1 tsp coriander powder, and 1/2 tsp cumin powder. Stir constantly for 30 seconds so the spices bloom without burning.
6. Adding Base: Add the prepared Chicken to the masala. Sauté on medium-high heat for 4-5 minutes to coat everything well and seal in the flavors.
7. Simmering: Pour in 1 to 1.5 cups of warm water (adjust for desired gravy consistency). Bring to a boil, then reduce heat to low, cover with a lid, and simmer. Cook until the Chicken is completely tender (15 mins for veg/paneer, 30-45 mins for meat).
8. Final Garnish: Crush 1 tsp of Kasuri Methi (dried fenugreek leaves) between your palms and sprinkle it over the curry along with 1/2 tsp of garam masala. Garnish with freshly chopped cilantro and serve hot.",,True,2026-08-08T05:39:03.819261+00:00,Main Course
3dc48caf-7807-4d98-b0aa-165dbc946834,chicken-masala,Chicken Masala,Maharashtrian,Chicken,"500g Chicken, bone-in or boneless
2 medium Onions, finely chopped
1 tbsp Ginger-Garlic Paste
2 medium Tomatoes, pureed or chopped
2-3 Green Chilies, slit
1 tsp Cumin Seeds
1/2 tsp Turmeric Powder
1 tsp Red Chili Powder
1 tsp Garam Masala
2 tbsp Oil or Ghee
Salt to taste
2 tbsp Fresh Coriander Leaves, chopped",Non-Vegetarian,False,{},{All},"1. Preparation: Thoroughly wash and prepare Chicken. If it's meat or paneer, marinate it with a little turmeric, red chili powder, salt, and lemon juice for 20 minutes. Finely chop 2 onions and puree 2 tomatoes.
2. Whole Spices (Tadka): Heat 3 tbsp of oil or ghee in a heavy-bottomed pan or pressure cooker over medium heat. Add cumin seeds, 1 bay leaf, 2-3 cloves, and a small cinnamon stick. Let them sizzle for 30 seconds to release their aroma.
3. Onion Base: Add the finely chopped onions and a pinch of salt. Sauté patiently for 8-10 minutes until they turn a deep golden brown.
4. Aromatics & Tomatoes: Add 1 tbsp of ginger-garlic paste and green chilies. Sauté for 1 minute until the raw smell goes away. Pour in the tomato puree and cook until the mixture thickens and oil starts separating from the edges (about 5-7 minutes).
5. Spice Powders: Lower the heat and add 1/2 tsp turmeric, 1 tsp Kashmiri red chili powder, 1 tsp coriander powder, and 1/2 tsp cumin powder. Stir constantly for 30 seconds so the spices bloom without burning.
6. Adding Base: Add the prepared Chicken to the masala. Sauté on medium-high heat for 4-5 minutes to coat everything well and seal in the flavors.
7. Simmering: Pour in 1 to 1.5 cups of warm water (adjust for desired gravy consistency). Bring to a boil, then reduce heat to low, cover with a lid, and simmer. Cook until the Chicken is completely tender (15 mins for veg/paneer, 30-45 mins for meat).
8. Final Garnish: Crush 1 tsp of Kasuri Methi (dried fenugreek leaves) between your palms and sprinkle it over the curry along with 1/2 tsp of garam masala. Garnish with freshly chopped cilantro and serve hot.",,True,2026-08-08T05:39:03.819287+00:00,Main Course
32b237b2-b01e-4472-a7b7-ccd8fb773575,chicken-fry,Chicken Fry,Hyderabadi,Chicken,"500g Chicken, bone-in or boneless
2 medium Onions, finely chopped
1 tbsp Ginger-Garlic Paste
2 medium Tomatoes, pureed or chopped
2-3 Green Chilies, slit
1 tsp Cumin Seeds
1/2 tsp Turmeric Powder
1 tsp Red Chili Powder
1 tsp Garam Masala
2 tbsp Oil or Ghee
Salt to taste
2 tbsp Fresh Coriander Leaves, chopped",Non-Vegetarian,False,{},{All},"1. Ingredient Prep: Wash, peel, and chop Chicken into even, bite-sized pieces. Finely chop onions, tomatoes, and slit green chilies.
2. Tempering (Tadka): Heat 2-3 tbsp of oil (mustard oil preferred for vegetables) in a wide pan. Add mustard seeds, cumin seeds, a pinch of hing (asafoetida), and curry leaves. Let them splutter.
3. Aromatics: Add chopped onions and sauté until translucent. Add ginger-garlic paste and sauté for another minute.
4. Main Ingredient Addition: Add the chopped Chicken along with a pinch of turmeric and salt. Mix well to coat with the oil and spices.
5. Searing/Cooking: Cook uncovered on medium-high heat for the first 5 minutes to get a slight sear. Then, reduce the heat, cover with a lid, and cook until Chicken is 80% tender. Stir occasionally to prevent sticking.
6. Spicing: Remove the lid and add dry spice powders (coriander powder, cumin powder, red chili powder, amchur/dry mango powder). Mix thoroughly.
7. Finishing: Sauté on medium heat for another 3-4 minutes to crisp up the edges. Finish with a sprinkle of garam masala and fresh coriander leaves. Serve hot as a side dish.",,True,2026-08-08T05:39:03.819309+00:00,Main Course
1dd10193-3e82-4104-be46-ee41baa79595,chicken-roast,Chicken Roast,Gujarati,Chicken,"500g Chicken, bone-in or boneless
2 medium Onions, finely chopped
1 tbsp Ginger-Garlic Paste
2 medium Tomatoes, pureed or chopped
2-3 Green Chilies, slit
1 tsp Cumin Seeds
1/2 tsp Turmeric Powder
1 tsp Red Chili Powder
1 tsp Garam Masala
2 tbsp Oil or Ghee
Salt to taste
2 tbsp Fresh Coriander Leaves, chopped",Non-Vegetarian,False,{},{All},"1. Ingredient Prep: Wash, peel, and chop Chicken into even, bite-sized pieces. Finely chop onions, tomatoes, and slit green chilies.
2. Tempering (Tadka): Heat 2-3 tbsp of oil (mustard oil preferred for vegetables) in a wide pan. Add mustard seeds, cumin seeds, a pinch of hing (asafoetida), and curry leaves. Let them splutter.
3. Aromatics: Add chopped onions and sauté until translucent. Add ginger-garlic paste and sauté for another minute.
4. Main Ingredient Addition: Add the chopped Chicken along with a pinch of turmeric and salt. Mix well to coat with the oil and spices.
5. Searing/Cooking: Cook uncovered on medium-high heat for the first 5 minutes to get a slight sear. Then, reduce the heat, cover with a lid, and cook until Chicken is 80% tender. Stir occasionally to prevent sticking.
6. Spicing: Remove the lid and add dry spice powders (coriander powder, cumin powder, red chili powder, amchur/dry mango powder). Mix thoroughly.
7. Finishing: Sauté on medium heat for another 3-4 minutes to crisp up the edges. Finish with a sprinkle of garam masala and fresh coriander leaves. Serve hot as a side dish.",,True,2026-08-08T05:39:03.819324+00:00,Main Course
b0cf0fb5-91c6-4301-8579-edcd076d65b2,chicken-tikka,Chicken Tikka,Goan,Chicken,"500g Chicken, bone-in or boneless
2 medium Onions, finely chopped
1 tbsp Ginger-Garlic Paste
2 medium Tomatoes, pureed or chopped
2-3 Green Chilies, slit
1 tsp Cumin Seeds
1/2 tsp Turmeric Powder
1 tsp Red Chili Powder
1 tsp Garam Masala
2 tbsp Oil or Ghee
Salt to taste
2 tbsp Fresh Coriander Leaves, chopped",Non-Vegetarian,False,{},{All},"1. Ingredient Prep: Wash, peel, and chop Chicken into even, bite-sized pieces. Finely chop onions, tomatoes, and slit green chilies.
2. Tempering (Tadka): Heat 2-3 tbsp of oil (mustard oil preferred for vegetables) in a wide pan. Add mustard seeds, cumin seeds, a pinch of hing (asafoetida), and curry leaves. Let them splutter.
3. Aromatics: Add chopped onions and sauté until translucent. Add ginger-garlic paste and sauté for another minute.
4. Main Ingredient Addition: Add the chopped Chicken along with a pinch of turmeric and salt. Mix well to coat with the oil and spices.
5. Searing/Cooking: Cook uncovered on medium-high heat for the first 5 minutes to get a slight sear. Then, reduce the heat, cover with a lid, and cook until Chicken is 80% tender. Stir occasionally to prevent sticking.
6. Spicing: Remove the lid and add dry spice powders (coriander powder, cumin powder, red chili powder, amchur/dry mango powder). Mix thoroughly.
7. Finishing: Sauté on medium heat for another 3-4 minutes to crisp up the edges. Finish with a sprinkle of garam masala and fresh coriander leaves. Serve hot as a side dish.",,True,2026-08-08T05:39:03.819340+00:00,Main Course
5a6b8637-9179-41d2-86ba-4ca6df7abf54,chicken-korma,Chicken Korma,Maharashtrian,Chicken,"500g Chicken, bone-in or boneless
2 medium Onions, finely chopped
1 tbsp Ginger-Garlic Paste
2 medium Tomatoes, pureed or chopped
2-3 Green Chilies, slit
1 tsp Cumin Seeds
1/2 tsp Turmeric Powder
1 tsp Red Chili Powder
1 tsp Garam Masala
2 tbsp Oil or Ghee
Salt to taste
2 tbsp Fresh Coriander Leaves, chopped",Non-Vegetarian,False,{Nuts},{All},"1. Preparation: Thoroughly wash and prepare Chicken. If it's meat or paneer, marinate it with a little turmeric, red chili powder, salt, and lemon juice for 20 minutes. Finely chop 2 onions and puree 2 tomatoes.
2. Whole Spices (Tadka): Heat 3 tbsp of oil or ghee in a heavy-bottomed pan or pressure cooker over medium heat. Add cumin seeds, 1 bay leaf, 2-3 cloves, and a small cinnamon stick. Let them sizzle for 30 seconds to release their aroma.
3. Onion Base: Add the finely chopped onions and a pinch of salt. Sauté patiently for 8-10 minutes until they turn a deep golden brown.
4. Aromatics & Tomatoes: Add 1 tbsp of ginger-garlic paste and green chilies. Sauté for 1 minute until the raw smell goes away. Pour in the tomato puree and cook until the mixture thickens and oil starts separating from the edges (about 5-7 minutes).
5. Spice Powders: Lower the heat and add 1/2 tsp turmeric, 1 tsp Kashmiri red chili powder, 1 tsp coriander powder, and 1/2 tsp cumin powder. Stir constantly for 30 seconds so the spices bloom without burning.
6. Adding Base: Add the prepared Chicken to the masala. Sauté on medium-high heat for 4-5 minutes to coat everything well and seal in the flavors.
7. Simmering: Pour in 1 to 1.5 cups of warm water (adjust for desired gravy consistency). Bring to a boil, then reduce heat to low, cover with a lid, and simmer. Cook until the Chicken is completely tender (15 mins for veg/paneer, 30-45 mins for meat).
8. Final Garnish: Crush 1 tsp of Kasuri Methi (dried fenugreek leaves) between your palms and sprinkle it over the curry along with 1/2 tsp of garam masala. Garnish with freshly chopped cilantro and serve hot.",,True,2026-08-08T05:39:03.819357+00:00,Main Course
b839db67-d2bd-427e-ab3e-4b4830112c1e,chicken-makhani,Chicken Makhani,Hyderabadi,Chicken,"500g Chicken, bone-in or boneless
2 medium Onions, finely chopped
1 tbsp Ginger-Garlic Paste
2 medium Tomatoes, pureed or chopped
2-3 Green Chilies, slit
1 tsp Cumin Seeds
1/2 tsp Turmeric Powder
1 tsp Red Chili Powder
1 tsp Garam Masala
3 tbsp Butter
1/4 cup Fresh Cream
1 tsp Kasuri Methi
Salt to taste
2 tbsp Fresh Coriander Leaves, chopped",Non-Vegetarian,False,{Dairy},{All},"1. Preparation: Thoroughly wash and prepare Chicken. If it's meat or paneer, marinate it with a little turmeric, red chili powder, salt, and lemon juice for 20 minutes. Finely chop 2 onions and puree 2 tomatoes.
2. Whole Spices (Tadka): Heat 3 tbsp of oil or ghee in a heavy-bottomed pan or pressure cooker over medium heat. Add cumin seeds, 1 bay leaf, 2-3 cloves, and a small cinnamon stick. Let them sizzle for 30 seconds to release their aroma.
3. Onion Base: Add the finely chopped onions and a pinch of salt. Sauté patiently for 8-10 minutes until they turn a deep golden brown.
4. Aromatics & Tomatoes: Add 1 tbsp of ginger-garlic paste and green chilies. Sauté for 1 minute until the raw smell goes away. Pour in the tomato puree and cook until the mixture thickens and oil starts separating from the edges (about 5-7 minutes).
5. Spice Powders: Lower the heat and add 1/2 tsp turmeric, 1 tsp Kashmiri red chili powder, 1 tsp coriander powder, and 1/2 tsp cumin powder. Stir constantly for 30 seconds so the spices bloom without burning.
6. Adding Base: Add the prepared Chicken to the masala. Sauté on medium-high heat for 4-5 minutes to coat everything well and seal in the flavors.
7. Simmering: Pour in 1 to 1.5 cups of warm water (adjust for desired gravy consistency). Bring to a boil, then reduce heat to low, cover with a lid, and simmer. Cook until the Chicken is completely tender (15 mins for veg/paneer, 30-45 mins for meat).
8. Final Garnish: Crush 1 tsp of Kasuri Methi (dried fenugreek leaves) between your palms and sprinkle it over the curry along with 1/2 tsp of garam masala. Garnish with freshly chopped cilantro and serve hot.",,True,2026-08-08T05:39:03.819371+00:00,Main Course
293b3392-1e48-42c6-a627-a2fd11fd0c4b,chicken-bhurji,Chicken Bhurji,Hyderabadi,Chicken,"500g Chicken, bone-in or boneless
2 medium Onions, finely chopped
1 tbsp Ginger-Garlic Paste
2 medium Tomatoes, pureed or chopped
2-3 Green Chilies, slit
1 tsp Cumin Seeds
1/2 tsp Turmeric Powder
1 tsp Red Chili Powder
1 tsp Garam Masala
2 tbsp Oil or Ghee
Salt to taste
2 tbsp Fresh Coriander Leaves, chopped",Non-Vegetarian,False,{},{All},"1. Ingredient Prep: Wash, peel, and chop Chicken into even, bite-sized pieces. Finely chop onions, tomatoes, and slit green chilies.
2. Tempering (Tadka): Heat 2-3 tbsp of oil (mustard oil preferred for vegetables) in a wide pan. Add mustard seeds, cumin seeds, a pinch of hing (asafoetida), and curry leaves. Let them splutter.
3. Aromatics: Add chopped onions and sauté until translucent. Add ginger-garlic paste and sauté for another minute.
4. Main Ingredient Addition: Add the chopped Chicken along with a pinch of turmeric and salt. Mix well to coat with the oil and spices.
5. Searing/Cooking: Cook uncovered on medium-high heat for the first 5 minutes to get a slight sear. Then, reduce the heat, cover with a lid, and cook until Chicken is 80% tender. Stir occasionally to prevent sticking.
6. Spicing: Remove the lid and add dry spice powders (coriander powder, cumin powder, red chili powder, amchur/dry mango powder). Mix thoroughly.
7. Finishing: Sauté on medium heat for another 3-4 minutes to crisp up the edges. Finish with a sprinkle of garam masala and fresh coriander leaves. Serve hot as a side dish.",,True,2026-08-08T05:39:03.819383+00:00,Main Course
16a3811b-caae-470b-a961-c1b00601a45e,chicken-kofta,Chicken Kofta,Tamil,Chicken,"500g Chicken, bone-in or boneless
2 medium Onions, finely chopped
1 tbsp Ginger-Garlic Paste
2 medium Tomatoes, pureed or chopped
2-3 Green Chilies, slit
1 tsp Cumin Seeds
1/2 tsp Turmeric Powder
1 tsp Red Chili Powder
1 tsp Garam Masala
2 tbsp Oil or Ghee
Salt to taste
2 tbsp Fresh Coriander Leaves, chopped",Non-Vegetarian,False,{},{All},"1. Preparation: Thoroughly wash and prepare Chicken. If it's meat or paneer, marinate it with a little turmeric, red chili powder, salt, and lemon juice for 20 minutes. Finely chop 2 onions and puree 2 tomatoes.
2. Whole Spices (Tadka): Heat 3 tbsp of oil or ghee in a heavy-bottomed pan or pressure cooker over medium heat. Add cumin seeds, 1 bay leaf, 2-3 cloves, and a small cinnamon stick. Let them sizzle for 30 seconds to release their aroma.
3. Onion Base: Add the finely chopped onions and a pinch of salt. Sauté patiently for 8-10 minutes until they turn a deep golden brown.
4. Aromatics & Tomatoes: Add 1 tbsp of ginger-garlic paste and green chilies. Sauté for 1 minute until the raw smell goes away. Pour in the tomato puree and cook until the mixture thickens and oil starts separating from the edges (about 5-7 minutes).
5. Spice Powders: Lower the heat and add 1/2 tsp turmeric, 1 tsp Kashmiri red chili powder, 1 tsp coriander powder, and 1/2 tsp cumin powder. Stir constantly for 30 seconds so the spices bloom without burning.
6. Adding Base: Add the prepared Chicken to the masala. Sauté on medium-high heat for 4-5 minutes to coat everything well and seal in the flavors.
7. Simmering: Pour in 1 to 1.5 cups of warm water (adjust for desired gravy consistency). Bring to a boil, then reduce heat to low, cover with a lid, and simmer. Cook until the Chicken is completely tender (15 mins for veg/paneer, 30-45 mins for meat).
8. Final Garnish: Crush 1 tsp of Kasuri Methi (dried fenugreek leaves) between your palms and sprinkle it over the curry along with 1/2 tsp of garam masala. Garnish with freshly chopped cilantro and serve hot.",,True,2026-08-08T05:39:03.819396+00:00,Main Course
9f04658f-5723-45e4-92cc-9d9bbb514f54,chicken-saag,Chicken Saag,Kerala,Chicken,"500g Chicken, bone-in or boneless
2 medium Onions, finely chopped
1 tbsp Ginger-Garlic Paste
2 medium Tomatoes, pureed or chopped
2-3 Green Chilies, slit
1 tsp Cumin Seeds
1/2 tsp Turmeric Powder
1 tsp Red Chili Powder
1 tsp Garam Masala
2 tbsp Oil or Ghee
Salt to taste
2 tbsp Fresh Coriander Leaves, chopped",Non-Vegetarian,False,{},{All},"1. Preparation: Thoroughly wash and prepare Chicken. If it's meat or paneer, marinate it with a little turmeric, red chili powder, salt, and lemon juice for 20 minutes. Finely chop 2 onions and puree 2 tomatoes.
2. Whole Spices (Tadka): Heat 3 tbsp of oil or ghee in a heavy-bottomed pan or pressure cooker over medium heat. Add cumin seeds, 1 bay leaf, 2-3 cloves, and a small cinnamon stick. Let them sizzle for 30 seconds to release their aroma.
3. Onion Base: Add the finely chopped onions and a pinch of salt. Sauté patiently for 8-10 minutes until they turn a deep golden brown.
4. Aromatics & Tomatoes: Add 1 tbsp of ginger-garlic paste and green chilies. Sauté for 1 minute until the raw smell goes away. Pour in the tomato puree and cook until the mixture thickens and oil starts separating from the edges (about 5-7 minutes).
5. Spice Powders: Lower the heat and add 1/2 tsp turmeric, 1 tsp Kashmiri red chili powder, 1 tsp coriander powder, and 1/2 tsp cumin powder. Stir constantly for 30 seconds so the spices bloom without burning.
6. Adding Base: Add the prepared Chicken to the masala. Sauté on medium-high heat for 4-5 minutes to coat everything well and seal in the flavors.
7. Simmering: Pour in 1 to 1.5 cups of warm water (adjust for desired gravy consistency). Bring to a boil, then reduce heat to low, cover with a lid, and simmer. Cook until the Chicken is completely tender (15 mins for veg/paneer, 30-45 mins for meat).
8. Final Garnish: Crush 1 tsp of Kasuri Methi (dried fenugreek leaves) between your palms and sprinkle it over the curry along with 1/2 tsp of garam masala. Garnish with freshly chopped cilantro and serve hot.",,True,2026-08-08T05:39:03.819415+00:00,Main Course
0999cfa8-f11e-4a11-85a2-e8f29a5a026b,chicken-vindaloo,Chicken Vindaloo,Goan,Chicken,"500g Chicken, bone-in or boneless
2 medium Onions, finely chopped
1 tbsp Ginger-Garlic Paste
2 medium Tomatoes, pureed or chopped
2-3 Green Chilies, slit
1 tsp Cumin Seeds
1/2 tsp Turmeric Powder
1 tsp Red Chili Powder
1 tsp Garam Masala
2 tbsp Oil or Ghee
Salt to taste
2 tbsp Fresh Coriander Leaves, chopped",Non-Vegetarian,False,{},{All},"1. Preparation: Thoroughly wash and prepare Chicken. If it's meat or paneer, marinate it with a little turmeric, red chili powder, salt, and lemon juice for 20 minutes. Finely chop 2 onions and puree 2 tomatoes.
2. Whole Spices (Tadka): Heat 3 tbsp of oil or ghee in a heavy-bottomed pan or pressure cooker over medium heat. Add cumin seeds, 1 bay leaf, 2-3 cloves, and a small cinnamon stick. Let them sizzle for 30 seconds to release their aroma.
3. Onion Base: Add the finely chopped onions and a pinch of salt. Sauté patiently for 8-10 minutes until they turn a deep golden brown.
4. Aromatics & Tomatoes: Add 1 tbsp of ginger-garlic paste and green chilies. Sauté for 1 minute until the raw smell goes away. Pour in the tomato puree and cook until the mixture thickens and oil starts separating from the edges (about 5-7 minutes).
5. Spice Powders: Lower the heat and add 1/2 tsp turmeric, 1 tsp Kashmiri red chili powder, 1 tsp coriander powder, and 1/2 tsp cumin powder. Stir constantly for 30 seconds so the spices bloom without burning.
6. Adding Base: Add the prepared Chicken to the masala. Sauté on medium-high heat for 4-5 minutes to coat everything well and seal in the flavors.
7. Simmering: Pour in 1 to 1.5 cups of warm water (adjust for desired gravy consistency). Bring to a boil, then reduce heat to low, cover with a lid, and simmer. Cook until the Chicken is completely tender (15 mins for veg/paneer, 30-45 mins for meat).
8. Final Garnish: Crush 1 tsp of Kasuri Methi (dried fenugreek leaves) between your palms and sprinkle it over the curry along with 1/2 tsp of garam masala. Garnish with freshly chopped cilantro and serve hot.",,True,2026-08-08T05:39:03.819433+00:00,Main Course
6496bc61-d0f7-4c02-a9c8-48ac108e5096,chicken-chettinad,Chicken Chettinad,Gujarati,Chicken,"500g Chicken, bone-in or boneless
2 medium Onions, finely chopped
1 tbsp Ginger-Garlic Paste
2 medium Tomatoes, pureed or chopped
2-3 Green Chilies, slit
1 tsp Cumin Seeds
1/2 tsp Turmeric Powder
1 tsp Red Chili Powder
1 tsp Garam Masala
2 tbsp Oil or Ghee
Salt to taste
2 tbsp Fresh Coriander Leaves, chopped",Non-Vegetarian,False,{},{All},"1. Preparation: Thoroughly wash and prepare Chicken. If it's meat or paneer, marinate it with a little turmeric, red chili powder, salt, and lemon juice for 20 minutes. Finely chop 2 onions and puree 2 tomatoes.
2. Whole Spices (Tadka): Heat 3 tbsp of oil or ghee in a heavy-bottomed pan or pressure cooker over medium heat. Add cumin seeds, 1 bay leaf, 2-3 cloves, and a small cinnamon stick. Let them sizzle for 30 seconds to release their aroma.
3. Onion Base: Add the finely chopped onions and a pinch of salt. Sauté patiently for 8-10 minutes until they turn a deep golden brown.
4. Aromatics & Tomatoes: Add 1 tbsp of ginger-garlic paste and green chilies. Sauté for 1 minute until the raw smell goes away. Pour in the tomato puree and cook until the mixture thickens and oil starts separating from the edges (about 5-7 minutes).
5. Spice Powders: Lower the heat and add 1/2 tsp turmeric, 1 tsp Kashmiri red chili powder, 1 tsp coriander powder, and 1/2 tsp cumin powder. Stir constantly for 30 seconds so the spices bloom without burning.
6. Adding Base: Add the prepared Chicken to the masala. Sauté on medium-high heat for 4-5 minutes to coat everything well and seal in the flavors.
7. Simmering: Pour in 1 to 1.5 cups of warm water (adjust for desired gravy consistency). Bring to a boil, then reduce heat to low, cover with a lid, and simmer. Cook until the Chicken is completely tender (15 mins for veg/paneer, 30-45 mins for meat).
8. Final Garnish: Crush 1 tsp of Kasuri Methi (dried fenugreek leaves) between your palms and sprinkle it over the curry along with 1/2 tsp of garam masala. Garnish with freshly chopped cilantro and serve hot.",,True,2026-08-08T05:39:03.819450+00:00,Main Course
209f1010-a322-4f09-b33c-71db8e18595d,chicken-do-pyaza,Chicken Do Pyaza,Maharashtrian,Chicken,"500g Chicken, bone-in or boneless
2 medium Onions, finely chopped
1 tbsp Ginger-Garlic Paste
2 medium Tomatoes, pureed or chopped
2-3 Green Chilies, slit
1 tsp Cumin Seeds
1/2 tsp Turmeric Powder
1 tsp Red Chili Powder
1 tsp Garam Masala
2 tbsp Oil or Ghee
Salt to taste
2 tbsp Fresh Coriander Leaves, chopped",Non-Vegetarian,False,{},{All},"1. Preparation: Thoroughly wash and prepare Chicken. If it's meat or paneer, marinate it with a little turmeric, red chili powder, salt, and lemon juice for 20 minutes. Finely chop 2 onions and puree 2 tomatoes.
2. Whole Spices (Tadka): Heat 3 tbsp of oil or ghee in a heavy-bottomed pan or pressure cooker over medium heat. Add cumin seeds, 1 bay leaf, 2-3 cloves, and a small cinnamon stick. Let them sizzle for 30 seconds to release their aroma.
3. Onion Base: Add the finely chopped onions and a pinch of salt. Sauté patiently for 8-10 minutes until they turn a deep golden brown.
4. Aromatics & Tomatoes: Add 1 tbsp of ginger-garlic paste and green chilies. Sauté for 1 minute until the raw smell goes away. Pour in the tomato puree and cook until the mixture thickens and oil starts separating from the edges (about 5-7 minutes).
5. Spice Powders: Lower the heat and add 1/2 tsp turmeric, 1 tsp Kashmiri red chili powder, 1 tsp coriander powder, and 1/2 tsp cumin powder. Stir constantly for 30 seconds so the spices bloom without burning.
6. Adding Base: Add the prepared Chicken to the masala. Sauté on medium-high heat for 4-5 minutes to coat everything well and seal in the flavors.
7. Simmering: Pour in 1 to 1.5 cups of warm water (adjust for desired gravy consistency). Bring to a boil, then reduce heat to low, cover with a lid, and simmer. Cook until the Chicken is completely tender (15 mins for veg/paneer, 30-45 mins for meat).
8. Final Garnish: Crush 1 tsp of Kasuri Methi (dried fenugreek leaves) between your palms and sprinkle it over the curry along with 1/2 tsp of garam masala. Garnish with freshly chopped cilantro and serve hot.",,True,2026-08-08T05:39:03.819466+00:00,Main Course
66890a92-cf85-4927-9a32-e790e7e33b68,chicken-salna,Chicken Salna,Kerala,Chicken,"500g Chicken, bone-in or boneless
2 medium Onions, finely chopped
1 tbsp Ginger-Garlic Paste
2 medium Tomatoes, pureed or chopped
2-3 Green Chilies, slit
1 tsp Cumin Seeds
1/2 tsp Turmeric Powder
1 tsp Red Chili Powder
1 tsp Garam Masala
2 tbsp Oil or Ghee
Salt to taste
2 tbsp Fresh Coriander Leaves, chopped",Non-Vegetarian,False,{},{All},"1. Preparation: Thoroughly wash and prepare Chicken. If it's meat or paneer, marinate it with a little turmeric, red chili powder, salt, and lemon juice for 20 minutes. Finely chop 2 onions and puree 2 tomatoes.
2. Whole Spices (Tadka): Heat 3 tbsp of oil or ghee in a heavy-bottomed pan or pressure cooker over medium heat. Add cumin seeds, 1 bay leaf, 2-3 cloves, and a small cinnamon stick. Let them sizzle for 30 seconds to release their aroma.
3. Onion Base: Add the finely chopped onions and a pinch of salt. Sauté patiently for 8-10 minutes until they turn a deep golden brown.
4. Aromatics & Tomatoes: Add 1 tbsp of ginger-garlic paste and green chilies. Sauté for 1 minute until the raw smell goes away. Pour in the tomato puree and cook until the mixture thickens and oil starts separating from the edges (about 5-7 minutes).
5. Spice Powders: Lower the heat and add 1/2 tsp turmeric, 1 tsp Kashmiri red chili powder, 1 tsp coriander powder, and 1/2 tsp cumin powder. Stir constantly for 30 seconds so the spices bloom without burning.
6. Adding Base: Add the prepared Chicken to the masala. Sauté on medium-high heat for 4-5 minutes to coat everything well and seal in the flavors.
7. Simmering: Pour in 1 to 1.5 cups of warm water (adjust for desired gravy consistency). Bring to a boil, then reduce heat to low, cover with a lid, and simmer. Cook until the Chicken is completely tender (15 mins for veg/paneer, 30-45 mins for meat).
8. Final Garnish: Crush 1 tsp of Kasuri Methi (dried fenugreek leaves) between your palms and sprinkle it over the curry along with 1/2 tsp of garam masala. Garnish with freshly chopped cilantro and serve hot.",,True,2026-08-08T05:39:03.819504+00:00,Main Course
ec13513b-b9bb-4966-987b-2cb772554fdd,chicken-kurma,Chicken Kurma,South Indian,Chicken,"500g Chicken, bone-in or boneless
2 medium Onions, finely chopped
1 tbsp Ginger-Garlic Paste
2 medium Tomatoes, pureed or chopped
2-3 Green Chilies, slit
1 tsp Cumin Seeds
1/2 tsp Turmeric Powder
1 tsp Red Chili Powder
1 tsp Garam Masala
2 tbsp Oil or Ghee
Salt to taste
2 tbsp Fresh Coriander Leaves, chopped",Non-Vegetarian,False,{Nuts},{All},"1. Preparation: Thoroughly wash and prepare Chicken. If it's meat or paneer, marinate it with a little turmeric, red chili powder, salt, and lemon juice for 20 minutes. Finely chop 2 onions and puree 2 tomatoes.
2. Whole Spices (Tadka): Heat 3 tbsp of oil or ghee in a heavy-bottomed pan or pressure cooker over medium heat. Add cumin seeds, 1 bay leaf, 2-3 cloves, and a small cinnamon stick. Let them sizzle for 30 seconds to release their aroma.
3. Onion Base: Add the finely chopped onions and a pinch of salt. Sauté patiently for 8-10 minutes until they turn a deep golden brown.
4. Aromatics & Tomatoes: Add 1 tbsp of ginger-garlic paste and green chilies. Sauté for 1 minute until the raw smell goes away. Pour in the tomato puree and cook until the mixture thickens and oil starts separating from the edges (about 5-7 minutes).
5. Spice Powders: Lower the heat and add 1/2 tsp turmeric, 1 tsp Kashmiri red chili powder, 1 tsp coriander powder, and 1/2 tsp cumin powder. Stir constantly for 30 seconds so the spices bloom without burning.
6. Adding Base: Add the prepared Chicken to the masala. Sauté on medium-high heat for 4-5 minutes to coat everything well and seal in the flavors.
7. Simmering: Pour in 1 to 1.5 cups of warm water (adjust for desired gravy consistency). Bring to a boil, then reduce heat to low, cover with a lid, and simmer. Cook until the Chicken is completely tender (15 mins for veg/paneer, 30-45 mins for meat).
8. Final Garnish: Crush 1 tsp of Kasuri Methi (dried fenugreek leaves) between your palms and sprinkle it over the curry along with 1/2 tsp of garam masala. Garnish with freshly chopped cilantro and serve hot.",,True,2026-08-08T05:39:03.819536+00:00,Main Course
e9594b00-da0e-4ed1-b2f9-ea04bcffadf0,mutton-curry,Mutton Curry,Awadhi,Mutton,"500g Mutton pieces
2 medium Onions, finely chopped
1 tbsp Ginger-Garlic Paste
2 medium Tomatoes, pureed or chopped
2-3 Green Chilies, slit
1 tsp Cumin Seeds
1/2 tsp Turmeric Powder
1 tsp Red Chili Powder
1 tsp Garam Masala
2 tbsp Oil or Ghee
Salt to taste
2 tbsp Fresh Coriander Leaves, chopped",Non-Vegetarian,False,{},{All},"1. Preparation: Thoroughly wash and prepare Mutton. If it's meat or paneer, marinate it with a little turmeric, red chili powder, salt, and lemon juice for 20 minutes. Finely chop 2 onions and puree 2 tomatoes.
2. Whole Spices (Tadka): Heat 3 tbsp of oil or ghee in a heavy-bottomed pan or pressure cooker over medium heat. Add cumin seeds, 1 bay leaf, 2-3 cloves, and a small cinnamon stick. Let them sizzle for 30 seconds to release their aroma.
3. Onion Base: Add the finely chopped onions and a pinch of salt. Sauté patiently for 8-10 minutes until they turn a deep golden brown.
4. Aromatics & Tomatoes: Add 1 tbsp of ginger-garlic paste and green chilies. Sauté for 1 minute until the raw smell goes away. Pour in the tomato puree and cook until the mixture thickens and oil starts separating from the edges (about 5-7 minutes).
5. Spice Powders: Lower the heat and add 1/2 tsp turmeric, 1 tsp Kashmiri red chili powder, 1 tsp coriander powder, and 1/2 tsp cumin powder. Stir constantly for 30 seconds so the spices bloom without burning.
6. Adding Base: Add the prepared Mutton to the masala. Sauté on medium-high heat for 4-5 minutes to coat everything well and seal in the flavors.
7. Simmering: Pour in 1 to 1.5 cups of warm water (adjust for desired gravy consistency). Bring to a boil, then reduce heat to low, cover with a lid, and simmer. Cook until the Mutton is completely tender (15 mins for veg/paneer, 30-45 mins for meat).
8. Final Garnish: Crush 1 tsp of Kasuri Methi (dried fenugreek leaves) between your palms and sprinkle it over the curry along with 1/2 tsp of garam masala. Garnish with freshly chopped cilantro and serve hot.",,True,2026-08-08T05:39:03.819573+00:00,Main Course
21fbcf3e-0934-4d68-b786-74ce76a6b36d,mutton-masala,Mutton Masala,Maharashtrian,Mutton,"500g Mutton pieces
2 medium Onions, finely chopped
1 tbsp Ginger-Garlic Paste
2 medium Tomatoes, pureed or chopped
2-3 Green Chilies, slit
1 tsp Cumin Seeds
1/2 tsp Turmeric Powder
1 tsp Red Chili Powder
1 tsp Garam Masala
2 tbsp Oil or Ghee
Salt to taste
2 tbsp Fresh Coriander Leaves, chopped",Non-Vegetarian,False,{},{All},"1. Preparation: Thoroughly wash and prepare Mutton. If it's meat or paneer, marinate it with a little turmeric, red chili powder, salt, and lemon juice for 20 minutes. Finely chop 2 onions and puree 2 tomatoes.
2. Whole Spices (Tadka): Heat 3 tbsp of oil or ghee in a heavy-bottomed pan or pressure cooker over medium heat. Add cumin seeds, 1 bay leaf, 2-3 cloves, and a small cinnamon stick. Let them sizzle for 30 seconds to release their aroma.
3. Onion Base: Add the finely chopped onions and a pinch of salt. Sauté patiently for 8-10 minutes until they turn a deep golden brown.
4. Aromatics & Tomatoes: Add 1 tbsp of ginger-garlic paste and green chilies. Sauté for 1 minute until the raw smell goes away. Pour in the tomato puree and cook until the mixture thickens and oil starts separating from the edges (about 5-7 minutes).
5. Spice Powders: Lower the heat and add 1/2 tsp turmeric, 1 tsp Kashmiri red chili powder, 1 tsp coriander powder, and 1/2 tsp cumin powder. Stir constantly for 30 seconds so the spices bloom without burning.
6. Adding Base: Add the prepared Mutton to the masala. Sauté on medium-high heat for 4-5 minutes to coat everything well and seal in the flavors.
7. Simmering: Pour in 1 to 1.5 cups of warm water (adjust for desired gravy consistency). Bring to a boil, then reduce heat to low, cover with a lid, and simmer. Cook until the Mutton is completely tender (15 mins for veg/paneer, 30-45 mins for meat).
8. Final Garnish: Crush 1 tsp of Kasuri Methi (dried fenugreek leaves) between your palms and sprinkle it over the curry along with 1/2 tsp of garam masala. Garnish with freshly chopped cilantro and serve hot.",,True,2026-08-08T05:39:03.819604+00:00,Main Course
f26f584a-2e14-4ab7-ad06-7bb79c2811d7,mutton-fry,Mutton Fry,Gujarati,Mutton,"500g Mutton pieces
2 medium Onions, finely chopped
1 tbsp Ginger-Garlic Paste
2 medium Tomatoes, pureed or chopped
2-3 Green Chilies, slit
1 tsp Cumin Seeds
1/2 tsp Turmeric Powder
1 tsp Red Chili Powder
1 tsp Garam Masala
2 tbsp Oil or Ghee
Salt to taste
2 tbsp Fresh Coriander Leaves, chopped",Non-Vegetarian,False,{},{All},"1. Ingredient Prep: Wash, peel, and chop Mutton into even, bite-sized pieces. Finely chop onions, tomatoes, and slit green chilies.
2. Tempering (Tadka): Heat 2-3 tbsp of oil (mustard oil preferred for vegetables) in a wide pan. Add mustard seeds, cumin seeds, a pinch of hing (asafoetida), and curry leaves. Let them splutter.
3. Aromatics: Add chopped onions and sauté until translucent. Add ginger-garlic paste and sauté for another minute.
4. Main Ingredient Addition: Add the chopped Mutton along with a pinch of turmeric and salt. Mix well to coat with the oil and spices.
5. Searing/Cooking: Cook uncovered on medium-high heat for the first 5 minutes to get a slight sear. Then, reduce the heat, cover with a lid, and cook until Mutton is 80% tender. Stir occasionally to prevent sticking.
6. Spicing: Remove the lid and add dry spice powders (coriander powder, cumin powder, red chili powder, amchur/dry mango powder). Mix thoroughly.
7. Finishing: Sauté on medium heat for another 3-4 minutes to crisp up the edges. Finish with a sprinkle of garam masala and fresh coriander leaves. Serve hot as a side dish.",,True,2026-08-08T05:39:03.819622+00:00,Main Course
25c18c04-9005-4cd9-b18a-ef872ea5e53f,mutton-roast,Mutton Roast,Maharashtrian,Mutton,"500g Mutton pieces
2 medium Onions, finely chopped
1 tbsp Ginger-Garlic Paste
2 medium Tomatoes, pureed or chopped
2-3 Green Chilies, slit
1 tsp Cumin Seeds
1/2 tsp Turmeric Powder
1 tsp Red Chili Powder
1 tsp Garam Masala
2 tbsp Oil or Ghee
Salt to taste
2 tbsp Fresh Coriander Leaves, chopped",Non-Vegetarian,False,{},{All},"1. Ingredient Prep: Wash, peel, and chop Mutton into even, bite-sized pieces. Finely chop onions, tomatoes, and slit green chilies.
2. Tempering (Tadka): Heat 2-3 tbsp of oil (mustard oil preferred for vegetables) in a wide pan. Add mustard seeds, cumin seeds, a pinch of hing (asafoetida), and curry leaves. Let them splutter.
3. Aromatics: Add chopped onions and sauté until translucent. Add ginger-garlic paste and sauté for another minute.
4. Main Ingredient Addition: Add the chopped Mutton along with a pinch of turmeric and salt. Mix well to coat with the oil and spices.
5. Searing/Cooking: Cook uncovered on medium-high heat for the first 5 minutes to get a slight sear. Then, reduce the heat, cover with a lid, and cook until Mutton is 80% tender. Stir occasionally to prevent sticking.
6. Spicing: Remove the lid and add dry spice powders (coriander powder, cumin powder, red chili powder, amchur/dry mango powder). Mix thoroughly.
7. Finishing: Sauté on medium heat for another 3-4 minutes to crisp up the edges. Finish with a sprinkle of garam masala and fresh coriander leaves. Serve hot as a side dish.",,True,2026-08-08T05:39:03.819636+00:00,Main Course
bd947b55-f7df-4544-97ac-42bb5d05b78e,mutton-tikka,Mutton Tikka,Bengali,Mutton,"500g Mutton pieces
2 medium Onions, finely chopped
1 tbsp Ginger-Garlic Paste
2 medium Tomatoes, pureed or chopped
2-3 Green Chilies, slit
1 tsp Cumin Seeds
1/2 tsp Turmeric Powder
1 tsp Red Chili Powder
1 tsp Garam Masala
2 tbsp Oil or Ghee
Salt to taste
2 tbsp Fresh Coriander Leaves, chopped",Non-Vegetarian,False,{},{All},"1. Ingredient Prep: Wash, peel, and chop Mutton into even, bite-sized pieces. Finely chop onions, tomatoes, and slit green chilies.
2. Tempering (Tadka): Heat 2-3 tbsp of oil (mustard oil preferred for vegetables) in a wide pan. Add mustard seeds, cumin seeds, a pinch of hing (asafoetida), and curry leaves. Let them splutter.
3. Aromatics: Add chopped onions and sauté until translucent. Add ginger-garlic paste and sauté for another minute.
4. Main Ingredient Addition: Add the chopped Mutton along with a pinch of turmeric and salt. Mix well to coat with the oil and spices.
5. Searing/Cooking: Cook uncovered on medium-high heat for the first 5 minutes to get a slight sear. Then, reduce the heat, cover with a lid, and cook until Mutton is 80% tender. Stir occasionally to prevent sticking.
6. Spicing: Remove the lid and add dry spice powders (coriander powder, cumin powder, red chili powder, amchur/dry mango powder). Mix thoroughly.
7. Finishing: Sauté on medium heat for another 3-4 minutes to crisp up the edges. Finish with a sprinkle of garam masala and fresh coriander leaves. Serve hot as a side dish.",,True,2026-08-08T05:39:03.819649+00:00,Main Course
7451a36a-5bc5-4a0c-9787-7f35bfd74266,mutton-korma,Mutton Korma,Bengali,Mutton,"500g Mutton pieces
2 medium Onions, finely chopped
1 tbsp Ginger-Garlic Paste
2 medium Tomatoes, pureed or chopped
2-3 Green Chilies, slit
1 tsp Cumin Seeds
1/2 tsp Turmeric Powder
1 tsp Red Chili Powder
1 tsp Garam Masala
2 tbsp Oil or Ghee
Salt to taste
2 tbsp Fresh Coriander Leaves, chopped",Non-Vegetarian,False,{Nuts},{All},"1. Preparation: Thoroughly wash and prepare Mutton. If it's meat or paneer, marinate it with a little turmeric, red chili powder, salt, and lemon juice for 20 minutes. Finely chop 2 onions and puree 2 tomatoes.
2. Whole Spices (Tadka): Heat 3 tbsp of oil or ghee in a heavy-bottomed pan or pressure cooker over medium heat. Add cumin seeds, 1 bay leaf, 2-3 cloves, and a small cinnamon stick. Let them sizzle for 30 seconds to release their aroma.
3. Onion Base: Add the finely chopped onions and a pinch of salt. Sauté patiently for 8-10 minutes until they turn a deep golden brown.
4. Aromatics & Tomatoes: Add 1 tbsp of ginger-garlic paste and green chilies. Sauté for 1 minute until the raw smell goes away. Pour in the tomato puree and cook until the mixture thickens and oil starts separating from the edges (about 5-7 minutes).
5. Spice Powders: Lower the heat and add 1/2 tsp turmeric, 1 tsp Kashmiri red chili powder, 1 tsp coriander powder, and 1/2 tsp cumin powder. Stir constantly for 30 seconds so the spices bloom without burning.
6. Adding Base: Add the prepared Mutton to the masala. Sauté on medium-high heat for 4-5 minutes to coat everything well and seal in the flavors.
7. Simmering: Pour in 1 to 1.5 cups of warm water (adjust for desired gravy consistency). Bring to a boil, then reduce heat to low, cover with a lid, and simmer. Cook until the Mutton is completely tender (15 mins for veg/paneer, 30-45 mins for meat).
8. Final Garnish: Crush 1 tsp of Kasuri Methi (dried fenugreek leaves) between your palms and sprinkle it over the curry along with 1/2 tsp of garam masala. Garnish with freshly chopped cilantro and serve hot.",,True,2026-08-08T05:39:03.819663+00:00,Main Course
43b97fd6-3087-4097-9296-674cc716aba4,mutton-makhani,Mutton Makhani,Tamil,Mutton,"500g Mutton pieces
2 medium Onions, finely chopped
1 tbsp Ginger-Garlic Paste
2 medium Tomatoes, pureed or chopped
2-3 Green Chilies, slit
1 tsp Cumin Seeds
1/2 tsp Turmeric Powder
1 tsp Red Chili Powder
1 tsp Garam Masala
3 tbsp Butter
1/4 cup Fresh Cream
1 tsp Kasuri Methi
Salt to taste
2 tbsp Fresh Coriander Leaves, chopped",Non-Vegetarian,False,{Dairy},{All},"1. Preparation: Thoroughly wash and prepare Mutton. If it's meat or paneer, marinate it with a little turmeric, red chili powder, salt, and lemon juice for 20 minutes. Finely chop 2 onions and puree 2 tomatoes.
2. Whole Spices (Tadka): Heat 3 tbsp of oil or ghee in a heavy-bottomed pan or pressure cooker over medium heat. Add cumin seeds, 1 bay leaf, 2-3 cloves, and a small cinnamon stick. Let them sizzle for 30 seconds to release their aroma.
3. Onion Base: Add the finely chopped onions and a pinch of salt. Sauté patiently for 8-10 minutes until they turn a deep golden brown.
4. Aromatics & Tomatoes: Add 1 tbsp of ginger-garlic paste and green chilies. Sauté for 1 minute until the raw smell goes away. Pour in the tomato puree and cook until the mixture thickens and oil starts separating from the edges (about 5-7 minutes).
5. Spice Powders: Lower the heat and add 1/2 tsp turmeric, 1 tsp Kashmiri red chili powder, 1 tsp coriander powder, and 1/2 tsp cumin powder. Stir constantly for 30 seconds so the spices bloom without burning.
6. Adding Base: Add the prepared Mutton to the masala. Sauté on medium-high heat for 4-5 minutes to coat everything well and seal in the flavors.
7. Simmering: Pour in 1 to 1.5 cups of warm water (adjust for desired gravy consistency). Bring to a boil, then reduce heat to low, cover with a lid, and simmer. Cook until the Mutton is completely tender (15 mins for veg/paneer, 30-45 mins for meat).
8. Final Garnish: Crush 1 tsp of Kasuri Methi (dried fenugreek leaves) between your palms and sprinkle it over the curry along with 1/2 tsp of garam masala. Garnish with freshly chopped cilantro and serve hot.",,True,2026-08-08T05:39:03.819675+00:00,Main Course
416de90a-d549-4e5a-8fe0-13bcfbde2762,mutton-bhurji,Mutton Bhurji,South Indian,Mutton,"500g Mutton pieces
2 medium Onions, finely chopped
1 tbsp Ginger-Garlic Paste
2 medium Tomatoes, pureed or chopped
2-3 Green Chilies, slit
1 tsp Cumin Seeds
1/2 tsp Turmeric Powder
1 tsp Red Chili Powder
1 tsp Garam Masala
2 tbsp Oil or Ghee
Salt to taste
2 tbsp Fresh Coriander Leaves, chopped",Non-Vegetarian,False,{},{All},"1. Ingredient Prep: Wash, peel, and chop Mutton into even, bite-sized pieces. Finely chop onions, tomatoes, and slit green chilies.
2. Tempering (Tadka): Heat 2-3 tbsp of oil (mustard oil preferred for vegetables) in a wide pan. Add mustard seeds, cumin seeds, a pinch of hing (asafoetida), and curry leaves. Let them splutter.
3. Aromatics: Add chopped onions and sauté until translucent. Add ginger-garlic paste and sauté for another minute.
4. Main Ingredient Addition: Add the chopped Mutton along with a pinch of turmeric and salt. Mix well to coat with the oil and spices.
5. Searing/Cooking: Cook uncovered on medium-high heat for the first 5 minutes to get a slight sear. Then, reduce the heat, cover with a lid, and cook until Mutton is 80% tender. Stir occasionally to prevent sticking.
6. Spicing: Remove the lid and add dry spice powders (coriander powder, cumin powder, red chili powder, amchur/dry mango powder). Mix thoroughly.
7. Finishing: Sauté on medium heat for another 3-4 minutes to crisp up the edges. Finish with a sprinkle of garam masala and fresh coriander leaves. Serve hot as a side dish.",,True,2026-08-08T05:39:03.819687+00:00,Main Course
6a07e83b-29a3-493d-bea6-266bf5e01c78,mutton-kofta,Mutton Kofta,Punjabi,Mutton,"500g Mutton pieces
2 medium Onions, finely chopped
1 tbsp Ginger-Garlic Paste
2 medium Tomatoes, pureed or chopped
2-3 Green Chilies, slit
1 tsp Cumin Seeds
1/2 tsp Turmeric Powder
1 tsp Red Chili Powder
1 tsp Garam Masala
2 tbsp Oil or Ghee
Salt to taste
2 tbsp Fresh Coriander Leaves, chopped",Non-Vegetarian,False,{},{All},"1. Preparation: Thoroughly wash and prepare Mutton. If it's meat or paneer, marinate it with a little turmeric, red chili powder, salt, and lemon juice for 20 minutes. Finely chop 2 onions and puree 2 tomatoes.
2. Whole Spices (Tadka): Heat 3 tbsp of oil or ghee in a heavy-bottomed pan or pressure cooker over medium heat. Add cumin seeds, 1 bay leaf, 2-3 cloves, and a small cinnamon stick. Let them sizzle for 30 seconds to release their aroma.
3. Onion Base: Add the finely chopped onions and a pinch of salt. Sauté patiently for 8-10 minutes until they turn a deep golden brown.
4. Aromatics & Tomatoes: Add 1 tbsp of ginger-garlic paste and green chilies. Sauté for 1 minute until the raw smell goes away. Pour in the tomato puree and cook until the mixture thickens and oil starts separating from the edges (about 5-7 minutes).
5. Spice Powders: Lower the heat and add 1/2 tsp turmeric, 1 tsp Kashmiri red chili powder, 1 tsp coriander powder, and 1/2 tsp cumin powder. Stir constantly for 30 seconds so the spices bloom without burning.
6. Adding Base: Add the prepared Mutton to the masala. Sauté on medium-high heat for 4-5 minutes to coat everything well and seal in the flavors.
7. Simmering: Pour in 1 to 1.5 cups of warm water (adjust for desired gravy consistency). Bring to a boil, then reduce heat to low, cover with a lid, and simmer. Cook until the Mutton is completely tender (15 mins for veg/paneer, 30-45 mins for meat).
8. Final Garnish: Crush 1 tsp of Kasuri Methi (dried fenugreek leaves) between your palms and sprinkle it over the curry along with 1/2 tsp of garam masala. Garnish with freshly chopped cilantro and serve hot.",,True,2026-08-08T05:39:03.819700+00:00,Main Course
27fc6998-a904-4089-a6aa-3d35ed024bd2,mutton-saag,Mutton Saag,Punjabi,Mutton,"500g Mutton pieces
2 medium Onions, finely chopped
1 tbsp Ginger-Garlic Paste
2 medium Tomatoes, pureed or chopped
2-3 Green Chilies, slit
1 tsp Cumin Seeds
1/2 tsp Turmeric Powder
1 tsp Red Chili Powder
1 tsp Garam Masala
2 tbsp Oil or Ghee
Salt to taste
2 tbsp Fresh Coriander Leaves, chopped",Non-Vegetarian,False,{},{All},"1. Preparation: Thoroughly wash and prepare Mutton. If it's meat or paneer, marinate it with a little turmeric, red chili powder, salt, and lemon juice for 20 minutes. Finely chop 2 onions and puree 2 tomatoes.
2. Whole Spices (Tadka): Heat 3 tbsp of oil or ghee in a heavy-bottomed pan or pressure cooker over medium heat. Add cumin seeds, 1 bay leaf, 2-3 cloves, and a small cinnamon stick. Let them sizzle for 30 seconds to release their aroma.
3. Onion Base: Add the finely chopped onions and a pinch of salt. Sauté patiently for 8-10 minutes until they turn a deep golden brown.
4. Aromatics & Tomatoes: Add 1 tbsp of ginger-garlic paste and green chilies. Sauté for 1 minute until the raw smell goes away. Pour in the tomato puree and cook until the mixture thickens and oil starts separating from the edges (about 5-7 minutes).
5. Spice Powders: Lower the heat and add 1/2 tsp turmeric, 1 tsp Kashmiri red chili powder, 1 tsp coriander powder, and 1/2 tsp cumin powder. Stir constantly for 30 seconds so the spices bloom without burning.
6. Adding Base: Add the prepared Mutton to the masala. Sauté on medium-high heat for 4-5 minutes to coat everything well and seal in the flavors.
7. Simmering: Pour in 1 to 1.5 cups of warm water (adjust for desired gravy consistency). Bring to a boil, then reduce heat to low, cover with a lid, and simmer. Cook until the Mutton is completely tender (15 mins for veg/paneer, 30-45 mins for meat).
8. Final Garnish: Crush 1 tsp of Kasuri Methi (dried fenugreek leaves) between your palms and sprinkle it over the curry along with 1/2 tsp of garam masala. Garnish with freshly chopped cilantro and serve hot.",,True,2026-08-08T05:39:03.819712+00:00,Main Course
904057dd-0fa0-4512-a96c-948929e9a721,mutton-vindaloo,Mutton Vindaloo,Gujarati,Mutton,"500g Mutton pieces
2 medium Onions, finely chopped
1 tbsp Ginger-Garlic Paste
2 medium Tomatoes, pureed or chopped
2-3 Green Chilies, slit
1 tsp Cumin Seeds
1/2 tsp Turmeric Powder
1 tsp Red Chili Powder
1 tsp Garam Masala
2 tbsp Oil or Ghee
Salt to taste
2 tbsp Fresh Coriander Leaves, chopped",Non-Vegetarian,False,{},{All},"1. Preparation: Thoroughly wash and prepare Mutton. If it's meat or paneer, marinate it with a little turmeric, red chili powder, salt, and lemon juice for 20 minutes. Finely chop 2 onions and puree 2 tomatoes.
2. Whole Spices (Tadka): Heat 3 tbsp of oil or ghee in a heavy-bottomed pan or pressure cooker over medium heat. Add cumin seeds, 1 bay leaf, 2-3 cloves, and a small cinnamon stick. Let them sizzle for 30 seconds to release their aroma.
3. Onion Base: Add the finely chopped onions and a pinch of salt. Sauté patiently for 8-10 minutes until they turn a deep golden brown.
4. Aromatics & Tomatoes: Add 1 tbsp of ginger-garlic paste and green chilies. Sauté for 1 minute until the raw smell goes away. Pour in the tomato puree and cook until the mixture thickens and oil starts separating from the edges (about 5-7 minutes).
5. Spice Powders: Lower the heat and add 1/2 tsp turmeric, 1 tsp Kashmiri red chili powder, 1 tsp coriander powder, and 1/2 tsp cumin powder. Stir constantly for 30 seconds so the spices bloom without burning.
6. Adding Base: Add the prepared Mutton to the masala. Sauté on medium-high heat for 4-5 minutes to coat everything well and seal in the flavors.
7. Simmering: Pour in 1 to 1.5 cups of warm water (adjust for desired gravy consistency). Bring to a boil, then reduce heat to low, cover with a lid, and simmer. Cook until the Mutton is completely tender (15 mins for veg/paneer, 30-45 mins for meat).
8. Final Garnish: Crush 1 tsp of Kasuri Methi (dried fenugreek leaves) between your palms and sprinkle it over the curry along with 1/2 tsp of garam masala. Garnish with freshly chopped cilantro and serve hot.",,True,2026-08-08T05:39:03.819725+00:00,Main Course
205dcfe6-ee80-4562-a948-3a611bfe8618,mutton-chettinad,Mutton Chettinad,Rajasthani,Mutton,"500g Mutton pieces
2 medium Onions, finely chopped
1 tbsp Ginger-Garlic Paste
2 medium Tomatoes, pureed or chopped
2-3 Green Chilies, slit
1 tsp Cumin Seeds
1/2 tsp Turmeric Powder
1 tsp Red Chili Powder
1 tsp Garam Masala
2 tbsp Oil or Ghee
Salt to taste
2 tbsp Fresh Coriander Leaves, chopped",Non-Vegetarian,False,{},{All},"1. Preparation: Thoroughly wash and prepare Mutton. If it's meat or paneer, marinate it with a little turmeric, red chili powder, salt, and lemon juice for 20 minutes. Finely chop 2 onions and puree 2 tomatoes.
2. Whole Spices (Tadka): Heat 3 tbsp of oil or ghee in a heavy-bottomed pan or pressure cooker over medium heat. Add cumin seeds, 1 bay leaf, 2-3 cloves, and a small cinnamon stick. Let them sizzle for 30 seconds to release their aroma.
3. Onion Base: Add the finely chopped onions and a pinch of salt. Sauté patiently for 8-10 minutes until they turn a deep golden brown.
4. Aromatics & Tomatoes: Add 1 tbsp of ginger-garlic paste and green chilies. Sauté for 1 minute until the raw smell goes away. Pour in the tomato puree and cook until the mixture thickens and oil starts separating from the edges (about 5-7 minutes).
5. Spice Powders: Lower the heat and add 1/2 tsp turmeric, 1 tsp Kashmiri red chili powder, 1 tsp coriander powder, and 1/2 tsp cumin powder. Stir constantly for 30 seconds so the spices bloom without burning.
6. Adding Base: Add the prepared Mutton to the masala. Sauté on medium-high heat for 4-5 minutes to coat everything well and seal in the flavors.
7. Simmering: Pour in 1 to 1.5 cups of warm water (adjust for desired gravy consistency). Bring to a boil, then reduce heat to low, cover with a lid, and simmer. Cook until the Mutton is completely tender (15 mins for veg/paneer, 30-45 mins for meat).
8. Final Garnish: Crush 1 tsp of Kasuri Methi (dried fenugreek leaves) between your palms and sprinkle it over the curry along with 1/2 tsp of garam masala. Garnish with freshly chopped cilantro and serve hot.",,True,2026-08-08T05:39:03.819737+00:00,Main Course
786ae7b5-d948-43e2-9b83-37f2b0280c1b,mutton-do-pyaza,Mutton Do Pyaza,Awadhi,Mutton,"500g Mutton pieces
2 medium Onions, finely chopped
1 tbsp Ginger-Garlic Paste
2 medium Tomatoes, pureed or chopped
2-3 Green Chilies, slit
1 tsp Cumin Seeds
1/2 tsp Turmeric Powder
1 tsp Red Chili Powder
1 tsp Garam Masala
2 tbsp Oil or Ghee
Salt to taste
2 tbsp Fresh Coriander Leaves, chopped",Non-Vegetarian,False,{},{All},"1. Preparation: Thoroughly wash and prepare Mutton. If it's meat or paneer, marinate it with a little turmeric, red chili powder, salt, and lemon juice for 20 minutes. Finely chop 2 onions and puree 2 tomatoes.
2. Whole Spices (Tadka): Heat 3 tbsp of oil or ghee in a heavy-bottomed pan or pressure cooker over medium heat. Add cumin seeds, 1 bay leaf, 2-3 cloves, and a small cinnamon stick. Let them sizzle for 30 seconds to release their aroma.
3. Onion Base: Add the finely chopped onions and a pinch of salt. Sauté patiently for 8-10 minutes until they turn a deep golden brown.
4. Aromatics & Tomatoes: Add 1 tbsp of ginger-garlic paste and green chilies. Sauté for 1 minute until the raw smell goes away. Pour in the tomato puree and cook until the mixture thickens and oil starts separating from the edges (about 5-7 minutes).
5. Spice Powders: Lower the heat and add 1/2 tsp turmeric, 1 tsp Kashmiri red chili powder, 1 tsp coriander powder, and 1/2 tsp cumin powder. Stir constantly for 30 seconds so the spices bloom without burning.
6. Adding Base: Add the prepared Mutton to the masala. Sauté on medium-high heat for 4-5 minutes to coat everything well and seal in the flavors.
7. Simmering: Pour in 1 to 1.5 cups of warm water (adjust for desired gravy consistency). Bring to a boil, then reduce heat to low, cover with a lid, and simmer. Cook until the Mutton is completely tender (15 mins for veg/paneer, 30-45 mins for meat).
8. Final Garnish: Crush 1 tsp of Kasuri Methi (dried fenugreek leaves) between your palms and sprinkle it over the curry along with 1/2 tsp of garam masala. Garnish with freshly chopped cilantro and serve hot.",,True,2026-08-08T05:39:03.819749+00:00,Main Course
8f99bf4d-aa8b-4409-a4ab-a52f96b0ad75,mutton-salna,Mutton Salna,Punjabi,Mutton,"500g Mutton pieces
2 medium Onions, finely chopped
1 tbsp Ginger-Garlic Paste
2 medium Tomatoes, pureed or chopped
2-3 Green Chilies, slit
1 tsp Cumin Seeds
1/2 tsp Turmeric Powder
1 tsp Red Chili Powder
1 tsp Garam Masala
2 tbsp Oil or Ghee
Salt to taste
2 tbsp Fresh Coriander Leaves, chopped",Non-Vegetarian,False,{},{All},"1. Preparation: Thoroughly wash and prepare Mutton. If it's meat or paneer, marinate it with a little turmeric, red chili powder, salt, and lemon juice for 20 minutes. Finely chop 2 onions and puree 2 tomatoes.
2. Whole Spices (Tadka): Heat 3 tbsp of oil or ghee in a heavy-bottomed pan or pressure cooker over medium heat. Add cumin seeds, 1 bay leaf, 2-3 cloves, and a small cinnamon stick. Let them sizzle for 30 seconds to release their aroma.
3. Onion Base: Add the finely chopped onions and a pinch of salt. Sauté patiently for 8-10 minutes until they turn a deep golden brown.
4. Aromatics & Tomatoes: Add 1 tbsp of ginger-garlic paste and green chilies. Sauté for 1 minute until the raw smell goes away. Pour in the tomato puree and cook until the mixture thickens and oil starts separating from the edges (about 5-7 minutes).
5. Spice Powders: Lower the heat and add 1/2 tsp turmeric, 1 tsp Kashmiri red chili powder, 1 tsp coriander powder, and 1/2 tsp cumin powder. Stir constantly for 30 seconds so the spices bloom without burning.
6. Adding Base: Add the prepared Mutton to the masala. Sauté on medium-high heat for 4-5 minutes to coat everything well and seal in the flavors.
7. Simmering: Pour in 1 to 1.5 cups of warm water (adjust for desired gravy consistency). Bring to a boil, then reduce heat to low, cover with a lid, and simmer. Cook until the Mutton is completely tender (15 mins for veg/paneer, 30-45 mins for meat).
8. Final Garnish: Crush 1 tsp of Kasuri Methi (dried fenugreek leaves) between your palms and sprinkle it over the curry along with 1/2 tsp of garam masala. Garnish with freshly chopped cilantro and serve hot.",,True,2026-08-08T05:39:03.819761+00:00,Main Course
ad366834-50a8-4934-95e5-ce4bf87f9dee,mutton-kurma,Mutton Kurma,Awadhi,Mutton,"500g Mutton pieces
2 medium Onions, finely chopped
1 tbsp Ginger-Garlic Paste
2 medium Tomatoes, pureed or chopped
2-3 Green Chilies, slit
1 tsp Cumin Seeds
1/2 tsp Turmeric Powder
1 tsp Red Chili Powder
1 tsp Garam Masala
2 tbsp Oil or Ghee
Salt to taste
2 tbsp Fresh Coriander Leaves, chopped",Non-Vegetarian,False,{Nuts},{All},"1. Preparation: Thoroughly wash and prepare Mutton. If it's meat or paneer, marinate it with a little turmeric, red chili powder, salt, and lemon juice for 20 minutes. Finely chop 2 onions and puree 2 tomatoes.
2. Whole Spices (Tadka): Heat 3 tbsp of oil or ghee in a heavy-bottomed pan or pressure cooker over medium heat. Add cumin seeds, 1 bay leaf, 2-3 cloves, and a small cinnamon stick. Let them sizzle for 30 seconds to release their aroma.
3. Onion Base: Add the finely chopped onions and a pinch of salt. Sauté patiently for 8-10 minutes until they turn a deep golden brown.
4. Aromatics & Tomatoes: Add 1 tbsp of ginger-garlic paste and green chilies. Sauté for 1 minute until the raw smell goes away. Pour in the tomato puree and cook until the mixture thickens and oil starts separating from the edges (about 5-7 minutes).
5. Spice Powders: Lower the heat and add 1/2 tsp turmeric, 1 tsp Kashmiri red chili powder, 1 tsp coriander powder, and 1/2 tsp cumin powder. Stir constantly for 30 seconds so the spices bloom without burning.
6. Adding Base: Add the prepared Mutton to the masala. Sauté on medium-high heat for 4-5 minutes to coat everything well and seal in the flavors.
7. Simmering: Pour in 1 to 1.5 cups of warm water (adjust for desired gravy consistency). Bring to a boil, then reduce heat to low, cover with a lid, and simmer. Cook until the Mutton is completely tender (15 mins for veg/paneer, 30-45 mins for meat).
8. Final Garnish: Crush 1 tsp of Kasuri Methi (dried fenugreek leaves) between your palms and sprinkle it over the curry along with 1/2 tsp of garam masala. Garnish with freshly chopped cilantro and serve hot.",,True,2026-08-08T05:39:03.819773+00:00,Main Course
29870539-5c04-4615-b981-866bfaa95ed1,fish-curry,Fish Curry,Gujarati,Fish,"400g Fish fillets or steaks
2 medium Onions, finely chopped
1 tbsp Ginger-Garlic Paste
2 medium Tomatoes, pureed or chopped
2-3 Green Chilies, slit
1 tsp Cumin Seeds
1/2 tsp Turmeric Powder
1 tsp Red Chili Powder
1 tsp Garam Masala
2 tbsp Oil or Ghee
Salt to taste
2 tbsp Fresh Coriander Leaves, chopped",Non-Vegetarian,False,{},{All},"1. Preparation: Thoroughly wash and prepare Fish. If it's meat or paneer, marinate it with a little turmeric, red chili powder, salt, and lemon juice for 20 minutes. Finely chop 2 onions and puree 2 tomatoes.
2. Whole Spices (Tadka): Heat 3 tbsp of oil or ghee in a heavy-bottomed pan or pressure cooker over medium heat. Add cumin seeds, 1 bay leaf, 2-3 cloves, and a small cinnamon stick. Let them sizzle for 30 seconds to release their aroma.
3. Onion Base: Add the finely chopped onions and a pinch of salt. Sauté patiently for 8-10 minutes until they turn a deep golden brown.
4. Aromatics & Tomatoes: Add 1 tbsp of ginger-garlic paste and green chilies. Sauté for 1 minute until the raw smell goes away. Pour in the tomato puree and cook until the mixture thickens and oil starts separating from the edges (about 5-7 minutes).
5. Spice Powders: Lower the heat and add 1/2 tsp turmeric, 1 tsp Kashmiri red chili powder, 1 tsp coriander powder, and 1/2 tsp cumin powder. Stir constantly for 30 seconds so the spices bloom without burning.
6. Adding Base: Add the prepared Fish to the masala. Sauté on medium-high heat for 4-5 minutes to coat everything well and seal in the flavors.
7. Simmering: Pour in 1 to 1.5 cups of warm water (adjust for desired gravy consistency). Bring to a boil, then reduce heat to low, cover with a lid, and simmer. Cook until the Fish is completely tender (15 mins for veg/paneer, 30-45 mins for meat).
8. Final Garnish: Crush 1 tsp of Kasuri Methi (dried fenugreek leaves) between your palms and sprinkle it over the curry along with 1/2 tsp of garam masala. Garnish with freshly chopped cilantro and serve hot.",,True,2026-08-08T05:39:03.819784+00:00,Main Course
e7698fa8-470b-49b4-b966-2d980651d8fe,fish-masala,Fish Masala,South Indian,Fish,"400g Fish fillets or steaks
2 medium Onions, finely chopped
1 tbsp Ginger-Garlic Paste
2 medium Tomatoes, pureed or chopped
2-3 Green Chilies, slit
1 tsp Cumin Seeds
1/2 tsp Turmeric Powder
1 tsp Red Chili Powder
1 tsp Garam Masala
2 tbsp Oil or Ghee
Salt to taste
2 tbsp Fresh Coriander Leaves, chopped",Non-Vegetarian,False,{},{All},"1. Preparation: Thoroughly wash and prepare Fish. If it's meat or paneer, marinate it with a little turmeric, red chili powder, salt, and lemon juice for 20 minutes. Finely chop 2 onions and puree 2 tomatoes.
2. Whole Spices (Tadka): Heat 3 tbsp of oil or ghee in a heavy-bottomed pan or pressure cooker over medium heat. Add cumin seeds, 1 bay leaf, 2-3 cloves, and a small cinnamon stick. Let them sizzle for 30 seconds to release their aroma.
3. Onion Base: Add the finely chopped onions and a pinch of salt. Sauté patiently for 8-10 minutes until they turn a deep golden brown.
4. Aromatics & Tomatoes: Add 1 tbsp of ginger-garlic paste and green chilies. Sauté for 1 minute until the raw smell goes away. Pour in the tomato puree and cook until the mixture thickens and oil starts separating from the edges (about 5-7 minutes).
5. Spice Powders: Lower the heat and add 1/2 tsp turmeric, 1 tsp Kashmiri red chili powder, 1 tsp coriander powder, and 1/2 tsp cumin powder. Stir constantly for 30 seconds so the spices bloom without burning.
6. Adding Base: Add the prepared Fish to the masala. Sauté on medium-high heat for 4-5 minutes to coat everything well and seal in the flavors.
7. Simmering: Pour in 1 to 1.5 cups of warm water (adjust for desired gravy consistency). Bring to a boil, then reduce heat to low, cover with a lid, and simmer. Cook until the Fish is completely tender (15 mins for veg/paneer, 30-45 mins for meat).
8. Final Garnish: Crush 1 tsp of Kasuri Methi (dried fenugreek leaves) between your palms and sprinkle it over the curry along with 1/2 tsp of garam masala. Garnish with freshly chopped cilantro and serve hot.",,True,2026-08-08T05:39:03.819796+00:00,Main Course
5cb7717f-9b5f-4d77-bac0-739448de6992,fish-fry,Fish Fry,Rajasthani,Fish,"400g Fish fillets or steaks
2 medium Onions, finely chopped
1 tbsp Ginger-Garlic Paste
2 medium Tomatoes, pureed or chopped
2-3 Green Chilies, slit
1 tsp Cumin Seeds
1/2 tsp Turmeric Powder
1 tsp Red Chili Powder
1 tsp Garam Masala
2 tbsp Oil or Ghee
Salt to taste
2 tbsp Fresh Coriander Leaves, chopped",Non-Vegetarian,False,{},{All},"1. Ingredient Prep: Wash, peel, and chop Fish into even, bite-sized pieces. Finely chop onions, tomatoes, and slit green chilies.
2. Tempering (Tadka): Heat 2-3 tbsp of oil (mustard oil preferred for vegetables) in a wide pan. Add mustard seeds, cumin seeds, a pinch of hing (asafoetida), and curry leaves. Let them splutter.
3. Aromatics: Add chopped onions and sauté until translucent. Add ginger-garlic paste and sauté for another minute.
4. Main Ingredient Addition: Add the chopped Fish along with a pinch of turmeric and salt. Mix well to coat with the oil and spices.
5. Searing/Cooking: Cook uncovered on medium-high heat for the first 5 minutes to get a slight sear. Then, reduce the heat, cover with a lid, and cook until Fish is 80% tender. Stir occasionally to prevent sticking.
6. Spicing: Remove the lid and add dry spice powders (coriander powder, cumin powder, red chili powder, amchur/dry mango powder). Mix thoroughly.
7. Finishing: Sauté on medium heat for another 3-4 minutes to crisp up the edges. Finish with a sprinkle of garam masala and fresh coriander leaves. Serve hot as a side dish.",,True,2026-08-08T05:39:03.819807+00:00,Main Course
1cfff458-746d-47c6-b7cd-62b842e2efce,fish-roast,Fish Roast,Rajasthani,Fish,"400g Fish fillets or steaks
2 medium Onions, finely chopped
1 tbsp Ginger-Garlic Paste
2 medium Tomatoes, pureed or chopped
2-3 Green Chilies, slit
1 tsp Cumin Seeds
1/2 tsp Turmeric Powder
1 tsp Red Chili Powder
1 tsp Garam Masala
2 tbsp Oil or Ghee
Salt to taste
2 tbsp Fresh Coriander Leaves, chopped",Non-Vegetarian,False,{},{All},"1. Ingredient Prep: Wash, peel, and chop Fish into even, bite-sized pieces. Finely chop onions, tomatoes, and slit green chilies.
2. Tempering (Tadka): Heat 2-3 tbsp of oil (mustard oil preferred for vegetables) in a wide pan. Add mustard seeds, cumin seeds, a pinch of hing (asafoetida), and curry leaves. Let them splutter.
3. Aromatics: Add chopped onions and sauté until translucent. Add ginger-garlic paste and sauté for another minute.
4. Main Ingredient Addition: Add the chopped Fish along with a pinch of turmeric and salt. Mix well to coat with the oil and spices.
5. Searing/Cooking: Cook uncovered on medium-high heat for the first 5 minutes to get a slight sear. Then, reduce the heat, cover with a lid, and cook until Fish is 80% tender. Stir occasionally to prevent sticking.
6. Spicing: Remove the lid and add dry spice powders (coriander powder, cumin powder, red chili powder, amchur/dry mango powder). Mix thoroughly.
7. Finishing: Sauté on medium heat for another 3-4 minutes to crisp up the edges. Finish with a sprinkle of garam masala and fresh coriander leaves. Serve hot as a side dish.",,True,2026-08-08T05:39:03.819818+00:00,Main Course
2379d422-0a53-4d82-9f14-1b73a3a7fa72,fish-tikka,Fish Tikka,Bengali,Fish,"400g Fish fillets or steaks
2 medium Onions, finely chopped
1 tbsp Ginger-Garlic Paste
2 medium Tomatoes, pureed or chopped
2-3 Green Chilies, slit
1 tsp Cumin Seeds
1/2 tsp Turmeric Powder
1 tsp Red Chili Powder
1 tsp Garam Masala
2 tbsp Oil or Ghee
Salt to taste
2 tbsp Fresh Coriander Leaves, chopped",Non-Vegetarian,False,{},{All},"1. Ingredient Prep: Wash, peel, and chop Fish into even, bite-sized pieces. Finely chop onions, tomatoes, and slit green chilies.
2. Tempering (Tadka): Heat 2-3 tbsp of oil (mustard oil preferred for vegetables) in a wide pan. Add mustard seeds, cumin seeds, a pinch of hing (asafoetida), and curry leaves. Let them splutter.
3. Aromatics: Add chopped onions and sauté until translucent. Add ginger-garlic paste and sauté for another minute.
4. Main Ingredient Addition: Add the chopped Fish along with a pinch of turmeric and salt. Mix well to coat with the oil and spices.
5. Searing/Cooking: Cook uncovered on medium-high heat for the first 5 minutes to get a slight sear. Then, reduce the heat, cover with a lid, and cook until Fish is 80% tender. Stir occasionally to prevent sticking.
6. Spicing: Remove the lid and add dry spice powders (coriander powder, cumin powder, red chili powder, amchur/dry mango powder). Mix thoroughly.
7. Finishing: Sauté on medium heat for another 3-4 minutes to crisp up the edges. Finish with a sprinkle of garam masala and fresh coriander leaves. Serve hot as a side dish.",,True,2026-08-08T05:39:03.819844+00:00,Main Course
39acc074-d39d-4f1e-905e-78f174a94eeb,fish-korma,Fish Korma,Tamil,Fish,"400g Fish fillets or steaks
2 medium Onions, finely chopped
1 tbsp Ginger-Garlic Paste
2 medium Tomatoes, pureed or chopped
2-3 Green Chilies, slit
1 tsp Cumin Seeds
1/2 tsp Turmeric Powder
1 tsp Red Chili Powder
1 tsp Garam Masala
2 tbsp Oil or Ghee
Salt to taste
2 tbsp Fresh Coriander Leaves, chopped",Non-Vegetarian,False,{Nuts},{All},"1. Preparation: Thoroughly wash and prepare Fish. If it's meat or paneer, marinate it with a little turmeric, red chili powder, salt, and lemon juice for 20 minutes. Finely chop 2 onions and puree 2 tomatoes.
2. Whole Spices (Tadka): Heat 3 tbsp of oil or ghee in a heavy-bottomed pan or pressure cooker over medium heat. Add cumin seeds, 1 bay leaf, 2-3 cloves, and a small cinnamon stick. Let them sizzle for 30 seconds to release their aroma.
3. Onion Base: Add the finely chopped onions and a pinch of salt. Sauté patiently for 8-10 minutes until they turn a deep golden brown.
4. Aromatics & Tomatoes: Add 1 tbsp of ginger-garlic paste and green chilies. Sauté for 1 minute until the raw smell goes away. Pour in the tomato puree and cook until the mixture thickens and oil starts separating from the edges (about 5-7 minutes).
5. Spice Powders: Lower the heat and add 1/2 tsp turmeric, 1 tsp Kashmiri red chili powder, 1 tsp coriander powder, and 1/2 tsp cumin powder. Stir constantly for 30 seconds so the spices bloom without burning.
6. Adding Base: Add the prepared Fish to the masala. Sauté on medium-high heat for 4-5 minutes to coat everything well and seal in the flavors.
7. Simmering: Pour in 1 to 1.5 cups of warm water (adjust for desired gravy consistency). Bring to a boil, then reduce heat to low, cover with a lid, and simmer. Cook until the Fish is completely tender (15 mins for veg/paneer, 30-45 mins for meat).
8. Final Garnish: Crush 1 tsp of Kasuri Methi (dried fenugreek leaves) between your palms and sprinkle it over the curry along with 1/2 tsp of garam masala. Garnish with freshly chopped cilantro and serve hot.",,True,2026-08-08T05:39:03.819881+00:00,Main Course
b7377458-6fc5-4019-9e88-8c5bd8f2f11a,fish-makhani,Fish Makhani,Kerala,Fish,"400g Fish fillets or steaks
2 medium Onions, finely chopped
1 tbsp Ginger-Garlic Paste
2 medium Tomatoes, pureed or chopped
2-3 Green Chilies, slit
1 tsp Cumin Seeds
1/2 tsp Turmeric Powder
1 tsp Red Chili Powder
1 tsp Garam Masala
3 tbsp Butter
1/4 cup Fresh Cream
1 tsp Kasuri Methi
Salt to taste
2 tbsp Fresh Coriander Leaves, chopped",Non-Vegetarian,False,{Dairy},{All},"1. Preparation: Thoroughly wash and prepare Fish. If it's meat or paneer, marinate it with a little turmeric, red chili powder, salt, and lemon juice for 20 minutes. Finely chop 2 onions and puree 2 tomatoes.
2. Whole Spices (Tadka): Heat 3 tbsp of oil or ghee in a heavy-bottomed pan or pressure cooker over medium heat. Add cumin seeds, 1 bay leaf, 2-3 cloves, and a small cinnamon stick. Let them sizzle for 30 seconds to release their aroma.
3. Onion Base: Add the finely chopped onions and a pinch of salt. Sauté patiently for 8-10 minutes until they turn a deep golden brown.
4. Aromatics & Tomatoes: Add 1 tbsp of ginger-garlic paste and green chilies. Sauté for 1 minute until the raw smell goes away. Pour in the tomato puree and cook until the mixture thickens and oil starts separating from the edges (about 5-7 minutes).
5. Spice Powders: Lower the heat and add 1/2 tsp turmeric, 1 tsp Kashmiri red chili powder, 1 tsp coriander powder, and 1/2 tsp cumin powder. Stir constantly for 30 seconds so the spices bloom without burning.
6. Adding Base: Add the prepared Fish to the masala. Sauté on medium-high heat for 4-5 minutes to coat everything well and seal in the flavors.
7. Simmering: Pour in 1 to 1.5 cups of warm water (adjust for desired gravy consistency). Bring to a boil, then reduce heat to low, cover with a lid, and simmer. Cook until the Fish is completely tender (15 mins for veg/paneer, 30-45 mins for meat).
8. Final Garnish: Crush 1 tsp of Kasuri Methi (dried fenugreek leaves) between your palms and sprinkle it over the curry along with 1/2 tsp of garam masala. Garnish with freshly chopped cilantro and serve hot.",,True,2026-08-08T05:39:03.819903+00:00,Main Course
59ce708a-c0eb-4c24-a5e2-13cc9cd14d23,fish-bhurji,Fish Bhurji,Rajasthani,Fish,"400g Fish fillets or steaks
2 medium Onions, finely chopped
1 tbsp Ginger-Garlic Paste
2 medium Tomatoes, pureed or chopped
2-3 Green Chilies, slit
1 tsp Cumin Seeds
1/2 tsp Turmeric Powder
1 tsp Red Chili Powder
1 tsp Garam Masala
2 tbsp Oil or Ghee
Salt to taste
2 tbsp Fresh Coriander Leaves, chopped",Non-Vegetarian,False,{},{All},"1. Ingredient Prep: Wash, peel, and chop Fish into even, bite-sized pieces. Finely chop onions, tomatoes, and slit green chilies.
2. Tempering (Tadka): Heat 2-3 tbsp of oil (mustard oil preferred for vegetables) in a wide pan. Add mustard seeds, cumin seeds, a pinch of hing (asafoetida), and curry leaves. Let them splutter.
3. Aromatics: Add chopped onions and sauté until translucent. Add ginger-garlic paste and sauté for another minute.
4. Main Ingredient Addition: Add the chopped Fish along with a pinch of turmeric and salt. Mix well to coat with the oil and spices.
5. Searing/Cooking: Cook uncovered on medium-high heat for the first 5 minutes to get a slight sear. Then, reduce the heat, cover with a lid, and cook until Fish is 80% tender. Stir occasionally to prevent sticking.
6. Spicing: Remove the lid and add dry spice powders (coriander powder, cumin powder, red chili powder, amchur/dry mango powder). Mix thoroughly.
7. Finishing: Sauté on medium heat for another 3-4 minutes to crisp up the edges. Finish with a sprinkle of garam masala and fresh coriander leaves. Serve hot as a side dish.",,True,2026-08-08T05:39:03.819922+00:00,Main Course
14942b92-c6e0-4d4f-9ff8-3b634fcd5f4d,fish-kofta,Fish Kofta,North Indian,Fish,"400g Fish fillets or steaks
2 medium Onions, finely chopped
1 tbsp Ginger-Garlic Paste
2 medium Tomatoes, pureed or chopped
2-3 Green Chilies, slit
1 tsp Cumin Seeds
1/2 tsp Turmeric Powder
1 tsp Red Chili Powder
1 tsp Garam Masala
2 tbsp Oil or Ghee
Salt to taste
2 tbsp Fresh Coriander Leaves, chopped",Non-Vegetarian,False,{},{All},"1. Preparation: Thoroughly wash and prepare Fish. If it's meat or paneer, marinate it with a little turmeric, red chili powder, salt, and lemon juice for 20 minutes. Finely chop 2 onions and puree 2 tomatoes.
2. Whole Spices (Tadka): Heat 3 tbsp of oil or ghee in a heavy-bottomed pan or pressure cooker over medium heat. Add cumin seeds, 1 bay leaf, 2-3 cloves, and a small cinnamon stick. Let them sizzle for 30 seconds to release their aroma.
3. Onion Base: Add the finely chopped onions and a pinch of salt. Sauté patiently for 8-10 minutes until they turn a deep golden brown.
4. Aromatics & Tomatoes: Add 1 tbsp of ginger-garlic paste and green chilies. Sauté for 1 minute until the raw smell goes away. Pour in the tomato puree and cook until the mixture thickens and oil starts separating from the edges (about 5-7 minutes).
5. Spice Powders: Lower the heat and add 1/2 tsp turmeric, 1 tsp Kashmiri red chili powder, 1 tsp coriander powder, and 1/2 tsp cumin powder. Stir constantly for 30 seconds so the spices bloom without burning.
6. Adding Base: Add the prepared Fish to the masala. Sauté on medium-high heat for 4-5 minutes to coat everything well and seal in the flavors.
7. Simmering: Pour in 1 to 1.5 cups of warm water (adjust for desired gravy consistency). Bring to a boil, then reduce heat to low, cover with a lid, and simmer. Cook until the Fish is completely tender (15 mins for veg/paneer, 30-45 mins for meat).
8. Final Garnish: Crush 1 tsp of Kasuri Methi (dried fenugreek leaves) between your palms and sprinkle it over the curry along with 1/2 tsp of garam masala. Garnish with freshly chopped cilantro and serve hot.",,True,2026-08-08T05:39:03.819950+00:00,Main Course
146bbe5f-c07f-4675-b547-2a73e78b3a14,fish-saag,Fish Saag,Gujarati,Fish,"400g Fish fillets or steaks
2 medium Onions, finely chopped
1 tbsp Ginger-Garlic Paste
2 medium Tomatoes, pureed or chopped
2-3 Green Chilies, slit
1 tsp Cumin Seeds
1/2 tsp Turmeric Powder
1 tsp Red Chili Powder
1 tsp Garam Masala
2 tbsp Oil or Ghee
Salt to taste
2 tbsp Fresh Coriander Leaves, chopped",Non-Vegetarian,False,{},{All},"1. Preparation: Thoroughly wash and prepare Fish. If it's meat or paneer, marinate it with a little turmeric, red chili powder, salt, and lemon juice for 20 minutes. Finely chop 2 onions and puree 2 tomatoes.
2. Whole Spices (Tadka): Heat 3 tbsp of oil or ghee in a heavy-bottomed pan or pressure cooker over medium heat. Add cumin seeds, 1 bay leaf, 2-3 cloves, and a small cinnamon stick. Let them sizzle for 30 seconds to release their aroma.
3. Onion Base: Add the finely chopped onions and a pinch of salt. Sauté patiently for 8-10 minutes until they turn a deep golden brown.
4. Aromatics & Tomatoes: Add 1 tbsp of ginger-garlic paste and green chilies. Sauté for 1 minute until the raw smell goes away. Pour in the tomato puree and cook until the mixture thickens and oil starts separating from the edges (about 5-7 minutes).
5. Spice Powders: Lower the heat and add 1/2 tsp turmeric, 1 tsp Kashmiri red chili powder, 1 tsp coriander powder, and 1/2 tsp cumin powder. Stir constantly for 30 seconds so the spices bloom without burning.
6. Adding Base: Add the prepared Fish to the masala. Sauté on medium-high heat for 4-5 minutes to coat everything well and seal in the flavors.
7. Simmering: Pour in 1 to 1.5 cups of warm water (adjust for desired gravy consistency). Bring to a boil, then reduce heat to low, cover with a lid, and simmer. Cook until the Fish is completely tender (15 mins for veg/paneer, 30-45 mins for meat).
8. Final Garnish: Crush 1 tsp of Kasuri Methi (dried fenugreek leaves) between your palms and sprinkle it over the curry along with 1/2 tsp of garam masala. Garnish with freshly chopped cilantro and serve hot.",,True,2026-08-08T05:39:03.819974+00:00,Main Course
afb89ba7-f732-4153-986a-bc22ace9c57a,fish-vindaloo,Fish Vindaloo,Rajasthani,Fish,"400g Fish fillets or steaks
2 medium Onions, finely chopped
1 tbsp Ginger-Garlic Paste
2 medium Tomatoes, pureed or chopped
2-3 Green Chilies, slit
1 tsp Cumin Seeds
1/2 tsp Turmeric Powder
1 tsp Red Chili Powder
1 tsp Garam Masala
2 tbsp Oil or Ghee
Salt to taste
2 tbsp Fresh Coriander Leaves, chopped",Non-Vegetarian,False,{},{All},"1. Preparation: Thoroughly wash and prepare Fish. If it's meat or paneer, marinate it with a little turmeric, red chili powder, salt, and lemon juice for 20 minutes. Finely chop 2 onions and puree 2 tomatoes.
2. Whole Spices (Tadka): Heat 3 tbsp of oil or ghee in a heavy-bottomed pan or pressure cooker over medium heat. Add cumin seeds, 1 bay leaf, 2-3 cloves, and a small cinnamon stick. Let them sizzle for 30 seconds to release their aroma.
3. Onion Base: Add the finely chopped onions and a pinch of salt. Sauté patiently for 8-10 minutes until they turn a deep golden brown.
4. Aromatics & Tomatoes: Add 1 tbsp of ginger-garlic paste and green chilies. Sauté for 1 minute until the raw smell goes away. Pour in the tomato puree and cook until the mixture thickens and oil starts separating from the edges (about 5-7 minutes).
5. Spice Powders: Lower the heat and add 1/2 tsp turmeric, 1 tsp Kashmiri red chili powder, 1 tsp coriander powder, and 1/2 tsp cumin powder. Stir constantly for 30 seconds so the spices bloom without burning.
6. Adding Base: Add the prepared Fish to the masala. Sauté on medium-high heat for 4-5 minutes to coat everything well and seal in the flavors.
7. Simmering: Pour in 1 to 1.5 cups of warm water (adjust for desired gravy consistency). Bring to a boil, then reduce heat to low, cover with a lid, and simmer. Cook until the Fish is completely tender (15 mins for veg/paneer, 30-45 mins for meat).
8. Final Garnish: Crush 1 tsp of Kasuri Methi (dried fenugreek leaves) between your palms and sprinkle it over the curry along with 1/2 tsp of garam masala. Garnish with freshly chopped cilantro and serve hot.",,True,2026-08-08T05:39:03.819989+00:00,Main Course
e50023d0-19de-41d9-a7e1-8823181ae9b0,fish-chettinad,Fish Chettinad,Rajasthani,Fish,"400g Fish fillets or steaks
2 medium Onions, finely chopped
1 tbsp Ginger-Garlic Paste
2 medium Tomatoes, pureed or chopped
2-3 Green Chilies, slit
1 tsp Cumin Seeds
1/2 tsp Turmeric Powder
1 tsp Red Chili Powder
1 tsp Garam Masala
2 tbsp Oil or Ghee
Salt to taste
2 tbsp Fresh Coriander Leaves, chopped",Non-Vegetarian,False,{},{All},"1. Preparation: Thoroughly wash and prepare Fish. If it's meat or paneer, marinate it with a little turmeric, red chili powder, salt, and lemon juice for 20 minutes. Finely chop 2 onions and puree 2 tomatoes.
2. Whole Spices (Tadka): Heat 3 tbsp of oil or ghee in a heavy-bottomed pan or pressure cooker over medium heat. Add cumin seeds, 1 bay leaf, 2-3 cloves, and a small cinnamon stick. Let them sizzle for 30 seconds to release their aroma.
3. Onion Base: Add the finely chopped onions and a pinch of salt. Sauté patiently for 8-10 minutes until they turn a deep golden brown.
4. Aromatics & Tomatoes: Add 1 tbsp of ginger-garlic paste and green chilies. Sauté for 1 minute until the raw smell goes away. Pour in the tomato puree and cook until the mixture thickens and oil starts separating from the edges (about 5-7 minutes).
5. Spice Powders: Lower the heat and add 1/2 tsp turmeric, 1 tsp Kashmiri red chili powder, 1 tsp coriander powder, and 1/2 tsp cumin powder. Stir constantly for 30 seconds so the spices bloom without burning.
6. Adding Base: Add the prepared Fish to the masala. Sauté on medium-high heat for 4-5 minutes to coat everything well and seal in the flavors.
7. Simmering: Pour in 1 to 1.5 cups of warm water (adjust for desired gravy consistency). Bring to a boil, then reduce heat to low, cover with a lid, and simmer. Cook until the Fish is completely tender (15 mins for veg/paneer, 30-45 mins for meat).
8. Final Garnish: Crush 1 tsp of Kasuri Methi (dried fenugreek leaves) between your palms and sprinkle it over the curry along with 1/2 tsp of garam masala. Garnish with freshly chopped cilantro and serve hot.",,True,2026-08-08T05:39:03.820002+00:00,Main Course
e2b13efc-3cd0-414f-b576-32947415c04c,fish-do-pyaza,Fish Do Pyaza,Hyderabadi,Fish,"400g Fish fillets or steaks
2 medium Onions, finely chopped
1 tbsp Ginger-Garlic Paste
2 medium Tomatoes, pureed or chopped
2-3 Green Chilies, slit
1 tsp Cumin Seeds
1/2 tsp Turmeric Powder
1 tsp Red Chili Powder
1 tsp Garam Masala
2 tbsp Oil or Ghee
Salt to taste
2 tbsp Fresh Coriander Leaves, chopped",Non-Vegetarian,False,{},{All},"1. Preparation: Thoroughly wash and prepare Fish. If it's meat or paneer, marinate it with a little turmeric, red chili powder, salt, and lemon juice for 20 minutes. Finely chop 2 onions and puree 2 tomatoes.
2. Whole Spices (Tadka): Heat 3 tbsp of oil or ghee in a heavy-bottomed pan or pressure cooker over medium heat. Add cumin seeds, 1 bay leaf, 2-3 cloves, and a small cinnamon stick. Let them sizzle for 30 seconds to release their aroma.
3. Onion Base: Add the finely chopped onions and a pinch of salt. Sauté patiently for 8-10 minutes until they turn a deep golden brown.
4. Aromatics & Tomatoes: Add 1 tbsp of ginger-garlic paste and green chilies. Sauté for 1 minute until the raw smell goes away. Pour in the tomato puree and cook until the mixture thickens and oil starts separating from the edges (about 5-7 minutes).
5. Spice Powders: Lower the heat and add 1/2 tsp turmeric, 1 tsp Kashmiri red chili powder, 1 tsp coriander powder, and 1/2 tsp cumin powder. Stir constantly for 30 seconds so the spices bloom without burning.
6. Adding Base: Add the prepared Fish to the masala. Sauté on medium-high heat for 4-5 minutes to coat everything well and seal in the flavors.
7. Simmering: Pour in 1 to 1.5 cups of warm water (adjust for desired gravy consistency). Bring to a boil, then reduce heat to low, cover with a lid, and simmer. Cook until the Fish is completely tender (15 mins for veg/paneer, 30-45 mins for meat).
8. Final Garnish: Crush 1 tsp of Kasuri Methi (dried fenugreek leaves) between your palms and sprinkle it over the curry along with 1/2 tsp of garam masala. Garnish with freshly chopped cilantro and serve hot.",,True,2026-08-08T05:39:03.820015+00:00,Main Course
92e584ee-6b5d-4107-8ea6-cc0d77be8195,fish-salna,Fish Salna,Andhra,Fish,"400g Fish fillets or steaks
2 medium Onions, finely chopped
1 tbsp Ginger-Garlic Paste
2 medium Tomatoes, pureed or chopped
2-3 Green Chilies, slit
1 tsp Cumin Seeds
1/2 tsp Turmeric Powder
1 tsp Red Chili Powder
1 tsp Garam Masala
2 tbsp Oil or Ghee
Salt to taste
2 tbsp Fresh Coriander Leaves, chopped",Non-Vegetarian,False,{},{All},"1. Preparation: Thoroughly wash and prepare Fish. If it's meat or paneer, marinate it with a little turmeric, red chili powder, salt, and lemon juice for 20 minutes. Finely chop 2 onions and puree 2 tomatoes.
2. Whole Spices (Tadka): Heat 3 tbsp of oil or ghee in a heavy-bottomed pan or pressure cooker over medium heat. Add cumin seeds, 1 bay leaf, 2-3 cloves, and a small cinnamon stick. Let them sizzle for 30 seconds to release their aroma.
3. Onion Base: Add the finely chopped onions and a pinch of salt. Sauté patiently for 8-10 minutes until they turn a deep golden brown.
4. Aromatics & Tomatoes: Add 1 tbsp of ginger-garlic paste and green chilies. Sauté for 1 minute until the raw smell goes away. Pour in the tomato puree and cook until the mixture thickens and oil starts separating from the edges (about 5-7 minutes).
5. Spice Powders: Lower the heat and add 1/2 tsp turmeric, 1 tsp Kashmiri red chili powder, 1 tsp coriander powder, and 1/2 tsp cumin powder. Stir constantly for 30 seconds so the spices bloom without burning.
6. Adding Base: Add the prepared Fish to the masala. Sauté on medium-high heat for 4-5 minutes to coat everything well and seal in the flavors.
7. Simmering: Pour in 1 to 1.5 cups of warm water (adjust for desired gravy consistency). Bring to a boil, then reduce heat to low, cover with a lid, and simmer. Cook until the Fish is completely tender (15 mins for veg/paneer, 30-45 mins for meat).
8. Final Garnish: Crush 1 tsp of Kasuri Methi (dried fenugreek leaves) between your palms and sprinkle it over the curry along with 1/2 tsp of garam masala. Garnish with freshly chopped cilantro and serve hot.",,True,2026-08-08T05:39:03.820027+00:00,Main Course
0f55cd9c-c97b-48e9-8e26-105022f95dc1,fish-kurma,Fish Kurma,Awadhi,Fish,"400g Fish fillets or steaks
2 medium Onions, finely chopped
1 tbsp Ginger-Garlic Paste
2 medium Tomatoes, pureed or chopped
2-3 Green Chilies, slit
1 tsp Cumin Seeds
1/2 tsp Turmeric Powder
1 tsp Red Chili Powder
1 tsp Garam Masala
2 tbsp Oil or Ghee
Salt to taste
2 tbsp Fresh Coriander Leaves, chopped",Non-Vegetarian,False,{Nuts},{All},"1. Preparation: Thoroughly wash and prepare Fish. If it's meat or paneer, marinate it with a little turmeric, red chili powder, salt, and lemon juice for 20 minutes. Finely chop 2 onions and puree 2 tomatoes.
2. Whole Spices (Tadka): Heat 3 tbsp of oil or ghee in a heavy-bottomed pan or pressure cooker over medium heat. Add cumin seeds, 1 bay leaf, 2-3 cloves, and a small cinnamon stick. Let them sizzle for 30 seconds to release their aroma.
3. Onion Base: Add the finely chopped onions and a pinch of salt. Sauté patiently for 8-10 minutes until they turn a deep golden brown.
4. Aromatics & Tomatoes: Add 1 tbsp of ginger-garlic paste and green chilies. Sauté for 1 minute until the raw smell goes away. Pour in the tomato puree and cook until the mixture thickens and oil starts separating from the edges (about 5-7 minutes).
5. Spice Powders: Lower the heat and add 1/2 tsp turmeric, 1 tsp Kashmiri red chili powder, 1 tsp coriander powder, and 1/2 tsp cumin powder. Stir constantly for 30 seconds so the spices bloom without burning.
6. Adding Base: Add the prepared Fish to the masala. Sauté on medium-high heat for 4-5 minutes to coat everything well and seal in the flavors.
7. Simmering: Pour in 1 to 1.5 cups of warm water (adjust for desired gravy consistency). Bring to a boil, then reduce heat to low, cover with a lid, and simmer. Cook until the Fish is completely tender (15 mins for veg/paneer, 30-45 mins for meat).
8. Final Garnish: Crush 1 tsp of Kasuri Methi (dried fenugreek leaves) between your palms and sprinkle it over the curry along with 1/2 tsp of garam masala. Garnish with freshly chopped cilantro and serve hot.",,True,2026-08-08T05:39:03.820041+00:00,Main Course
1402e9a2-3bfd-4430-835f-e5c8210f13b7,prawn-curry,Prawn Curry,North Indian,Prawn,"500g Prawn, washed and prepped
2 medium Onions, finely chopped
1 tbsp Ginger-Garlic Paste
2 medium Tomatoes, pureed or chopped
2-3 Green Chilies, slit
1 tsp Cumin Seeds
1/2 tsp Turmeric Powder
1 tsp Red Chili Powder
1 tsp Garam Masala
2 tbsp Oil or Ghee
Salt to taste
2 tbsp Fresh Coriander Leaves, chopped",Non-Vegetarian,False,{},{All},"1. Preparation: Thoroughly wash and prepare Prawn. If it's meat or paneer, marinate it with a little turmeric, red chili powder, salt, and lemon juice for 20 minutes. Finely chop 2 onions and puree 2 tomatoes.
2. Whole Spices (Tadka): Heat 3 tbsp of oil or ghee in a heavy-bottomed pan or pressure cooker over medium heat. Add cumin seeds, 1 bay leaf, 2-3 cloves, and a small cinnamon stick. Let them sizzle for 30 seconds to release their aroma.
3. Onion Base: Add the finely chopped onions and a pinch of salt. Sauté patiently for 8-10 minutes until they turn a deep golden brown.
4. Aromatics & Tomatoes: Add 1 tbsp of ginger-garlic paste and green chilies. Sauté for 1 minute until the raw smell goes away. Pour in the tomato puree and cook until the mixture thickens and oil starts separating from the edges (about 5-7 minutes).
5. Spice Powders: Lower the heat and add 1/2 tsp turmeric, 1 tsp Kashmiri red chili powder, 1 tsp coriander powder, and 1/2 tsp cumin powder. Stir constantly for 30 seconds so the spices bloom without burning.
6. Adding Base: Add the prepared Prawn to the masala. Sauté on medium-high heat for 4-5 minutes to coat everything well and seal in the flavors.
7. Simmering: Pour in 1 to 1.5 cups of warm water (adjust for desired gravy consistency). Bring to a boil, then reduce heat to low, cover with a lid, and simmer. Cook until the Prawn is completely tender (15 mins for veg/paneer, 30-45 mins for meat).
8. Final Garnish: Crush 1 tsp of Kasuri Methi (dried fenugreek leaves) between your palms and sprinkle it over the curry along with 1/2 tsp of garam masala. Garnish with freshly chopped cilantro and serve hot.",,True,2026-08-08T05:39:03.820054+00:00,Main Course
0ce7c0d4-00a6-492e-b330-8a2b74d1cc04,prawn-masala,Prawn Masala,Hyderabadi,Prawn,"500g Prawn, washed and prepped
2 medium Onions, finely chopped
1 tbsp Ginger-Garlic Paste
2 medium Tomatoes, pureed or chopped
2-3 Green Chilies, slit
1 tsp Cumin Seeds
1/2 tsp Turmeric Powder
1 tsp Red Chili Powder
1 tsp Garam Masala
2 tbsp Oil or Ghee
Salt to taste
2 tbsp Fresh Coriander Leaves, chopped",Non-Vegetarian,False,{},{All},"1. Preparation: Thoroughly wash and prepare Prawn. If it's meat or paneer, marinate it with a little turmeric, red chili powder, salt, and lemon juice for 20 minutes. Finely chop 2 onions and puree 2 tomatoes.
2. Whole Spices (Tadka): Heat 3 tbsp of oil or ghee in a heavy-bottomed pan or pressure cooker over medium heat. Add cumin seeds, 1 bay leaf, 2-3 cloves, and a small cinnamon stick. Let them sizzle for 30 seconds to release their aroma.
3. Onion Base: Add the finely chopped onions and a pinch of salt. Sauté patiently for 8-10 minutes until they turn a deep golden brown.
4. Aromatics & Tomatoes: Add 1 tbsp of ginger-garlic paste and green chilies. Sauté for 1 minute until the raw smell goes away. Pour in the tomato puree and cook until the mixture thickens and oil starts separating from the edges (about 5-7 minutes).
5. Spice Powders: Lower the heat and add 1/2 tsp turmeric, 1 tsp Kashmiri red chili powder, 1 tsp coriander powder, and 1/2 tsp cumin powder. Stir constantly for 30 seconds so the spices bloom without burning.
6. Adding Base: Add the prepared Prawn to the masala. Sauté on medium-high heat for 4-5 minutes to coat everything well and seal in the flavors.
7. Simmering: Pour in 1 to 1.5 cups of warm water (adjust for desired gravy consistency). Bring to a boil, then reduce heat to low, cover with a lid, and simmer. Cook until the Prawn is completely tender (15 mins for veg/paneer, 30-45 mins for meat).
8. Final Garnish: Crush 1 tsp of Kasuri Methi (dried fenugreek leaves) between your palms and sprinkle it over the curry along with 1/2 tsp of garam masala. Garnish with freshly chopped cilantro and serve hot.",,True,2026-08-08T05:39:03.820067+00:00,Main Course
4b588e99-8d3b-44c1-af41-70be440d50c4,prawn-fry,Prawn Fry,Andhra,Prawn,"500g Prawn, washed and prepped
2 medium Onions, finely chopped
1 tbsp Ginger-Garlic Paste
2 medium Tomatoes, pureed or chopped
2-3 Green Chilies, slit
1 tsp Cumin Seeds
1/2 tsp Turmeric Powder
1 tsp Red Chili Powder
1 tsp Garam Masala
2 tbsp Oil or Ghee
Salt to taste
2 tbsp Fresh Coriander Leaves, chopped",Non-Vegetarian,False,{},{All},"1. Ingredient Prep: Wash, peel, and chop Prawn into even, bite-sized pieces. Finely chop onions, tomatoes, and slit green chilies.
2. Tempering (Tadka): Heat 2-3 tbsp of oil (mustard oil preferred for vegetables) in a wide pan. Add mustard seeds, cumin seeds, a pinch of hing (asafoetida), and curry leaves. Let them splutter.
3. Aromatics: Add chopped onions and sauté until translucent. Add ginger-garlic paste and sauté for another minute.
4. Main Ingredient Addition: Add the chopped Prawn along with a pinch of turmeric and salt. Mix well to coat with the oil and spices.
5. Searing/Cooking: Cook uncovered on medium-high heat for the first 5 minutes to get a slight sear. Then, reduce the heat, cover with a lid, and cook until Prawn is 80% tender. Stir occasionally to prevent sticking.
6. Spicing: Remove the lid and add dry spice powders (coriander powder, cumin powder, red chili powder, amchur/dry mango powder). Mix thoroughly.
7. Finishing: Sauté on medium heat for another 3-4 minutes to crisp up the edges. Finish with a sprinkle of garam masala and fresh coriander leaves. Serve hot as a side dish.",,True,2026-08-08T05:39:03.820079+00:00,Main Course
50408305-6709-4baf-81f5-29c0cb0336c5,prawn-roast,Prawn Roast,Rajasthani,Prawn,"500g Prawn, washed and prepped
2 medium Onions, finely chopped
1 tbsp Ginger-Garlic Paste
2 medium Tomatoes, pureed or chopped
2-3 Green Chilies, slit
1 tsp Cumin Seeds
1/2 tsp Turmeric Powder
1 tsp Red Chili Powder
1 tsp Garam Masala
2 tbsp Oil or Ghee
Salt to taste
2 tbsp Fresh Coriander Leaves, chopped",Non-Vegetarian,False,{},{All},"1. Ingredient Prep: Wash, peel, and chop Prawn into even, bite-sized pieces. Finely chop onions, tomatoes, and slit green chilies.
2. Tempering (Tadka): Heat 2-3 tbsp of oil (mustard oil preferred for vegetables) in a wide pan. Add mustard seeds, cumin seeds, a pinch of hing (asafoetida), and curry leaves. Let them splutter.
3. Aromatics: Add chopped onions and sauté until translucent. Add ginger-garlic paste and sauté for another minute.
4. Main Ingredient Addition: Add the chopped Prawn along with a pinch of turmeric and salt. Mix well to coat with the oil and spices.
5. Searing/Cooking: Cook uncovered on medium-high heat for the first 5 minutes to get a slight sear. Then, reduce the heat, cover with a lid, and cook until Prawn is 80% tender. Stir occasionally to prevent sticking.
6. Spicing: Remove the lid and add dry spice powders (coriander powder, cumin powder, red chili powder, amchur/dry mango powder). Mix thoroughly.
7. Finishing: Sauté on medium heat for another 3-4 minutes to crisp up the edges. Finish with a sprinkle of garam masala and fresh coriander leaves. Serve hot as a side dish.",,True,2026-08-08T05:39:03.820091+00:00,Main Course
9ff84f1a-e45f-4ea1-813b-fc0cbd2db5da,prawn-tikka,Prawn Tikka,Kerala,Prawn,"500g Prawn, washed and prepped
2 medium Onions, finely chopped
1 tbsp Ginger-Garlic Paste
2 medium Tomatoes, pureed or chopped
2-3 Green Chilies, slit
1 tsp Cumin Seeds
1/2 tsp Turmeric Powder
1 tsp Red Chili Powder
1 tsp Garam Masala
2 tbsp Oil or Ghee
Salt to taste
2 tbsp Fresh Coriander Leaves, chopped",Non-Vegetarian,False,{},{All},"1. Ingredient Prep: Wash, peel, and chop Prawn into even, bite-sized pieces. Finely chop onions, tomatoes, and slit green chilies.
2. Tempering (Tadka): Heat 2-3 tbsp of oil (mustard oil preferred for vegetables) in a wide pan. Add mustard seeds, cumin seeds, a pinch of hing (asafoetida), and curry leaves. Let them splutter.
3. Aromatics: Add chopped onions and sauté until translucent. Add ginger-garlic paste and sauté for another minute.
4. Main Ingredient Addition: Add the chopped Prawn along with a pinch of turmeric and salt. Mix well to coat with the oil and spices.
5. Searing/Cooking: Cook uncovered on medium-high heat for the first 5 minutes to get a slight sear. Then, reduce the heat, cover with a lid, and cook until Prawn is 80% tender. Stir occasionally to prevent sticking.
6. Spicing: Remove the lid and add dry spice powders (coriander powder, cumin powder, red chili powder, amchur/dry mango powder). Mix thoroughly.
7. Finishing: Sauté on medium heat for another 3-4 minutes to crisp up the edges. Finish with a sprinkle of garam masala and fresh coriander leaves. Serve hot as a side dish.",,True,2026-08-08T05:39:03.820111+00:00,Main Course
3ec98770-773e-4722-b640-755a465adc94,prawn-korma,Prawn Korma,North Indian,Prawn,"500g Prawn, washed and prepped
2 medium Onions, finely chopped
1 tbsp Ginger-Garlic Paste
2 medium Tomatoes, pureed or chopped
2-3 Green Chilies, slit
1 tsp Cumin Seeds
1/2 tsp Turmeric Powder
1 tsp Red Chili Powder
1 tsp Garam Masala
2 tbsp Oil or Ghee
Salt to taste
2 tbsp Fresh Coriander Leaves, chopped",Non-Vegetarian,False,{Nuts},{All},"1. Preparation: Thoroughly wash and prepare Prawn. If it's meat or paneer, marinate it with a little turmeric, red chili powder, salt, and lemon juice for 20 minutes. Finely chop 2 onions and puree 2 tomatoes.
2. Whole Spices (Tadka): Heat 3 tbsp of oil or ghee in a heavy-bottomed pan or pressure cooker over medium heat. Add cumin seeds, 1 bay leaf, 2-3 cloves, and a small cinnamon stick. Let them sizzle for 30 seconds to release their aroma.
3. Onion Base: Add the finely chopped onions and a pinch of salt. Sauté patiently for 8-10 minutes until they turn a deep golden brown.
4. Aromatics & Tomatoes: Add 1 tbsp of ginger-garlic paste and green chilies. Sauté for 1 minute until the raw smell goes away. Pour in the tomato puree and cook until the mixture thickens and oil starts separating from the edges (about 5-7 minutes).
5. Spice Powders: Lower the heat and add 1/2 tsp turmeric, 1 tsp Kashmiri red chili powder, 1 tsp coriander powder, and 1/2 tsp cumin powder. Stir constantly for 30 seconds so the spices bloom without burning.
6. Adding Base: Add the prepared Prawn to the masala. Sauté on medium-high heat for 4-5 minutes to coat everything well and seal in the flavors.
7. Simmering: Pour in 1 to 1.5 cups of warm water (adjust for desired gravy consistency). Bring to a boil, then reduce heat to low, cover with a lid, and simmer. Cook until the Prawn is completely tender (15 mins for veg/paneer, 30-45 mins for meat).
8. Final Garnish: Crush 1 tsp of Kasuri Methi (dried fenugreek leaves) between your palms and sprinkle it over the curry along with 1/2 tsp of garam masala. Garnish with freshly chopped cilantro and serve hot.",,True,2026-08-08T05:39:03.820133+00:00,Main Course
db3fab36-629f-40bb-bfae-bbdc9e00c939,prawn-makhani,Prawn Makhani,Bengali,Prawn,"500g Prawn, washed and prepped
2 medium Onions, finely chopped
1 tbsp Ginger-Garlic Paste
2 medium Tomatoes, pureed or chopped
2-3 Green Chilies, slit
1 tsp Cumin Seeds
1/2 tsp Turmeric Powder
1 tsp Red Chili Powder
1 tsp Garam Masala
3 tbsp Butter
1/4 cup Fresh Cream
1 tsp Kasuri Methi
Salt to taste
2 tbsp Fresh Coriander Leaves, chopped",Non-Vegetarian,False,{Dairy},{All},"1. Preparation: Thoroughly wash and prepare Prawn. If it's meat or paneer, marinate it with a little turmeric, red chili powder, salt, and lemon juice for 20 minutes. Finely chop 2 onions and puree 2 tomatoes.
2. Whole Spices (Tadka): Heat 3 tbsp of oil or ghee in a heavy-bottomed pan or pressure cooker over medium heat. Add cumin seeds, 1 bay leaf, 2-3 cloves, and a small cinnamon stick. Let them sizzle for 30 seconds to release their aroma.
3. Onion Base: Add the finely chopped onions and a pinch of salt. Sauté patiently for 8-10 minutes until they turn a deep golden brown.
4. Aromatics & Tomatoes: Add 1 tbsp of ginger-garlic paste and green chilies. Sauté for 1 minute until the raw smell goes away. Pour in the tomato puree and cook until the mixture thickens and oil starts separating from the edges (about 5-7 minutes).
5. Spice Powders: Lower the heat and add 1/2 tsp turmeric, 1 tsp Kashmiri red chili powder, 1 tsp coriander powder, and 1/2 tsp cumin powder. Stir constantly for 30 seconds so the spices bloom without burning.
6. Adding Base: Add the prepared Prawn to the masala. Sauté on medium-high heat for 4-5 minutes to coat everything well and seal in the flavors.
7. Simmering: Pour in 1 to 1.5 cups of warm water (adjust for desired gravy consistency). Bring to a boil, then reduce heat to low, cover with a lid, and simmer. Cook until the Prawn is completely tender (15 mins for veg/paneer, 30-45 mins for meat).
8. Final Garnish: Crush 1 tsp of Kasuri Methi (dried fenugreek leaves) between your palms and sprinkle it over the curry along with 1/2 tsp of garam masala. Garnish with freshly chopped cilantro and serve hot.",,True,2026-08-08T05:39:03.820149+00:00,Main Course
c05aa1d6-745c-44b8-a52d-30ac530ca87e,prawn-bhurji,Prawn Bhurji,Maharashtrian,Prawn,"500g Prawn, washed and prepped
2 medium Onions, finely chopped
1 tbsp Ginger-Garlic Paste
2 medium Tomatoes, pureed or chopped
2-3 Green Chilies, slit
1 tsp Cumin Seeds
1/2 tsp Turmeric Powder
1 tsp Red Chili Powder
1 tsp Garam Masala
2 tbsp Oil or Ghee
Salt to taste
2 tbsp Fresh Coriander Leaves, chopped",Non-Vegetarian,False,{},{All},"1. Ingredient Prep: Wash, peel, and chop Prawn into even, bite-sized pieces. Finely chop onions, tomatoes, and slit green chilies.
2. Tempering (Tadka): Heat 2-3 tbsp of oil (mustard oil preferred for vegetables) in a wide pan. Add mustard seeds, cumin seeds, a pinch of hing (asafoetida), and curry leaves. Let them splutter.
3. Aromatics: Add chopped onions and sauté until translucent. Add ginger-garlic paste and sauté for another minute.
4. Main Ingredient Addition: Add the chopped Prawn along with a pinch of turmeric and salt. Mix well to coat with the oil and spices.
5. Searing/Cooking: Cook uncovered on medium-high heat for the first 5 minutes to get a slight sear. Then, reduce the heat, cover with a lid, and cook until Prawn is 80% tender. Stir occasionally to prevent sticking.
6. Spicing: Remove the lid and add dry spice powders (coriander powder, cumin powder, red chili powder, amchur/dry mango powder). Mix thoroughly.
7. Finishing: Sauté on medium heat for another 3-4 minutes to crisp up the edges. Finish with a sprinkle of garam masala and fresh coriander leaves. Serve hot as a side dish.",,True,2026-08-08T05:39:03.820163+00:00,Main Course
29e682cd-71ae-420e-8696-6af47ac5bd91,prawn-kofta,Prawn Kofta,Hyderabadi,Prawn,"500g Prawn, washed and prepped
2 medium Onions, finely chopped
1 tbsp Ginger-Garlic Paste
2 medium Tomatoes, pureed or chopped
2-3 Green Chilies, slit
1 tsp Cumin Seeds
1/2 tsp Turmeric Powder
1 tsp Red Chili Powder
1 tsp Garam Masala
2 tbsp Oil or Ghee
Salt to taste
2 tbsp Fresh Coriander Leaves, chopped",Non-Vegetarian,False,{},{All},"1. Preparation: Thoroughly wash and prepare Prawn. If it's meat or paneer, marinate it with a little turmeric, red chili powder, salt, and lemon juice for 20 minutes. Finely chop 2 onions and puree 2 tomatoes.
2. Whole Spices (Tadka): Heat 3 tbsp of oil or ghee in a heavy-bottomed pan or pressure cooker over medium heat. Add cumin seeds, 1 bay leaf, 2-3 cloves, and a small cinnamon stick. Let them sizzle for 30 seconds to release their aroma.
3. Onion Base: Add the finely chopped onions and a pinch of salt. Sauté patiently for 8-10 minutes until they turn a deep golden brown.
4. Aromatics & Tomatoes: Add 1 tbsp of ginger-garlic paste and green chilies. Sauté for 1 minute until the raw smell goes away. Pour in the tomato puree and cook until the mixture thickens and oil starts separating from the edges (about 5-7 minutes).
5. Spice Powders: Lower the heat and add 1/2 tsp turmeric, 1 tsp Kashmiri red chili powder, 1 tsp coriander powder, and 1/2 tsp cumin powder. Stir constantly for 30 seconds so the spices bloom without burning.
6. Adding Base: Add the prepared Prawn to the masala. Sauté on medium-high heat for 4-5 minutes to coat everything well and seal in the flavors.
7. Simmering: Pour in 1 to 1.5 cups of warm water (adjust for desired gravy consistency). Bring to a boil, then reduce heat to low, cover with a lid, and simmer. Cook until the Prawn is completely tender (15 mins for veg/paneer, 30-45 mins for meat).
8. Final Garnish: Crush 1 tsp of Kasuri Methi (dried fenugreek leaves) between your palms and sprinkle it over the curry along with 1/2 tsp of garam masala. Garnish with freshly chopped cilantro and serve hot.",,True,2026-08-08T05:39:03.820177+00:00,Main Course
4ad9a103-5e48-40d4-b37b-9b959a8e17e8,prawn-saag,Prawn Saag,Rajasthani,Prawn,"500g Prawn, washed and prepped
2 medium Onions, finely chopped
1 tbsp Ginger-Garlic Paste
2 medium Tomatoes, pureed or chopped
2-3 Green Chilies, slit
1 tsp Cumin Seeds
1/2 tsp Turmeric Powder
1 tsp Red Chili Powder
1 tsp Garam Masala
2 tbsp Oil or Ghee
Salt to taste
2 tbsp Fresh Coriander Leaves, chopped",Non-Vegetarian,False,{},{All},"1. Preparation: Thoroughly wash and prepare Prawn. If it's meat or paneer, marinate it with a little turmeric, red chili powder, salt, and lemon juice for 20 minutes. Finely chop 2 onions and puree 2 tomatoes.
2. Whole Spices (Tadka): Heat 3 tbsp of oil or ghee in a heavy-bottomed pan or pressure cooker over medium heat. Add cumin seeds, 1 bay leaf, 2-3 cloves, and a small cinnamon stick. Let them sizzle for 30 seconds to release their aroma.
3. Onion Base: Add the finely chopped onions and a pinch of salt. Sauté patiently for 8-10 minutes until they turn a deep golden brown.
4. Aromatics & Tomatoes: Add 1 tbsp of ginger-garlic paste and green chilies. Sauté for 1 minute until the raw smell goes away. Pour in the tomato puree and cook until the mixture thickens and oil starts separating from the edges (about 5-7 minutes).
5. Spice Powders: Lower the heat and add 1/2 tsp turmeric, 1 tsp Kashmiri red chili powder, 1 tsp coriander powder, and 1/2 tsp cumin powder. Stir constantly for 30 seconds so the spices bloom without burning.
6. Adding Base: Add the prepared Prawn to the masala. Sauté on medium-high heat for 4-5 minutes to coat everything well and seal in the flavors.
7. Simmering: Pour in 1 to 1.5 cups of warm water (adjust for desired gravy consistency). Bring to a boil, then reduce heat to low, cover with a lid, and simmer. Cook until the Prawn is completely tender (15 mins for veg/paneer, 30-45 mins for meat).
8. Final Garnish: Crush 1 tsp of Kasuri Methi (dried fenugreek leaves) between your palms and sprinkle it over the curry along with 1/2 tsp of garam masala. Garnish with freshly chopped cilantro and serve hot.",,True,2026-08-08T05:39:03.820193+00:00,Main Course
c9093f5f-1d9f-4c6e-8db4-abc8cb173fb5,prawn-vindaloo,Prawn Vindaloo,Rajasthani,Prawn,"500g Prawn, washed and prepped
2 medium Onions, finely chopped
1 tbsp Ginger-Garlic Paste
2 medium Tomatoes, pureed or chopped
2-3 Green Chilies, slit
1 tsp Cumin Seeds
1/2 tsp Turmeric Powder
1 tsp Red Chili Powder
1 tsp Garam Masala
2 tbsp Oil or Ghee
Salt to taste
2 tbsp Fresh Coriander Leaves, chopped",Non-Vegetarian,False,{},{All},"1. Preparation: Thoroughly wash and prepare Prawn. If it's meat or paneer, marinate it with a little turmeric, red chili powder, salt, and lemon juice for 20 minutes. Finely chop 2 onions and puree 2 tomatoes.
2. Whole Spices (Tadka): Heat 3 tbsp of oil or ghee in a heavy-bottomed pan or pressure cooker over medium heat. Add cumin seeds, 1 bay leaf, 2-3 cloves, and a small cinnamon stick. Let them sizzle for 30 seconds to release their aroma.
3. Onion Base: Add the finely chopped onions and a pinch of salt. Sauté patiently for 8-10 minutes until they turn a deep golden brown.
4. Aromatics & Tomatoes: Add 1 tbsp of ginger-garlic paste and green chilies. Sauté for 1 minute until the raw smell goes away. Pour in the tomato puree and cook until the mixture thickens and oil starts separating from the edges (about 5-7 minutes).
5. Spice Powders: Lower the heat and add 1/2 tsp turmeric, 1 tsp Kashmiri red chili powder, 1 tsp coriander powder, and 1/2 tsp cumin powder. Stir constantly for 30 seconds so the spices bloom without burning.
6. Adding Base: Add the prepared Prawn to the masala. Sauté on medium-high heat for 4-5 minutes to coat everything well and seal in the flavors.
7. Simmering: Pour in 1 to 1.5 cups of warm water (adjust for desired gravy consistency). Bring to a boil, then reduce heat to low, cover with a lid, and simmer. Cook until the Prawn is completely tender (15 mins for veg/paneer, 30-45 mins for meat).
8. Final Garnish: Crush 1 tsp of Kasuri Methi (dried fenugreek leaves) between your palms and sprinkle it over the curry along with 1/2 tsp of garam masala. Garnish with freshly chopped cilantro and serve hot.",,True,2026-08-08T05:39:03.820228+00:00,Main Course
bb5f65b2-c01a-4d25-8f24-7bbc7c6320c3,prawn-chettinad,Prawn Chettinad,Tamil,Prawn,"500g Prawn, washed and prepped
2 medium Onions, finely chopped
1 tbsp Ginger-Garlic Paste
2 medium Tomatoes, pureed or chopped
2-3 Green Chilies, slit
1 tsp Cumin Seeds
1/2 tsp Turmeric Powder
1 tsp Red Chili Powder
1 tsp Garam Masala
2 tbsp Oil or Ghee
Salt to taste
2 tbsp Fresh Coriander Leaves, chopped",Non-Vegetarian,False,{},{All},"1. Preparation: Thoroughly wash and prepare Prawn. If it's meat or paneer, marinate it with a little turmeric, red chili powder, salt, and lemon juice for 20 minutes. Finely chop 2 onions and puree 2 tomatoes.
2. Whole Spices (Tadka): Heat 3 tbsp of oil or ghee in a heavy-bottomed pan or pressure cooker over medium heat. Add cumin seeds, 1 bay leaf, 2-3 cloves, and a small cinnamon stick. Let them sizzle for 30 seconds to release their aroma.
3. Onion Base: Add the finely chopped onions and a pinch of salt. Sauté patiently for 8-10 minutes until they turn a deep golden brown.
4. Aromatics & Tomatoes: Add 1 tbsp of ginger-garlic paste and green chilies. Sauté for 1 minute until the raw smell goes away. Pour in the tomato puree and cook until the mixture thickens and oil starts separating from the edges (about 5-7 minutes).
5. Spice Powders: Lower the heat and add 1/2 tsp turmeric, 1 tsp Kashmiri red chili powder, 1 tsp coriander powder, and 1/2 tsp cumin powder. Stir constantly for 30 seconds so the spices bloom without burning.
6. Adding Base: Add the prepared Prawn to the masala. Sauté on medium-high heat for 4-5 minutes to coat everything well and seal in the flavors.
7. Simmering: Pour in 1 to 1.5 cups of warm water (adjust for desired gravy consistency). Bring to a boil, then reduce heat to low, cover with a lid, and simmer. Cook until the Prawn is completely tender (15 mins for veg/paneer, 30-45 mins for meat).
8. Final Garnish: Crush 1 tsp of Kasuri Methi (dried fenugreek leaves) between your palms and sprinkle it over the curry along with 1/2 tsp of garam masala. Garnish with freshly chopped cilantro and serve hot.",,True,2026-08-08T05:39:03.820257+00:00,Main Course
f1788dad-ee75-47d3-a3d2-a8a0c3112a7b,prawn-do-pyaza,Prawn Do Pyaza,Awadhi,Prawn,"500g Prawn, washed and prepped
2 medium Onions, finely chopped
1 tbsp Ginger-Garlic Paste
2 medium Tomatoes, pureed or chopped
2-3 Green Chilies, slit
1 tsp Cumin Seeds
1/2 tsp Turmeric Powder
1 tsp Red Chili Powder
1 tsp Garam Masala
2 tbsp Oil or Ghee
Salt to taste
2 tbsp Fresh Coriander Leaves, chopped",Non-Vegetarian,False,{},{All},"1. Preparation: Thoroughly wash and prepare Prawn. If it's meat or paneer, marinate it with a little turmeric, red chili powder, salt, and lemon juice for 20 minutes. Finely chop 2 onions and puree 2 tomatoes.
2. Whole Spices (Tadka): Heat 3 tbsp of oil or ghee in a heavy-bottomed pan or pressure cooker over medium heat. Add cumin seeds, 1 bay leaf, 2-3 cloves, and a small cinnamon stick. Let them sizzle for 30 seconds to release their aroma.
3. Onion Base: Add the finely chopped onions and a pinch of salt. Sauté patiently for 8-10 minutes until they turn a deep golden brown.
4. Aromatics & Tomatoes: Add 1 tbsp of ginger-garlic paste and green chilies. Sauté for 1 minute until the raw smell goes away. Pour in the tomato puree and cook until the mixture thickens and oil starts separating from the edges (about 5-7 minutes).
5. Spice Powders: Lower the heat and add 1/2 tsp turmeric, 1 tsp Kashmiri red chili powder, 1 tsp coriander powder, and 1/2 tsp cumin powder. Stir constantly for 30 seconds so the spices bloom without burning.
6. Adding Base: Add the prepared Prawn to the masala. Sauté on medium-high heat for 4-5 minutes to coat everything well and seal in the flavors.
7. Simmering: Pour in 1 to 1.5 cups of warm water (adjust for desired gravy consistency). Bring to a boil, then reduce heat to low, cover with a lid, and simmer. Cook until the Prawn is completely tender (15 mins for veg/paneer, 30-45 mins for meat).
8. Final Garnish: Crush 1 tsp of Kasuri Methi (dried fenugreek leaves) between your palms and sprinkle it over the curry along with 1/2 tsp of garam masala. Garnish with freshly chopped cilantro and serve hot.",,True,2026-08-08T05:39:03.820281+00:00,Main Course
81077861-124c-4264-ab31-229fdbdd943d,prawn-salna,Prawn Salna,Awadhi,Prawn,"500g Prawn, washed and prepped
2 medium Onions, finely chopped
1 tbsp Ginger-Garlic Paste
2 medium Tomatoes, pureed or chopped
2-3 Green Chilies, slit
1 tsp Cumin Seeds
1/2 tsp Turmeric Powder
1 tsp Red Chili Powder
1 tsp Garam Masala
2 tbsp Oil or Ghee
Salt to taste
2 tbsp Fresh Coriander Leaves, chopped",Non-Vegetarian,False,{},{All},"1. Preparation: Thoroughly wash and prepare Prawn. If it's meat or paneer, marinate it with a little turmeric, red chili powder, salt, and lemon juice for 20 minutes. Finely chop 2 onions and puree 2 tomatoes.
2. Whole Spices (Tadka): Heat 3 tbsp of oil or ghee in a heavy-bottomed pan or pressure cooker over medium heat. Add cumin seeds, 1 bay leaf, 2-3 cloves, and a small cinnamon stick. Let them sizzle for 30 seconds to release their aroma.
3. Onion Base: Add the finely chopped onions and a pinch of salt. Sauté patiently for 8-10 minutes until they turn a deep golden brown.
4. Aromatics & Tomatoes: Add 1 tbsp of ginger-garlic paste and green chilies. Sauté for 1 minute until the raw smell goes away. Pour in the tomato puree and cook until the mixture thickens and oil starts separating from the edges (about 5-7 minutes).
5. Spice Powders: Lower the heat and add 1/2 tsp turmeric, 1 tsp Kashmiri red chili powder, 1 tsp coriander powder, and 1/2 tsp cumin powder. Stir constantly for 30 seconds so the spices bloom without burning.
6. Adding Base: Add the prepared Prawn to the masala. Sauté on medium-high heat for 4-5 minutes to coat everything well and seal in the flavors.
7. Simmering: Pour in 1 to 1.5 cups of warm water (adjust for desired gravy consistency). Bring to a boil, then reduce heat to low, cover with a lid, and simmer. Cook until the Prawn is completely tender (15 mins for veg/paneer, 30-45 mins for meat).
8. Final Garnish: Crush 1 tsp of Kasuri Methi (dried fenugreek leaves) between your palms and sprinkle it over the curry along with 1/2 tsp of garam masala. Garnish with freshly chopped cilantro and serve hot.",,True,2026-08-08T05:39:03.820302+00:00,Main Course
22e1fc9c-3c93-4282-a600-8e0fba64fce3,prawn-kurma,Prawn Kurma,Tamil,Prawn,"500g Prawn, washed and prepped
2 medium Onions, finely chopped
1 tbsp Ginger-Garlic Paste
2 medium Tomatoes, pureed or chopped
2-3 Green Chilies, slit
1 tsp Cumin Seeds
1/2 tsp Turmeric Powder
1 tsp Red Chili Powder
1 tsp Garam Masala
2 tbsp Oil or Ghee
Salt to taste
2 tbsp Fresh Coriander Leaves, chopped",Non-Vegetarian,False,{Nuts},{All},"1. Preparation: Thoroughly wash and prepare Prawn. If it's meat or paneer, marinate it with a little turmeric, red chili powder, salt, and lemon juice for 20 minutes. Finely chop 2 onions and puree 2 tomatoes.
2. Whole Spices (Tadka): Heat 3 tbsp of oil or ghee in a heavy-bottomed pan or pressure cooker over medium heat. Add cumin seeds, 1 bay leaf, 2-3 cloves, and a small cinnamon stick. Let them sizzle for 30 seconds to release their aroma.
3. Onion Base: Add the finely chopped onions and a pinch of salt. Sauté patiently for 8-10 minutes until they turn a deep golden brown.
4. Aromatics & Tomatoes: Add 1 tbsp of ginger-garlic paste and green chilies. Sauté for 1 minute until the raw smell goes away. Pour in the tomato puree and cook until the mixture thickens and oil starts separating from the edges (about 5-7 minutes).
5. Spice Powders: Lower the heat and add 1/2 tsp turmeric, 1 tsp Kashmiri red chili powder, 1 tsp coriander powder, and 1/2 tsp cumin powder. Stir constantly for 30 seconds so the spices bloom without burning.
6. Adding Base: Add the prepared Prawn to the masala. Sauté on medium-high heat for 4-5 minutes to coat everything well and seal in the flavors.
7. Simmering: Pour in 1 to 1.5 cups of warm water (adjust for desired gravy consistency). Bring to a boil, then reduce heat to low, cover with a lid, and simmer. Cook until the Prawn is completely tender (15 mins for veg/paneer, 30-45 mins for meat).
8. Final Garnish: Crush 1 tsp of Kasuri Methi (dried fenugreek leaves) between your palms and sprinkle it over the curry along with 1/2 tsp of garam masala. Garnish with freshly chopped cilantro and serve hot.",,True,2026-08-08T05:39:03.820317+00:00,Main Course
6a93ac87-b6cc-460d-b6e0-547b2e19fd1f,egg-curry,Egg Curry,Hyderabadi,Egg,"500g Egg, washed and prepped
2 medium Onions, finely chopped
1 tbsp Ginger-Garlic Paste
2 medium Tomatoes, pureed or chopped
2-3 Green Chilies, slit
1 tsp Cumin Seeds
1/2 tsp Turmeric Powder
1 tsp Red Chili Powder
1 tsp Garam Masala
2 tbsp Oil or Ghee
Salt to taste
2 tbsp Fresh Coriander Leaves, chopped",Non-Vegetarian,False,{},{All},"1. Preparation: Thoroughly wash and prepare Egg. If it's meat or paneer, marinate it with a little turmeric, red chili powder, salt, and lemon juice for 20 minutes. Finely chop 2 onions and puree 2 tomatoes.
2. Whole Spices (Tadka): Heat 3 tbsp of oil or ghee in a heavy-bottomed pan or pressure cooker over medium heat. Add cumin seeds, 1 bay leaf, 2-3 cloves, and a small cinnamon stick. Let them sizzle for 30 seconds to release their aroma.
3. Onion Base: Add the finely chopped onions and a pinch of salt. Sauté patiently for 8-10 minutes until they turn a deep golden brown.
4. Aromatics & Tomatoes: Add 1 tbsp of ginger-garlic paste and green chilies. Sauté for 1 minute until the raw smell goes away. Pour in the tomato puree and cook until the mixture thickens and oil starts separating from the edges (about 5-7 minutes).
5. Spice Powders: Lower the heat and add 1/2 tsp turmeric, 1 tsp Kashmiri red chili powder, 1 tsp coriander powder, and 1/2 tsp cumin powder. Stir constantly for 30 seconds so the spices bloom without burning.
6. Adding Base: Add the prepared Egg to the masala. Sauté on medium-high heat for 4-5 minutes to coat everything well and seal in the flavors.
7. Simmering: Pour in 1 to 1.5 cups of warm water (adjust for desired gravy consistency). Bring to a boil, then reduce heat to low, cover with a lid, and simmer. Cook until the Egg is completely tender (15 mins for veg/paneer, 30-45 mins for meat).
8. Final Garnish: Crush 1 tsp of Kasuri Methi (dried fenugreek leaves) between your palms and sprinkle it over the curry along with 1/2 tsp of garam masala. Garnish with freshly chopped cilantro and serve hot.",,True,2026-08-08T05:39:03.820329+00:00,Main Course
2410ce9d-c24d-4fb3-b7d0-f18b3e80ccee,egg-masala,Egg Masala,Andhra,Egg,"500g Egg, washed and prepped
2 medium Onions, finely chopped
1 tbsp Ginger-Garlic Paste
2 medium Tomatoes, pureed or chopped
2-3 Green Chilies, slit
1 tsp Cumin Seeds
1/2 tsp Turmeric Powder
1 tsp Red Chili Powder
1 tsp Garam Masala
2 tbsp Oil or Ghee
Salt to taste
2 tbsp Fresh Coriander Leaves, chopped",Non-Vegetarian,False,{},{All},"1. Preparation: Thoroughly wash and prepare Egg. If it's meat or paneer, marinate it with a little turmeric, red chili powder, salt, and lemon juice for 20 minutes. Finely chop 2 onions and puree 2 tomatoes.
2. Whole Spices (Tadka): Heat 3 tbsp of oil or ghee in a heavy-bottomed pan or pressure cooker over medium heat. Add cumin seeds, 1 bay leaf, 2-3 cloves, and a small cinnamon stick. Let them sizzle for 30 seconds to release their aroma.
3. Onion Base: Add the finely chopped onions and a pinch of salt. Sauté patiently for 8-10 minutes until they turn a deep golden brown.
4. Aromatics & Tomatoes: Add 1 tbsp of ginger-garlic paste and green chilies. Sauté for 1 minute until the raw smell goes away. Pour in the tomato puree and cook until the mixture thickens and oil starts separating from the edges (about 5-7 minutes).
5. Spice Powders: Lower the heat and add 1/2 tsp turmeric, 1 tsp Kashmiri red chili powder, 1 tsp coriander powder, and 1/2 tsp cumin powder. Stir constantly for 30 seconds so the spices bloom without burning.
6. Adding Base: Add the prepared Egg to the masala. Sauté on medium-high heat for 4-5 minutes to coat everything well and seal in the flavors.
7. Simmering: Pour in 1 to 1.5 cups of warm water (adjust for desired gravy consistency). Bring to a boil, then reduce heat to low, cover with a lid, and simmer. Cook until the Egg is completely tender (15 mins for veg/paneer, 30-45 mins for meat).
8. Final Garnish: Crush 1 tsp of Kasuri Methi (dried fenugreek leaves) between your palms and sprinkle it over the curry along with 1/2 tsp of garam masala. Garnish with freshly chopped cilantro and serve hot.",,True,2026-08-08T05:39:03.820354+00:00,Main Course
0bc30c0a-c502-47f8-b075-f4e28e63dce0,egg-fry,Egg Fry,Gujarati,Egg,"500g Egg, washed and prepped
2 medium Onions, finely chopped
1 tbsp Ginger-Garlic Paste
2 medium Tomatoes, pureed or chopped
2-3 Green Chilies, slit
1 tsp Cumin Seeds
1/2 tsp Turmeric Powder
1 tsp Red Chili Powder
1 tsp Garam Masala
2 tbsp Oil or Ghee
Salt to taste
2 tbsp Fresh Coriander Leaves, chopped",Non-Vegetarian,False,{},{All},"1. Ingredient Prep: Wash, peel, and chop Egg into even, bite-sized pieces. Finely chop onions, tomatoes, and slit green chilies.
2. Tempering (Tadka): Heat 2-3 tbsp of oil (mustard oil preferred for vegetables) in a wide pan. Add mustard seeds, cumin seeds, a pinch of hing (asafoetida), and curry leaves. Let them splutter.
3. Aromatics: Add chopped onions and sauté until translucent. Add ginger-garlic paste and sauté for another minute.
4. Main Ingredient Addition: Add the chopped Egg along with a pinch of turmeric and salt. Mix well to coat with the oil and spices.
5. Searing/Cooking: Cook uncovered on medium-high heat for the first 5 minutes to get a slight sear. Then, reduce the heat, cover with a lid, and cook until Egg is 80% tender. Stir occasionally to prevent sticking.
6. Spicing: Remove the lid and add dry spice powders (coriander powder, cumin powder, red chili powder, amchur/dry mango powder). Mix thoroughly.
7. Finishing: Sauté on medium heat for another 3-4 minutes to crisp up the edges. Finish with a sprinkle of garam masala and fresh coriander leaves. Serve hot as a side dish.",,True,2026-08-08T05:39:03.820381+00:00,Main Course
b3995502-ca15-4f05-8892-1f88d18fec50,egg-roast,Egg Roast,Kerala,Egg,"500g Egg, washed and prepped
2 medium Onions, finely chopped
1 tbsp Ginger-Garlic Paste
2 medium Tomatoes, pureed or chopped
2-3 Green Chilies, slit
1 tsp Cumin Seeds
1/2 tsp Turmeric Powder
1 tsp Red Chili Powder
1 tsp Garam Masala
2 tbsp Oil or Ghee
Salt to taste
2 tbsp Fresh Coriander Leaves, chopped",Non-Vegetarian,False,{},{All},"1. Ingredient Prep: Wash, peel, and chop Egg into even, bite-sized pieces. Finely chop onions, tomatoes, and slit green chilies.
2. Tempering (Tadka): Heat 2-3 tbsp of oil (mustard oil preferred for vegetables) in a wide pan. Add mustard seeds, cumin seeds, a pinch of hing (asafoetida), and curry leaves. Let them splutter.
3. Aromatics: Add chopped onions and sauté until translucent. Add ginger-garlic paste and sauté for another minute.
4. Main Ingredient Addition: Add the chopped Egg along with a pinch of turmeric and salt. Mix well to coat with the oil and spices.
5. Searing/Cooking: Cook uncovered on medium-high heat for the first 5 minutes to get a slight sear. Then, reduce the heat, cover with a lid, and cook until Egg is 80% tender. Stir occasionally to prevent sticking.
6. Spicing: Remove the lid and add dry spice powders (coriander powder, cumin powder, red chili powder, amchur/dry mango powder). Mix thoroughly.
7. Finishing: Sauté on medium heat for another 3-4 minutes to crisp up the edges. Finish with a sprinkle of garam masala and fresh coriander leaves. Serve hot as a side dish.",,True,2026-08-08T05:39:03.820395+00:00,Main Course
f97f613e-da65-44c5-996a-c9234dd5b143,egg-tikka,Egg Tikka,Gujarati,Egg,"500g Egg, washed and prepped
2 medium Onions, finely chopped
1 tbsp Ginger-Garlic Paste
2 medium Tomatoes, pureed or chopped
2-3 Green Chilies, slit
1 tsp Cumin Seeds
1/2 tsp Turmeric Powder
1 tsp Red Chili Powder
1 tsp Garam Masala
2 tbsp Oil or Ghee
Salt to taste
2 tbsp Fresh Coriander Leaves, chopped",Non-Vegetarian,False,{},{All},"1. Ingredient Prep: Wash, peel, and chop Egg into even, bite-sized pieces. Finely chop onions, tomatoes, and slit green chilies.
2. Tempering (Tadka): Heat 2-3 tbsp of oil (mustard oil preferred for vegetables) in a wide pan. Add mustard seeds, cumin seeds, a pinch of hing (asafoetida), and curry leaves. Let them splutter.
3. Aromatics: Add chopped onions and sauté until translucent. Add ginger-garlic paste and sauté for another minute.
4. Main Ingredient Addition: Add the chopped Egg along with a pinch of turmeric and salt. Mix well to coat with the oil and spices.
5. Searing/Cooking: Cook uncovered on medium-high heat for the first 5 minutes to get a slight sear. Then, reduce the heat, cover with a lid, and cook until Egg is 80% tender. Stir occasionally to prevent sticking.
6. Spicing: Remove the lid and add dry spice powders (coriander powder, cumin powder, red chili powder, amchur/dry mango powder). Mix thoroughly.
7. Finishing: Sauté on medium heat for another 3-4 minutes to crisp up the edges. Finish with a sprinkle of garam masala and fresh coriander leaves. Serve hot as a side dish.",,True,2026-08-08T05:39:03.820408+00:00,Main Course
733bab54-cf23-4ae4-86fd-0ebc9186aa20,egg-korma,Egg Korma,Maharashtrian,Egg,"500g Egg, washed and prepped
2 medium Onions, finely chopped
1 tbsp Ginger-Garlic Paste
2 medium Tomatoes, pureed or chopped
2-3 Green Chilies, slit
1 tsp Cumin Seeds
1/2 tsp Turmeric Powder
1 tsp Red Chili Powder
1 tsp Garam Masala
2 tbsp Oil or Ghee
Salt to taste
2 tbsp Fresh Coriander Leaves, chopped",Non-Vegetarian,False,{Nuts},{All},"1. Preparation: Thoroughly wash and prepare Egg. If it's meat or paneer, marinate it with a little turmeric, red chili powder, salt, and lemon juice for 20 minutes. Finely chop 2 onions and puree 2 tomatoes.
2. Whole Spices (Tadka): Heat 3 tbsp of oil or ghee in a heavy-bottomed pan or pressure cooker over medium heat. Add cumin seeds, 1 bay leaf, 2-3 cloves, and a small cinnamon stick. Let them sizzle for 30 seconds to release their aroma.
3. Onion Base: Add the finely chopped onions and a pinch of salt. Sauté patiently for 8-10 minutes until they turn a deep golden brown.
4. Aromatics & Tomatoes: Add 1 tbsp of ginger-garlic paste and green chilies. Sauté for 1 minute until the raw smell goes away. Pour in the tomato puree and cook until the mixture thickens and oil starts separating from the edges (about 5-7 minutes).
5. Spice Powders: Lower the heat and add 1/2 tsp turmeric, 1 tsp Kashmiri red chili powder, 1 tsp coriander powder, and 1/2 tsp cumin powder. Stir constantly for 30 seconds so the spices bloom without burning.
6. Adding Base: Add the prepared Egg to the masala. Sauté on medium-high heat for 4-5 minutes to coat everything well and seal in the flavors.
7. Simmering: Pour in 1 to 1.5 cups of warm water (adjust for desired gravy consistency). Bring to a boil, then reduce heat to low, cover with a lid, and simmer. Cook until the Egg is completely tender (15 mins for veg/paneer, 30-45 mins for meat).
8. Final Garnish: Crush 1 tsp of Kasuri Methi (dried fenugreek leaves) between your palms and sprinkle it over the curry along with 1/2 tsp of garam masala. Garnish with freshly chopped cilantro and serve hot.",,True,2026-08-08T05:39:03.820424+00:00,Main Course
581fca24-a311-437e-9070-e84915dce363,egg-makhani,Egg Makhani,Rajasthani,Egg,"500g Egg, washed and prepped
2 medium Onions, finely chopped
1 tbsp Ginger-Garlic Paste
2 medium Tomatoes, pureed or chopped
2-3 Green Chilies, slit
1 tsp Cumin Seeds
1/2 tsp Turmeric Powder
1 tsp Red Chili Powder
1 tsp Garam Masala
3 tbsp Butter
1/4 cup Fresh Cream
1 tsp Kasuri Methi
Salt to taste
2 tbsp Fresh Coriander Leaves, chopped",Non-Vegetarian,False,{Dairy},{All},"1. Preparation: Thoroughly wash and prepare Egg. If it's meat or paneer, marinate it with a little turmeric, red chili powder, salt, and lemon juice for 20 minutes. Finely chop 2 onions and puree 2 tomatoes.
2. Whole Spices (Tadka): Heat 3 tbsp of oil or ghee in a heavy-bottomed pan or pressure cooker over medium heat. Add cumin seeds, 1 bay leaf, 2-3 cloves, and a small cinnamon stick. Let them sizzle for 30 seconds to release their aroma.
3. Onion Base: Add the finely chopped onions and a pinch of salt. Sauté patiently for 8-10 minutes until they turn a deep golden brown.
4. Aromatics & Tomatoes: Add 1 tbsp of ginger-garlic paste and green chilies. Sauté for 1 minute until the raw smell goes away. Pour in the tomato puree and cook until the mixture thickens and oil starts separating from the edges (about 5-7 minutes).
5. Spice Powders: Lower the heat and add 1/2 tsp turmeric, 1 tsp Kashmiri red chili powder, 1 tsp coriander powder, and 1/2 tsp cumin powder. Stir constantly for 30 seconds so the spices bloom without burning.
6. Adding Base: Add the prepared Egg to the masala. Sauté on medium-high heat for 4-5 minutes to coat everything well and seal in the flavors.
7. Simmering: Pour in 1 to 1.5 cups of warm water (adjust for desired gravy consistency). Bring to a boil, then reduce heat to low, cover with a lid, and simmer. Cook until the Egg is completely tender (15 mins for veg/paneer, 30-45 mins for meat).
8. Final Garnish: Crush 1 tsp of Kasuri Methi (dried fenugreek leaves) between your palms and sprinkle it over the curry along with 1/2 tsp of garam masala. Garnish with freshly chopped cilantro and serve hot.",,True,2026-08-08T05:39:03.820444+00:00,Main Course
455e2386-8517-4460-a149-06eaf9cdbfa4,egg-bhurji,Egg Bhurji,Kerala,Egg,"500g Egg, washed and prepped
2 medium Onions, finely chopped
1 tbsp Ginger-Garlic Paste
2 medium Tomatoes, pureed or chopped
2-3 Green Chilies, slit
1 tsp Cumin Seeds
1/2 tsp Turmeric Powder
1 tsp Red Chili Powder
1 tsp Garam Masala
2 tbsp Oil or Ghee
Salt to taste
2 tbsp Fresh Coriander Leaves, chopped",Non-Vegetarian,False,{},{All},"1. Ingredient Prep: Wash, peel, and chop Egg into even, bite-sized pieces. Finely chop onions, tomatoes, and slit green chilies.
2. Tempering (Tadka): Heat 2-3 tbsp of oil (mustard oil preferred for vegetables) in a wide pan. Add mustard seeds, cumin seeds, a pinch of hing (asafoetida), and curry leaves. Let them splutter.
3. Aromatics: Add chopped onions and sauté until translucent. Add ginger-garlic paste and sauté for another minute.
4. Main Ingredient Addition: Add the chopped Egg along with a pinch of turmeric and salt. Mix well to coat with the oil and spices.
5. Searing/Cooking: Cook uncovered on medium-high heat for the first 5 minutes to get a slight sear. Then, reduce the heat, cover with a lid, and cook until Egg is 80% tender. Stir occasionally to prevent sticking.
6. Spicing: Remove the lid and add dry spice powders (coriander powder, cumin powder, red chili powder, amchur/dry mango powder). Mix thoroughly.
7. Finishing: Sauté on medium heat for another 3-4 minutes to crisp up the edges. Finish with a sprinkle of garam masala and fresh coriander leaves. Serve hot as a side dish.",,True,2026-08-08T05:39:03.820464+00:00,Main Course
c90c7663-9fb6-4630-8366-1c1a48fc392b,egg-kofta,Egg Kofta,North Indian,Egg,"500g Egg, washed and prepped
2 medium Onions, finely chopped
1 tbsp Ginger-Garlic Paste
2 medium Tomatoes, pureed or chopped
2-3 Green Chilies, slit
1 tsp Cumin Seeds
1/2 tsp Turmeric Powder
1 tsp Red Chili Powder
1 tsp Garam Masala
2 tbsp Oil or Ghee
Salt to taste
2 tbsp Fresh Coriander Leaves, chopped",Non-Vegetarian,False,{},{All},"1. Preparation: Thoroughly wash and prepare Egg. If it's meat or paneer, marinate it with a little turmeric, red chili powder, salt, and lemon juice for 20 minutes. Finely chop 2 onions and puree 2 tomatoes.
2. Whole Spices (Tadka): Heat 3 tbsp of oil or ghee in a heavy-bottomed pan or pressure cooker over medium heat. Add cumin seeds, 1 bay leaf, 2-3 cloves, and a small cinnamon stick. Let them sizzle for 30 seconds to release their aroma.
3. Onion Base: Add the finely chopped onions and a pinch of salt. Sauté patiently for 8-10 minutes until they turn a deep golden brown.
4. Aromatics & Tomatoes: Add 1 tbsp of ginger-garlic paste and green chilies. Sauté for 1 minute until the raw smell goes away. Pour in the tomato puree and cook until the mixture thickens and oil starts separating from the edges (about 5-7 minutes).
5. Spice Powders: Lower the heat and add 1/2 tsp turmeric, 1 tsp Kashmiri red chili powder, 1 tsp coriander powder, and 1/2 tsp cumin powder. Stir constantly for 30 seconds so the spices bloom without burning.
6. Adding Base: Add the prepared Egg to the masala. Sauté on medium-high heat for 4-5 minutes to coat everything well and seal in the flavors.
7. Simmering: Pour in 1 to 1.5 cups of warm water (adjust for desired gravy consistency). Bring to a boil, then reduce heat to low, cover with a lid, and simmer. Cook until the Egg is completely tender (15 mins for veg/paneer, 30-45 mins for meat).
8. Final Garnish: Crush 1 tsp of Kasuri Methi (dried fenugreek leaves) between your palms and sprinkle it over the curry along with 1/2 tsp of garam masala. Garnish with freshly chopped cilantro and serve hot.",,True,2026-08-08T05:39:03.820484+00:00,Main Course
9153b1f9-acd0-4dee-86ff-f43d505d06a0,egg-saag,Egg Saag,Rajasthani,Egg,"500g Egg, washed and prepped
2 medium Onions, finely chopped
1 tbsp Ginger-Garlic Paste
2 medium Tomatoes, pureed or chopped
2-3 Green Chilies, slit
1 tsp Cumin Seeds
1/2 tsp Turmeric Powder
1 tsp Red Chili Powder
1 tsp Garam Masala
2 tbsp Oil or Ghee
Salt to taste
2 tbsp Fresh Coriander Leaves, chopped",Non-Vegetarian,False,{},{All},"1. Preparation: Thoroughly wash and prepare Egg. If it's meat or paneer, marinate it with a little turmeric, red chili powder, salt, and lemon juice for 20 minutes. Finely chop 2 onions and puree 2 tomatoes.
2. Whole Spices (Tadka): Heat 3 tbsp of oil or ghee in a heavy-bottomed pan or pressure cooker over medium heat. Add cumin seeds, 1 bay leaf, 2-3 cloves, and a small cinnamon stick. Let them sizzle for 30 seconds to release their aroma.
3. Onion Base: Add the finely chopped onions and a pinch of salt. Sauté patiently for 8-10 minutes until they turn a deep golden brown.
4. Aromatics & Tomatoes: Add 1 tbsp of ginger-garlic paste and green chilies. Sauté for 1 minute until the raw smell goes away. Pour in the tomato puree and cook until the mixture thickens and oil starts separating from the edges (about 5-7 minutes).
5. Spice Powders: Lower the heat and add 1/2 tsp turmeric, 1 tsp Kashmiri red chili powder, 1 tsp coriander powder, and 1/2 tsp cumin powder. Stir constantly for 30 seconds so the spices bloom without burning.
6. Adding Base: Add the prepared Egg to the masala. Sauté on medium-high heat for 4-5 minutes to coat everything well and seal in the flavors.
7. Simmering: Pour in 1 to 1.5 cups of warm water (adjust for desired gravy consistency). Bring to a boil, then reduce heat to low, cover with a lid, and simmer. Cook until the Egg is completely tender (15 mins for veg/paneer, 30-45 mins for meat).
8. Final Garnish: Crush 1 tsp of Kasuri Methi (dried fenugreek leaves) between your palms and sprinkle it over the curry along with 1/2 tsp of garam masala. Garnish with freshly chopped cilantro and serve hot.",,True,2026-08-08T05:39:03.820501+00:00,Main Course
961e49ef-0f0e-47e0-bded-38d428a26ba2,egg-vindaloo,Egg Vindaloo,Bengali,Egg,"500g Egg, washed and prepped
2 medium Onions, finely chopped
1 tbsp Ginger-Garlic Paste
2 medium Tomatoes, pureed or chopped
2-3 Green Chilies, slit
1 tsp Cumin Seeds
1/2 tsp Turmeric Powder
1 tsp Red Chili Powder
1 tsp Garam Masala
2 tbsp Oil or Ghee
Salt to taste
2 tbsp Fresh Coriander Leaves, chopped",Non-Vegetarian,False,{},{All},"1. Preparation: Thoroughly wash and prepare Egg. If it's meat or paneer, marinate it with a little turmeric, red chili powder, salt, and lemon juice for 20 minutes. Finely chop 2 onions and puree 2 tomatoes.
2. Whole Spices (Tadka): Heat 3 tbsp of oil or ghee in a heavy-bottomed pan or pressure cooker over medium heat. Add cumin seeds, 1 bay leaf, 2-3 cloves, and a small cinnamon stick. Let them sizzle for 30 seconds to release their aroma.
3. Onion Base: Add the finely chopped onions and a pinch of salt. Sauté patiently for 8-10 minutes until they turn a deep golden brown.
4. Aromatics & Tomatoes: Add 1 tbsp of ginger-garlic paste and green chilies. Sauté for 1 minute until the raw smell goes away. Pour in the tomato puree and cook until the mixture thickens and oil starts separating from the edges (about 5-7 minutes).
5. Spice Powders: Lower the heat and add 1/2 tsp turmeric, 1 tsp Kashmiri red chili powder, 1 tsp coriander powder, and 1/2 tsp cumin powder. Stir constantly for 30 seconds so the spices bloom without burning.
6. Adding Base: Add the prepared Egg to the masala. Sauté on medium-high heat for 4-5 minutes to coat everything well and seal in the flavors.
7. Simmering: Pour in 1 to 1.5 cups of warm water (adjust for desired gravy consistency). Bring to a boil, then reduce heat to low, cover with a lid, and simmer. Cook until the Egg is completely tender (15 mins for veg/paneer, 30-45 mins for meat).
8. Final Garnish: Crush 1 tsp of Kasuri Methi (dried fenugreek leaves) between your palms and sprinkle it over the curry along with 1/2 tsp of garam masala. Garnish with freshly chopped cilantro and serve hot.",,True,2026-08-08T05:39:03.820514+00:00,Main Course
139c8a54-7ec7-4088-9c55-ab6ef02efb04,egg-chettinad,Egg Chettinad,Goan,Egg,"500g Egg, washed and prepped
2 medium Onions, finely chopped
1 tbsp Ginger-Garlic Paste
2 medium Tomatoes, pureed or chopped
2-3 Green Chilies, slit
1 tsp Cumin Seeds
1/2 tsp Turmeric Powder
1 tsp Red Chili Powder
1 tsp Garam Masala
2 tbsp Oil or Ghee
Salt to taste
2 tbsp Fresh Coriander Leaves, chopped",Non-Vegetarian,False,{},{All},"1. Preparation: Thoroughly wash and prepare Egg. If it's meat or paneer, marinate it with a little turmeric, red chili powder, salt, and lemon juice for 20 minutes. Finely chop 2 onions and puree 2 tomatoes.
2. Whole Spices (Tadka): Heat 3 tbsp of oil or ghee in a heavy-bottomed pan or pressure cooker over medium heat. Add cumin seeds, 1 bay leaf, 2-3 cloves, and a small cinnamon stick. Let them sizzle for 30 seconds to release their aroma.
3. Onion Base: Add the finely chopped onions and a pinch of salt. Sauté patiently for 8-10 minutes until they turn a deep golden brown.
4. Aromatics & Tomatoes: Add 1 tbsp of ginger-garlic paste and green chilies. Sauté for 1 minute until the raw smell goes away. Pour in the tomato puree and cook until the mixture thickens and oil starts separating from the edges (about 5-7 minutes).
5. Spice Powders: Lower the heat and add 1/2 tsp turmeric, 1 tsp Kashmiri red chili powder, 1 tsp coriander powder, and 1/2 tsp cumin powder. Stir constantly for 30 seconds so the spices bloom without burning.
6. Adding Base: Add the prepared Egg to the masala. Sauté on medium-high heat for 4-5 minutes to coat everything well and seal in the flavors.
7. Simmering: Pour in 1 to 1.5 cups of warm water (adjust for desired gravy consistency). Bring to a boil, then reduce heat to low, cover with a lid, and simmer. Cook until the Egg is completely tender (15 mins for veg/paneer, 30-45 mins for meat).
8. Final Garnish: Crush 1 tsp of Kasuri Methi (dried fenugreek leaves) between your palms and sprinkle it over the curry along with 1/2 tsp of garam masala. Garnish with freshly chopped cilantro and serve hot.",,True,2026-08-08T05:39:03.820526+00:00,Main Course
c840e945-db1a-4554-b53c-e428d3d3adb5,egg-do-pyaza,Egg Do Pyaza,Goan,Egg,"500g Egg, washed and prepped
2 medium Onions, finely chopped
1 tbsp Ginger-Garlic Paste
2 medium Tomatoes, pureed or chopped
2-3 Green Chilies, slit
1 tsp Cumin Seeds
1/2 tsp Turmeric Powder
1 tsp Red Chili Powder
1 tsp Garam Masala
2 tbsp Oil or Ghee
Salt to taste
2 tbsp Fresh Coriander Leaves, chopped",Non-Vegetarian,False,{},{All},"1. Preparation: Thoroughly wash and prepare Egg. If it's meat or paneer, marinate it with a little turmeric, red chili powder, salt, and lemon juice for 20 minutes. Finely chop 2 onions and puree 2 tomatoes.
2. Whole Spices (Tadka): Heat 3 tbsp of oil or ghee in a heavy-bottomed pan or pressure cooker over medium heat. Add cumin seeds, 1 bay leaf, 2-3 cloves, and a small cinnamon stick. Let them sizzle for 30 seconds to release their aroma.
3. Onion Base: Add the finely chopped onions and a pinch of salt. Sauté patiently for 8-10 minutes until they turn a deep golden brown.
4. Aromatics & Tomatoes: Add 1 tbsp of ginger-garlic paste and green chilies. Sauté for 1 minute until the raw smell goes away. Pour in the tomato puree and cook until the mixture thickens and oil starts separating from the edges (about 5-7 minutes).
5. Spice Powders: Lower the heat and add 1/2 tsp turmeric, 1 tsp Kashmiri red chili powder, 1 tsp coriander powder, and 1/2 tsp cumin powder. Stir constantly for 30 seconds so the spices bloom without burning.
6. Adding Base: Add the prepared Egg to the masala. Sauté on medium-high heat for 4-5 minutes to coat everything well and seal in the flavors.
7. Simmering: Pour in 1 to 1.5 cups of warm water (adjust for desired gravy consistency). Bring to a boil, then reduce heat to low, cover with a lid, and simmer. Cook until the Egg is completely tender (15 mins for veg/paneer, 30-45 mins for meat).
8. Final Garnish: Crush 1 tsp of Kasuri Methi (dried fenugreek leaves) between your palms and sprinkle it over the curry along with 1/2 tsp of garam masala. Garnish with freshly chopped cilantro and serve hot.",,True,2026-08-08T05:39:03.820539+00:00,Main Course
8ccd83bc-7f68-4e94-a09d-aa6652f8ad2f,egg-salna,Egg Salna,Hyderabadi,Egg,"500g Egg, washed and prepped
2 medium Onions, finely chopped
1 tbsp Ginger-Garlic Paste
2 medium Tomatoes, pureed or chopped
2-3 Green Chilies, slit
1 tsp Cumin Seeds
1/2 tsp Turmeric Powder
1 tsp Red Chili Powder
1 tsp Garam Masala
2 tbsp Oil or Ghee
Salt to taste
2 tbsp Fresh Coriander Leaves, chopped",Non-Vegetarian,False,{},{All},"1. Preparation: Thoroughly wash and prepare Egg. If it's meat or paneer, marinate it with a little turmeric, red chili powder, salt, and lemon juice for 20 minutes. Finely chop 2 onions and puree 2 tomatoes.
2. Whole Spices (Tadka): Heat 3 tbsp of oil or ghee in a heavy-bottomed pan or pressure cooker over medium heat. Add cumin seeds, 1 bay leaf, 2-3 cloves, and a small cinnamon stick. Let them sizzle for 30 seconds to release their aroma.
3. Onion Base: Add the finely chopped onions and a pinch of salt. Sauté patiently for 8-10 minutes until they turn a deep golden brown.
4. Aromatics & Tomatoes: Add 1 tbsp of ginger-garlic paste and green chilies. Sauté for 1 minute until the raw smell goes away. Pour in the tomato puree and cook until the mixture thickens and oil starts separating from the edges (about 5-7 minutes).
5. Spice Powders: Lower the heat and add 1/2 tsp turmeric, 1 tsp Kashmiri red chili powder, 1 tsp coriander powder, and 1/2 tsp cumin powder. Stir constantly for 30 seconds so the spices bloom without burning.
6. Adding Base: Add the prepared Egg to the masala. Sauté on medium-high heat for 4-5 minutes to coat everything well and seal in the flavors.
7. Simmering: Pour in 1 to 1.5 cups of warm water (adjust for desired gravy consistency). Bring to a boil, then reduce heat to low, cover with a lid, and simmer. Cook until the Egg is completely tender (15 mins for veg/paneer, 30-45 mins for meat).
8. Final Garnish: Crush 1 tsp of Kasuri Methi (dried fenugreek leaves) between your palms and sprinkle it over the curry along with 1/2 tsp of garam masala. Garnish with freshly chopped cilantro and serve hot.",,True,2026-08-08T05:39:03.820560+00:00,Main Course
3caa9ba8-a8ff-4c41-a642-eeaffb8833f3,egg-kurma,Egg Kurma,Rajasthani,Egg,"500g Egg, washed and prepped
2 medium Onions, finely chopped
1 tbsp Ginger-Garlic Paste
2 medium Tomatoes, pureed or chopped
2-3 Green Chilies, slit
1 tsp Cumin Seeds
1/2 tsp Turmeric Powder
1 tsp Red Chili Powder
1 tsp Garam Masala
2 tbsp Oil or Ghee
Salt to taste
2 tbsp Fresh Coriander Leaves, chopped",Non-Vegetarian,False,{Nuts},{All},"1. Preparation: Thoroughly wash and prepare Egg. If it's meat or paneer, marinate it with a little turmeric, red chili powder, salt, and lemon juice for 20 minutes. Finely chop 2 onions and puree 2 tomatoes.
2. Whole Spices (Tadka): Heat 3 tbsp of oil or ghee in a heavy-bottomed pan or pressure cooker over medium heat. Add cumin seeds, 1 bay leaf, 2-3 cloves, and a small cinnamon stick. Let them sizzle for 30 seconds to release their aroma.
3. Onion Base: Add the finely chopped onions and a pinch of salt. Sauté patiently for 8-10 minutes until they turn a deep golden brown.
4. Aromatics & Tomatoes: Add 1 tbsp of ginger-garlic paste and green chilies. Sauté for 1 minute until the raw smell goes away. Pour in the tomato puree and cook until the mixture thickens and oil starts separating from the edges (about 5-7 minutes).
5. Spice Powders: Lower the heat and add 1/2 tsp turmeric, 1 tsp Kashmiri red chili powder, 1 tsp coriander powder, and 1/2 tsp cumin powder. Stir constantly for 30 seconds so the spices bloom without burning.
6. Adding Base: Add the prepared Egg to the masala. Sauté on medium-high heat for 4-5 minutes to coat everything well and seal in the flavors.
7. Simmering: Pour in 1 to 1.5 cups of warm water (adjust for desired gravy consistency). Bring to a boil, then reduce heat to low, cover with a lid, and simmer. Cook until the Egg is completely tender (15 mins for veg/paneer, 30-45 mins for meat).
8. Final Garnish: Crush 1 tsp of Kasuri Methi (dried fenugreek leaves) between your palms and sprinkle it over the curry along with 1/2 tsp of garam masala. Garnish with freshly chopped cilantro and serve hot.",,True,2026-08-08T05:39:03.820582+00:00,Main Course
4d5d8a69-da1b-4b30-88d5-7f51f13cc49b,keema-curry,Keema Curry,Awadhi,Keema,"500g Keema, washed and prepped
2 medium Onions, finely chopped
1 tbsp Ginger-Garlic Paste
2 medium Tomatoes, pureed or chopped
2-3 Green Chilies, slit
1 tsp Cumin Seeds
1/2 tsp Turmeric Powder
1 tsp Red Chili Powder
1 tsp Garam Masala
2 tbsp Oil or Ghee
Salt to taste
2 tbsp Fresh Coriander Leaves, chopped",Non-Vegetarian,False,{},{All},"1. Preparation: Thoroughly wash and prepare Keema. If it's meat or paneer, marinate it with a little turmeric, red chili powder, salt, and lemon juice for 20 minutes. Finely chop 2 onions and puree 2 tomatoes.
2. Whole Spices (Tadka): Heat 3 tbsp of oil or ghee in a heavy-bottomed pan or pressure cooker over medium heat. Add cumin seeds, 1 bay leaf, 2-3 cloves, and a small cinnamon stick. Let them sizzle for 30 seconds to release their aroma.
3. Onion Base: Add the finely chopped onions and a pinch of salt. Sauté patiently for 8-10 minutes until they turn a deep golden brown.
4. Aromatics & Tomatoes: Add 1 tbsp of ginger-garlic paste and green chilies. Sauté for 1 minute until the raw smell goes away. Pour in the tomato puree and cook until the mixture thickens and oil starts separating from the edges (about 5-7 minutes).
5. Spice Powders: Lower the heat and add 1/2 tsp turmeric, 1 tsp Kashmiri red chili powder, 1 tsp coriander powder, and 1/2 tsp cumin powder. Stir constantly for 30 seconds so the spices bloom without burning.
6. Adding Base: Add the prepared Keema to the masala. Sauté on medium-high heat for 4-5 minutes to coat everything well and seal in the flavors.
7. Simmering: Pour in 1 to 1.5 cups of warm water (adjust for desired gravy consistency). Bring to a boil, then reduce heat to low, cover with a lid, and simmer. Cook until the Keema is completely tender (15 mins for veg/paneer, 30-45 mins for meat).
8. Final Garnish: Crush 1 tsp of Kasuri Methi (dried fenugreek leaves) between your palms and sprinkle it over the curry along with 1/2 tsp of garam masala. Garnish with freshly chopped cilantro and serve hot.",,True,2026-08-08T05:39:03.820597+00:00,Main Course
ca7999eb-adf2-469a-aec9-cbab3c777c33,keema-masala,Keema Masala,Punjabi,Keema,"500g Keema, washed and prepped
2 medium Onions, finely chopped
1 tbsp Ginger-Garlic Paste
2 medium Tomatoes, pureed or chopped
2-3 Green Chilies, slit
1 tsp Cumin Seeds
1/2 tsp Turmeric Powder
1 tsp Red Chili Powder
1 tsp Garam Masala
2 tbsp Oil or Ghee
Salt to taste
2 tbsp Fresh Coriander Leaves, chopped",Non-Vegetarian,False,{},{All},"1. Preparation: Thoroughly wash and prepare Keema. If it's meat or paneer, marinate it with a little turmeric, red chili powder, salt, and lemon juice for 20 minutes. Finely chop 2 onions and puree 2 tomatoes.
2. Whole Spices (Tadka): Heat 3 tbsp of oil or ghee in a heavy-bottomed pan or pressure cooker over medium heat. Add cumin seeds, 1 bay leaf, 2-3 cloves, and a small cinnamon stick. Let them sizzle for 30 seconds to release their aroma.
3. Onion Base: Add the finely chopped onions and a pinch of salt. Sauté patiently for 8-10 minutes until they turn a deep golden brown.
4. Aromatics & Tomatoes: Add 1 tbsp of ginger-garlic paste and green chilies. Sauté for 1 minute until the raw smell goes away. Pour in the tomato puree and cook until the mixture thickens and oil starts separating from the edges (about 5-7 minutes).
5. Spice Powders: Lower the heat and add 1/2 tsp turmeric, 1 tsp Kashmiri red chili powder, 1 tsp coriander powder, and 1/2 tsp cumin powder. Stir constantly for 30 seconds so the spices bloom without burning.
6. Adding Base: Add the prepared Keema to the masala. Sauté on medium-high heat for 4-5 minutes to coat everything well and seal in the flavors.
7. Simmering: Pour in 1 to 1.5 cups of warm water (adjust for desired gravy consistency). Bring to a boil, then reduce heat to low, cover with a lid, and simmer. Cook until the Keema is completely tender (15 mins for veg/paneer, 30-45 mins for meat).
8. Final Garnish: Crush 1 tsp of Kasuri Methi (dried fenugreek leaves) between your palms and sprinkle it over the curry along with 1/2 tsp of garam masala. Garnish with freshly chopped cilantro and serve hot.",,True,2026-08-08T05:39:03.820610+00:00,Main Course
10a1d9a9-d6f7-43df-97f6-fcba580eff9b,keema-fry,Keema Fry,Kerala,Keema,"500g Keema, washed and prepped
2 medium Onions, finely chopped
1 tbsp Ginger-Garlic Paste
2 medium Tomatoes, pureed or chopped
2-3 Green Chilies, slit
1 tsp Cumin Seeds
1/2 tsp Turmeric Powder
1 tsp Red Chili Powder
1 tsp Garam Masala
2 tbsp Oil or Ghee
Salt to taste
2 tbsp Fresh Coriander Leaves, chopped",Non-Vegetarian,False,{},{All},"1. Ingredient Prep: Wash, peel, and chop Keema into even, bite-sized pieces. Finely chop onions, tomatoes, and slit green chilies.
2. Tempering (Tadka): Heat 2-3 tbsp of oil (mustard oil preferred for vegetables) in a wide pan. Add mustard seeds, cumin seeds, a pinch of hing (asafoetida), and curry leaves. Let them splutter.
3. Aromatics: Add chopped onions and sauté until translucent. Add ginger-garlic paste and sauté for another minute.
4. Main Ingredient Addition: Add the chopped Keema along with a pinch of turmeric and salt. Mix well to coat with the oil and spices.
5. Searing/Cooking: Cook uncovered on medium-high heat for the first 5 minutes to get a slight sear. Then, reduce the heat, cover with a lid, and cook until Keema is 80% tender. Stir occasionally to prevent sticking.
6. Spicing: Remove the lid and add dry spice powders (coriander powder, cumin powder, red chili powder, amchur/dry mango powder). Mix thoroughly.
7. Finishing: Sauté on medium heat for another 3-4 minutes to crisp up the edges. Finish with a sprinkle of garam masala and fresh coriander leaves. Serve hot as a side dish.",,True,2026-08-08T05:39:03.820639+00:00,Main Course
ef202db5-e139-4013-be06-ee7210368af8,keema-roast,Keema Roast,Punjabi,Keema,"500g Keema, washed and prepped
2 medium Onions, finely chopped
1 tbsp Ginger-Garlic Paste
2 medium Tomatoes, pureed or chopped
2-3 Green Chilies, slit
1 tsp Cumin Seeds
1/2 tsp Turmeric Powder
1 tsp Red Chili Powder
1 tsp Garam Masala
2 tbsp Oil or Ghee
Salt to taste
2 tbsp Fresh Coriander Leaves, chopped",Non-Vegetarian,False,{},{All},"1. Ingredient Prep: Wash, peel, and chop Keema into even, bite-sized pieces. Finely chop onions, tomatoes, and slit green chilies.
2. Tempering (Tadka): Heat 2-3 tbsp of oil (mustard oil preferred for vegetables) in a wide pan. Add mustard seeds, cumin seeds, a pinch of hing (asafoetida), and curry leaves. Let them splutter.
3. Aromatics: Add chopped onions and sauté until translucent. Add ginger-garlic paste and sauté for another minute.
4. Main Ingredient Addition: Add the chopped Keema along with a pinch of turmeric and salt. Mix well to coat with the oil and spices.
5. Searing/Cooking: Cook uncovered on medium-high heat for the first 5 minutes to get a slight sear. Then, reduce the heat, cover with a lid, and cook until Keema is 80% tender. Stir occasionally to prevent sticking.
6. Spicing: Remove the lid and add dry spice powders (coriander powder, cumin powder, red chili powder, amchur/dry mango powder). Mix thoroughly.
7. Finishing: Sauté on medium heat for another 3-4 minutes to crisp up the edges. Finish with a sprinkle of garam masala and fresh coriander leaves. Serve hot as a side dish.",,True,2026-08-08T05:39:03.820659+00:00,Main Course
1dc62f70-1466-43d9-8e61-5837c96adc0f,keema-tikka,Keema Tikka,Andhra,Keema,"500g Keema, washed and prepped
2 medium Onions, finely chopped
1 tbsp Ginger-Garlic Paste
2 medium Tomatoes, pureed or chopped
2-3 Green Chilies, slit
1 tsp Cumin Seeds
1/2 tsp Turmeric Powder
1 tsp Red Chili Powder
1 tsp Garam Masala
2 tbsp Oil or Ghee
Salt to taste
2 tbsp Fresh Coriander Leaves, chopped",Non-Vegetarian,False,{},{All},"1. Ingredient Prep: Wash, peel, and chop Keema into even, bite-sized pieces. Finely chop onions, tomatoes, and slit green chilies.
2. Tempering (Tadka): Heat 2-3 tbsp of oil (mustard oil preferred for vegetables) in a wide pan. Add mustard seeds, cumin seeds, a pinch of hing (asafoetida), and curry leaves. Let them splutter.
3. Aromatics: Add chopped onions and sauté until translucent. Add ginger-garlic paste and sauté for another minute.
4. Main Ingredient Addition: Add the chopped Keema along with a pinch of turmeric and salt. Mix well to coat with the oil and spices.
5. Searing/Cooking: Cook uncovered on medium-high heat for the first 5 minutes to get a slight sear. Then, reduce the heat, cover with a lid, and cook until Keema is 80% tender. Stir occasionally to prevent sticking.
6. Spicing: Remove the lid and add dry spice powders (coriander powder, cumin powder, red chili powder, amchur/dry mango powder). Mix thoroughly.
7. Finishing: Sauté on medium heat for another 3-4 minutes to crisp up the edges. Finish with a sprinkle of garam masala and fresh coriander leaves. Serve hot as a side dish.",,True,2026-08-08T05:39:03.820674+00:00,Main Course
aeddd916-e0fb-49ed-9bde-e05146a5ca99,keema-korma,Keema Korma,Tamil,Keema,"500g Keema, washed and prepped
2 medium Onions, finely chopped
1 tbsp Ginger-Garlic Paste
2 medium Tomatoes, pureed or chopped
2-3 Green Chilies, slit
1 tsp Cumin Seeds
1/2 tsp Turmeric Powder
1 tsp Red Chili Powder
1 tsp Garam Masala
2 tbsp Oil or Ghee
Salt to taste
2 tbsp Fresh Coriander Leaves, chopped",Non-Vegetarian,False,{Nuts},{All},"1. Preparation: Thoroughly wash and prepare Keema. If it's meat or paneer, marinate it with a little turmeric, red chili powder, salt, and lemon juice for 20 minutes. Finely chop 2 onions and puree 2 tomatoes.
2. Whole Spices (Tadka): Heat 3 tbsp of oil or ghee in a heavy-bottomed pan or pressure cooker over medium heat. Add cumin seeds, 1 bay leaf, 2-3 cloves, and a small cinnamon stick. Let them sizzle for 30 seconds to release their aroma.
3. Onion Base: Add the finely chopped onions and a pinch of salt. Sauté patiently for 8-10 minutes until they turn a deep golden brown.
4. Aromatics & Tomatoes: Add 1 tbsp of ginger-garlic paste and green chilies. Sauté for 1 minute until the raw smell goes away. Pour in the tomato puree and cook until the mixture thickens and oil starts separating from the edges (about 5-7 minutes).
5. Spice Powders: Lower the heat and add 1/2 tsp turmeric, 1 tsp Kashmiri red chili powder, 1 tsp coriander powder, and 1/2 tsp cumin powder. Stir constantly for 30 seconds so the spices bloom without burning.
6. Adding Base: Add the prepared Keema to the masala. Sauté on medium-high heat for 4-5 minutes to coat everything well and seal in the flavors.
7. Simmering: Pour in 1 to 1.5 cups of warm water (adjust for desired gravy consistency). Bring to a boil, then reduce heat to low, cover with a lid, and simmer. Cook until the Keema is completely tender (15 mins for veg/paneer, 30-45 mins for meat).
8. Final Garnish: Crush 1 tsp of Kasuri Methi (dried fenugreek leaves) between your palms and sprinkle it over the curry along with 1/2 tsp of garam masala. Garnish with freshly chopped cilantro and serve hot.",,True,2026-08-08T05:39:03.820694+00:00,Main Course
d1f78cb2-ee82-4d65-8b21-b10fd4d89090,keema-makhani,Keema Makhani,North Indian,Keema,"500g Keema, washed and prepped
2 medium Onions, finely chopped
1 tbsp Ginger-Garlic Paste
2 medium Tomatoes, pureed or chopped
2-3 Green Chilies, slit
1 tsp Cumin Seeds
1/2 tsp Turmeric Powder
1 tsp Red Chili Powder
1 tsp Garam Masala
3 tbsp Butter
1/4 cup Fresh Cream
1 tsp Kasuri Methi
Salt to taste
2 tbsp Fresh Coriander Leaves, chopped",Non-Vegetarian,False,{Dairy},{All},"1. Preparation: Thoroughly wash and prepare Keema. If it's meat or paneer, marinate it with a little turmeric, red chili powder, salt, and lemon juice for 20 minutes. Finely chop 2 onions and puree 2 tomatoes.
2. Whole Spices (Tadka): Heat 3 tbsp of oil or ghee in a heavy-bottomed pan or pressure cooker over medium heat. Add cumin seeds, 1 bay leaf, 2-3 cloves, and a small cinnamon stick. Let them sizzle for 30 seconds to release their aroma.
3. Onion Base: Add the finely chopped onions and a pinch of salt. Sauté patiently for 8-10 minutes until they turn a deep golden brown.
4. Aromatics & Tomatoes: Add 1 tbsp of ginger-garlic paste and green chilies. Sauté for 1 minute until the raw smell goes away. Pour in the tomato puree and cook until the mixture thickens and oil starts separating from the edges (about 5-7 minutes).
5. Spice Powders: Lower the heat and add 1/2 tsp turmeric, 1 tsp Kashmiri red chili powder, 1 tsp coriander powder, and 1/2 tsp cumin powder. Stir constantly for 30 seconds so the spices bloom without burning.
6. Adding Base: Add the prepared Keema to the masala. Sauté on medium-high heat for 4-5 minutes to coat everything well and seal in the flavors.
7. Simmering: Pour in 1 to 1.5 cups of warm water (adjust for desired gravy consistency). Bring to a boil, then reduce heat to low, cover with a lid, and simmer. Cook until the Keema is completely tender (15 mins for veg/paneer, 30-45 mins for meat).
8. Final Garnish: Crush 1 tsp of Kasuri Methi (dried fenugreek leaves) between your palms and sprinkle it over the curry along with 1/2 tsp of garam masala. Garnish with freshly chopped cilantro and serve hot.",,True,2026-08-08T05:39:03.820714+00:00,Main Course
281b96bb-62eb-4b73-945c-2a213ca9aeac,keema-bhurji,Keema Bhurji,Rajasthani,Keema,"500g Keema, washed and prepped
2 medium Onions, finely chopped
1 tbsp Ginger-Garlic Paste
2 medium Tomatoes, pureed or chopped
2-3 Green Chilies, slit
1 tsp Cumin Seeds
1/2 tsp Turmeric Powder
1 tsp Red Chili Powder
1 tsp Garam Masala
2 tbsp Oil or Ghee
Salt to taste
2 tbsp Fresh Coriander Leaves, chopped",Non-Vegetarian,False,{},{All},"1. Ingredient Prep: Wash, peel, and chop Keema into even, bite-sized pieces. Finely chop onions, tomatoes, and slit green chilies.
2. Tempering (Tadka): Heat 2-3 tbsp of oil (mustard oil preferred for vegetables) in a wide pan. Add mustard seeds, cumin seeds, a pinch of hing (asafoetida), and curry leaves. Let them splutter.
3. Aromatics: Add chopped onions and sauté until translucent. Add ginger-garlic paste and sauté for another minute.
4. Main Ingredient Addition: Add the chopped Keema along with a pinch of turmeric and salt. Mix well to coat with the oil and spices.
5. Searing/Cooking: Cook uncovered on medium-high heat for the first 5 minutes to get a slight sear. Then, reduce the heat, cover with a lid, and cook until Keema is 80% tender. Stir occasionally to prevent sticking.
6. Spicing: Remove the lid and add dry spice powders (coriander powder, cumin powder, red chili powder, amchur/dry mango powder). Mix thoroughly.
7. Finishing: Sauté on medium heat for another 3-4 minutes to crisp up the edges. Finish with a sprinkle of garam masala and fresh coriander leaves. Serve hot as a side dish.",,True,2026-08-08T05:39:03.820728+00:00,Main Course
4bf9df6f-ec7c-4551-b875-5d7b7ea4cb2f,keema-kofta,Keema Kofta,Andhra,Keema,"500g Keema, washed and prepped
2 medium Onions, finely chopped
1 tbsp Ginger-Garlic Paste
2 medium Tomatoes, pureed or chopped
2-3 Green Chilies, slit
1 tsp Cumin Seeds
1/2 tsp Turmeric Powder
1 tsp Red Chili Powder
1 tsp Garam Masala
2 tbsp Oil or Ghee
Salt to taste
2 tbsp Fresh Coriander Leaves, chopped",Non-Vegetarian,False,{},{All},"1. Preparation: Thoroughly wash and prepare Keema. If it's meat or paneer, marinate it with a little turmeric, red chili powder, salt, and lemon juice for 20 minutes. Finely chop 2 onions and puree 2 tomatoes.
2. Whole Spices (Tadka): Heat 3 tbsp of oil or ghee in a heavy-bottomed pan or pressure cooker over medium heat. Add cumin seeds, 1 bay leaf, 2-3 cloves, and a small cinnamon stick. Let them sizzle for 30 seconds to release their aroma.
3. Onion Base: Add the finely chopped onions and a pinch of salt. Sauté patiently for 8-10 minutes until they turn a deep golden brown.
4. Aromatics & Tomatoes: Add 1 tbsp of ginger-garlic paste and green chilies. Sauté for 1 minute until the raw smell goes away. Pour in the tomato puree and cook until the mixture thickens and oil starts separating from the edges (about 5-7 minutes).
5. Spice Powders: Lower the heat and add 1/2 tsp turmeric, 1 tsp Kashmiri red chili powder, 1 tsp coriander powder, and 1/2 tsp cumin powder. Stir constantly for 30 seconds so the spices bloom without burning.
6. Adding Base: Add the prepared Keema to the masala. Sauté on medium-high heat for 4-5 minutes to coat everything well and seal in the flavors.
7. Simmering: Pour in 1 to 1.5 cups of warm water (adjust for desired gravy consistency). Bring to a boil, then reduce heat to low, cover with a lid, and simmer. Cook until the Keema is completely tender (15 mins for veg/paneer, 30-45 mins for meat).
8. Final Garnish: Crush 1 tsp of Kasuri Methi (dried fenugreek leaves) between your palms and sprinkle it over the curry along with 1/2 tsp of garam masala. Garnish with freshly chopped cilantro and serve hot.",,True,2026-08-08T05:39:03.820747+00:00,Main Course
27cefb58-181a-485c-b18f-e1947870b7f2,keema-saag,Keema Saag,Andhra,Keema,"500g Keema, washed and prepped
2 medium Onions, finely chopped
1 tbsp Ginger-Garlic Paste
2 medium Tomatoes, pureed or chopped
2-3 Green Chilies, slit
1 tsp Cumin Seeds
1/2 tsp Turmeric Powder
1 tsp Red Chili Powder
1 tsp Garam Masala
2 tbsp Oil or Ghee
Salt to taste
2 tbsp Fresh Coriander Leaves, chopped",Non-Vegetarian,False,{},{All},"1. Preparation: Thoroughly wash and prepare Keema. If it's meat or paneer, marinate it with a little turmeric, red chili powder, salt, and lemon juice for 20 minutes. Finely chop 2 onions and puree 2 tomatoes.
2. Whole Spices (Tadka): Heat 3 tbsp of oil or ghee in a heavy-bottomed pan or pressure cooker over medium heat. Add cumin seeds, 1 bay leaf, 2-3 cloves, and a small cinnamon stick. Let them sizzle for 30 seconds to release their aroma.
3. Onion Base: Add the finely chopped onions and a pinch of salt. Sauté patiently for 8-10 minutes until they turn a deep golden brown.
4. Aromatics & Tomatoes: Add 1 tbsp of ginger-garlic paste and green chilies. Sauté for 1 minute until the raw smell goes away. Pour in the tomato puree and cook until the mixture thickens and oil starts separating from the edges (about 5-7 minutes).
5. Spice Powders: Lower the heat and add 1/2 tsp turmeric, 1 tsp Kashmiri red chili powder, 1 tsp coriander powder, and 1/2 tsp cumin powder. Stir constantly for 30 seconds so the spices bloom without burning.
6. Adding Base: Add the prepared Keema to the masala. Sauté on medium-high heat for 4-5 minutes to coat everything well and seal in the flavors.
7. Simmering: Pour in 1 to 1.5 cups of warm water (adjust for desired gravy consistency). Bring to a boil, then reduce heat to low, cover with a lid, and simmer. Cook until the Keema is completely tender (15 mins for veg/paneer, 30-45 mins for meat).
8. Final Garnish: Crush 1 tsp of Kasuri Methi (dried fenugreek leaves) between your palms and sprinkle it over the curry along with 1/2 tsp of garam masala. Garnish with freshly chopped cilantro and serve hot.",,True,2026-08-08T05:39:03.820767+00:00,Main Course
c66a0e99-a62d-49fb-8659-94992420427b,keema-vindaloo,Keema Vindaloo,Goan,Keema,"500g Keema, washed and prepped
2 medium Onions, finely chopped
1 tbsp Ginger-Garlic Paste
2 medium Tomatoes, pureed or chopped
2-3 Green Chilies, slit
1 tsp Cumin Seeds
1/2 tsp Turmeric Powder
1 tsp Red Chili Powder
1 tsp Garam Masala
2 tbsp Oil or Ghee
Salt to taste
2 tbsp Fresh Coriander Leaves, chopped",Non-Vegetarian,False,{},{All},"1. Preparation: Thoroughly wash and prepare Keema. If it's meat or paneer, marinate it with a little turmeric, red chili powder, salt, and lemon juice for 20 minutes. Finely chop 2 onions and puree 2 tomatoes.
2. Whole Spices (Tadka): Heat 3 tbsp of oil or ghee in a heavy-bottomed pan or pressure cooker over medium heat. Add cumin seeds, 1 bay leaf, 2-3 cloves, and a small cinnamon stick. Let them sizzle for 30 seconds to release their aroma.
3. Onion Base: Add the finely chopped onions and a pinch of salt. Sauté patiently for 8-10 minutes until they turn a deep golden brown.
4. Aromatics & Tomatoes: Add 1 tbsp of ginger-garlic paste and green chilies. Sauté for 1 minute until the raw smell goes away. Pour in the tomato puree and cook until the mixture thickens and oil starts separating from the edges (about 5-7 minutes).
5. Spice Powders: Lower the heat and add 1/2 tsp turmeric, 1 tsp Kashmiri red chili powder, 1 tsp coriander powder, and 1/2 tsp cumin powder. Stir constantly for 30 seconds so the spices bloom without burning.
6. Adding Base: Add the prepared Keema to the masala. Sauté on medium-high heat for 4-5 minutes to coat everything well and seal in the flavors.
7. Simmering: Pour in 1 to 1.5 cups of warm water (adjust for desired gravy consistency). Bring to a boil, then reduce heat to low, cover with a lid, and simmer. Cook until the Keema is completely tender (15 mins for veg/paneer, 30-45 mins for meat).
8. Final Garnish: Crush 1 tsp of Kasuri Methi (dried fenugreek leaves) between your palms and sprinkle it over the curry along with 1/2 tsp of garam masala. Garnish with freshly chopped cilantro and serve hot.",,True,2026-08-08T05:39:03.820796+00:00,Main Course
627cca9a-340c-48eb-af35-bd2302da7410,keema-chettinad,Keema Chettinad,North Indian,Keema,"500g Keema, washed and prepped
2 medium Onions, finely chopped
1 tbsp Ginger-Garlic Paste
2 medium Tomatoes, pureed or chopped
2-3 Green Chilies, slit
1 tsp Cumin Seeds
1/2 tsp Turmeric Powder
1 tsp Red Chili Powder
1 tsp Garam Masala
2 tbsp Oil or Ghee
Salt to taste
2 tbsp Fresh Coriander Leaves, chopped",Non-Vegetarian,False,{},{All},"1. Preparation: Thoroughly wash and prepare Keema. If it's meat or paneer, marinate it with a little turmeric, red chili powder, salt, and lemon juice for 20 minutes. Finely chop 2 onions and puree 2 tomatoes.
2. Whole Spices (Tadka): Heat 3 tbsp of oil or ghee in a heavy-bottomed pan or pressure cooker over medium heat. Add cumin seeds, 1 bay leaf, 2-3 cloves, and a small cinnamon stick. Let them sizzle for 30 seconds to release their aroma.
3. Onion Base: Add the finely chopped onions and a pinch of salt. Sauté patiently for 8-10 minutes until they turn a deep golden brown.
4. Aromatics & Tomatoes: Add 1 tbsp of ginger-garlic paste and green chilies. Sauté for 1 minute until the raw smell goes away. Pour in the tomato puree and cook until the mixture thickens and oil starts separating from the edges (about 5-7 minutes).
5. Spice Powders: Lower the heat and add 1/2 tsp turmeric, 1 tsp Kashmiri red chili powder, 1 tsp coriander powder, and 1/2 tsp cumin powder. Stir constantly for 30 seconds so the spices bloom without burning.
6. Adding Base: Add the prepared Keema to the masala. Sauté on medium-high heat for 4-5 minutes to coat everything well and seal in the flavors.
7. Simmering: Pour in 1 to 1.5 cups of warm water (adjust for desired gravy consistency). Bring to a boil, then reduce heat to low, cover with a lid, and simmer. Cook until the Keema is completely tender (15 mins for veg/paneer, 30-45 mins for meat).
8. Final Garnish: Crush 1 tsp of Kasuri Methi (dried fenugreek leaves) between your palms and sprinkle it over the curry along with 1/2 tsp of garam masala. Garnish with freshly chopped cilantro and serve hot.",,True,2026-08-08T05:39:03.820817+00:00,Main Course
0183b1cf-3b06-491a-9a8e-1f61af791c5e,keema-do-pyaza,Keema Do Pyaza,South Indian,Keema,"500g Keema, washed and prepped
2 medium Onions, finely chopped
1 tbsp Ginger-Garlic Paste
2 medium Tomatoes, pureed or chopped
2-3 Green Chilies, slit
1 tsp Cumin Seeds
1/2 tsp Turmeric Powder
1 tsp Red Chili Powder
1 tsp Garam Masala
2 tbsp Oil or Ghee
Salt to taste
2 tbsp Fresh Coriander Leaves, chopped",Non-Vegetarian,False,{},{All},"1. Preparation: Thoroughly wash and prepare Keema. If it's meat or paneer, marinate it with a little turmeric, red chili powder, salt, and lemon juice for 20 minutes. Finely chop 2 onions and puree 2 tomatoes.
2. Whole Spices (Tadka): Heat 3 tbsp of oil or ghee in a heavy-bottomed pan or pressure cooker over medium heat. Add cumin seeds, 1 bay leaf, 2-3 cloves, and a small cinnamon stick. Let them sizzle for 30 seconds to release their aroma.
3. Onion Base: Add the finely chopped onions and a pinch of salt. Sauté patiently for 8-10 minutes until they turn a deep golden brown.
4. Aromatics & Tomatoes: Add 1 tbsp of ginger-garlic paste and green chilies. Sauté for 1 minute until the raw smell goes away. Pour in the tomato puree and cook until the mixture thickens and oil starts separating from the edges (about 5-7 minutes).
5. Spice Powders: Lower the heat and add 1/2 tsp turmeric, 1 tsp Kashmiri red chili powder, 1 tsp coriander powder, and 1/2 tsp cumin powder. Stir constantly for 30 seconds so the spices bloom without burning.
6. Adding Base: Add the prepared Keema to the masala. Sauté on medium-high heat for 4-5 minutes to coat everything well and seal in the flavors.
7. Simmering: Pour in 1 to 1.5 cups of warm water (adjust for desired gravy consistency). Bring to a boil, then reduce heat to low, cover with a lid, and simmer. Cook until the Keema is completely tender (15 mins for veg/paneer, 30-45 mins for meat).
8. Final Garnish: Crush 1 tsp of Kasuri Methi (dried fenugreek leaves) between your palms and sprinkle it over the curry along with 1/2 tsp of garam masala. Garnish with freshly chopped cilantro and serve hot.",,True,2026-08-08T05:39:03.820831+00:00,Main Course
9e660906-6b89-4853-9b6a-cf8dd99776c2,keema-salna,Keema Salna,Goan,Keema,"500g Keema, washed and prepped
2 medium Onions, finely chopped
1 tbsp Ginger-Garlic Paste
2 medium Tomatoes, pureed or chopped
2-3 Green Chilies, slit
1 tsp Cumin Seeds
1/2 tsp Turmeric Powder
1 tsp Red Chili Powder
1 tsp Garam Masala
2 tbsp Oil or Ghee
Salt to taste
2 tbsp Fresh Coriander Leaves, chopped",Non-Vegetarian,False,{},{All},"1. Preparation: Thoroughly wash and prepare Keema. If it's meat or paneer, marinate it with a little turmeric, red chili powder, salt, and lemon juice for 20 minutes. Finely chop 2 onions and puree 2 tomatoes.
2. Whole Spices (Tadka): Heat 3 tbsp of oil or ghee in a heavy-bottomed pan or pressure cooker over medium heat. Add cumin seeds, 1 bay leaf, 2-3 cloves, and a small cinnamon stick. Let them sizzle for 30 seconds to release their aroma.
3. Onion Base: Add the finely chopped onions and a pinch of salt. Sauté patiently for 8-10 minutes until they turn a deep golden brown.
4. Aromatics & Tomatoes: Add 1 tbsp of ginger-garlic paste and green chilies. Sauté for 1 minute until the raw smell goes away. Pour in the tomato puree and cook until the mixture thickens and oil starts separating from the edges (about 5-7 minutes).
5. Spice Powders: Lower the heat and add 1/2 tsp turmeric, 1 tsp Kashmiri red chili powder, 1 tsp coriander powder, and 1/2 tsp cumin powder. Stir constantly for 30 seconds so the spices bloom without burning.
6. Adding Base: Add the prepared Keema to the masala. Sauté on medium-high heat for 4-5 minutes to coat everything well and seal in the flavors.
7. Simmering: Pour in 1 to 1.5 cups of warm water (adjust for desired gravy consistency). Bring to a boil, then reduce heat to low, cover with a lid, and simmer. Cook until the Keema is completely tender (15 mins for veg/paneer, 30-45 mins for meat).
8. Final Garnish: Crush 1 tsp of Kasuri Methi (dried fenugreek leaves) between your palms and sprinkle it over the curry along with 1/2 tsp of garam masala. Garnish with freshly chopped cilantro and serve hot.",,True,2026-08-08T05:39:03.820844+00:00,Main Course
0b809413-78c0-4a23-8ae2-0ab710029c0c,keema-kurma,Keema Kurma,Rajasthani,Keema,"500g Keema, washed and prepped
2 medium Onions, finely chopped
1 tbsp Ginger-Garlic Paste
2 medium Tomatoes, pureed or chopped
2-3 Green Chilies, slit
1 tsp Cumin Seeds
1/2 tsp Turmeric Powder
1 tsp Red Chili Powder
1 tsp Garam Masala
2 tbsp Oil or Ghee
Salt to taste
2 tbsp Fresh Coriander Leaves, chopped",Non-Vegetarian,False,{Nuts},{All},"1. Preparation: Thoroughly wash and prepare Keema. If it's meat or paneer, marinate it with a little turmeric, red chili powder, salt, and lemon juice for 20 minutes. Finely chop 2 onions and puree 2 tomatoes.
2. Whole Spices (Tadka): Heat 3 tbsp of oil or ghee in a heavy-bottomed pan or pressure cooker over medium heat. Add cumin seeds, 1 bay leaf, 2-3 cloves, and a small cinnamon stick. Let them sizzle for 30 seconds to release their aroma.
3. Onion Base: Add the finely chopped onions and a pinch of salt. Sauté patiently for 8-10 minutes until they turn a deep golden brown.
4. Aromatics & Tomatoes: Add 1 tbsp of ginger-garlic paste and green chilies. Sauté for 1 minute until the raw smell goes away. Pour in the tomato puree and cook until the mixture thickens and oil starts separating from the edges (about 5-7 minutes).
5. Spice Powders: Lower the heat and add 1/2 tsp turmeric, 1 tsp Kashmiri red chili powder, 1 tsp coriander powder, and 1/2 tsp cumin powder. Stir constantly for 30 seconds so the spices bloom without burning.
6. Adding Base: Add the prepared Keema to the masala. Sauté on medium-high heat for 4-5 minutes to coat everything well and seal in the flavors.
7. Simmering: Pour in 1 to 1.5 cups of warm water (adjust for desired gravy consistency). Bring to a boil, then reduce heat to low, cover with a lid, and simmer. Cook until the Keema is completely tender (15 mins for veg/paneer, 30-45 mins for meat).
8. Final Garnish: Crush 1 tsp of Kasuri Methi (dried fenugreek leaves) between your palms and sprinkle it over the curry along with 1/2 tsp of garam masala. Garnish with freshly chopped cilantro and serve hot.",,True,2026-08-08T05:39:03.820884+00:00,Main Course
25ae8d91-a28c-4d38-882b-1f000675cf7e,plain-roti,Plain Roti,Punjabi,Wheat/Rice,"2 cups Whole Wheat Flour (Atta) or Maida
Water as needed for kneading",Vegan,False,{Gluten},{All},"1. Dough Preparation: In a large mixing bowl, combine flour (wheat or maida), a pinch of salt, and 1 tbsp oil/ghee. Gradually add warm water and knead into a soft, smooth dough. Cover with a damp cloth and let it rest for 30 minutes.
2. Portioning: Divide the rested dough into equal-sized lemon balls. Roll them smooth between your palms.
3. Rolling: Dust a dough ball with dry flour and roll it out into an even circle using a rolling pin (approx 6-inch diameter).
4. Cooking Preparation: Heat a tawa (flat griddle) on medium-high heat. Once hot, place the rolled Plain Roti on the tawa.
5. First Flip: Cook until small bubbles start to form on the surface (about 30-40 seconds), then flip it over.
6. Second Side & Puffing: Cook the other side for another 40 seconds until light brown spots appear. If making a paratha, apply ghee/oil on both sides and press gently with a spatula to crisp. If making roti, put directly on flame to puff up.
7. Serving: Remove from heat, brush lightly with butter or ghee, and store in an insulated container to keep soft. Serve hot.",,True,2026-08-08T05:39:03.820916+00:00,Bread
05785f14-7a6a-4b10-8e69-7ba635e3a623,aloo-roti,Aloo Roti,Kerala,Wheat/Rice,"2 cups Whole Wheat Flour (Atta) or Maida
Water as needed for kneading",Vegetarian,False,{Gluten},{All},"1. Dough Preparation: In a large mixing bowl, combine flour (wheat or maida), a pinch of salt, and 1 tbsp oil/ghee. Gradually add warm water and knead into a soft, smooth dough. Cover with a damp cloth and let it rest for 30 minutes.
2. Portioning: Divide the rested dough into equal-sized lemon balls. Roll them smooth between your palms.
3. Rolling: Dust a dough ball with dry flour and roll it out into an even circle using a rolling pin (approx 6-inch diameter).
4. Cooking Preparation: Heat a tawa (flat griddle) on medium-high heat. Once hot, place the rolled Aloo Roti on the tawa.
5. First Flip: Cook until small bubbles start to form on the surface (about 30-40 seconds), then flip it over.
6. Second Side & Puffing: Cook the other side for another 40 seconds until light brown spots appear. If making a paratha, apply ghee/oil on both sides and press gently with a spatula to crisp. If making roti, put directly on flame to puff up.
7. Serving: Remove from heat, brush lightly with butter or ghee, and store in an insulated container to keep soft. Serve hot.",,True,2026-08-08T05:39:03.820934+00:00,Bread
af6eb102-7d93-4294-bc50-e1c829b37c49,paneer-roti,Paneer Roti,Punjabi,Wheat/Rice,"2 cups Whole Wheat Flour (Atta) or Maida
Water as needed for kneading",Vegetarian,False,"{Dairy,Gluten}",{All},"1. Dough Preparation: In a large mixing bowl, combine flour (wheat or maida), a pinch of salt, and 1 tbsp oil/ghee. Gradually add warm water and knead into a soft, smooth dough. Cover with a damp cloth and let it rest for 30 minutes.
2. Portioning: Divide the rested dough into equal-sized lemon balls. Roll them smooth between your palms.
3. Rolling: Dust a dough ball with dry flour and roll it out into an even circle using a rolling pin (approx 6-inch diameter).
4. Cooking Preparation: Heat a tawa (flat griddle) on medium-high heat. Once hot, place the rolled Paneer Roti on the tawa.
5. First Flip: Cook until small bubbles start to form on the surface (about 30-40 seconds), then flip it over.
6. Second Side & Puffing: Cook the other side for another 40 seconds until light brown spots appear. If making a paratha, apply ghee/oil on both sides and press gently with a spatula to crisp. If making roti, put directly on flame to puff up.
7. Serving: Remove from heat, brush lightly with butter or ghee, and store in an insulated container to keep soft. Serve hot.",,True,2026-08-08T05:39:03.820949+00:00,Bread
89efbf29-2e59-44f3-aff4-30b614a10f2a,gobi-roti,Gobi Roti,North Indian,Wheat/Rice,"2 cups Whole Wheat Flour (Atta) or Maida
Water as needed for kneading",Vegetarian,False,{Gluten},{All},"1. Dough Preparation: In a large mixing bowl, combine flour (wheat or maida), a pinch of salt, and 1 tbsp oil/ghee. Gradually add warm water and knead into a soft, smooth dough. Cover with a damp cloth and let it rest for 30 minutes.
2. Portioning: Divide the rested dough into equal-sized lemon balls. Roll them smooth between your palms.
3. Rolling: Dust a dough ball with dry flour and roll it out into an even circle using a rolling pin (approx 6-inch diameter).
4. Cooking Preparation: Heat a tawa (flat griddle) on medium-high heat. Once hot, place the rolled Gobi Roti on the tawa.
5. First Flip: Cook until small bubbles start to form on the surface (about 30-40 seconds), then flip it over.
6. Second Side & Puffing: Cook the other side for another 40 seconds until light brown spots appear. If making a paratha, apply ghee/oil on both sides and press gently with a spatula to crisp. If making roti, put directly on flame to puff up.
7. Serving: Remove from heat, brush lightly with butter or ghee, and store in an insulated container to keep soft. Serve hot.",,True,2026-08-08T05:39:03.820964+00:00,Bread
05246a1b-25ee-4e7a-8b23-20a4b59b3e4a,methi-roti,Methi Roti,Maharashtrian,Wheat/Rice,"2 cups Whole Wheat Flour (Atta) or Maida
Water as needed for kneading",Vegetarian,True,{Gluten},{All},"1. Dough Preparation: In a large mixing bowl, combine flour (wheat or maida), a pinch of salt, and 1 tbsp oil/ghee. Gradually add warm water and knead into a soft, smooth dough. Cover with a damp cloth and let it rest for 30 minutes.
2. Portioning: Divide the rested dough into equal-sized lemon balls. Roll them smooth between your palms.
3. Rolling: Dust a dough ball with dry flour and roll it out into an even circle using a rolling pin (approx 6-inch diameter).
4. Cooking Preparation: Heat a tawa (flat griddle) on medium-high heat. Once hot, place the rolled Methi Roti on the tawa.
5. First Flip: Cook until small bubbles start to form on the surface (about 30-40 seconds), then flip it over.
6. Second Side & Puffing: Cook the other side for another 40 seconds until light brown spots appear. If making a paratha, apply ghee/oil on both sides and press gently with a spatula to crisp. If making roti, put directly on flame to puff up.
7. Serving: Remove from heat, brush lightly with butter or ghee, and store in an insulated container to keep soft. Serve hot.",,True,2026-08-08T05:39:03.820978+00:00,Bread
f4c43dfa-0e00-4c2e-83e7-55c70f9dba18,onion-roti,Onion Roti,Rajasthani,Wheat/Rice,"2 cups Whole Wheat Flour (Atta) or Maida
Water as needed for kneading",Vegetarian,False,{Gluten},{All},"1. Dough Preparation: In a large mixing bowl, combine flour (wheat or maida), a pinch of salt, and 1 tbsp oil/ghee. Gradually add warm water and knead into a soft, smooth dough. Cover with a damp cloth and let it rest for 30 minutes.
2. Portioning: Divide the rested dough into equal-sized lemon balls. Roll them smooth between your palms.
3. Rolling: Dust a dough ball with dry flour and roll it out into an even circle using a rolling pin (approx 6-inch diameter).
4. Cooking Preparation: Heat a tawa (flat griddle) on medium-high heat. Once hot, place the rolled Onion Roti on the tawa.
5. First Flip: Cook until small bubbles start to form on the surface (about 30-40 seconds), then flip it over.
6. Second Side & Puffing: Cook the other side for another 40 seconds until light brown spots appear. If making a paratha, apply ghee/oil on both sides and press gently with a spatula to crisp. If making roti, put directly on flame to puff up.
7. Serving: Remove from heat, brush lightly with butter or ghee, and store in an insulated container to keep soft. Serve hot.",,True,2026-08-08T05:39:03.820992+00:00,Bread
9610f6c5-4404-4752-8305-42a185f31fdb,plain-paratha,Plain Paratha,Bengali,Wheat/Rice,"2 cups Whole Wheat Flour (Atta) or Maida
Water as needed for kneading",Vegan,False,{Gluten},{All},"1. Dough Preparation: In a large mixing bowl, combine flour (wheat or maida), a pinch of salt, and 1 tbsp oil/ghee. Gradually add warm water and knead into a soft, smooth dough. Cover with a damp cloth and let it rest for 30 minutes.
2. Portioning: Divide the rested dough into equal-sized lemon balls. Roll them smooth between your palms.
3. Rolling: Dust a dough ball with dry flour and roll it out into an even circle using a rolling pin (approx 6-inch diameter).
4. Cooking Preparation: Heat a tawa (flat griddle) on medium-high heat. Once hot, place the rolled Plain Paratha on the tawa.
5. First Flip: Cook until small bubbles start to form on the surface (about 30-40 seconds), then flip it over.
6. Second Side & Puffing: Cook the other side for another 40 seconds until light brown spots appear. If making a paratha, apply ghee/oil on both sides and press gently with a spatula to crisp. If making roti, put directly on flame to puff up.
7. Serving: Remove from heat, brush lightly with butter or ghee, and store in an insulated container to keep soft. Serve hot.",,True,2026-08-08T05:39:03.821006+00:00,Bread
20ab55ef-d600-4b91-9aa3-0fb41758fe01,aloo-paratha,Aloo Paratha,Gujarati,Wheat/Rice,"2 cups Whole Wheat Flour (Atta) or Maida
Water as needed for kneading",Vegetarian,False,{Gluten},{All},"1. Dough Preparation: In a large mixing bowl, combine flour (wheat or maida), a pinch of salt, and 1 tbsp oil/ghee. Gradually add warm water and knead into a soft, smooth dough. Cover with a damp cloth and let it rest for 30 minutes.
2. Portioning: Divide the rested dough into equal-sized lemon balls. Roll them smooth between your palms.
3. Rolling: Dust a dough ball with dry flour and roll it out into an even circle using a rolling pin (approx 6-inch diameter).
4. Cooking Preparation: Heat a tawa (flat griddle) on medium-high heat. Once hot, place the rolled Aloo Paratha on the tawa.
5. First Flip: Cook until small bubbles start to form on the surface (about 30-40 seconds), then flip it over.
6. Second Side & Puffing: Cook the other side for another 40 seconds until light brown spots appear. If making a paratha, apply ghee/oil on both sides and press gently with a spatula to crisp. If making roti, put directly on flame to puff up.
7. Serving: Remove from heat, brush lightly with butter or ghee, and store in an insulated container to keep soft. Serve hot.",,True,2026-08-08T05:39:03.821019+00:00,Bread
a84b8331-d5e3-4417-80c6-3ea214809e70,paneer-paratha,Paneer Paratha,Kerala,Wheat/Rice,"2 cups Whole Wheat Flour (Atta) or Maida
Water as needed for kneading",Vegetarian,False,"{Dairy,Gluten}",{All},"1. Dough Preparation: In a large mixing bowl, combine flour (wheat or maida), a pinch of salt, and 1 tbsp oil/ghee. Gradually add warm water and knead into a soft, smooth dough. Cover with a damp cloth and let it rest for 30 minutes.
2. Portioning: Divide the rested dough into equal-sized lemon balls. Roll them smooth between your palms.
3. Rolling: Dust a dough ball with dry flour and roll it out into an even circle using a rolling pin (approx 6-inch diameter).
4. Cooking Preparation: Heat a tawa (flat griddle) on medium-high heat. Once hot, place the rolled Paneer Paratha on the tawa.
5. First Flip: Cook until small bubbles start to form on the surface (about 30-40 seconds), then flip it over.
6. Second Side & Puffing: Cook the other side for another 40 seconds until light brown spots appear. If making a paratha, apply ghee/oil on both sides and press gently with a spatula to crisp. If making roti, put directly on flame to puff up.
7. Serving: Remove from heat, brush lightly with butter or ghee, and store in an insulated container to keep soft. Serve hot.",,True,2026-08-08T05:39:03.821044+00:00,Bread
bf5c29d4-8709-4b38-bf89-3c7321ffbabc,gobi-paratha,Gobi Paratha,Bengali,Wheat/Rice,"2 cups Whole Wheat Flour (Atta) or Maida
Water as needed for kneading",Vegetarian,True,{Gluten},{All},"1. Dough Preparation: In a large mixing bowl, combine flour (wheat or maida), a pinch of salt, and 1 tbsp oil/ghee. Gradually add warm water and knead into a soft, smooth dough. Cover with a damp cloth and let it rest for 30 minutes.
2. Portioning: Divide the rested dough into equal-sized lemon balls. Roll them smooth between your palms.
3. Rolling: Dust a dough ball with dry flour and roll it out into an even circle using a rolling pin (approx 6-inch diameter).
4. Cooking Preparation: Heat a tawa (flat griddle) on medium-high heat. Once hot, place the rolled Gobi Paratha on the tawa.
5. First Flip: Cook until small bubbles start to form on the surface (about 30-40 seconds), then flip it over.
6. Second Side & Puffing: Cook the other side for another 40 seconds until light brown spots appear. If making a paratha, apply ghee/oil on both sides and press gently with a spatula to crisp. If making roti, put directly on flame to puff up.
7. Serving: Remove from heat, brush lightly with butter or ghee, and store in an insulated container to keep soft. Serve hot.",,True,2026-08-08T05:39:03.821068+00:00,Bread
4b44d8fe-dac0-42bd-aba1-87b1e740a463,methi-paratha,Methi Paratha,Bengali,Wheat/Rice,"2 cups Whole Wheat Flour (Atta) or Maida
Water as needed for kneading",Vegetarian,True,{Gluten},{All},"1. Dough Preparation: In a large mixing bowl, combine flour (wheat or maida), a pinch of salt, and 1 tbsp oil/ghee. Gradually add warm water and knead into a soft, smooth dough. Cover with a damp cloth and let it rest for 30 minutes.
2. Portioning: Divide the rested dough into equal-sized lemon balls. Roll them smooth between your palms.
3. Rolling: Dust a dough ball with dry flour and roll it out into an even circle using a rolling pin (approx 6-inch diameter).
4. Cooking Preparation: Heat a tawa (flat griddle) on medium-high heat. Once hot, place the rolled Methi Paratha on the tawa.
5. First Flip: Cook until small bubbles start to form on the surface (about 30-40 seconds), then flip it over.
6. Second Side & Puffing: Cook the other side for another 40 seconds until light brown spots appear. If making a paratha, apply ghee/oil on both sides and press gently with a spatula to crisp. If making roti, put directly on flame to puff up.
7. Serving: Remove from heat, brush lightly with butter or ghee, and store in an insulated container to keep soft. Serve hot.",,True,2026-08-08T05:39:03.821085+00:00,Bread
5d25a16d-3f0b-423e-998a-b7c92326bd1c,onion-paratha,Onion Paratha,Hyderabadi,Wheat/Rice,"2 cups Whole Wheat Flour (Atta) or Maida
Water as needed for kneading",Vegetarian,False,{Gluten},{All},"1. Dough Preparation: In a large mixing bowl, combine flour (wheat or maida), a pinch of salt, and 1 tbsp oil/ghee. Gradually add warm water and knead into a soft, smooth dough. Cover with a damp cloth and let it rest for 30 minutes.
2. Portioning: Divide the rested dough into equal-sized lemon balls. Roll them smooth between your palms.
3. Rolling: Dust a dough ball with dry flour and roll it out into an even circle using a rolling pin (approx 6-inch diameter).
4. Cooking Preparation: Heat a tawa (flat griddle) on medium-high heat. Once hot, place the rolled Onion Paratha on the tawa.
5. First Flip: Cook until small bubbles start to form on the surface (about 30-40 seconds), then flip it over.
6. Second Side & Puffing: Cook the other side for another 40 seconds until light brown spots appear. If making a paratha, apply ghee/oil on both sides and press gently with a spatula to crisp. If making roti, put directly on flame to puff up.
7. Serving: Remove from heat, brush lightly with butter or ghee, and store in an insulated container to keep soft. Serve hot.",,True,2026-08-08T05:39:03.821101+00:00,Bread
4fba7b9f-5dc6-4f0a-94b5-c5dd48d22d78,plain-naan,Plain Naan,Rajasthani,Wheat/Rice,"2 cups Whole Wheat Flour (Atta) or Maida
Water as needed for kneading",Vegan,False,{Gluten},{All},"1. Dough Preparation: In a large mixing bowl, combine flour (wheat or maida), a pinch of salt, and 1 tbsp oil/ghee. Gradually add warm water and knead into a soft, smooth dough. Cover with a damp cloth and let it rest for 30 minutes.
2. Portioning: Divide the rested dough into equal-sized lemon balls. Roll them smooth between your palms.
3. Rolling: Dust a dough ball with dry flour and roll it out into an even circle using a rolling pin (approx 6-inch diameter).
4. Cooking Preparation: Heat a tawa (flat griddle) on medium-high heat. Once hot, place the rolled Plain Naan on the tawa.
5. First Flip: Cook until small bubbles start to form on the surface (about 30-40 seconds), then flip it over.
6. Second Side & Puffing: Cook the other side for another 40 seconds until light brown spots appear. If making a paratha, apply ghee/oil on both sides and press gently with a spatula to crisp. If making roti, put directly on flame to puff up.
7. Serving: Remove from heat, brush lightly with butter or ghee, and store in an insulated container to keep soft. Serve hot.",,True,2026-08-08T05:39:03.821115+00:00,Bread
42d1477a-c2b8-4788-a564-304ab83411d7,aloo-naan,Aloo Naan,Maharashtrian,Wheat/Rice,"2 cups Whole Wheat Flour (Atta) or Maida
Water as needed for kneading",Vegetarian,False,{Gluten},{All},"1. Dough Preparation: In a large mixing bowl, combine flour (wheat or maida), a pinch of salt, and 1 tbsp oil/ghee. Gradually add warm water and knead into a soft, smooth dough. Cover with a damp cloth and let it rest for 30 minutes.
2. Portioning: Divide the rested dough into equal-sized lemon balls. Roll them smooth between your palms.
3. Rolling: Dust a dough ball with dry flour and roll it out into an even circle using a rolling pin (approx 6-inch diameter).
4. Cooking Preparation: Heat a tawa (flat griddle) on medium-high heat. Once hot, place the rolled Aloo Naan on the tawa.
5. First Flip: Cook until small bubbles start to form on the surface (about 30-40 seconds), then flip it over.
6. Second Side & Puffing: Cook the other side for another 40 seconds until light brown spots appear. If making a paratha, apply ghee/oil on both sides and press gently with a spatula to crisp. If making roti, put directly on flame to puff up.
7. Serving: Remove from heat, brush lightly with butter or ghee, and store in an insulated container to keep soft. Serve hot.",,True,2026-08-08T05:39:03.821127+00:00,Bread
5a211712-ed41-4e23-b4c6-2f6d66e07507,paneer-naan,Paneer Naan,Hyderabadi,Wheat/Rice,"2 cups Whole Wheat Flour (Atta) or Maida
Water as needed for kneading",Vegetarian,False,"{Dairy,Gluten}",{All},"1. Dough Preparation: In a large mixing bowl, combine flour (wheat or maida), a pinch of salt, and 1 tbsp oil/ghee. Gradually add warm water and knead into a soft, smooth dough. Cover with a damp cloth and let it rest for 30 minutes.
2. Portioning: Divide the rested dough into equal-sized lemon balls. Roll them smooth between your palms.
3. Rolling: Dust a dough ball with dry flour and roll it out into an even circle using a rolling pin (approx 6-inch diameter).
4. Cooking Preparation: Heat a tawa (flat griddle) on medium-high heat. Once hot, place the rolled Paneer Naan on the tawa.
5. First Flip: Cook until small bubbles start to form on the surface (about 30-40 seconds), then flip it over.
6. Second Side & Puffing: Cook the other side for another 40 seconds until light brown spots appear. If making a paratha, apply ghee/oil on both sides and press gently with a spatula to crisp. If making roti, put directly on flame to puff up.
7. Serving: Remove from heat, brush lightly with butter or ghee, and store in an insulated container to keep soft. Serve hot.",,True,2026-08-08T05:39:03.821140+00:00,Bread
50df66f0-890e-4375-960a-d3b32dc8080e,gobi-naan,Gobi Naan,Rajasthani,Wheat/Rice,"2 cups Whole Wheat Flour (Atta) or Maida
Water as needed for kneading",Vegetarian,False,{Gluten},{All},"1. Dough Preparation: In a large mixing bowl, combine flour (wheat or maida), a pinch of salt, and 1 tbsp oil/ghee. Gradually add warm water and knead into a soft, smooth dough. Cover with a damp cloth and let it rest for 30 minutes.
2. Portioning: Divide the rested dough into equal-sized lemon balls. Roll them smooth between your palms.
3. Rolling: Dust a dough ball with dry flour and roll it out into an even circle using a rolling pin (approx 6-inch diameter).
4. Cooking Preparation: Heat a tawa (flat griddle) on medium-high heat. Once hot, place the rolled Gobi Naan on the tawa.
5. First Flip: Cook until small bubbles start to form on the surface (about 30-40 seconds), then flip it over.
6. Second Side & Puffing: Cook the other side for another 40 seconds until light brown spots appear. If making a paratha, apply ghee/oil on both sides and press gently with a spatula to crisp. If making roti, put directly on flame to puff up.
7. Serving: Remove from heat, brush lightly with butter or ghee, and store in an insulated container to keep soft. Serve hot.",,True,2026-08-08T05:39:03.821154+00:00,Bread
74d04ec0-d6b5-4883-874e-c1f6503874a4,methi-naan,Methi Naan,Maharashtrian,Wheat/Rice,"2 cups Whole Wheat Flour (Atta) or Maida
Water as needed for kneading",Vegetarian,False,{Gluten},{All},"1. Dough Preparation: In a large mixing bowl, combine flour (wheat or maida), a pinch of salt, and 1 tbsp oil/ghee. Gradually add warm water and knead into a soft, smooth dough. Cover with a damp cloth and let it rest for 30 minutes.
2. Portioning: Divide the rested dough into equal-sized lemon balls. Roll them smooth between your palms.
3. Rolling: Dust a dough ball with dry flour and roll it out into an even circle using a rolling pin (approx 6-inch diameter).
4. Cooking Preparation: Heat a tawa (flat griddle) on medium-high heat. Once hot, place the rolled Methi Naan on the tawa.
5. First Flip: Cook until small bubbles start to form on the surface (about 30-40 seconds), then flip it over.
6. Second Side & Puffing: Cook the other side for another 40 seconds until light brown spots appear. If making a paratha, apply ghee/oil on both sides and press gently with a spatula to crisp. If making roti, put directly on flame to puff up.
7. Serving: Remove from heat, brush lightly with butter or ghee, and store in an insulated container to keep soft. Serve hot.",,True,2026-08-08T05:39:03.821167+00:00,Bread
346bf1b2-917d-4f2f-aa20-5be6fbd0632f,onion-naan,Onion Naan,South Indian,Wheat/Rice,"2 cups Whole Wheat Flour (Atta) or Maida
Water as needed for kneading",Vegetarian,False,{Gluten},{All},"1. Dough Preparation: In a large mixing bowl, combine flour (wheat or maida), a pinch of salt, and 1 tbsp oil/ghee. Gradually add warm water and knead into a soft, smooth dough. Cover with a damp cloth and let it rest for 30 minutes.
2. Portioning: Divide the rested dough into equal-sized lemon balls. Roll them smooth between your palms.
3. Rolling: Dust a dough ball with dry flour and roll it out into an even circle using a rolling pin (approx 6-inch diameter).
4. Cooking Preparation: Heat a tawa (flat griddle) on medium-high heat. Once hot, place the rolled Onion Naan on the tawa.
5. First Flip: Cook until small bubbles start to form on the surface (about 30-40 seconds), then flip it over.
6. Second Side & Puffing: Cook the other side for another 40 seconds until light brown spots appear. If making a paratha, apply ghee/oil on both sides and press gently with a spatula to crisp. If making roti, put directly on flame to puff up.
7. Serving: Remove from heat, brush lightly with butter or ghee, and store in an insulated container to keep soft. Serve hot.",,True,2026-08-08T05:39:03.821180+00:00,Bread
b2352a62-406e-461e-b133-669bf0b0bb4e,plain-kulcha,Plain Kulcha,Kerala,Wheat/Rice,"2 cups Whole Wheat Flour (Atta) or Maida
Water as needed for kneading",Vegan,True,{Gluten},{All},"1. Dough Preparation: In a large mixing bowl, combine flour (wheat or maida), a pinch of salt, and 1 tbsp oil/ghee. Gradually add warm water and knead into a soft, smooth dough. Cover with a damp cloth and let it rest for 30 minutes.
2. Portioning: Divide the rested dough into equal-sized lemon balls. Roll them smooth between your palms.
3. Rolling: Dust a dough ball with dry flour and roll it out into an even circle using a rolling pin (approx 6-inch diameter).
4. Cooking Preparation: Heat a tawa (flat griddle) on medium-high heat. Once hot, place the rolled Plain Kulcha on the tawa.
5. First Flip: Cook until small bubbles start to form on the surface (about 30-40 seconds), then flip it over.
6. Second Side & Puffing: Cook the other side for another 40 seconds until light brown spots appear. If making a paratha, apply ghee/oil on both sides and press gently with a spatula to crisp. If making roti, put directly on flame to puff up.
7. Serving: Remove from heat, brush lightly with butter or ghee, and store in an insulated container to keep soft. Serve hot.",,True,2026-08-08T05:39:03.821194+00:00,Bread
a9bd9f7a-7f4a-46b5-80cf-d7fe9104b398,aloo-kulcha,Aloo Kulcha,North Indian,Wheat/Rice,"2 cups Whole Wheat Flour (Atta) or Maida
Water as needed for kneading",Vegetarian,False,{Gluten},{All},"1. Dough Preparation: In a large mixing bowl, combine flour (wheat or maida), a pinch of salt, and 1 tbsp oil/ghee. Gradually add warm water and knead into a soft, smooth dough. Cover with a damp cloth and let it rest for 30 minutes.
2. Portioning: Divide the rested dough into equal-sized lemon balls. Roll them smooth between your palms.
3. Rolling: Dust a dough ball with dry flour and roll it out into an even circle using a rolling pin (approx 6-inch diameter).
4. Cooking Preparation: Heat a tawa (flat griddle) on medium-high heat. Once hot, place the rolled Aloo Kulcha on the tawa.
5. First Flip: Cook until small bubbles start to form on the surface (about 30-40 seconds), then flip it over.
6. Second Side & Puffing: Cook the other side for another 40 seconds until light brown spots appear. If making a paratha, apply ghee/oil on both sides and press gently with a spatula to crisp. If making roti, put directly on flame to puff up.
7. Serving: Remove from heat, brush lightly with butter or ghee, and store in an insulated container to keep soft. Serve hot.",,True,2026-08-08T05:39:03.821217+00:00,Bread
3fafcb78-26e8-4d8f-bcb7-fc72785a377f,paneer-kulcha,Paneer Kulcha,Awadhi,Wheat/Rice,"2 cups Whole Wheat Flour (Atta) or Maida
Water as needed for kneading",Vegetarian,False,"{Dairy,Gluten}",{All},"1. Dough Preparation: In a large mixing bowl, combine flour (wheat or maida), a pinch of salt, and 1 tbsp oil/ghee. Gradually add warm water and knead into a soft, smooth dough. Cover with a damp cloth and let it rest for 30 minutes.
2. Portioning: Divide the rested dough into equal-sized lemon balls. Roll them smooth between your palms.
3. Rolling: Dust a dough ball with dry flour and roll it out into an even circle using a rolling pin (approx 6-inch diameter).
4. Cooking Preparation: Heat a tawa (flat griddle) on medium-high heat. Once hot, place the rolled Paneer Kulcha on the tawa.
5. First Flip: Cook until small bubbles start to form on the surface (about 30-40 seconds), then flip it over.
6. Second Side & Puffing: Cook the other side for another 40 seconds until light brown spots appear. If making a paratha, apply ghee/oil on both sides and press gently with a spatula to crisp. If making roti, put directly on flame to puff up.
7. Serving: Remove from heat, brush lightly with butter or ghee, and store in an insulated container to keep soft. Serve hot.",,True,2026-08-08T05:39:03.821241+00:00,Bread
c192f825-519b-44e5-9057-c795f7a41bfd,gobi-kulcha,Gobi Kulcha,Tamil,Wheat/Rice,"2 cups Whole Wheat Flour (Atta) or Maida
Water as needed for kneading",Vegetarian,False,{Gluten},{All},"1. Dough Preparation: In a large mixing bowl, combine flour (wheat or maida), a pinch of salt, and 1 tbsp oil/ghee. Gradually add warm water and knead into a soft, smooth dough. Cover with a damp cloth and let it rest for 30 minutes.
2. Portioning: Divide the rested dough into equal-sized lemon balls. Roll them smooth between your palms.
3. Rolling: Dust a dough ball with dry flour and roll it out into an even circle using a rolling pin (approx 6-inch diameter).
4. Cooking Preparation: Heat a tawa (flat griddle) on medium-high heat. Once hot, place the rolled Gobi Kulcha on the tawa.
5. First Flip: Cook until small bubbles start to form on the surface (about 30-40 seconds), then flip it over.
6. Second Side & Puffing: Cook the other side for another 40 seconds until light brown spots appear. If making a paratha, apply ghee/oil on both sides and press gently with a spatula to crisp. If making roti, put directly on flame to puff up.
7. Serving: Remove from heat, brush lightly with butter or ghee, and store in an insulated container to keep soft. Serve hot.",,True,2026-08-08T05:39:03.821258+00:00,Bread
acbb860a-042d-4cde-9bf2-beb3eed1acbd,methi-kulcha,Methi Kulcha,North Indian,Wheat/Rice,"2 cups Whole Wheat Flour (Atta) or Maida
Water as needed for kneading",Vegetarian,True,{Gluten},{All},"1. Dough Preparation: In a large mixing bowl, combine flour (wheat or maida), a pinch of salt, and 1 tbsp oil/ghee. Gradually add warm water and knead into a soft, smooth dough. Cover with a damp cloth and let it rest for 30 minutes.
2. Portioning: Divide the rested dough into equal-sized lemon balls. Roll them smooth between your palms.
3. Rolling: Dust a dough ball with dry flour and roll it out into an even circle using a rolling pin (approx 6-inch diameter).
4. Cooking Preparation: Heat a tawa (flat griddle) on medium-high heat. Once hot, place the rolled Methi Kulcha on the tawa.
5. First Flip: Cook until small bubbles start to form on the surface (about 30-40 seconds), then flip it over.
6. Second Side & Puffing: Cook the other side for another 40 seconds until light brown spots appear. If making a paratha, apply ghee/oil on both sides and press gently with a spatula to crisp. If making roti, put directly on flame to puff up.
7. Serving: Remove from heat, brush lightly with butter or ghee, and store in an insulated container to keep soft. Serve hot.",,True,2026-08-08T05:39:03.821273+00:00,Bread
5ffe4bdd-35d9-4996-a865-5e6395bd8d55,onion-kulcha,Onion Kulcha,Bengali,Wheat/Rice,"2 cups Whole Wheat Flour (Atta) or Maida
Water as needed for kneading",Vegetarian,False,{Gluten},{All},"1. Dough Preparation: In a large mixing bowl, combine flour (wheat or maida), a pinch of salt, and 1 tbsp oil/ghee. Gradually add warm water and knead into a soft, smooth dough. Cover with a damp cloth and let it rest for 30 minutes.
2. Portioning: Divide the rested dough into equal-sized lemon balls. Roll them smooth between your palms.
3. Rolling: Dust a dough ball with dry flour and roll it out into an even circle using a rolling pin (approx 6-inch diameter).
4. Cooking Preparation: Heat a tawa (flat griddle) on medium-high heat. Once hot, place the rolled Onion Kulcha on the tawa.
5. First Flip: Cook until small bubbles start to form on the surface (about 30-40 seconds), then flip it over.
6. Second Side & Puffing: Cook the other side for another 40 seconds until light brown spots appear. If making a paratha, apply ghee/oil on both sides and press gently with a spatula to crisp. If making roti, put directly on flame to puff up.
7. Serving: Remove from heat, brush lightly with butter or ghee, and store in an insulated container to keep soft. Serve hot.",,True,2026-08-08T05:39:03.821286+00:00,Bread
4e928c33-1088-42e5-a86a-a0b6d5659023,plain-puri,Plain Puri,Gujarati,Wheat/Rice,"2 cups Whole Wheat Flour (Atta) or Maida
Water as needed for kneading",Vegan,True,{Gluten},{All},"1. Dough Preparation: In a large mixing bowl, combine flour (wheat or maida), a pinch of salt, and 1 tbsp oil/ghee. Gradually add warm water and knead into a soft, smooth dough. Cover with a damp cloth and let it rest for 30 minutes.
2. Portioning: Divide the rested dough into equal-sized lemon balls. Roll them smooth between your palms.
3. Rolling: Dust a dough ball with dry flour and roll it out into an even circle using a rolling pin (approx 6-inch diameter).
4. Cooking Preparation: Heat a tawa (flat griddle) on medium-high heat. Once hot, place the rolled Plain Puri on the tawa.
5. First Flip: Cook until small bubbles start to form on the surface (about 30-40 seconds), then flip it over.
6. Second Side & Puffing: Cook the other side for another 40 seconds until light brown spots appear. If making a paratha, apply ghee/oil on both sides and press gently with a spatula to crisp. If making roti, put directly on flame to puff up.
7. Serving: Remove from heat, brush lightly with butter or ghee, and store in an insulated container to keep soft. Serve hot.",,True,2026-08-08T05:39:03.821301+00:00,Bread
71debd01-59f3-4c7c-ba27-6f7766620bc0,aloo-puri,Aloo Puri,Goan,Wheat/Rice,"2 cups Whole Wheat Flour (Atta) or Maida
Water as needed for kneading",Vegetarian,False,{Gluten},{All},"1. Dough Preparation: In a large mixing bowl, combine flour (wheat or maida), a pinch of salt, and 1 tbsp oil/ghee. Gradually add warm water and knead into a soft, smooth dough. Cover with a damp cloth and let it rest for 30 minutes.
2. Portioning: Divide the rested dough into equal-sized lemon balls. Roll them smooth between your palms.
3. Rolling: Dust a dough ball with dry flour and roll it out into an even circle using a rolling pin (approx 6-inch diameter).
4. Cooking Preparation: Heat a tawa (flat griddle) on medium-high heat. Once hot, place the rolled Aloo Puri on the tawa.
5. First Flip: Cook until small bubbles start to form on the surface (about 30-40 seconds), then flip it over.
6. Second Side & Puffing: Cook the other side for another 40 seconds until light brown spots appear. If making a paratha, apply ghee/oil on both sides and press gently with a spatula to crisp. If making roti, put directly on flame to puff up.
7. Serving: Remove from heat, brush lightly with butter or ghee, and store in an insulated container to keep soft. Serve hot.",,True,2026-08-08T05:39:03.821314+00:00,Bread
cc232688-eefb-4546-9971-390e0a558b6e,paneer-puri,Paneer Puri,South Indian,Wheat/Rice,"2 cups Whole Wheat Flour (Atta) or Maida
Water as needed for kneading",Vegetarian,False,"{Dairy,Gluten}",{All},"1. Dough Preparation: In a large mixing bowl, combine flour (wheat or maida), a pinch of salt, and 1 tbsp oil/ghee. Gradually add warm water and knead into a soft, smooth dough. Cover with a damp cloth and let it rest for 30 minutes.
2. Portioning: Divide the rested dough into equal-sized lemon balls. Roll them smooth between your palms.
3. Rolling: Dust a dough ball with dry flour and roll it out into an even circle using a rolling pin (approx 6-inch diameter).
4. Cooking Preparation: Heat a tawa (flat griddle) on medium-high heat. Once hot, place the rolled Paneer Puri on the tawa.
5. First Flip: Cook until small bubbles start to form on the surface (about 30-40 seconds), then flip it over.
6. Second Side & Puffing: Cook the other side for another 40 seconds until light brown spots appear. If making a paratha, apply ghee/oil on both sides and press gently with a spatula to crisp. If making roti, put directly on flame to puff up.
7. Serving: Remove from heat, brush lightly with butter or ghee, and store in an insulated container to keep soft. Serve hot.",,True,2026-08-08T05:39:03.821328+00:00,Bread
dae2c294-d988-4f4b-91fb-9d59f79f43dd,gobi-puri,Gobi Puri,Hyderabadi,Wheat/Rice,"2 cups Whole Wheat Flour (Atta) or Maida
Water as needed for kneading",Vegetarian,False,{Gluten},{All},"1. Dough Preparation: In a large mixing bowl, combine flour (wheat or maida), a pinch of salt, and 1 tbsp oil/ghee. Gradually add warm water and knead into a soft, smooth dough. Cover with a damp cloth and let it rest for 30 minutes.
2. Portioning: Divide the rested dough into equal-sized lemon balls. Roll them smooth between your palms.
3. Rolling: Dust a dough ball with dry flour and roll it out into an even circle using a rolling pin (approx 6-inch diameter).
4. Cooking Preparation: Heat a tawa (flat griddle) on medium-high heat. Once hot, place the rolled Gobi Puri on the tawa.
5. First Flip: Cook until small bubbles start to form on the surface (about 30-40 seconds), then flip it over.
6. Second Side & Puffing: Cook the other side for another 40 seconds until light brown spots appear. If making a paratha, apply ghee/oil on both sides and press gently with a spatula to crisp. If making roti, put directly on flame to puff up.
7. Serving: Remove from heat, brush lightly with butter or ghee, and store in an insulated container to keep soft. Serve hot.",,True,2026-08-08T05:39:03.821341+00:00,Bread
cdd70257-c301-470d-9152-e141e7b7b3f5,methi-puri,Methi Puri,Goan,Wheat/Rice,"2 cups Whole Wheat Flour (Atta) or Maida
Water as needed for kneading",Vegetarian,True,{Gluten},{All},"1. Dough Preparation: In a large mixing bowl, combine flour (wheat or maida), a pinch of salt, and 1 tbsp oil/ghee. Gradually add warm water and knead into a soft, smooth dough. Cover with a damp cloth and let it rest for 30 minutes.
2. Portioning: Divide the rested dough into equal-sized lemon balls. Roll them smooth between your palms.
3. Rolling: Dust a dough ball with dry flour and roll it out into an even circle using a rolling pin (approx 6-inch diameter).
4. Cooking Preparation: Heat a tawa (flat griddle) on medium-high heat. Once hot, place the rolled Methi Puri on the tawa.
5. First Flip: Cook until small bubbles start to form on the surface (about 30-40 seconds), then flip it over.
6. Second Side & Puffing: Cook the other side for another 40 seconds until light brown spots appear. If making a paratha, apply ghee/oil on both sides and press gently with a spatula to crisp. If making roti, put directly on flame to puff up.
7. Serving: Remove from heat, brush lightly with butter or ghee, and store in an insulated container to keep soft. Serve hot.",,True,2026-08-08T05:39:03.821370+00:00,Bread
a6d391e0-fbed-4554-8e02-1dc2aceb2b80,onion-puri,Onion Puri,North Indian,Wheat/Rice,"2 cups Whole Wheat Flour (Atta) or Maida
Water as needed for kneading",Vegetarian,False,{Gluten},{All},"1. Dough Preparation: In a large mixing bowl, combine flour (wheat or maida), a pinch of salt, and 1 tbsp oil/ghee. Gradually add warm water and knead into a soft, smooth dough. Cover with a damp cloth and let it rest for 30 minutes.
2. Portioning: Divide the rested dough into equal-sized lemon balls. Roll them smooth between your palms.
3. Rolling: Dust a dough ball with dry flour and roll it out into an even circle using a rolling pin (approx 6-inch diameter).
4. Cooking Preparation: Heat a tawa (flat griddle) on medium-high heat. Once hot, place the rolled Onion Puri on the tawa.
5. First Flip: Cook until small bubbles start to form on the surface (about 30-40 seconds), then flip it over.
6. Second Side & Puffing: Cook the other side for another 40 seconds until light brown spots appear. If making a paratha, apply ghee/oil on both sides and press gently with a spatula to crisp. If making roti, put directly on flame to puff up.
7. Serving: Remove from heat, brush lightly with butter or ghee, and store in an insulated container to keep soft. Serve hot.",,True,2026-08-08T05:39:03.821409+00:00,Bread
bd955681-7cbd-4a03-b14b-91d5bed24f04,plain-bhatura,Plain Bhatura,Hyderabadi,Wheat/Rice,"2 cups Whole Wheat Flour (Atta) or Maida
Water as needed for kneading",Vegan,False,{Gluten},{All},"1. Dough Preparation: In a large mixing bowl, combine flour (wheat or maida), a pinch of salt, and 1 tbsp oil/ghee. Gradually add warm water and knead into a soft, smooth dough. Cover with a damp cloth and let it rest for 30 minutes.
2. Portioning: Divide the rested dough into equal-sized lemon balls. Roll them smooth between your palms.
3. Rolling: Dust a dough ball with dry flour and roll it out into an even circle using a rolling pin (approx 6-inch diameter).
4. Cooking Preparation: Heat a tawa (flat griddle) on medium-high heat. Once hot, place the rolled Plain Bhatura on the tawa.
5. First Flip: Cook until small bubbles start to form on the surface (about 30-40 seconds), then flip it over.
6. Second Side & Puffing: Cook the other side for another 40 seconds until light brown spots appear. If making a paratha, apply ghee/oil on both sides and press gently with a spatula to crisp. If making roti, put directly on flame to puff up.
7. Serving: Remove from heat, brush lightly with butter or ghee, and store in an insulated container to keep soft. Serve hot.",,True,2026-08-08T05:39:03.821441+00:00,Bread
cce52717-cc88-4039-a0ab-2a834f7e1cbc,aloo-bhatura,Aloo Bhatura,North Indian,Wheat/Rice,"2 cups Whole Wheat Flour (Atta) or Maida
Water as needed for kneading",Vegetarian,False,{Gluten},{All},"1. Dough Preparation: In a large mixing bowl, combine flour (wheat or maida), a pinch of salt, and 1 tbsp oil/ghee. Gradually add warm water and knead into a soft, smooth dough. Cover with a damp cloth and let it rest for 30 minutes.
2. Portioning: Divide the rested dough into equal-sized lemon balls. Roll them smooth between your palms.
3. Rolling: Dust a dough ball with dry flour and roll it out into an even circle using a rolling pin (approx 6-inch diameter).
4. Cooking Preparation: Heat a tawa (flat griddle) on medium-high heat. Once hot, place the rolled Aloo Bhatura on the tawa.
5. First Flip: Cook until small bubbles start to form on the surface (about 30-40 seconds), then flip it over.
6. Second Side & Puffing: Cook the other side for another 40 seconds until light brown spots appear. If making a paratha, apply ghee/oil on both sides and press gently with a spatula to crisp. If making roti, put directly on flame to puff up.
7. Serving: Remove from heat, brush lightly with butter or ghee, and store in an insulated container to keep soft. Serve hot.",,True,2026-08-08T05:39:03.821457+00:00,Bread
5d343507-e23e-4860-8716-6fe568e77436,paneer-bhatura,Paneer Bhatura,Gujarati,Wheat/Rice,"2 cups Whole Wheat Flour (Atta) or Maida
Water as needed for kneading",Vegetarian,True,"{Dairy,Gluten}",{All},"1. Dough Preparation: In a large mixing bowl, combine flour (wheat or maida), a pinch of salt, and 1 tbsp oil/ghee. Gradually add warm water and knead into a soft, smooth dough. Cover with a damp cloth and let it rest for 30 minutes.
2. Portioning: Divide the rested dough into equal-sized lemon balls. Roll them smooth between your palms.
3. Rolling: Dust a dough ball with dry flour and roll it out into an even circle using a rolling pin (approx 6-inch diameter).
4. Cooking Preparation: Heat a tawa (flat griddle) on medium-high heat. Once hot, place the rolled Paneer Bhatura on the tawa.
5. First Flip: Cook until small bubbles start to form on the surface (about 30-40 seconds), then flip it over.
6. Second Side & Puffing: Cook the other side for another 40 seconds until light brown spots appear. If making a paratha, apply ghee/oil on both sides and press gently with a spatula to crisp. If making roti, put directly on flame to puff up.
7. Serving: Remove from heat, brush lightly with butter or ghee, and store in an insulated container to keep soft. Serve hot.",,True,2026-08-08T05:39:03.821473+00:00,Bread
901e5546-c4b5-405d-be81-03a6b96033a5,gobi-bhatura,Gobi Bhatura,Gujarati,Wheat/Rice,"2 cups Whole Wheat Flour (Atta) or Maida
Water as needed for kneading",Vegetarian,True,{Gluten},{All},"1. Dough Preparation: In a large mixing bowl, combine flour (wheat or maida), a pinch of salt, and 1 tbsp oil/ghee. Gradually add warm water and knead into a soft, smooth dough. Cover with a damp cloth and let it rest for 30 minutes.
2. Portioning: Divide the rested dough into equal-sized lemon balls. Roll them smooth between your palms.
3. Rolling: Dust a dough ball with dry flour and roll it out into an even circle using a rolling pin (approx 6-inch diameter).
4. Cooking Preparation: Heat a tawa (flat griddle) on medium-high heat. Once hot, place the rolled Gobi Bhatura on the tawa.
5. First Flip: Cook until small bubbles start to form on the surface (about 30-40 seconds), then flip it over.
6. Second Side & Puffing: Cook the other side for another 40 seconds until light brown spots appear. If making a paratha, apply ghee/oil on both sides and press gently with a spatula to crisp. If making roti, put directly on flame to puff up.
7. Serving: Remove from heat, brush lightly with butter or ghee, and store in an insulated container to keep soft. Serve hot.",,True,2026-08-08T05:39:03.821488+00:00,Bread
1cd7c346-a904-4efe-ac3a-3a07aff0b9f3,methi-bhatura,Methi Bhatura,North Indian,Wheat/Rice,"2 cups Whole Wheat Flour (Atta) or Maida
Water as needed for kneading",Vegetarian,False,{Gluten},{All},"1. Dough Preparation: In a large mixing bowl, combine flour (wheat or maida), a pinch of salt, and 1 tbsp oil/ghee. Gradually add warm water and knead into a soft, smooth dough. Cover with a damp cloth and let it rest for 30 minutes.
2. Portioning: Divide the rested dough into equal-sized lemon balls. Roll them smooth between your palms.
3. Rolling: Dust a dough ball with dry flour and roll it out into an even circle using a rolling pin (approx 6-inch diameter).
4. Cooking Preparation: Heat a tawa (flat griddle) on medium-high heat. Once hot, place the rolled Methi Bhatura on the tawa.
5. First Flip: Cook until small bubbles start to form on the surface (about 30-40 seconds), then flip it over.
6. Second Side & Puffing: Cook the other side for another 40 seconds until light brown spots appear. If making a paratha, apply ghee/oil on both sides and press gently with a spatula to crisp. If making roti, put directly on flame to puff up.
7. Serving: Remove from heat, brush lightly with butter or ghee, and store in an insulated container to keep soft. Serve hot.",,True,2026-08-08T05:39:03.821502+00:00,Bread
06160602-0103-4ad1-8cb4-0ce1f1ac751d,onion-bhatura,Onion Bhatura,Andhra,Wheat/Rice,"2 cups Whole Wheat Flour (Atta) or Maida
Water as needed for kneading",Vegetarian,False,{Gluten},{All},"1. Dough Preparation: In a large mixing bowl, combine flour (wheat or maida), a pinch of salt, and 1 tbsp oil/ghee. Gradually add warm water and knead into a soft, smooth dough. Cover with a damp cloth and let it rest for 30 minutes.
2. Portioning: Divide the rested dough into equal-sized lemon balls. Roll them smooth between your palms.
3. Rolling: Dust a dough ball with dry flour and roll it out into an even circle using a rolling pin (approx 6-inch diameter).
4. Cooking Preparation: Heat a tawa (flat griddle) on medium-high heat. Once hot, place the rolled Onion Bhatura on the tawa.
5. First Flip: Cook until small bubbles start to form on the surface (about 30-40 seconds), then flip it over.
6. Second Side & Puffing: Cook the other side for another 40 seconds until light brown spots appear. If making a paratha, apply ghee/oil on both sides and press gently with a spatula to crisp. If making roti, put directly on flame to puff up.
7. Serving: Remove from heat, brush lightly with butter or ghee, and store in an insulated container to keep soft. Serve hot.",,True,2026-08-08T05:39:03.821515+00:00,Bread
1a4757c0-b87d-42ef-8a3b-08f5c6690dcf,plain-dosa,Plain Dosa,Punjabi,Wheat/Rice,"2 cups Whole Wheat Flour (Atta) or Maida
Water as needed for kneading",Vegan,True,{},{All},"1. Dough Preparation: In a large mixing bowl, combine flour (wheat or maida), a pinch of salt, and 1 tbsp oil/ghee. Gradually add warm water and knead into a soft, smooth dough. Cover with a damp cloth and let it rest for 30 minutes.
2. Portioning: Divide the rested dough into equal-sized lemon balls. Roll them smooth between your palms.
3. Rolling: Dust a dough ball with dry flour and roll it out into an even circle using a rolling pin (approx 6-inch diameter).
4. Cooking Preparation: Heat a tawa (flat griddle) on medium-high heat. Once hot, place the rolled Plain Dosa on the tawa.
5. First Flip: Cook until small bubbles start to form on the surface (about 30-40 seconds), then flip it over.
6. Second Side & Puffing: Cook the other side for another 40 seconds until light brown spots appear. If making a paratha, apply ghee/oil on both sides and press gently with a spatula to crisp. If making roti, put directly on flame to puff up.
7. Serving: Remove from heat, brush lightly with butter or ghee, and store in an insulated container to keep soft. Serve hot.",,True,2026-08-08T05:39:03.821530+00:00,Bread
4b45061a-b65a-4d3d-80c5-45e85db09417,aloo-dosa,Aloo Dosa,Gujarati,Wheat/Rice,"2 cups Whole Wheat Flour (Atta) or Maida
Water as needed for kneading",Vegetarian,False,{},{All},"1. Dough Preparation: In a large mixing bowl, combine flour (wheat or maida), a pinch of salt, and 1 tbsp oil/ghee. Gradually add warm water and knead into a soft, smooth dough. Cover with a damp cloth and let it rest for 30 minutes.
2. Portioning: Divide the rested dough into equal-sized lemon balls. Roll them smooth between your palms.
3. Rolling: Dust a dough ball with dry flour and roll it out into an even circle using a rolling pin (approx 6-inch diameter).
4. Cooking Preparation: Heat a tawa (flat griddle) on medium-high heat. Once hot, place the rolled Aloo Dosa on the tawa.
5. First Flip: Cook until small bubbles start to form on the surface (about 30-40 seconds), then flip it over.
6. Second Side & Puffing: Cook the other side for another 40 seconds until light brown spots appear. If making a paratha, apply ghee/oil on both sides and press gently with a spatula to crisp. If making roti, put directly on flame to puff up.
7. Serving: Remove from heat, brush lightly with butter or ghee, and store in an insulated container to keep soft. Serve hot.",,True,2026-08-08T05:39:03.821543+00:00,Bread
833e43c2-22f7-4c6b-b359-75c4f87db191,paneer-dosa,Paneer Dosa,Punjabi,Wheat/Rice,"2 cups Whole Wheat Flour (Atta) or Maida
Water as needed for kneading",Vegetarian,True,{Dairy},{All},"1. Dough Preparation: In a large mixing bowl, combine flour (wheat or maida), a pinch of salt, and 1 tbsp oil/ghee. Gradually add warm water and knead into a soft, smooth dough. Cover with a damp cloth and let it rest for 30 minutes.
2. Portioning: Divide the rested dough into equal-sized lemon balls. Roll them smooth between your palms.
3. Rolling: Dust a dough ball with dry flour and roll it out into an even circle using a rolling pin (approx 6-inch diameter).
4. Cooking Preparation: Heat a tawa (flat griddle) on medium-high heat. Once hot, place the rolled Paneer Dosa on the tawa.
5. First Flip: Cook until small bubbles start to form on the surface (about 30-40 seconds), then flip it over.
6. Second Side & Puffing: Cook the other side for another 40 seconds until light brown spots appear. If making a paratha, apply ghee/oil on both sides and press gently with a spatula to crisp. If making roti, put directly on flame to puff up.
7. Serving: Remove from heat, brush lightly with butter or ghee, and store in an insulated container to keep soft. Serve hot.",,True,2026-08-08T05:39:03.821556+00:00,Bread
4d43bd8c-4455-49e5-b90f-68233105e8c1,gobi-dosa,Gobi Dosa,Kerala,Wheat/Rice,"2 cups Whole Wheat Flour (Atta) or Maida
Water as needed for kneading",Vegetarian,True,{},{All},"1. Dough Preparation: In a large mixing bowl, combine flour (wheat or maida), a pinch of salt, and 1 tbsp oil/ghee. Gradually add warm water and knead into a soft, smooth dough. Cover with a damp cloth and let it rest for 30 minutes.
2. Portioning: Divide the rested dough into equal-sized lemon balls. Roll them smooth between your palms.
3. Rolling: Dust a dough ball with dry flour and roll it out into an even circle using a rolling pin (approx 6-inch diameter).
4. Cooking Preparation: Heat a tawa (flat griddle) on medium-high heat. Once hot, place the rolled Gobi Dosa on the tawa.
5. First Flip: Cook until small bubbles start to form on the surface (about 30-40 seconds), then flip it over.
6. Second Side & Puffing: Cook the other side for another 40 seconds until light brown spots appear. If making a paratha, apply ghee/oil on both sides and press gently with a spatula to crisp. If making roti, put directly on flame to puff up.
7. Serving: Remove from heat, brush lightly with butter or ghee, and store in an insulated container to keep soft. Serve hot.",,True,2026-08-08T05:39:03.821570+00:00,Bread
5e03b6cd-8ead-4c6a-9a50-1f8d1f6ebc0f,methi-dosa,Methi Dosa,Goan,Wheat/Rice,"2 cups Whole Wheat Flour (Atta) or Maida
Water as needed for kneading",Vegetarian,False,{},{All},"1. Dough Preparation: In a large mixing bowl, combine flour (wheat or maida), a pinch of salt, and 1 tbsp oil/ghee. Gradually add warm water and knead into a soft, smooth dough. Cover with a damp cloth and let it rest for 30 minutes.
2. Portioning: Divide the rested dough into equal-sized lemon balls. Roll them smooth between your palms.
3. Rolling: Dust a dough ball with dry flour and roll it out into an even circle using a rolling pin (approx 6-inch diameter).
4. Cooking Preparation: Heat a tawa (flat griddle) on medium-high heat. Once hot, place the rolled Methi Dosa on the tawa.
5. First Flip: Cook until small bubbles start to form on the surface (about 30-40 seconds), then flip it over.
6. Second Side & Puffing: Cook the other side for another 40 seconds until light brown spots appear. If making a paratha, apply ghee/oil on both sides and press gently with a spatula to crisp. If making roti, put directly on flame to puff up.
7. Serving: Remove from heat, brush lightly with butter or ghee, and store in an insulated container to keep soft. Serve hot.",,True,2026-08-08T05:39:03.821583+00:00,Bread
8523a41c-7b54-4676-8081-720991112745,onion-dosa,Onion Dosa,South Indian,Wheat/Rice,"2 cups Whole Wheat Flour (Atta) or Maida
Water as needed for kneading",Vegetarian,False,{},{All},"1. Dough Preparation: In a large mixing bowl, combine flour (wheat or maida), a pinch of salt, and 1 tbsp oil/ghee. Gradually add warm water and knead into a soft, smooth dough. Cover with a damp cloth and let it rest for 30 minutes.
2. Portioning: Divide the rested dough into equal-sized lemon balls. Roll them smooth between your palms.
3. Rolling: Dust a dough ball with dry flour and roll it out into an even circle using a rolling pin (approx 6-inch diameter).
4. Cooking Preparation: Heat a tawa (flat griddle) on medium-high heat. Once hot, place the rolled Onion Dosa on the tawa.
5. First Flip: Cook until small bubbles start to form on the surface (about 30-40 seconds), then flip it over.
6. Second Side & Puffing: Cook the other side for another 40 seconds until light brown spots appear. If making a paratha, apply ghee/oil on both sides and press gently with a spatula to crisp. If making roti, put directly on flame to puff up.
7. Serving: Remove from heat, brush lightly with butter or ghee, and store in an insulated container to keep soft. Serve hot.",,True,2026-08-08T05:39:03.821596+00:00,Bread
bfa47d7d-442d-4146-a4e1-f767dbd43386,plain-idli,Plain Idli,Andhra,Wheat/Rice,"2 cups Whole Wheat Flour (Atta) or Maida
Water as needed for kneading",Vegan,False,{},{All},"1. Dough Preparation: In a large mixing bowl, combine flour (wheat or maida), a pinch of salt, and 1 tbsp oil/ghee. Gradually add warm water and knead into a soft, smooth dough. Cover with a damp cloth and let it rest for 30 minutes.
2. Portioning: Divide the rested dough into equal-sized lemon balls. Roll them smooth between your palms.
3. Rolling: Dust a dough ball with dry flour and roll it out into an even circle using a rolling pin (approx 6-inch diameter).
4. Cooking Preparation: Heat a tawa (flat griddle) on medium-high heat. Once hot, place the rolled Plain Idli on the tawa.
5. First Flip: Cook until small bubbles start to form on the surface (about 30-40 seconds), then flip it over.
6. Second Side & Puffing: Cook the other side for another 40 seconds until light brown spots appear. If making a paratha, apply ghee/oil on both sides and press gently with a spatula to crisp. If making roti, put directly on flame to puff up.
7. Serving: Remove from heat, brush lightly with butter or ghee, and store in an insulated container to keep soft. Serve hot.",,True,2026-08-08T05:39:03.821621+00:00,Bread
f82802ba-d8f5-4bc1-938f-6ca54b9cb376,aloo-idli,Aloo Idli,Gujarati,Wheat/Rice,"2 cups Whole Wheat Flour (Atta) or Maida
Water as needed for kneading",Vegetarian,False,{},{All},"1. Dough Preparation: In a large mixing bowl, combine flour (wheat or maida), a pinch of salt, and 1 tbsp oil/ghee. Gradually add warm water and knead into a soft, smooth dough. Cover with a damp cloth and let it rest for 30 minutes.
2. Portioning: Divide the rested dough into equal-sized lemon balls. Roll them smooth between your palms.
3. Rolling: Dust a dough ball with dry flour and roll it out into an even circle using a rolling pin (approx 6-inch diameter).
4. Cooking Preparation: Heat a tawa (flat griddle) on medium-high heat. Once hot, place the rolled Aloo Idli on the tawa.
5. First Flip: Cook until small bubbles start to form on the surface (about 30-40 seconds), then flip it over.
6. Second Side & Puffing: Cook the other side for another 40 seconds until light brown spots appear. If making a paratha, apply ghee/oil on both sides and press gently with a spatula to crisp. If making roti, put directly on flame to puff up.
7. Serving: Remove from heat, brush lightly with butter or ghee, and store in an insulated container to keep soft. Serve hot.",,True,2026-08-08T05:39:03.821646+00:00,Bread
91dc3738-d8dc-4495-8d83-d9f49802f6b1,paneer-idli,Paneer Idli,Kerala,Wheat/Rice,"2 cups Whole Wheat Flour (Atta) or Maida
Water as needed for kneading",Vegetarian,True,{Dairy},{All},"1. Dough Preparation: In a large mixing bowl, combine flour (wheat or maida), a pinch of salt, and 1 tbsp oil/ghee. Gradually add warm water and knead into a soft, smooth dough. Cover with a damp cloth and let it rest for 30 minutes.
2. Portioning: Divide the rested dough into equal-sized lemon balls. Roll them smooth between your palms.
3. Rolling: Dust a dough ball with dry flour and roll it out into an even circle using a rolling pin (approx 6-inch diameter).
4. Cooking Preparation: Heat a tawa (flat griddle) on medium-high heat. Once hot, place the rolled Paneer Idli on the tawa.
5. First Flip: Cook until small bubbles start to form on the surface (about 30-40 seconds), then flip it over.
6. Second Side & Puffing: Cook the other side for another 40 seconds until light brown spots appear. If making a paratha, apply ghee/oil on both sides and press gently with a spatula to crisp. If making roti, put directly on flame to puff up.
7. Serving: Remove from heat, brush lightly with butter or ghee, and store in an insulated container to keep soft. Serve hot.",,True,2026-08-08T05:39:03.821668+00:00,Bread
7451cf3f-6895-4eb3-83c9-87b45403f288,gobi-idli,Gobi Idli,Awadhi,Wheat/Rice,"2 cups Whole Wheat Flour (Atta) or Maida
Water as needed for kneading",Vegetarian,False,{},{All},"1. Dough Preparation: In a large mixing bowl, combine flour (wheat or maida), a pinch of salt, and 1 tbsp oil/ghee. Gradually add warm water and knead into a soft, smooth dough. Cover with a damp cloth and let it rest for 30 minutes.
2. Portioning: Divide the rested dough into equal-sized lemon balls. Roll them smooth between your palms.
3. Rolling: Dust a dough ball with dry flour and roll it out into an even circle using a rolling pin (approx 6-inch diameter).
4. Cooking Preparation: Heat a tawa (flat griddle) on medium-high heat. Once hot, place the rolled Gobi Idli on the tawa.
5. First Flip: Cook until small bubbles start to form on the surface (about 30-40 seconds), then flip it over.
6. Second Side & Puffing: Cook the other side for another 40 seconds until light brown spots appear. If making a paratha, apply ghee/oil on both sides and press gently with a spatula to crisp. If making roti, put directly on flame to puff up.
7. Serving: Remove from heat, brush lightly with butter or ghee, and store in an insulated container to keep soft. Serve hot.",,True,2026-08-08T05:39:03.821689+00:00,Bread
942a4ed7-8584-4ecc-afe2-082a3e93fe10,methi-idli,Methi Idli,Maharashtrian,Wheat/Rice,"2 cups Whole Wheat Flour (Atta) or Maida
Water as needed for kneading",Vegetarian,True,{},{All},"1. Dough Preparation: In a large mixing bowl, combine flour (wheat or maida), a pinch of salt, and 1 tbsp oil/ghee. Gradually add warm water and knead into a soft, smooth dough. Cover with a damp cloth and let it rest for 30 minutes.
2. Portioning: Divide the rested dough into equal-sized lemon balls. Roll them smooth between your palms.
3. Rolling: Dust a dough ball with dry flour and roll it out into an even circle using a rolling pin (approx 6-inch diameter).
4. Cooking Preparation: Heat a tawa (flat griddle) on medium-high heat. Once hot, place the rolled Methi Idli on the tawa.
5. First Flip: Cook until small bubbles start to form on the surface (about 30-40 seconds), then flip it over.
6. Second Side & Puffing: Cook the other side for another 40 seconds until light brown spots appear. If making a paratha, apply ghee/oil on both sides and press gently with a spatula to crisp. If making roti, put directly on flame to puff up.
7. Serving: Remove from heat, brush lightly with butter or ghee, and store in an insulated container to keep soft. Serve hot.",,True,2026-08-08T05:39:03.821712+00:00,Bread
4ef3f060-0462-4e66-8bef-4b7a0baf77df,onion-idli,Onion Idli,Hyderabadi,Wheat/Rice,"2 cups Whole Wheat Flour (Atta) or Maida
Water as needed for kneading",Vegetarian,False,{},{All},"1. Dough Preparation: In a large mixing bowl, combine flour (wheat or maida), a pinch of salt, and 1 tbsp oil/ghee. Gradually add warm water and knead into a soft, smooth dough. Cover with a damp cloth and let it rest for 30 minutes.
2. Portioning: Divide the rested dough into equal-sized lemon balls. Roll them smooth between your palms.
3. Rolling: Dust a dough ball with dry flour and roll it out into an even circle using a rolling pin (approx 6-inch diameter).
4. Cooking Preparation: Heat a tawa (flat griddle) on medium-high heat. Once hot, place the rolled Onion Idli on the tawa.
5. First Flip: Cook until small bubbles start to form on the surface (about 30-40 seconds), then flip it over.
6. Second Side & Puffing: Cook the other side for another 40 seconds until light brown spots appear. If making a paratha, apply ghee/oil on both sides and press gently with a spatula to crisp. If making roti, put directly on flame to puff up.
7. Serving: Remove from heat, brush lightly with butter or ghee, and store in an insulated container to keep soft. Serve hot.",,True,2026-08-08T05:39:03.821727+00:00,Bread
71468f43-7b69-4a5b-b6db-ea5b0edfa9e9,plain-appam,Plain Appam,Bengali,Wheat/Rice,"2 cups Whole Wheat Flour (Atta) or Maida
Water as needed for kneading",Vegan,True,{},{All},"1. Dough Preparation: In a large mixing bowl, combine flour (wheat or maida), a pinch of salt, and 1 tbsp oil/ghee. Gradually add warm water and knead into a soft, smooth dough. Cover with a damp cloth and let it rest for 30 minutes.
2. Portioning: Divide the rested dough into equal-sized lemon balls. Roll them smooth between your palms.
3. Rolling: Dust a dough ball with dry flour and roll it out into an even circle using a rolling pin (approx 6-inch diameter).
4. Cooking Preparation: Heat a tawa (flat griddle) on medium-high heat. Once hot, place the rolled Plain Appam on the tawa.
5. First Flip: Cook until small bubbles start to form on the surface (about 30-40 seconds), then flip it over.
6. Second Side & Puffing: Cook the other side for another 40 seconds until light brown spots appear. If making a paratha, apply ghee/oil on both sides and press gently with a spatula to crisp. If making roti, put directly on flame to puff up.
7. Serving: Remove from heat, brush lightly with butter or ghee, and store in an insulated container to keep soft. Serve hot.",,True,2026-08-08T05:39:03.821742+00:00,Bread
c1271dda-4cf0-4501-b7a4-ed5a5fc536d0,aloo-appam,Aloo Appam,Punjabi,Wheat/Rice,"2 cups Whole Wheat Flour (Atta) or Maida
Water as needed for kneading",Vegetarian,False,{},{All},"1. Dough Preparation: In a large mixing bowl, combine flour (wheat or maida), a pinch of salt, and 1 tbsp oil/ghee. Gradually add warm water and knead into a soft, smooth dough. Cover with a damp cloth and let it rest for 30 minutes.
2. Portioning: Divide the rested dough into equal-sized lemon balls. Roll them smooth between your palms.
3. Rolling: Dust a dough ball with dry flour and roll it out into an even circle using a rolling pin (approx 6-inch diameter).
4. Cooking Preparation: Heat a tawa (flat griddle) on medium-high heat. Once hot, place the rolled Aloo Appam on the tawa.
5. First Flip: Cook until small bubbles start to form on the surface (about 30-40 seconds), then flip it over.
6. Second Side & Puffing: Cook the other side for another 40 seconds until light brown spots appear. If making a paratha, apply ghee/oil on both sides and press gently with a spatula to crisp. If making roti, put directly on flame to puff up.
7. Serving: Remove from heat, brush lightly with butter or ghee, and store in an insulated container to keep soft. Serve hot.",,True,2026-08-08T05:39:03.821755+00:00,Bread
b6ecc2e5-50db-434a-88c9-9b4603f9e2e0,paneer-appam,Paneer Appam,Andhra,Wheat/Rice,"2 cups Whole Wheat Flour (Atta) or Maida
Water as needed for kneading",Vegetarian,False,{Dairy},{All},"1. Dough Preparation: In a large mixing bowl, combine flour (wheat or maida), a pinch of salt, and 1 tbsp oil/ghee. Gradually add warm water and knead into a soft, smooth dough. Cover with a damp cloth and let it rest for 30 minutes.
2. Portioning: Divide the rested dough into equal-sized lemon balls. Roll them smooth between your palms.
3. Rolling: Dust a dough ball with dry flour and roll it out into an even circle using a rolling pin (approx 6-inch diameter).
4. Cooking Preparation: Heat a tawa (flat griddle) on medium-high heat. Once hot, place the rolled Paneer Appam on the tawa.
5. First Flip: Cook until small bubbles start to form on the surface (about 30-40 seconds), then flip it over.
6. Second Side & Puffing: Cook the other side for another 40 seconds until light brown spots appear. If making a paratha, apply ghee/oil on both sides and press gently with a spatula to crisp. If making roti, put directly on flame to puff up.
7. Serving: Remove from heat, brush lightly with butter or ghee, and store in an insulated container to keep soft. Serve hot.",,True,2026-08-08T05:39:03.821781+00:00,Bread
be50325c-ed9e-4125-844a-a82fe7648fd3,gobi-appam,Gobi Appam,Andhra,Wheat/Rice,"2 cups Whole Wheat Flour (Atta) or Maida
Water as needed for kneading",Vegetarian,False,{},{All},"1. Dough Preparation: In a large mixing bowl, combine flour (wheat or maida), a pinch of salt, and 1 tbsp oil/ghee. Gradually add warm water and knead into a soft, smooth dough. Cover with a damp cloth and let it rest for 30 minutes.
2. Portioning: Divide the rested dough into equal-sized lemon balls. Roll them smooth between your palms.
3. Rolling: Dust a dough ball with dry flour and roll it out into an even circle using a rolling pin (approx 6-inch diameter).
4. Cooking Preparation: Heat a tawa (flat griddle) on medium-high heat. Once hot, place the rolled Gobi Appam on the tawa.
5. First Flip: Cook until small bubbles start to form on the surface (about 30-40 seconds), then flip it over.
6. Second Side & Puffing: Cook the other side for another 40 seconds until light brown spots appear. If making a paratha, apply ghee/oil on both sides and press gently with a spatula to crisp. If making roti, put directly on flame to puff up.
7. Serving: Remove from heat, brush lightly with butter or ghee, and store in an insulated container to keep soft. Serve hot.",,True,2026-08-08T05:39:03.821805+00:00,Bread
9eac896f-298f-489b-be55-a01283832100,methi-appam,Methi Appam,Awadhi,Wheat/Rice,"2 cups Whole Wheat Flour (Atta) or Maida
Water as needed for kneading",Vegetarian,False,{},{All},"1. Dough Preparation: In a large mixing bowl, combine flour (wheat or maida), a pinch of salt, and 1 tbsp oil/ghee. Gradually add warm water and knead into a soft, smooth dough. Cover with a damp cloth and let it rest for 30 minutes.
2. Portioning: Divide the rested dough into equal-sized lemon balls. Roll them smooth between your palms.
3. Rolling: Dust a dough ball with dry flour and roll it out into an even circle using a rolling pin (approx 6-inch diameter).
4. Cooking Preparation: Heat a tawa (flat griddle) on medium-high heat. Once hot, place the rolled Methi Appam on the tawa.
5. First Flip: Cook until small bubbles start to form on the surface (about 30-40 seconds), then flip it over.
6. Second Side & Puffing: Cook the other side for another 40 seconds until light brown spots appear. If making a paratha, apply ghee/oil on both sides and press gently with a spatula to crisp. If making roti, put directly on flame to puff up.
7. Serving: Remove from heat, brush lightly with butter or ghee, and store in an insulated container to keep soft. Serve hot.",,True,2026-08-08T05:39:03.821823+00:00,Bread
727a6ce9-8cf8-4883-8870-60ef081d8e89,onion-appam,Onion Appam,Awadhi,Wheat/Rice,"2 cups Whole Wheat Flour (Atta) or Maida
Water as needed for kneading",Vegetarian,False,{},{All},"1. Dough Preparation: In a large mixing bowl, combine flour (wheat or maida), a pinch of salt, and 1 tbsp oil/ghee. Gradually add warm water and knead into a soft, smooth dough. Cover with a damp cloth and let it rest for 30 minutes.
2. Portioning: Divide the rested dough into equal-sized lemon balls. Roll them smooth between your palms.
3. Rolling: Dust a dough ball with dry flour and roll it out into an even circle using a rolling pin (approx 6-inch diameter).
4. Cooking Preparation: Heat a tawa (flat griddle) on medium-high heat. Once hot, place the rolled Onion Appam on the tawa.
5. First Flip: Cook until small bubbles start to form on the surface (about 30-40 seconds), then flip it over.
6. Second Side & Puffing: Cook the other side for another 40 seconds until light brown spots appear. If making a paratha, apply ghee/oil on both sides and press gently with a spatula to crisp. If making roti, put directly on flame to puff up.
7. Serving: Remove from heat, brush lightly with butter or ghee, and store in an insulated container to keep soft. Serve hot.",,True,2026-08-08T05:39:03.821838+00:00,Bread
40edaccb-2bf0-45e4-af2a-23a04dc10b28,plain-thepla,Plain Thepla,South Indian,Wheat/Rice,"2 cups Whole Wheat Flour (Atta) or Maida
Water as needed for kneading",Vegan,True,{},{All},"1. Dough Preparation: In a large mixing bowl, combine flour (wheat or maida), a pinch of salt, and 1 tbsp oil/ghee. Gradually add warm water and knead into a soft, smooth dough. Cover with a damp cloth and let it rest for 30 minutes.
2. Portioning: Divide the rested dough into equal-sized lemon balls. Roll them smooth between your palms.
3. Rolling: Dust a dough ball with dry flour and roll it out into an even circle using a rolling pin (approx 6-inch diameter).
4. Cooking Preparation: Heat a tawa (flat griddle) on medium-high heat. Once hot, place the rolled Plain Thepla on the tawa.
5. First Flip: Cook until small bubbles start to form on the surface (about 30-40 seconds), then flip it over.
6. Second Side & Puffing: Cook the other side for another 40 seconds until light brown spots appear. If making a paratha, apply ghee/oil on both sides and press gently with a spatula to crisp. If making roti, put directly on flame to puff up.
7. Serving: Remove from heat, brush lightly with butter or ghee, and store in an insulated container to keep soft. Serve hot.",,True,2026-08-08T05:39:03.821862+00:00,Bread
7a2750cd-7706-429c-ba14-ebfeb67a4828,aloo-thepla,Aloo Thepla,Hyderabadi,Wheat/Rice,"2 cups Whole Wheat Flour (Atta) or Maida
Water as needed for kneading",Vegetarian,False,{},{All},"1. Dough Preparation: In a large mixing bowl, combine flour (wheat or maida), a pinch of salt, and 1 tbsp oil/ghee. Gradually add warm water and knead into a soft, smooth dough. Cover with a damp cloth and let it rest for 30 minutes.
2. Portioning: Divide the rested dough into equal-sized lemon balls. Roll them smooth between your palms.
3. Rolling: Dust a dough ball with dry flour and roll it out into an even circle using a rolling pin (approx 6-inch diameter).
4. Cooking Preparation: Heat a tawa (flat griddle) on medium-high heat. Once hot, place the rolled Aloo Thepla on the tawa.
5. First Flip: Cook until small bubbles start to form on the surface (about 30-40 seconds), then flip it over.
6. Second Side & Puffing: Cook the other side for another 40 seconds until light brown spots appear. If making a paratha, apply ghee/oil on both sides and press gently with a spatula to crisp. If making roti, put directly on flame to puff up.
7. Serving: Remove from heat, brush lightly with butter or ghee, and store in an insulated container to keep soft. Serve hot.",,True,2026-08-08T05:39:03.821883+00:00,Bread
846cbc6b-3758-4fb3-862a-80bf6f2dd32a,paneer-thepla,Paneer Thepla,Punjabi,Wheat/Rice,"2 cups Whole Wheat Flour (Atta) or Maida
Water as needed for kneading",Vegetarian,True,{Dairy},{All},"1. Dough Preparation: In a large mixing bowl, combine flour (wheat or maida), a pinch of salt, and 1 tbsp oil/ghee. Gradually add warm water and knead into a soft, smooth dough. Cover with a damp cloth and let it rest for 30 minutes.
2. Portioning: Divide the rested dough into equal-sized lemon balls. Roll them smooth between your palms.
3. Rolling: Dust a dough ball with dry flour and roll it out into an even circle using a rolling pin (approx 6-inch diameter).
4. Cooking Preparation: Heat a tawa (flat griddle) on medium-high heat. Once hot, place the rolled Paneer Thepla on the tawa.
5. First Flip: Cook until small bubbles start to form on the surface (about 30-40 seconds), then flip it over.
6. Second Side & Puffing: Cook the other side for another 40 seconds until light brown spots appear. If making a paratha, apply ghee/oil on both sides and press gently with a spatula to crisp. If making roti, put directly on flame to puff up.
7. Serving: Remove from heat, brush lightly with butter or ghee, and store in an insulated container to keep soft. Serve hot.",,True,2026-08-08T05:39:03.821900+00:00,Bread
92e4d263-8301-4850-94ea-c821500d3fa3,gobi-thepla,Gobi Thepla,Maharashtrian,Wheat/Rice,"2 cups Whole Wheat Flour (Atta) or Maida
Water as needed for kneading",Vegetarian,True,{},{All},"1. Dough Preparation: In a large mixing bowl, combine flour (wheat or maida), a pinch of salt, and 1 tbsp oil/ghee. Gradually add warm water and knead into a soft, smooth dough. Cover with a damp cloth and let it rest for 30 minutes.
2. Portioning: Divide the rested dough into equal-sized lemon balls. Roll them smooth between your palms.
3. Rolling: Dust a dough ball with dry flour and roll it out into an even circle using a rolling pin (approx 6-inch diameter).
4. Cooking Preparation: Heat a tawa (flat griddle) on medium-high heat. Once hot, place the rolled Gobi Thepla on the tawa.
5. First Flip: Cook until small bubbles start to form on the surface (about 30-40 seconds), then flip it over.
6. Second Side & Puffing: Cook the other side for another 40 seconds until light brown spots appear. If making a paratha, apply ghee/oil on both sides and press gently with a spatula to crisp. If making roti, put directly on flame to puff up.
7. Serving: Remove from heat, brush lightly with butter or ghee, and store in an insulated container to keep soft. Serve hot.",,True,2026-08-08T05:39:03.821915+00:00,Bread
20e02e3f-b97a-4201-9a2f-fab0e67621ea,methi-thepla,Methi Thepla,South Indian,Wheat/Rice,"2 cups Whole Wheat Flour (Atta) or Maida
Water as needed for kneading",Vegetarian,False,{},{All},"1. Dough Preparation: In a large mixing bowl, combine flour (wheat or maida), a pinch of salt, and 1 tbsp oil/ghee. Gradually add warm water and knead into a soft, smooth dough. Cover with a damp cloth and let it rest for 30 minutes.
2. Portioning: Divide the rested dough into equal-sized lemon balls. Roll them smooth between your palms.
3. Rolling: Dust a dough ball with dry flour and roll it out into an even circle using a rolling pin (approx 6-inch diameter).
4. Cooking Preparation: Heat a tawa (flat griddle) on medium-high heat. Once hot, place the rolled Methi Thepla on the tawa.
5. First Flip: Cook until small bubbles start to form on the surface (about 30-40 seconds), then flip it over.
6. Second Side & Puffing: Cook the other side for another 40 seconds until light brown spots appear. If making a paratha, apply ghee/oil on both sides and press gently with a spatula to crisp. If making roti, put directly on flame to puff up.
7. Serving: Remove from heat, brush lightly with butter or ghee, and store in an insulated container to keep soft. Serve hot.",,True,2026-08-08T05:39:03.821930+00:00,Bread
d7036273-f02f-4e24-a796-5bfef8161b7d,onion-thepla,Onion Thepla,Andhra,Wheat/Rice,"2 cups Whole Wheat Flour (Atta) or Maida
Water as needed for kneading",Vegetarian,False,{},{All},"1. Dough Preparation: In a large mixing bowl, combine flour (wheat or maida), a pinch of salt, and 1 tbsp oil/ghee. Gradually add warm water and knead into a soft, smooth dough. Cover with a damp cloth and let it rest for 30 minutes.
2. Portioning: Divide the rested dough into equal-sized lemon balls. Roll them smooth between your palms.
3. Rolling: Dust a dough ball with dry flour and roll it out into an even circle using a rolling pin (approx 6-inch diameter).
4. Cooking Preparation: Heat a tawa (flat griddle) on medium-high heat. Once hot, place the rolled Onion Thepla on the tawa.
5. First Flip: Cook until small bubbles start to form on the surface (about 30-40 seconds), then flip it over.
6. Second Side & Puffing: Cook the other side for another 40 seconds until light brown spots appear. If making a paratha, apply ghee/oil on both sides and press gently with a spatula to crisp. If making roti, put directly on flame to puff up.
7. Serving: Remove from heat, brush lightly with butter or ghee, and store in an insulated container to keep soft. Serve hot.",,True,2026-08-08T05:39:03.821943+00:00,Bread
15659df4-b4ad-4d33-80f5-98196b4594ad,plain-bhakri,Plain Bhakri,North Indian,Wheat/Rice,"2 cups Whole Wheat Flour (Atta) or Maida
Water as needed for kneading",Vegan,False,{},{All},"1. Dough Preparation: In a large mixing bowl, combine flour (wheat or maida), a pinch of salt, and 1 tbsp oil/ghee. Gradually add warm water and knead into a soft, smooth dough. Cover with a damp cloth and let it rest for 30 minutes.
2. Portioning: Divide the rested dough into equal-sized lemon balls. Roll them smooth between your palms.
3. Rolling: Dust a dough ball with dry flour and roll it out into an even circle using a rolling pin (approx 6-inch diameter).
4. Cooking Preparation: Heat a tawa (flat griddle) on medium-high heat. Once hot, place the rolled Plain Bhakri on the tawa.
5. First Flip: Cook until small bubbles start to form on the surface (about 30-40 seconds), then flip it over.
6. Second Side & Puffing: Cook the other side for another 40 seconds until light brown spots appear. If making a paratha, apply ghee/oil on both sides and press gently with a spatula to crisp. If making roti, put directly on flame to puff up.
7. Serving: Remove from heat, brush lightly with butter or ghee, and store in an insulated container to keep soft. Serve hot.",,True,2026-08-08T05:39:03.821959+00:00,Bread
ab1d16ab-8381-4a80-b6a7-00c5c557563a,aloo-bhakri,Aloo Bhakri,Maharashtrian,Wheat/Rice,"2 cups Whole Wheat Flour (Atta) or Maida
Water as needed for kneading",Vegetarian,False,{},{All},"1. Dough Preparation: In a large mixing bowl, combine flour (wheat or maida), a pinch of salt, and 1 tbsp oil/ghee. Gradually add warm water and knead into a soft, smooth dough. Cover with a damp cloth and let it rest for 30 minutes.
2. Portioning: Divide the rested dough into equal-sized lemon balls. Roll them smooth between your palms.
3. Rolling: Dust a dough ball with dry flour and roll it out into an even circle using a rolling pin (approx 6-inch diameter).
4. Cooking Preparation: Heat a tawa (flat griddle) on medium-high heat. Once hot, place the rolled Aloo Bhakri on the tawa.
5. First Flip: Cook until small bubbles start to form on the surface (about 30-40 seconds), then flip it over.
6. Second Side & Puffing: Cook the other side for another 40 seconds until light brown spots appear. If making a paratha, apply ghee/oil on both sides and press gently with a spatula to crisp. If making roti, put directly on flame to puff up.
7. Serving: Remove from heat, brush lightly with butter or ghee, and store in an insulated container to keep soft. Serve hot.",,True,2026-08-08T05:39:03.821972+00:00,Bread
551f1ef2-15e0-4fa2-a078-808b438ae33c,paneer-bhakri,Paneer Bhakri,Andhra,Wheat/Rice,"2 cups Whole Wheat Flour (Atta) or Maida
Water as needed for kneading",Vegetarian,True,{Dairy},{All},"1. Dough Preparation: In a large mixing bowl, combine flour (wheat or maida), a pinch of salt, and 1 tbsp oil/ghee. Gradually add warm water and knead into a soft, smooth dough. Cover with a damp cloth and let it rest for 30 minutes.
2. Portioning: Divide the rested dough into equal-sized lemon balls. Roll them smooth between your palms.
3. Rolling: Dust a dough ball with dry flour and roll it out into an even circle using a rolling pin (approx 6-inch diameter).
4. Cooking Preparation: Heat a tawa (flat griddle) on medium-high heat. Once hot, place the rolled Paneer Bhakri on the tawa.
5. First Flip: Cook until small bubbles start to form on the surface (about 30-40 seconds), then flip it over.
6. Second Side & Puffing: Cook the other side for another 40 seconds until light brown spots appear. If making a paratha, apply ghee/oil on both sides and press gently with a spatula to crisp. If making roti, put directly on flame to puff up.
7. Serving: Remove from heat, brush lightly with butter or ghee, and store in an insulated container to keep soft. Serve hot.",,True,2026-08-08T05:39:03.821986+00:00,Bread
85027a55-fd10-49c7-a237-4aa39997b1f8,gobi-bhakri,Gobi Bhakri,Goan,Wheat/Rice,"2 cups Whole Wheat Flour (Atta) or Maida
Water as needed for kneading",Vegetarian,False,{},{All},"1. Dough Preparation: In a large mixing bowl, combine flour (wheat or maida), a pinch of salt, and 1 tbsp oil/ghee. Gradually add warm water and knead into a soft, smooth dough. Cover with a damp cloth and let it rest for 30 minutes.
2. Portioning: Divide the rested dough into equal-sized lemon balls. Roll them smooth between your palms.
3. Rolling: Dust a dough ball with dry flour and roll it out into an even circle using a rolling pin (approx 6-inch diameter).
4. Cooking Preparation: Heat a tawa (flat griddle) on medium-high heat. Once hot, place the rolled Gobi Bhakri on the tawa.
5. First Flip: Cook until small bubbles start to form on the surface (about 30-40 seconds), then flip it over.
6. Second Side & Puffing: Cook the other side for another 40 seconds until light brown spots appear. If making a paratha, apply ghee/oil on both sides and press gently with a spatula to crisp. If making roti, put directly on flame to puff up.
7. Serving: Remove from heat, brush lightly with butter or ghee, and store in an insulated container to keep soft. Serve hot.",,True,2026-08-08T05:39:03.822000+00:00,Bread
ec576c11-24f4-4c41-9693-c024a94c702c,methi-bhakri,Methi Bhakri,Rajasthani,Wheat/Rice,"2 cups Whole Wheat Flour (Atta) or Maida
Water as needed for kneading",Vegetarian,False,{},{All},"1. Dough Preparation: In a large mixing bowl, combine flour (wheat or maida), a pinch of salt, and 1 tbsp oil/ghee. Gradually add warm water and knead into a soft, smooth dough. Cover with a damp cloth and let it rest for 30 minutes.
2. Portioning: Divide the rested dough into equal-sized lemon balls. Roll them smooth between your palms.
3. Rolling: Dust a dough ball with dry flour and roll it out into an even circle using a rolling pin (approx 6-inch diameter).
4. Cooking Preparation: Heat a tawa (flat griddle) on medium-high heat. Once hot, place the rolled Methi Bhakri on the tawa.
5. First Flip: Cook until small bubbles start to form on the surface (about 30-40 seconds), then flip it over.
6. Second Side & Puffing: Cook the other side for another 40 seconds until light brown spots appear. If making a paratha, apply ghee/oil on both sides and press gently with a spatula to crisp. If making roti, put directly on flame to puff up.
7. Serving: Remove from heat, brush lightly with butter or ghee, and store in an insulated container to keep soft. Serve hot.",,True,2026-08-08T05:39:03.822013+00:00,Bread
80f13da1-561e-44a8-8c58-c45ad9f0d687,onion-bhakri,Onion Bhakri,Rajasthani,Wheat/Rice,"2 cups Whole Wheat Flour (Atta) or Maida
Water as needed for kneading",Vegetarian,False,{},{All},"1. Dough Preparation: In a large mixing bowl, combine flour (wheat or maida), a pinch of salt, and 1 tbsp oil/ghee. Gradually add warm water and knead into a soft, smooth dough. Cover with a damp cloth and let it rest for 30 minutes.
2. Portioning: Divide the rested dough into equal-sized lemon balls. Roll them smooth between your palms.
3. Rolling: Dust a dough ball with dry flour and roll it out into an even circle using a rolling pin (approx 6-inch diameter).
4. Cooking Preparation: Heat a tawa (flat griddle) on medium-high heat. Once hot, place the rolled Onion Bhakri on the tawa.
5. First Flip: Cook until small bubbles start to form on the surface (about 30-40 seconds), then flip it over.
6. Second Side & Puffing: Cook the other side for another 40 seconds until light brown spots appear. If making a paratha, apply ghee/oil on both sides and press gently with a spatula to crisp. If making roti, put directly on flame to puff up.
7. Serving: Remove from heat, brush lightly with butter or ghee, and store in an insulated container to keep soft. Serve hot.",,True,2026-08-08T05:39:03.822038+00:00,Bread
f4d4d947-76ea-4b36-ac31-4fde014dcb1e,plain-chapati,Plain Chapati,Awadhi,Wheat/Rice,"2 cups Whole Wheat Flour (Atta) or Maida
Water as needed for kneading",Vegan,False,{},{All},"1. Dough Preparation: In a large mixing bowl, combine flour (wheat or maida), a pinch of salt, and 1 tbsp oil/ghee. Gradually add warm water and knead into a soft, smooth dough. Cover with a damp cloth and let it rest for 30 minutes.
2. Portioning: Divide the rested dough into equal-sized lemon balls. Roll them smooth between your palms.
3. Rolling: Dust a dough ball with dry flour and roll it out into an even circle using a rolling pin (approx 6-inch diameter).
4. Cooking Preparation: Heat a tawa (flat griddle) on medium-high heat. Once hot, place the rolled Plain Chapati on the tawa.
5. First Flip: Cook until small bubbles start to form on the surface (about 30-40 seconds), then flip it over.
6. Second Side & Puffing: Cook the other side for another 40 seconds until light brown spots appear. If making a paratha, apply ghee/oil on both sides and press gently with a spatula to crisp. If making roti, put directly on flame to puff up.
7. Serving: Remove from heat, brush lightly with butter or ghee, and store in an insulated container to keep soft. Serve hot.",,True,2026-08-08T05:39:03.822065+00:00,Bread
881a34e8-9a3e-47bd-a348-99c90918638e,aloo-chapati,Aloo Chapati,Gujarati,Wheat/Rice,"2 cups Whole Wheat Flour (Atta) or Maida
Water as needed for kneading",Vegetarian,False,{},{All},"1. Dough Preparation: In a large mixing bowl, combine flour (wheat or maida), a pinch of salt, and 1 tbsp oil/ghee. Gradually add warm water and knead into a soft, smooth dough. Cover with a damp cloth and let it rest for 30 minutes.
2. Portioning: Divide the rested dough into equal-sized lemon balls. Roll them smooth between your palms.
3. Rolling: Dust a dough ball with dry flour and roll it out into an even circle using a rolling pin (approx 6-inch diameter).
4. Cooking Preparation: Heat a tawa (flat griddle) on medium-high heat. Once hot, place the rolled Aloo Chapati on the tawa.
5. First Flip: Cook until small bubbles start to form on the surface (about 30-40 seconds), then flip it over.
6. Second Side & Puffing: Cook the other side for another 40 seconds until light brown spots appear. If making a paratha, apply ghee/oil on both sides and press gently with a spatula to crisp. If making roti, put directly on flame to puff up.
7. Serving: Remove from heat, brush lightly with butter or ghee, and store in an insulated container to keep soft. Serve hot.",,True,2026-08-08T05:39:03.822083+00:00,Bread
36c5476f-aac6-4aa3-868f-e0eb60207653,paneer-chapati,Paneer Chapati,South Indian,Wheat/Rice,"2 cups Whole Wheat Flour (Atta) or Maida
Water as needed for kneading",Vegetarian,False,{Dairy},{All},"1. Dough Preparation: In a large mixing bowl, combine flour (wheat or maida), a pinch of salt, and 1 tbsp oil/ghee. Gradually add warm water and knead into a soft, smooth dough. Cover with a damp cloth and let it rest for 30 minutes.
2. Portioning: Divide the rested dough into equal-sized lemon balls. Roll them smooth between your palms.
3. Rolling: Dust a dough ball with dry flour and roll it out into an even circle using a rolling pin (approx 6-inch diameter).
4. Cooking Preparation: Heat a tawa (flat griddle) on medium-high heat. Once hot, place the rolled Paneer Chapati on the tawa.
5. First Flip: Cook until small bubbles start to form on the surface (about 30-40 seconds), then flip it over.
6. Second Side & Puffing: Cook the other side for another 40 seconds until light brown spots appear. If making a paratha, apply ghee/oil on both sides and press gently with a spatula to crisp. If making roti, put directly on flame to puff up.
7. Serving: Remove from heat, brush lightly with butter or ghee, and store in an insulated container to keep soft. Serve hot.",,True,2026-08-08T05:39:03.822100+00:00,Bread
e269270d-ec0c-4292-88f2-1571d76ba2d2,gobi-chapati,Gobi Chapati,Andhra,Wheat/Rice,"2 cups Whole Wheat Flour (Atta) or Maida
Water as needed for kneading",Vegetarian,True,{},{All},"1. Dough Preparation: In a large mixing bowl, combine flour (wheat or maida), a pinch of salt, and 1 tbsp oil/ghee. Gradually add warm water and knead into a soft, smooth dough. Cover with a damp cloth and let it rest for 30 minutes.
2. Portioning: Divide the rested dough into equal-sized lemon balls. Roll them smooth between your palms.
3. Rolling: Dust a dough ball with dry flour and roll it out into an even circle using a rolling pin (approx 6-inch diameter).
4. Cooking Preparation: Heat a tawa (flat griddle) on medium-high heat. Once hot, place the rolled Gobi Chapati on the tawa.
5. First Flip: Cook until small bubbles start to form on the surface (about 30-40 seconds), then flip it over.
6. Second Side & Puffing: Cook the other side for another 40 seconds until light brown spots appear. If making a paratha, apply ghee/oil on both sides and press gently with a spatula to crisp. If making roti, put directly on flame to puff up.
7. Serving: Remove from heat, brush lightly with butter or ghee, and store in an insulated container to keep soft. Serve hot.",,True,2026-08-08T05:39:03.822132+00:00,Bread
7757edf2-aa71-4be9-a53b-be9d1c87e52a,methi-chapati,Methi Chapati,Awadhi,Wheat/Rice,"2 cups Whole Wheat Flour (Atta) or Maida
Water as needed for kneading",Vegetarian,False,{},{All},"1. Dough Preparation: In a large mixing bowl, combine flour (wheat or maida), a pinch of salt, and 1 tbsp oil/ghee. Gradually add warm water and knead into a soft, smooth dough. Cover with a damp cloth and let it rest for 30 minutes.
2. Portioning: Divide the rested dough into equal-sized lemon balls. Roll them smooth between your palms.
3. Rolling: Dust a dough ball with dry flour and roll it out into an even circle using a rolling pin (approx 6-inch diameter).
4. Cooking Preparation: Heat a tawa (flat griddle) on medium-high heat. Once hot, place the rolled Methi Chapati on the tawa.
5. First Flip: Cook until small bubbles start to form on the surface (about 30-40 seconds), then flip it over.
6. Second Side & Puffing: Cook the other side for another 40 seconds until light brown spots appear. If making a paratha, apply ghee/oil on both sides and press gently with a spatula to crisp. If making roti, put directly on flame to puff up.
7. Serving: Remove from heat, brush lightly with butter or ghee, and store in an insulated container to keep soft. Serve hot.",,True,2026-08-08T05:39:03.822156+00:00,Bread
8d76fdc7-a8c7-43e9-8925-e125af0c2fd5,onion-chapati,Onion Chapati,Goan,Wheat/Rice,"2 cups Whole Wheat Flour (Atta) or Maida
Water as needed for kneading",Vegetarian,False,{},{All},"1. Dough Preparation: In a large mixing bowl, combine flour (wheat or maida), a pinch of salt, and 1 tbsp oil/ghee. Gradually add warm water and knead into a soft, smooth dough. Cover with a damp cloth and let it rest for 30 minutes.
2. Portioning: Divide the rested dough into equal-sized lemon balls. Roll them smooth between your palms.
3. Rolling: Dust a dough ball with dry flour and roll it out into an even circle using a rolling pin (approx 6-inch diameter).
4. Cooking Preparation: Heat a tawa (flat griddle) on medium-high heat. Once hot, place the rolled Onion Chapati on the tawa.
5. First Flip: Cook until small bubbles start to form on the surface (about 30-40 seconds), then flip it over.
6. Second Side & Puffing: Cook the other side for another 40 seconds until light brown spots appear. If making a paratha, apply ghee/oil on both sides and press gently with a spatula to crisp. If making roti, put directly on flame to puff up.
7. Serving: Remove from heat, brush lightly with butter or ghee, and store in an insulated container to keep soft. Serve hot.",,True,2026-08-08T05:39:03.822170+00:00,Bread
38f9708c-4187-417a-8e0f-24188b37fa9e,plain-biryani,Plain Biryani,Gujarati,Rice,"2 cups Basmati Rice
2-3 Green Chilies, slit
1 tsp Cumin Seeds
1/2 tsp Turmeric Powder
1 tsp Red Chili Powder
1 tsp Garam Masala
2 tbsp Oil or Ghee
Salt to taste
2 tbsp Fresh Coriander Leaves, chopped",Vegan,True,{},{All},"1. Rice Soaking: Wash basmati rice 3-4 times until the water runs clear. Soak the rice in fresh water for 30 minutes, then drain completely.
2. Whole Spices (Temper): Heat 2 tbsp ghee or oil in a heavy-bottomed pot or pressure cooker. Add whole spices (bay leaf, cloves, green cardamom, cinnamon stick, cumin seeds) and let them crackle for a few seconds.
3. Aromatics: Add thinly sliced onions and sauté until they turn golden brown and caramelized. Add 1 tbsp of freshly pounded ginger-garlic paste and sauté until the raw smell disappears.
4. Base Addition: Add Rice, chopped tomatoes, green chilies, mint, and coriander leaves. Mix in dry spices (turmeric, red chili, biryani/pulao masala) and yogurt. Cook for 5-7 minutes until the oil starts separating.
5. Combining Rice: Gently fold in the soaked and drained rice. Stir delicately for 2 minutes so the grains are coated with the spiced ghee without breaking.
6. Liquid & Seasoning: Pour in hot water (standard ratio is 1.5 cups water for 1 cup rice). Season generously with salt. Bring the mixture to a rolling boil.
7. Dum (Steaming): Cover the pot tightly with a lid (seal with dough if possible). Lower the heat to the absolute minimum and cook for 15-20 minutes.
8. Resting & Serving: Turn off the heat and let it rest undisturbed for 10 minutes. Fluff gently with a fork, garnish with fried onions (birista) and fresh coriander, and serve hot with raita.",,True,2026-08-08T05:39:03.822196+00:00,Main Course
80e50876-d76e-41dc-83a3-4d9bf1edd601,veg-biryani,Veg Biryani,South Indian,Rice,"2 cups Basmati Rice
2-3 Green Chilies, slit
1 tsp Cumin Seeds
1/2 tsp Turmeric Powder
1 tsp Red Chili Powder
1 tsp Garam Masala
2 tbsp Oil or Ghee
Salt to taste
2 tbsp Fresh Coriander Leaves, chopped",Vegetarian,True,{},{All},"1. Rice Soaking: Wash basmati rice 3-4 times until the water runs clear. Soak the rice in fresh water for 30 minutes, then drain completely.
2. Whole Spices (Temper): Heat 2 tbsp ghee or oil in a heavy-bottomed pot or pressure cooker. Add whole spices (bay leaf, cloves, green cardamom, cinnamon stick, cumin seeds) and let them crackle for a few seconds.
3. Aromatics: Add thinly sliced onions and sauté until they turn golden brown and caramelized. Add 1 tbsp of freshly pounded ginger-garlic paste and sauté until the raw smell disappears.
4. Base Addition: Add Rice, chopped tomatoes, green chilies, mint, and coriander leaves. Mix in dry spices (turmeric, red chili, biryani/pulao masala) and yogurt. Cook for 5-7 minutes until the oil starts separating.
5. Combining Rice: Gently fold in the soaked and drained rice. Stir delicately for 2 minutes so the grains are coated with the spiced ghee without breaking.
6. Liquid & Seasoning: Pour in hot water (standard ratio is 1.5 cups water for 1 cup rice). Season generously with salt. Bring the mixture to a rolling boil.
7. Dum (Steaming): Cover the pot tightly with a lid (seal with dough if possible). Lower the heat to the absolute minimum and cook for 15-20 minutes.
8. Resting & Serving: Turn off the heat and let it rest undisturbed for 10 minutes. Fluff gently with a fork, garnish with fried onions (birista) and fresh coriander, and serve hot with raita.",,True,2026-08-08T05:39:03.822220+00:00,Main Course
b51c2b82-21e4-4276-8435-57c9c85b4b76,paneer-biryani,Paneer Biryani,Awadhi,Rice,"2 cups Basmati Rice
2-3 Green Chilies, slit
1 tsp Cumin Seeds
1/2 tsp Turmeric Powder
1 tsp Red Chili Powder
1 tsp Garam Masala
2 tbsp Oil or Ghee
Salt to taste
2 tbsp Fresh Coriander Leaves, chopped",Vegetarian,True,{Dairy},{All},"1. Rice Soaking: Wash basmati rice 3-4 times until the water runs clear. Soak the rice in fresh water for 30 minutes, then drain completely.
2. Whole Spices (Temper): Heat 2 tbsp ghee or oil in a heavy-bottomed pot or pressure cooker. Add whole spices (bay leaf, cloves, green cardamom, cinnamon stick, cumin seeds) and let them crackle for a few seconds.
3. Aromatics: Add thinly sliced onions and sauté until they turn golden brown and caramelized. Add 1 tbsp of freshly pounded ginger-garlic paste and sauté until the raw smell disappears.
4. Base Addition: Add Rice, chopped tomatoes, green chilies, mint, and coriander leaves. Mix in dry spices (turmeric, red chili, biryani/pulao masala) and yogurt. Cook for 5-7 minutes until the oil starts separating.
5. Combining Rice: Gently fold in the soaked and drained rice. Stir delicately for 2 minutes so the grains are coated with the spiced ghee without breaking.
6. Liquid & Seasoning: Pour in hot water (standard ratio is 1.5 cups water for 1 cup rice). Season generously with salt. Bring the mixture to a rolling boil.
7. Dum (Steaming): Cover the pot tightly with a lid (seal with dough if possible). Lower the heat to the absolute minimum and cook for 15-20 minutes.
8. Resting & Serving: Turn off the heat and let it rest undisturbed for 10 minutes. Fluff gently with a fork, garnish with fried onions (birista) and fresh coriander, and serve hot with raita.",,True,2026-08-08T05:39:03.822245+00:00,Main Course
2da565a9-9591-4c9a-b4af-5114a7b0df83,mushroom-biryani,Mushroom Biryani,Hyderabadi,Rice,"2 cups Basmati Rice
2 medium Onions, finely chopped
1 tbsp Ginger-Garlic Paste
2 medium Tomatoes, pureed or chopped
2-3 Green Chilies, slit
1 tsp Cumin Seeds
1/2 tsp Turmeric Powder
1 tsp Red Chili Powder
1 tsp Garam Masala
2 tbsp Oil or Ghee
Salt to taste
2 tbsp Fresh Coriander Leaves, chopped",Vegetarian,False,{},{All},"1. Rice Soaking: Wash basmati rice 3-4 times until the water runs clear. Soak the rice in fresh water for 30 minutes, then drain completely.
2. Whole Spices (Temper): Heat 2 tbsp ghee or oil in a heavy-bottomed pot or pressure cooker. Add whole spices (bay leaf, cloves, green cardamom, cinnamon stick, cumin seeds) and let them crackle for a few seconds.
3. Aromatics: Add thinly sliced onions and sauté until they turn golden brown and caramelized. Add 1 tbsp of freshly pounded ginger-garlic paste and sauté until the raw smell disappears.
4. Base Addition: Add Rice, chopped tomatoes, green chilies, mint, and coriander leaves. Mix in dry spices (turmeric, red chili, biryani/pulao masala) and yogurt. Cook for 5-7 minutes until the oil starts separating.
5. Combining Rice: Gently fold in the soaked and drained rice. Stir delicately for 2 minutes so the grains are coated with the spiced ghee without breaking.
6. Liquid & Seasoning: Pour in hot water (standard ratio is 1.5 cups water for 1 cup rice). Season generously with salt. Bring the mixture to a rolling boil.
7. Dum (Steaming): Cover the pot tightly with a lid (seal with dough if possible). Lower the heat to the absolute minimum and cook for 15-20 minutes.
8. Resting & Serving: Turn off the heat and let it rest undisturbed for 10 minutes. Fluff gently with a fork, garnish with fried onions (birista) and fresh coriander, and serve hot with raita.",,True,2026-08-08T05:39:03.822267+00:00,Main Course
d4928bc7-910a-43b0-a53e-a259fc4e0bed,peas-biryani,Peas Biryani,Maharashtrian,Rice,"2 cups Basmati Rice
2 medium Onions, finely chopped
1 tbsp Ginger-Garlic Paste
2 medium Tomatoes, pureed or chopped
2-3 Green Chilies, slit
1 tsp Cumin Seeds
1/2 tsp Turmeric Powder
1 tsp Red Chili Powder
1 tsp Garam Masala
2 tbsp Oil or Ghee
Salt to taste
2 tbsp Fresh Coriander Leaves, chopped",Vegetarian,False,{},{All},"1. Rice Soaking: Wash basmati rice 3-4 times until the water runs clear. Soak the rice in fresh water for 30 minutes, then drain completely.
2. Whole Spices (Temper): Heat 2 tbsp ghee or oil in a heavy-bottomed pot or pressure cooker. Add whole spices (bay leaf, cloves, green cardamom, cinnamon stick, cumin seeds) and let them crackle for a few seconds.
3. Aromatics: Add thinly sliced onions and sauté until they turn golden brown and caramelized. Add 1 tbsp of freshly pounded ginger-garlic paste and sauté until the raw smell disappears.
4. Base Addition: Add Rice, chopped tomatoes, green chilies, mint, and coriander leaves. Mix in dry spices (turmeric, red chili, biryani/pulao masala) and yogurt. Cook for 5-7 minutes until the oil starts separating.
5. Combining Rice: Gently fold in the soaked and drained rice. Stir delicately for 2 minutes so the grains are coated with the spiced ghee without breaking.
6. Liquid & Seasoning: Pour in hot water (standard ratio is 1.5 cups water for 1 cup rice). Season generously with salt. Bring the mixture to a rolling boil.
7. Dum (Steaming): Cover the pot tightly with a lid (seal with dough if possible). Lower the heat to the absolute minimum and cook for 15-20 minutes.
8. Resting & Serving: Turn off the heat and let it rest undisturbed for 10 minutes. Fluff gently with a fork, garnish with fried onions (birista) and fresh coriander, and serve hot with raita.",,True,2026-08-08T05:39:03.822284+00:00,Main Course
3031ee95-d3b4-4a8b-afe2-ea2beb3a1cde,chicken-biryani,Chicken Biryani,Goan,Rice,"2 cups Basmati Rice
2 medium Onions, finely chopped
1 tbsp Ginger-Garlic Paste
2 medium Tomatoes, pureed or chopped
2-3 Green Chilies, slit
1 tsp Cumin Seeds
1/2 tsp Turmeric Powder
1 tsp Red Chili Powder
1 tsp Garam Masala
2 tbsp Oil or Ghee
Salt to taste
2 tbsp Fresh Coriander Leaves, chopped",Non-Vegetarian,False,{},{All},"1. Rice Soaking: Wash basmati rice 3-4 times until the water runs clear. Soak the rice in fresh water for 30 minutes, then drain completely.
2. Whole Spices (Temper): Heat 2 tbsp ghee or oil in a heavy-bottomed pot or pressure cooker. Add whole spices (bay leaf, cloves, green cardamom, cinnamon stick, cumin seeds) and let them crackle for a few seconds.
3. Aromatics: Add thinly sliced onions and sauté until they turn golden brown and caramelized. Add 1 tbsp of freshly pounded ginger-garlic paste and sauté until the raw smell disappears.
4. Base Addition: Add Rice, chopped tomatoes, green chilies, mint, and coriander leaves. Mix in dry spices (turmeric, red chili, biryani/pulao masala) and yogurt. Cook for 5-7 minutes until the oil starts separating.
5. Combining Rice: Gently fold in the soaked and drained rice. Stir delicately for 2 minutes so the grains are coated with the spiced ghee without breaking.
6. Liquid & Seasoning: Pour in hot water (standard ratio is 1.5 cups water for 1 cup rice). Season generously with salt. Bring the mixture to a rolling boil.
7. Dum (Steaming): Cover the pot tightly with a lid (seal with dough if possible). Lower the heat to the absolute minimum and cook for 15-20 minutes.
8. Resting & Serving: Turn off the heat and let it rest undisturbed for 10 minutes. Fluff gently with a fork, garnish with fried onions (birista) and fresh coriander, and serve hot with raita.",,True,2026-08-08T05:39:03.822298+00:00,Main Course
8663c2c2-6881-4c71-83ac-9fb2f22999ba,mutton-biryani,Mutton Biryani,Andhra,Rice,"2 cups Basmati Rice
2 medium Onions, finely chopped
1 tbsp Ginger-Garlic Paste
2 medium Tomatoes, pureed or chopped
2-3 Green Chilies, slit
1 tsp Cumin Seeds
1/2 tsp Turmeric Powder
1 tsp Red Chili Powder
1 tsp Garam Masala
2 tbsp Oil or Ghee
Salt to taste
2 tbsp Fresh Coriander Leaves, chopped",Non-Vegetarian,False,{},{All},"1. Rice Soaking: Wash basmati rice 3-4 times until the water runs clear. Soak the rice in fresh water for 30 minutes, then drain completely.
2. Whole Spices (Temper): Heat 2 tbsp ghee or oil in a heavy-bottomed pot or pressure cooker. Add whole spices (bay leaf, cloves, green cardamom, cinnamon stick, cumin seeds) and let them crackle for a few seconds.
3. Aromatics: Add thinly sliced onions and sauté until they turn golden brown and caramelized. Add 1 tbsp of freshly pounded ginger-garlic paste and sauté until the raw smell disappears.
4. Base Addition: Add Rice, chopped tomatoes, green chilies, mint, and coriander leaves. Mix in dry spices (turmeric, red chili, biryani/pulao masala) and yogurt. Cook for 5-7 minutes until the oil starts separating.
5. Combining Rice: Gently fold in the soaked and drained rice. Stir delicately for 2 minutes so the grains are coated with the spiced ghee without breaking.
6. Liquid & Seasoning: Pour in hot water (standard ratio is 1.5 cups water for 1 cup rice). Season generously with salt. Bring the mixture to a rolling boil.
7. Dum (Steaming): Cover the pot tightly with a lid (seal with dough if possible). Lower the heat to the absolute minimum and cook for 15-20 minutes.
8. Resting & Serving: Turn off the heat and let it rest undisturbed for 10 minutes. Fluff gently with a fork, garnish with fried onions (birista) and fresh coriander, and serve hot with raita.",,True,2026-08-08T05:39:03.822317+00:00,Main Course
55fdbce7-e2f4-47f6-99b7-aa1fa62e5bf7,fish-biryani,Fish Biryani,Hyderabadi,Rice,"2 cups Basmati Rice
2 medium Onions, finely chopped
1 tbsp Ginger-Garlic Paste
2 medium Tomatoes, pureed or chopped
2-3 Green Chilies, slit
1 tsp Cumin Seeds
1/2 tsp Turmeric Powder
1 tsp Red Chili Powder
1 tsp Garam Masala
2 tbsp Oil or Ghee
Salt to taste
2 tbsp Fresh Coriander Leaves, chopped",Non-Vegetarian,False,{},{All},"1. Rice Soaking: Wash basmati rice 3-4 times until the water runs clear. Soak the rice in fresh water for 30 minutes, then drain completely.
2. Whole Spices (Temper): Heat 2 tbsp ghee or oil in a heavy-bottomed pot or pressure cooker. Add whole spices (bay leaf, cloves, green cardamom, cinnamon stick, cumin seeds) and let them crackle for a few seconds.
3. Aromatics: Add thinly sliced onions and sauté until they turn golden brown and caramelized. Add 1 tbsp of freshly pounded ginger-garlic paste and sauté until the raw smell disappears.
4. Base Addition: Add Rice, chopped tomatoes, green chilies, mint, and coriander leaves. Mix in dry spices (turmeric, red chili, biryani/pulao masala) and yogurt. Cook for 5-7 minutes until the oil starts separating.
5. Combining Rice: Gently fold in the soaked and drained rice. Stir delicately for 2 minutes so the grains are coated with the spiced ghee without breaking.
6. Liquid & Seasoning: Pour in hot water (standard ratio is 1.5 cups water for 1 cup rice). Season generously with salt. Bring the mixture to a rolling boil.
7. Dum (Steaming): Cover the pot tightly with a lid (seal with dough if possible). Lower the heat to the absolute minimum and cook for 15-20 minutes.
8. Resting & Serving: Turn off the heat and let it rest undisturbed for 10 minutes. Fluff gently with a fork, garnish with fried onions (birista) and fresh coriander, and serve hot with raita.",,True,2026-08-08T05:39:03.822337+00:00,Main Course
2ffe7554-fa65-4d12-93bd-8d54866f264e,prawn-biryani,Prawn Biryani,South Indian,Rice,"2 cups Basmati Rice
2 medium Onions, finely chopped
1 tbsp Ginger-Garlic Paste
2 medium Tomatoes, pureed or chopped
2-3 Green Chilies, slit
1 tsp Cumin Seeds
1/2 tsp Turmeric Powder
1 tsp Red Chili Powder
1 tsp Garam Masala
2 tbsp Oil or Ghee
Salt to taste
2 tbsp Fresh Coriander Leaves, chopped",Non-Vegetarian,False,{},{All},"1. Rice Soaking: Wash basmati rice 3-4 times until the water runs clear. Soak the rice in fresh water for 30 minutes, then drain completely.
2. Whole Spices (Temper): Heat 2 tbsp ghee or oil in a heavy-bottomed pot or pressure cooker. Add whole spices (bay leaf, cloves, green cardamom, cinnamon stick, cumin seeds) and let them crackle for a few seconds.
3. Aromatics: Add thinly sliced onions and sauté until they turn golden brown and caramelized. Add 1 tbsp of freshly pounded ginger-garlic paste and sauté until the raw smell disappears.
4. Base Addition: Add Rice, chopped tomatoes, green chilies, mint, and coriander leaves. Mix in dry spices (turmeric, red chili, biryani/pulao masala) and yogurt. Cook for 5-7 minutes until the oil starts separating.
5. Combining Rice: Gently fold in the soaked and drained rice. Stir delicately for 2 minutes so the grains are coated with the spiced ghee without breaking.
6. Liquid & Seasoning: Pour in hot water (standard ratio is 1.5 cups water for 1 cup rice). Season generously with salt. Bring the mixture to a rolling boil.
7. Dum (Steaming): Cover the pot tightly with a lid (seal with dough if possible). Lower the heat to the absolute minimum and cook for 15-20 minutes.
8. Resting & Serving: Turn off the heat and let it rest undisturbed for 10 minutes. Fluff gently with a fork, garnish with fried onions (birista) and fresh coriander, and serve hot with raita.",,True,2026-08-08T05:39:03.822353+00:00,Main Course
198da98a-2b2b-4bd4-853a-d95bcb3468a5,egg-biryani,Egg Biryani,Hyderabadi,Rice,"2 cups Basmati Rice
2 medium Onions, finely chopped
1 tbsp Ginger-Garlic Paste
2 medium Tomatoes, pureed or chopped
2-3 Green Chilies, slit
1 tsp Cumin Seeds
1/2 tsp Turmeric Powder
1 tsp Red Chili Powder
1 tsp Garam Masala
2 tbsp Oil or Ghee
Salt to taste
2 tbsp Fresh Coriander Leaves, chopped",Non-Vegetarian,False,{},{All},"1. Rice Soaking: Wash basmati rice 3-4 times until the water runs clear. Soak the rice in fresh water for 30 minutes, then drain completely.
2. Whole Spices (Temper): Heat 2 tbsp ghee or oil in a heavy-bottomed pot or pressure cooker. Add whole spices (bay leaf, cloves, green cardamom, cinnamon stick, cumin seeds) and let them crackle for a few seconds.
3. Aromatics: Add thinly sliced onions and sauté until they turn golden brown and caramelized. Add 1 tbsp of freshly pounded ginger-garlic paste and sauté until the raw smell disappears.
4. Base Addition: Add Rice, chopped tomatoes, green chilies, mint, and coriander leaves. Mix in dry spices (turmeric, red chili, biryani/pulao masala) and yogurt. Cook for 5-7 minutes until the oil starts separating.
5. Combining Rice: Gently fold in the soaked and drained rice. Stir delicately for 2 minutes so the grains are coated with the spiced ghee without breaking.
6. Liquid & Seasoning: Pour in hot water (standard ratio is 1.5 cups water for 1 cup rice). Season generously with salt. Bring the mixture to a rolling boil.
7. Dum (Steaming): Cover the pot tightly with a lid (seal with dough if possible). Lower the heat to the absolute minimum and cook for 15-20 minutes.
8. Resting & Serving: Turn off the heat and let it rest undisturbed for 10 minutes. Fluff gently with a fork, garnish with fried onions (birista) and fresh coriander, and serve hot with raita.",,True,2026-08-08T05:39:03.822374+00:00,Main Course
974e6e3c-94a9-40a6-b88e-e732908e9f6e,keema-biryani,Keema Biryani,Andhra,Rice,"2 cups Basmati Rice
2 medium Onions, finely chopped
1 tbsp Ginger-Garlic Paste
2 medium Tomatoes, pureed or chopped
2-3 Green Chilies, slit
1 tsp Cumin Seeds
1/2 tsp Turmeric Powder
1 tsp Red Chili Powder
1 tsp Garam Masala
2 tbsp Oil or Ghee
Salt to taste
2 tbsp Fresh Coriander Leaves, chopped",Non-Vegetarian,False,{},{All},"1. Rice Soaking: Wash basmati rice 3-4 times until the water runs clear. Soak the rice in fresh water for 30 minutes, then drain completely.
2. Whole Spices (Temper): Heat 2 tbsp ghee or oil in a heavy-bottomed pot or pressure cooker. Add whole spices (bay leaf, cloves, green cardamom, cinnamon stick, cumin seeds) and let them crackle for a few seconds.
3. Aromatics: Add thinly sliced onions and sauté until they turn golden brown and caramelized. Add 1 tbsp of freshly pounded ginger-garlic paste and sauté until the raw smell disappears.
4. Base Addition: Add Rice, chopped tomatoes, green chilies, mint, and coriander leaves. Mix in dry spices (turmeric, red chili, biryani/pulao masala) and yogurt. Cook for 5-7 minutes until the oil starts separating.
5. Combining Rice: Gently fold in the soaked and drained rice. Stir delicately for 2 minutes so the grains are coated with the spiced ghee without breaking.
6. Liquid & Seasoning: Pour in hot water (standard ratio is 1.5 cups water for 1 cup rice). Season generously with salt. Bring the mixture to a rolling boil.
7. Dum (Steaming): Cover the pot tightly with a lid (seal with dough if possible). Lower the heat to the absolute minimum and cook for 15-20 minutes.
8. Resting & Serving: Turn off the heat and let it rest undisturbed for 10 minutes. Fluff gently with a fork, garnish with fried onions (birista) and fresh coriander, and serve hot with raita.",,True,2026-08-08T05:39:03.822395+00:00,Main Course
8ede5fc9-9ab5-4d7b-8195-918be63196ec,plain-pulao,Plain Pulao,Hyderabadi,Rice,"2 cups Basmati Rice
2 medium Onions, finely chopped
1 tbsp Ginger-Garlic Paste
2 medium Tomatoes, pureed or chopped
2-3 Green Chilies, slit
1 tsp Cumin Seeds
1/2 tsp Turmeric Powder
1 tsp Red Chili Powder
1 tsp Garam Masala
2 tbsp Oil or Ghee
Salt to taste
2 tbsp Fresh Coriander Leaves, chopped",Vegan,False,{},{All},"1. Rice Soaking: Wash basmati rice 3-4 times until the water runs clear. Soak the rice in fresh water for 30 minutes, then drain completely.
2. Whole Spices (Temper): Heat 2 tbsp ghee or oil in a heavy-bottomed pot or pressure cooker. Add whole spices (bay leaf, cloves, green cardamom, cinnamon stick, cumin seeds) and let them crackle for a few seconds.
3. Aromatics: Add thinly sliced onions and sauté until they turn golden brown and caramelized. Add 1 tbsp of freshly pounded ginger-garlic paste and sauté until the raw smell disappears.
4. Base Addition: Add Rice, chopped tomatoes, green chilies, mint, and coriander leaves. Mix in dry spices (turmeric, red chili, biryani/pulao masala) and yogurt. Cook for 5-7 minutes until the oil starts separating.
5. Combining Rice: Gently fold in the soaked and drained rice. Stir delicately for 2 minutes so the grains are coated with the spiced ghee without breaking.
6. Liquid & Seasoning: Pour in hot water (standard ratio is 1.5 cups water for 1 cup rice). Season generously with salt. Bring the mixture to a rolling boil.
7. Dum (Steaming): Cover the pot tightly with a lid (seal with dough if possible). Lower the heat to the absolute minimum and cook for 15-20 minutes.
8. Resting & Serving: Turn off the heat and let it rest undisturbed for 10 minutes. Fluff gently with a fork, garnish with fried onions (birista) and fresh coriander, and serve hot with raita.",,True,2026-08-08T05:39:03.822420+00:00,Main Course
6d7eea41-e38d-4f23-af1d-d05a71fe8704,veg-pulao,Veg Pulao,North Indian,Rice,"2 cups Basmati Rice
2-3 Green Chilies, slit
1 tsp Cumin Seeds
1/2 tsp Turmeric Powder
1 tsp Red Chili Powder
1 tsp Garam Masala
2 tbsp Oil or Ghee
Salt to taste
2 tbsp Fresh Coriander Leaves, chopped",Vegetarian,True,{},{All},"1. Rice Soaking: Wash basmati rice 3-4 times until the water runs clear. Soak the rice in fresh water for 30 minutes, then drain completely.
2. Whole Spices (Temper): Heat 2 tbsp ghee or oil in a heavy-bottomed pot or pressure cooker. Add whole spices (bay leaf, cloves, green cardamom, cinnamon stick, cumin seeds) and let them crackle for a few seconds.
3. Aromatics: Add thinly sliced onions and sauté until they turn golden brown and caramelized. Add 1 tbsp of freshly pounded ginger-garlic paste and sauté until the raw smell disappears.
4. Base Addition: Add Rice, chopped tomatoes, green chilies, mint, and coriander leaves. Mix in dry spices (turmeric, red chili, biryani/pulao masala) and yogurt. Cook for 5-7 minutes until the oil starts separating.
5. Combining Rice: Gently fold in the soaked and drained rice. Stir delicately for 2 minutes so the grains are coated with the spiced ghee without breaking.
6. Liquid & Seasoning: Pour in hot water (standard ratio is 1.5 cups water for 1 cup rice). Season generously with salt. Bring the mixture to a rolling boil.
7. Dum (Steaming): Cover the pot tightly with a lid (seal with dough if possible). Lower the heat to the absolute minimum and cook for 15-20 minutes.
8. Resting & Serving: Turn off the heat and let it rest undisturbed for 10 minutes. Fluff gently with a fork, garnish with fried onions (birista) and fresh coriander, and serve hot with raita.",,True,2026-08-08T05:39:03.822442+00:00,Main Course
7f299c37-86b9-44dc-a214-073b8df65732,paneer-pulao,Paneer Pulao,Bengali,Rice,"2 cups Basmati Rice
2 medium Onions, finely chopped
1 tbsp Ginger-Garlic Paste
2 medium Tomatoes, pureed or chopped
2-3 Green Chilies, slit
1 tsp Cumin Seeds
1/2 tsp Turmeric Powder
1 tsp Red Chili Powder
1 tsp Garam Masala
2 tbsp Oil or Ghee
Salt to taste
2 tbsp Fresh Coriander Leaves, chopped",Vegetarian,False,{Dairy},{All},"1. Rice Soaking: Wash basmati rice 3-4 times until the water runs clear. Soak the rice in fresh water for 30 minutes, then drain completely.
2. Whole Spices (Temper): Heat 2 tbsp ghee or oil in a heavy-bottomed pot or pressure cooker. Add whole spices (bay leaf, cloves, green cardamom, cinnamon stick, cumin seeds) and let them crackle for a few seconds.
3. Aromatics: Add thinly sliced onions and sauté until they turn golden brown and caramelized. Add 1 tbsp of freshly pounded ginger-garlic paste and sauté until the raw smell disappears.
4. Base Addition: Add Rice, chopped tomatoes, green chilies, mint, and coriander leaves. Mix in dry spices (turmeric, red chili, biryani/pulao masala) and yogurt. Cook for 5-7 minutes until the oil starts separating.
5. Combining Rice: Gently fold in the soaked and drained rice. Stir delicately for 2 minutes so the grains are coated with the spiced ghee without breaking.
6. Liquid & Seasoning: Pour in hot water (standard ratio is 1.5 cups water for 1 cup rice). Season generously with salt. Bring the mixture to a rolling boil.
7. Dum (Steaming): Cover the pot tightly with a lid (seal with dough if possible). Lower the heat to the absolute minimum and cook for 15-20 minutes.
8. Resting & Serving: Turn off the heat and let it rest undisturbed for 10 minutes. Fluff gently with a fork, garnish with fried onions (birista) and fresh coriander, and serve hot with raita.",,True,2026-08-08T05:39:03.822468+00:00,Main Course
309d515e-7522-4818-beaa-9254f71bd8e1,mushroom-pulao,Mushroom Pulao,Tamil,Rice,"2 cups Basmati Rice
2 medium Onions, finely chopped
1 tbsp Ginger-Garlic Paste
2 medium Tomatoes, pureed or chopped
2-3 Green Chilies, slit
1 tsp Cumin Seeds
1/2 tsp Turmeric Powder
1 tsp Red Chili Powder
1 tsp Garam Masala
2 tbsp Oil or Ghee
Salt to taste
2 tbsp Fresh Coriander Leaves, chopped",Vegetarian,False,{},{All},"1. Rice Soaking: Wash basmati rice 3-4 times until the water runs clear. Soak the rice in fresh water for 30 minutes, then drain completely.
2. Whole Spices (Temper): Heat 2 tbsp ghee or oil in a heavy-bottomed pot or pressure cooker. Add whole spices (bay leaf, cloves, green cardamom, cinnamon stick, cumin seeds) and let them crackle for a few seconds.
3. Aromatics: Add thinly sliced onions and sauté until they turn golden brown and caramelized. Add 1 tbsp of freshly pounded ginger-garlic paste and sauté until the raw smell disappears.
4. Base Addition: Add Rice, chopped tomatoes, green chilies, mint, and coriander leaves. Mix in dry spices (turmeric, red chili, biryani/pulao masala) and yogurt. Cook for 5-7 minutes until the oil starts separating.
5. Combining Rice: Gently fold in the soaked and drained rice. Stir delicately for 2 minutes so the grains are coated with the spiced ghee without breaking.
6. Liquid & Seasoning: Pour in hot water (standard ratio is 1.5 cups water for 1 cup rice). Season generously with salt. Bring the mixture to a rolling boil.
7. Dum (Steaming): Cover the pot tightly with a lid (seal with dough if possible). Lower the heat to the absolute minimum and cook for 15-20 minutes.
8. Resting & Serving: Turn off the heat and let it rest undisturbed for 10 minutes. Fluff gently with a fork, garnish with fried onions (birista) and fresh coriander, and serve hot with raita.",,True,2026-08-08T05:39:03.822491+00:00,Main Course
5087b502-5725-4e72-94e2-f7cf9859ae35,peas-pulao,Peas Pulao,Rajasthani,Rice,"2 cups Basmati Rice
2-3 Green Chilies, slit
1 tsp Cumin Seeds
1/2 tsp Turmeric Powder
1 tsp Red Chili Powder
1 tsp Garam Masala
2 tbsp Oil or Ghee
Salt to taste
2 tbsp Fresh Coriander Leaves, chopped",Vegetarian,True,{},{All},"1. Rice Soaking: Wash basmati rice 3-4 times until the water runs clear. Soak the rice in fresh water for 30 minutes, then drain completely.
2. Whole Spices (Temper): Heat 2 tbsp ghee or oil in a heavy-bottomed pot or pressure cooker. Add whole spices (bay leaf, cloves, green cardamom, cinnamon stick, cumin seeds) and let them crackle for a few seconds.
3. Aromatics: Add thinly sliced onions and sauté until they turn golden brown and caramelized. Add 1 tbsp of freshly pounded ginger-garlic paste and sauté until the raw smell disappears.
4. Base Addition: Add Rice, chopped tomatoes, green chilies, mint, and coriander leaves. Mix in dry spices (turmeric, red chili, biryani/pulao masala) and yogurt. Cook for 5-7 minutes until the oil starts separating.
5. Combining Rice: Gently fold in the soaked and drained rice. Stir delicately for 2 minutes so the grains are coated with the spiced ghee without breaking.
6. Liquid & Seasoning: Pour in hot water (standard ratio is 1.5 cups water for 1 cup rice). Season generously with salt. Bring the mixture to a rolling boil.
7. Dum (Steaming): Cover the pot tightly with a lid (seal with dough if possible). Lower the heat to the absolute minimum and cook for 15-20 minutes.
8. Resting & Serving: Turn off the heat and let it rest undisturbed for 10 minutes. Fluff gently with a fork, garnish with fried onions (birista) and fresh coriander, and serve hot with raita.",,True,2026-08-08T05:39:03.822518+00:00,Main Course
81cd4e8e-4796-42a0-a67e-7f8cf8b63d03,chicken-pulao,Chicken Pulao,Goan,Rice,"2 cups Basmati Rice
2 medium Onions, finely chopped
1 tbsp Ginger-Garlic Paste
2 medium Tomatoes, pureed or chopped
2-3 Green Chilies, slit
1 tsp Cumin Seeds
1/2 tsp Turmeric Powder
1 tsp Red Chili Powder
1 tsp Garam Masala
2 tbsp Oil or Ghee
Salt to taste
2 tbsp Fresh Coriander Leaves, chopped",Non-Vegetarian,False,{},{All},"1. Rice Soaking: Wash basmati rice 3-4 times until the water runs clear. Soak the rice in fresh water for 30 minutes, then drain completely.
2. Whole Spices (Temper): Heat 2 tbsp ghee or oil in a heavy-bottomed pot or pressure cooker. Add whole spices (bay leaf, cloves, green cardamom, cinnamon stick, cumin seeds) and let them crackle for a few seconds.
3. Aromatics: Add thinly sliced onions and sauté until they turn golden brown and caramelized. Add 1 tbsp of freshly pounded ginger-garlic paste and sauté until the raw smell disappears.
4. Base Addition: Add Rice, chopped tomatoes, green chilies, mint, and coriander leaves. Mix in dry spices (turmeric, red chili, biryani/pulao masala) and yogurt. Cook for 5-7 minutes until the oil starts separating.
5. Combining Rice: Gently fold in the soaked and drained rice. Stir delicately for 2 minutes so the grains are coated with the spiced ghee without breaking.
6. Liquid & Seasoning: Pour in hot water (standard ratio is 1.5 cups water for 1 cup rice). Season generously with salt. Bring the mixture to a rolling boil.
7. Dum (Steaming): Cover the pot tightly with a lid (seal with dough if possible). Lower the heat to the absolute minimum and cook for 15-20 minutes.
8. Resting & Serving: Turn off the heat and let it rest undisturbed for 10 minutes. Fluff gently with a fork, garnish with fried onions (birista) and fresh coriander, and serve hot with raita.",,True,2026-08-08T05:39:03.822539+00:00,Main Course
7b81f4a2-8382-4495-9b0b-8474c09391db,mutton-pulao,Mutton Pulao,Bengali,Rice,"2 cups Basmati Rice
2 medium Onions, finely chopped
1 tbsp Ginger-Garlic Paste
2 medium Tomatoes, pureed or chopped
2-3 Green Chilies, slit
1 tsp Cumin Seeds
1/2 tsp Turmeric Powder
1 tsp Red Chili Powder
1 tsp Garam Masala
2 tbsp Oil or Ghee
Salt to taste
2 tbsp Fresh Coriander Leaves, chopped",Non-Vegetarian,False,{},{All},"1. Rice Soaking: Wash basmati rice 3-4 times until the water runs clear. Soak the rice in fresh water for 30 minutes, then drain completely.
2. Whole Spices (Temper): Heat 2 tbsp ghee or oil in a heavy-bottomed pot or pressure cooker. Add whole spices (bay leaf, cloves, green cardamom, cinnamon stick, cumin seeds) and let them crackle for a few seconds.
3. Aromatics: Add thinly sliced onions and sauté until they turn golden brown and caramelized. Add 1 tbsp of freshly pounded ginger-garlic paste and sauté until the raw smell disappears.
4. Base Addition: Add Rice, chopped tomatoes, green chilies, mint, and coriander leaves. Mix in dry spices (turmeric, red chili, biryani/pulao masala) and yogurt. Cook for 5-7 minutes until the oil starts separating.
5. Combining Rice: Gently fold in the soaked and drained rice. Stir delicately for 2 minutes so the grains are coated with the spiced ghee without breaking.
6. Liquid & Seasoning: Pour in hot water (standard ratio is 1.5 cups water for 1 cup rice). Season generously with salt. Bring the mixture to a rolling boil.
7. Dum (Steaming): Cover the pot tightly with a lid (seal with dough if possible). Lower the heat to the absolute minimum and cook for 15-20 minutes.
8. Resting & Serving: Turn off the heat and let it rest undisturbed for 10 minutes. Fluff gently with a fork, garnish with fried onions (birista) and fresh coriander, and serve hot with raita.",,True,2026-08-08T05:39:03.822552+00:00,Main Course
feb3e83a-b539-4576-b064-6a1891bc5fa4,fish-pulao,Fish Pulao,South Indian,Rice,"2 cups Basmati Rice
2 medium Onions, finely chopped
1 tbsp Ginger-Garlic Paste
2 medium Tomatoes, pureed or chopped
2-3 Green Chilies, slit
1 tsp Cumin Seeds
1/2 tsp Turmeric Powder
1 tsp Red Chili Powder
1 tsp Garam Masala
2 tbsp Oil or Ghee
Salt to taste
2 tbsp Fresh Coriander Leaves, chopped",Non-Vegetarian,False,{},{All},"1. Rice Soaking: Wash basmati rice 3-4 times until the water runs clear. Soak the rice in fresh water for 30 minutes, then drain completely.
2. Whole Spices (Temper): Heat 2 tbsp ghee or oil in a heavy-bottomed pot or pressure cooker. Add whole spices (bay leaf, cloves, green cardamom, cinnamon stick, cumin seeds) and let them crackle for a few seconds.
3. Aromatics: Add thinly sliced onions and sauté until they turn golden brown and caramelized. Add 1 tbsp of freshly pounded ginger-garlic paste and sauté until the raw smell disappears.
4. Base Addition: Add Rice, chopped tomatoes, green chilies, mint, and coriander leaves. Mix in dry spices (turmeric, red chili, biryani/pulao masala) and yogurt. Cook for 5-7 minutes until the oil starts separating.
5. Combining Rice: Gently fold in the soaked and drained rice. Stir delicately for 2 minutes so the grains are coated with the spiced ghee without breaking.
6. Liquid & Seasoning: Pour in hot water (standard ratio is 1.5 cups water for 1 cup rice). Season generously with salt. Bring the mixture to a rolling boil.
7. Dum (Steaming): Cover the pot tightly with a lid (seal with dough if possible). Lower the heat to the absolute minimum and cook for 15-20 minutes.
8. Resting & Serving: Turn off the heat and let it rest undisturbed for 10 minutes. Fluff gently with a fork, garnish with fried onions (birista) and fresh coriander, and serve hot with raita.",,True,2026-08-08T05:39:03.822565+00:00,Main Course
96d1d90e-e433-4aba-82e5-17f6f15ae4d7,prawn-pulao,Prawn Pulao,Tamil,Rice,"2 cups Basmati Rice
2 medium Onions, finely chopped
1 tbsp Ginger-Garlic Paste
2 medium Tomatoes, pureed or chopped
2-3 Green Chilies, slit
1 tsp Cumin Seeds
1/2 tsp Turmeric Powder
1 tsp Red Chili Powder
1 tsp Garam Masala
2 tbsp Oil or Ghee
Salt to taste
2 tbsp Fresh Coriander Leaves, chopped",Non-Vegetarian,False,{},{All},"1. Rice Soaking: Wash basmati rice 3-4 times until the water runs clear. Soak the rice in fresh water for 30 minutes, then drain completely.
2. Whole Spices (Temper): Heat 2 tbsp ghee or oil in a heavy-bottomed pot or pressure cooker. Add whole spices (bay leaf, cloves, green cardamom, cinnamon stick, cumin seeds) and let them crackle for a few seconds.
3. Aromatics: Add thinly sliced onions and sauté until they turn golden brown and caramelized. Add 1 tbsp of freshly pounded ginger-garlic paste and sauté until the raw smell disappears.
4. Base Addition: Add Rice, chopped tomatoes, green chilies, mint, and coriander leaves. Mix in dry spices (turmeric, red chili, biryani/pulao masala) and yogurt. Cook for 5-7 minutes until the oil starts separating.
5. Combining Rice: Gently fold in the soaked and drained rice. Stir delicately for 2 minutes so the grains are coated with the spiced ghee without breaking.
6. Liquid & Seasoning: Pour in hot water (standard ratio is 1.5 cups water for 1 cup rice). Season generously with salt. Bring the mixture to a rolling boil.
7. Dum (Steaming): Cover the pot tightly with a lid (seal with dough if possible). Lower the heat to the absolute minimum and cook for 15-20 minutes.
8. Resting & Serving: Turn off the heat and let it rest undisturbed for 10 minutes. Fluff gently with a fork, garnish with fried onions (birista) and fresh coriander, and serve hot with raita.",,True,2026-08-08T05:39:03.822576+00:00,Main Course
86e63f19-21d1-4ad2-9d41-92d2a6a3fd2a,egg-pulao,Egg Pulao,Goan,Rice,"2 cups Basmati Rice
2 medium Onions, finely chopped
1 tbsp Ginger-Garlic Paste
2 medium Tomatoes, pureed or chopped
2-3 Green Chilies, slit
1 tsp Cumin Seeds
1/2 tsp Turmeric Powder
1 tsp Red Chili Powder
1 tsp Garam Masala
2 tbsp Oil or Ghee
Salt to taste
2 tbsp Fresh Coriander Leaves, chopped",Non-Vegetarian,False,{},{All},"1. Rice Soaking: Wash basmati rice 3-4 times until the water runs clear. Soak the rice in fresh water for 30 minutes, then drain completely.
2. Whole Spices (Temper): Heat 2 tbsp ghee or oil in a heavy-bottomed pot or pressure cooker. Add whole spices (bay leaf, cloves, green cardamom, cinnamon stick, cumin seeds) and let them crackle for a few seconds.
3. Aromatics: Add thinly sliced onions and sauté until they turn golden brown and caramelized. Add 1 tbsp of freshly pounded ginger-garlic paste and sauté until the raw smell disappears.
4. Base Addition: Add Rice, chopped tomatoes, green chilies, mint, and coriander leaves. Mix in dry spices (turmeric, red chili, biryani/pulao masala) and yogurt. Cook for 5-7 minutes until the oil starts separating.
5. Combining Rice: Gently fold in the soaked and drained rice. Stir delicately for 2 minutes so the grains are coated with the spiced ghee without breaking.
6. Liquid & Seasoning: Pour in hot water (standard ratio is 1.5 cups water for 1 cup rice). Season generously with salt. Bring the mixture to a rolling boil.
7. Dum (Steaming): Cover the pot tightly with a lid (seal with dough if possible). Lower the heat to the absolute minimum and cook for 15-20 minutes.
8. Resting & Serving: Turn off the heat and let it rest undisturbed for 10 minutes. Fluff gently with a fork, garnish with fried onions (birista) and fresh coriander, and serve hot with raita.",,True,2026-08-08T05:39:03.822587+00:00,Main Course
f66c3aec-d9d9-4c06-a253-ab6eaa38a3d4,keema-pulao,Keema Pulao,Bengali,Rice,"2 cups Basmati Rice
2 medium Onions, finely chopped
1 tbsp Ginger-Garlic Paste
2 medium Tomatoes, pureed or chopped
2-3 Green Chilies, slit
1 tsp Cumin Seeds
1/2 tsp Turmeric Powder
1 tsp Red Chili Powder
1 tsp Garam Masala
2 tbsp Oil or Ghee
Salt to taste
2 tbsp Fresh Coriander Leaves, chopped",Non-Vegetarian,False,{},{All},"1. Rice Soaking: Wash basmati rice 3-4 times until the water runs clear. Soak the rice in fresh water for 30 minutes, then drain completely.
2. Whole Spices (Temper): Heat 2 tbsp ghee or oil in a heavy-bottomed pot or pressure cooker. Add whole spices (bay leaf, cloves, green cardamom, cinnamon stick, cumin seeds) and let them crackle for a few seconds.
3. Aromatics: Add thinly sliced onions and sauté until they turn golden brown and caramelized. Add 1 tbsp of freshly pounded ginger-garlic paste and sauté until the raw smell disappears.
4. Base Addition: Add Rice, chopped tomatoes, green chilies, mint, and coriander leaves. Mix in dry spices (turmeric, red chili, biryani/pulao masala) and yogurt. Cook for 5-7 minutes until the oil starts separating.
5. Combining Rice: Gently fold in the soaked and drained rice. Stir delicately for 2 minutes so the grains are coated with the spiced ghee without breaking.
6. Liquid & Seasoning: Pour in hot water (standard ratio is 1.5 cups water for 1 cup rice). Season generously with salt. Bring the mixture to a rolling boil.
7. Dum (Steaming): Cover the pot tightly with a lid (seal with dough if possible). Lower the heat to the absolute minimum and cook for 15-20 minutes.
8. Resting & Serving: Turn off the heat and let it rest undisturbed for 10 minutes. Fluff gently with a fork, garnish with fried onions (birista) and fresh coriander, and serve hot with raita.",,True,2026-08-08T05:39:03.822610+00:00,Main Course
755ace69-d889-4895-ae65-6343edbed5ba,plain-fried-rice,Plain Fried Rice,North Indian,Rice,"2 cups Basmati Rice
2 medium Onions, finely chopped
1 tbsp Ginger-Garlic Paste
2-3 Green Chilies, slit
1 tsp Cumin Seeds
1/2 tsp Turmeric Powder
1 tsp Red Chili Powder
1 tsp Garam Masala
2 tbsp Oil or Ghee
Salt to taste
2 tbsp Fresh Coriander Leaves, chopped",Vegan,False,{},{All},"1. Rice Soaking: Wash basmati rice 3-4 times until the water runs clear. Soak the rice in fresh water for 30 minutes, then drain completely.
2. Whole Spices (Temper): Heat 2 tbsp ghee or oil in a heavy-bottomed pot or pressure cooker. Add whole spices (bay leaf, cloves, green cardamom, cinnamon stick, cumin seeds) and let them crackle for a few seconds.
3. Aromatics: Add thinly sliced onions and sauté until they turn golden brown and caramelized. Add 1 tbsp of freshly pounded ginger-garlic paste and sauté until the raw smell disappears.
4. Base Addition: Add Rice, chopped tomatoes, green chilies, mint, and coriander leaves. Mix in dry spices (turmeric, red chili, biryani/pulao masala) and yogurt. Cook for 5-7 minutes until the oil starts separating.
5. Combining Rice: Gently fold in the soaked and drained rice. Stir delicately for 2 minutes so the grains are coated with the spiced ghee without breaking.
6. Liquid & Seasoning: Pour in hot water (standard ratio is 1.5 cups water for 1 cup rice). Season generously with salt. Bring the mixture to a rolling boil.
7. Dum (Steaming): Cover the pot tightly with a lid (seal with dough if possible). Lower the heat to the absolute minimum and cook for 15-20 minutes.
8. Resting & Serving: Turn off the heat and let it rest undisturbed for 10 minutes. Fluff gently with a fork, garnish with fried onions (birista) and fresh coriander, and serve hot with raita.",,True,2026-08-08T05:39:03.822634+00:00,Main Course
1151dc95-a7b7-4fd0-895b-48187026b649,veg-fried-rice,Veg Fried Rice,Rajasthani,Rice,"2 cups Basmati Rice
2-3 Green Chilies, slit
1 tsp Cumin Seeds
1/2 tsp Turmeric Powder
1 tsp Red Chili Powder
1 tsp Garam Masala
2 tbsp Oil or Ghee
Salt to taste
2 tbsp Fresh Coriander Leaves, chopped",Vegetarian,True,{},{All},"1. Rice Soaking: Wash basmati rice 3-4 times until the water runs clear. Soak the rice in fresh water for 30 minutes, then drain completely.
2. Whole Spices (Temper): Heat 2 tbsp ghee or oil in a heavy-bottomed pot or pressure cooker. Add whole spices (bay leaf, cloves, green cardamom, cinnamon stick, cumin seeds) and let them crackle for a few seconds.
3. Aromatics: Add thinly sliced onions and sauté until they turn golden brown and caramelized. Add 1 tbsp of freshly pounded ginger-garlic paste and sauté until the raw smell disappears.
4. Base Addition: Add Rice, chopped tomatoes, green chilies, mint, and coriander leaves. Mix in dry spices (turmeric, red chili, biryani/pulao masala) and yogurt. Cook for 5-7 minutes until the oil starts separating.
5. Combining Rice: Gently fold in the soaked and drained rice. Stir delicately for 2 minutes so the grains are coated with the spiced ghee without breaking.
6. Liquid & Seasoning: Pour in hot water (standard ratio is 1.5 cups water for 1 cup rice). Season generously with salt. Bring the mixture to a rolling boil.
7. Dum (Steaming): Cover the pot tightly with a lid (seal with dough if possible). Lower the heat to the absolute minimum and cook for 15-20 minutes.
8. Resting & Serving: Turn off the heat and let it rest undisturbed for 10 minutes. Fluff gently with a fork, garnish with fried onions (birista) and fresh coriander, and serve hot with raita.",,True,2026-08-08T05:39:03.822651+00:00,Main Course
f2edab53-a572-4e4c-af86-61ee242eae71,paneer-fried-rice,Paneer Fried Rice,Kerala,Rice,"2 cups Basmati Rice
2 medium Onions, finely chopped
1 tbsp Ginger-Garlic Paste
2-3 Green Chilies, slit
1 tsp Cumin Seeds
1/2 tsp Turmeric Powder
1 tsp Red Chili Powder
1 tsp Garam Masala
2 tbsp Oil or Ghee
Salt to taste
2 tbsp Fresh Coriander Leaves, chopped",Vegetarian,False,{Dairy},{All},"1. Rice Soaking: Wash basmati rice 3-4 times until the water runs clear. Soak the rice in fresh water for 30 minutes, then drain completely.
2. Whole Spices (Temper): Heat 2 tbsp ghee or oil in a heavy-bottomed pot or pressure cooker. Add whole spices (bay leaf, cloves, green cardamom, cinnamon stick, cumin seeds) and let them crackle for a few seconds.
3. Aromatics: Add thinly sliced onions and sauté until they turn golden brown and caramelized. Add 1 tbsp of freshly pounded ginger-garlic paste and sauté until the raw smell disappears.
4. Base Addition: Add Rice, chopped tomatoes, green chilies, mint, and coriander leaves. Mix in dry spices (turmeric, red chili, biryani/pulao masala) and yogurt. Cook for 5-7 minutes until the oil starts separating.
5. Combining Rice: Gently fold in the soaked and drained rice. Stir delicately for 2 minutes so the grains are coated with the spiced ghee without breaking.
6. Liquid & Seasoning: Pour in hot water (standard ratio is 1.5 cups water for 1 cup rice). Season generously with salt. Bring the mixture to a rolling boil.
7. Dum (Steaming): Cover the pot tightly with a lid (seal with dough if possible). Lower the heat to the absolute minimum and cook for 15-20 minutes.
8. Resting & Serving: Turn off the heat and let it rest undisturbed for 10 minutes. Fluff gently with a fork, garnish with fried onions (birista) and fresh coriander, and serve hot with raita.",,True,2026-08-08T05:39:03.822667+00:00,Main Course
4bc438b5-6a4b-4957-a970-eadcc5f525ff,mushroom-fried-rice,Mushroom Fried Rice,South Indian,Rice,"2 cups Basmati Rice
2 medium Onions, finely chopped
1 tbsp Ginger-Garlic Paste
2-3 Green Chilies, slit
1 tsp Cumin Seeds
1/2 tsp Turmeric Powder
1 tsp Red Chili Powder
1 tsp Garam Masala
2 tbsp Oil or Ghee
Salt to taste
2 tbsp Fresh Coriander Leaves, chopped",Vegetarian,False,{},{All},"1. Rice Soaking: Wash basmati rice 3-4 times until the water runs clear. Soak the rice in fresh water for 30 minutes, then drain completely.
2. Whole Spices (Temper): Heat 2 tbsp ghee or oil in a heavy-bottomed pot or pressure cooker. Add whole spices (bay leaf, cloves, green cardamom, cinnamon stick, cumin seeds) and let them crackle for a few seconds.
3. Aromatics: Add thinly sliced onions and sauté until they turn golden brown and caramelized. Add 1 tbsp of freshly pounded ginger-garlic paste and sauté until the raw smell disappears.
4. Base Addition: Add Rice, chopped tomatoes, green chilies, mint, and coriander leaves. Mix in dry spices (turmeric, red chili, biryani/pulao masala) and yogurt. Cook for 5-7 minutes until the oil starts separating.
5. Combining Rice: Gently fold in the soaked and drained rice. Stir delicately for 2 minutes so the grains are coated with the spiced ghee without breaking.
6. Liquid & Seasoning: Pour in hot water (standard ratio is 1.5 cups water for 1 cup rice). Season generously with salt. Bring the mixture to a rolling boil.
7. Dum (Steaming): Cover the pot tightly with a lid (seal with dough if possible). Lower the heat to the absolute minimum and cook for 15-20 minutes.
8. Resting & Serving: Turn off the heat and let it rest undisturbed for 10 minutes. Fluff gently with a fork, garnish with fried onions (birista) and fresh coriander, and serve hot with raita.",,True,2026-08-08T05:39:03.822681+00:00,Main Course
f258b4b8-ba44-48b6-980f-2d785df29807,peas-fried-rice,Peas Fried Rice,Rajasthani,Rice,"2 cups Basmati Rice
2 medium Onions, finely chopped
1 tbsp Ginger-Garlic Paste
2-3 Green Chilies, slit
1 tsp Cumin Seeds
1/2 tsp Turmeric Powder
1 tsp Red Chili Powder
1 tsp Garam Masala
2 tbsp Oil or Ghee
Salt to taste
2 tbsp Fresh Coriander Leaves, chopped",Vegetarian,False,{},{All},"1. Rice Soaking: Wash basmati rice 3-4 times until the water runs clear. Soak the rice in fresh water for 30 minutes, then drain completely.
2. Whole Spices (Temper): Heat 2 tbsp ghee or oil in a heavy-bottomed pot or pressure cooker. Add whole spices (bay leaf, cloves, green cardamom, cinnamon stick, cumin seeds) and let them crackle for a few seconds.
3. Aromatics: Add thinly sliced onions and sauté until they turn golden brown and caramelized. Add 1 tbsp of freshly pounded ginger-garlic paste and sauté until the raw smell disappears.
4. Base Addition: Add Rice, chopped tomatoes, green chilies, mint, and coriander leaves. Mix in dry spices (turmeric, red chili, biryani/pulao masala) and yogurt. Cook for 5-7 minutes until the oil starts separating.
5. Combining Rice: Gently fold in the soaked and drained rice. Stir delicately for 2 minutes so the grains are coated with the spiced ghee without breaking.
6. Liquid & Seasoning: Pour in hot water (standard ratio is 1.5 cups water for 1 cup rice). Season generously with salt. Bring the mixture to a rolling boil.
7. Dum (Steaming): Cover the pot tightly with a lid (seal with dough if possible). Lower the heat to the absolute minimum and cook for 15-20 minutes.
8. Resting & Serving: Turn off the heat and let it rest undisturbed for 10 minutes. Fluff gently with a fork, garnish with fried onions (birista) and fresh coriander, and serve hot with raita.",,True,2026-08-08T05:39:03.822694+00:00,Main Course
4fff16f7-3efb-4aa8-b0ea-783d73ab1752,chicken-fried-rice,Chicken Fried Rice,Bengali,Rice,"2 cups Basmati Rice
2 medium Onions, finely chopped
1 tbsp Ginger-Garlic Paste
2-3 Green Chilies, slit
1 tsp Cumin Seeds
1/2 tsp Turmeric Powder
1 tsp Red Chili Powder
1 tsp Garam Masala
2 tbsp Oil or Ghee
Salt to taste
2 tbsp Fresh Coriander Leaves, chopped",Non-Vegetarian,False,{},{All},"1. Rice Soaking: Wash basmati rice 3-4 times until the water runs clear. Soak the rice in fresh water for 30 minutes, then drain completely.
2. Whole Spices (Temper): Heat 2 tbsp ghee or oil in a heavy-bottomed pot or pressure cooker. Add whole spices (bay leaf, cloves, green cardamom, cinnamon stick, cumin seeds) and let them crackle for a few seconds.
3. Aromatics: Add thinly sliced onions and sauté until they turn golden brown and caramelized. Add 1 tbsp of freshly pounded ginger-garlic paste and sauté until the raw smell disappears.
4. Base Addition: Add Rice, chopped tomatoes, green chilies, mint, and coriander leaves. Mix in dry spices (turmeric, red chili, biryani/pulao masala) and yogurt. Cook for 5-7 minutes until the oil starts separating.
5. Combining Rice: Gently fold in the soaked and drained rice. Stir delicately for 2 minutes so the grains are coated with the spiced ghee without breaking.
6. Liquid & Seasoning: Pour in hot water (standard ratio is 1.5 cups water for 1 cup rice). Season generously with salt. Bring the mixture to a rolling boil.
7. Dum (Steaming): Cover the pot tightly with a lid (seal with dough if possible). Lower the heat to the absolute minimum and cook for 15-20 minutes.
8. Resting & Serving: Turn off the heat and let it rest undisturbed for 10 minutes. Fluff gently with a fork, garnish with fried onions (birista) and fresh coriander, and serve hot with raita.",,True,2026-08-08T05:39:03.822707+00:00,Main Course
ec02c728-3287-40ef-9d3e-316163b3951d,mutton-fried-rice,Mutton Fried Rice,Goan,Rice,"2 cups Basmati Rice
2 medium Onions, finely chopped
1 tbsp Ginger-Garlic Paste
2-3 Green Chilies, slit
1 tsp Cumin Seeds
1/2 tsp Turmeric Powder
1 tsp Red Chili Powder
1 tsp Garam Masala
2 tbsp Oil or Ghee
Salt to taste
2 tbsp Fresh Coriander Leaves, chopped",Non-Vegetarian,False,{},{All},"1. Rice Soaking: Wash basmati rice 3-4 times until the water runs clear. Soak the rice in fresh water for 30 minutes, then drain completely.
2. Whole Spices (Temper): Heat 2 tbsp ghee or oil in a heavy-bottomed pot or pressure cooker. Add whole spices (bay leaf, cloves, green cardamom, cinnamon stick, cumin seeds) and let them crackle for a few seconds.
3. Aromatics: Add thinly sliced onions and sauté until they turn golden brown and caramelized. Add 1 tbsp of freshly pounded ginger-garlic paste and sauté until the raw smell disappears.
4. Base Addition: Add Rice, chopped tomatoes, green chilies, mint, and coriander leaves. Mix in dry spices (turmeric, red chili, biryani/pulao masala) and yogurt. Cook for 5-7 minutes until the oil starts separating.
5. Combining Rice: Gently fold in the soaked and drained rice. Stir delicately for 2 minutes so the grains are coated with the spiced ghee without breaking.
6. Liquid & Seasoning: Pour in hot water (standard ratio is 1.5 cups water for 1 cup rice). Season generously with salt. Bring the mixture to a rolling boil.
7. Dum (Steaming): Cover the pot tightly with a lid (seal with dough if possible). Lower the heat to the absolute minimum and cook for 15-20 minutes.
8. Resting & Serving: Turn off the heat and let it rest undisturbed for 10 minutes. Fluff gently with a fork, garnish with fried onions (birista) and fresh coriander, and serve hot with raita.",,True,2026-08-08T05:39:03.822718+00:00,Main Course
a27e47a9-13e3-4bac-aca4-4e616d8fc816,fish-fried-rice,Fish Fried Rice,Kerala,Rice,"2 cups Basmati Rice
2 medium Onions, finely chopped
1 tbsp Ginger-Garlic Paste
2-3 Green Chilies, slit
1 tsp Cumin Seeds
1/2 tsp Turmeric Powder
1 tsp Red Chili Powder
1 tsp Garam Masala
2 tbsp Oil or Ghee
Salt to taste
2 tbsp Fresh Coriander Leaves, chopped",Non-Vegetarian,False,{},{All},"1. Rice Soaking: Wash basmati rice 3-4 times until the water runs clear. Soak the rice in fresh water for 30 minutes, then drain completely.
2. Whole Spices (Temper): Heat 2 tbsp ghee or oil in a heavy-bottomed pot or pressure cooker. Add whole spices (bay leaf, cloves, green cardamom, cinnamon stick, cumin seeds) and let them crackle for a few seconds.
3. Aromatics: Add thinly sliced onions and sauté until they turn golden brown and caramelized. Add 1 tbsp of freshly pounded ginger-garlic paste and sauté until the raw smell disappears.
4. Base Addition: Add Rice, chopped tomatoes, green chilies, mint, and coriander leaves. Mix in dry spices (turmeric, red chili, biryani/pulao masala) and yogurt. Cook for 5-7 minutes until the oil starts separating.
5. Combining Rice: Gently fold in the soaked and drained rice. Stir delicately for 2 minutes so the grains are coated with the spiced ghee without breaking.
6. Liquid & Seasoning: Pour in hot water (standard ratio is 1.5 cups water for 1 cup rice). Season generously with salt. Bring the mixture to a rolling boil.
7. Dum (Steaming): Cover the pot tightly with a lid (seal with dough if possible). Lower the heat to the absolute minimum and cook for 15-20 minutes.
8. Resting & Serving: Turn off the heat and let it rest undisturbed for 10 minutes. Fluff gently with a fork, garnish with fried onions (birista) and fresh coriander, and serve hot with raita.",,True,2026-08-08T05:39:03.822730+00:00,Main Course
53f7532c-c3aa-4b49-b4d7-1a22bc56561a,prawn-fried-rice,Prawn Fried Rice,Awadhi,Rice,"2 cups Basmati Rice
2 medium Onions, finely chopped
1 tbsp Ginger-Garlic Paste
2-3 Green Chilies, slit
1 tsp Cumin Seeds
1/2 tsp Turmeric Powder
1 tsp Red Chili Powder
1 tsp Garam Masala
2 tbsp Oil or Ghee
Salt to taste
2 tbsp Fresh Coriander Leaves, chopped",Non-Vegetarian,False,{},{All},"1. Rice Soaking: Wash basmati rice 3-4 times until the water runs clear. Soak the rice in fresh water for 30 minutes, then drain completely.
2. Whole Spices (Temper): Heat 2 tbsp ghee or oil in a heavy-bottomed pot or pressure cooker. Add whole spices (bay leaf, cloves, green cardamom, cinnamon stick, cumin seeds) and let them crackle for a few seconds.
3. Aromatics: Add thinly sliced onions and sauté until they turn golden brown and caramelized. Add 1 tbsp of freshly pounded ginger-garlic paste and sauté until the raw smell disappears.
4. Base Addition: Add Rice, chopped tomatoes, green chilies, mint, and coriander leaves. Mix in dry spices (turmeric, red chili, biryani/pulao masala) and yogurt. Cook for 5-7 minutes until the oil starts separating.
5. Combining Rice: Gently fold in the soaked and drained rice. Stir delicately for 2 minutes so the grains are coated with the spiced ghee without breaking.
6. Liquid & Seasoning: Pour in hot water (standard ratio is 1.5 cups water for 1 cup rice). Season generously with salt. Bring the mixture to a rolling boil.
7. Dum (Steaming): Cover the pot tightly with a lid (seal with dough if possible). Lower the heat to the absolute minimum and cook for 15-20 minutes.
8. Resting & Serving: Turn off the heat and let it rest undisturbed for 10 minutes. Fluff gently with a fork, garnish with fried onions (birista) and fresh coriander, and serve hot with raita.",,True,2026-08-08T05:39:03.822742+00:00,Main Course
fa4bbabb-6671-4b68-b136-cb6b2e00d7cf,egg-fried-rice,Egg Fried Rice,Punjabi,Rice,"2 cups Basmati Rice
2 medium Onions, finely chopped
1 tbsp Ginger-Garlic Paste
2-3 Green Chilies, slit
1 tsp Cumin Seeds
1/2 tsp Turmeric Powder
1 tsp Red Chili Powder
1 tsp Garam Masala
2 tbsp Oil or Ghee
Salt to taste
2 tbsp Fresh Coriander Leaves, chopped",Non-Vegetarian,False,{},{All},"1. Rice Soaking: Wash basmati rice 3-4 times until the water runs clear. Soak the rice in fresh water for 30 minutes, then drain completely.
2. Whole Spices (Temper): Heat 2 tbsp ghee or oil in a heavy-bottomed pot or pressure cooker. Add whole spices (bay leaf, cloves, green cardamom, cinnamon stick, cumin seeds) and let them crackle for a few seconds.
3. Aromatics: Add thinly sliced onions and sauté until they turn golden brown and caramelized. Add 1 tbsp of freshly pounded ginger-garlic paste and sauté until the raw smell disappears.
4. Base Addition: Add Rice, chopped tomatoes, green chilies, mint, and coriander leaves. Mix in dry spices (turmeric, red chili, biryani/pulao masala) and yogurt. Cook for 5-7 minutes until the oil starts separating.
5. Combining Rice: Gently fold in the soaked and drained rice. Stir delicately for 2 minutes so the grains are coated with the spiced ghee without breaking.
6. Liquid & Seasoning: Pour in hot water (standard ratio is 1.5 cups water for 1 cup rice). Season generously with salt. Bring the mixture to a rolling boil.
7. Dum (Steaming): Cover the pot tightly with a lid (seal with dough if possible). Lower the heat to the absolute minimum and cook for 15-20 minutes.
8. Resting & Serving: Turn off the heat and let it rest undisturbed for 10 minutes. Fluff gently with a fork, garnish with fried onions (birista) and fresh coriander, and serve hot with raita.",,True,2026-08-08T05:39:03.822754+00:00,Main Course
f73c13bf-f642-4cec-a306-e98c19a02741,keema-fried-rice,Keema Fried Rice,Rajasthani,Rice,"2 cups Basmati Rice
2 medium Onions, finely chopped
1 tbsp Ginger-Garlic Paste
2-3 Green Chilies, slit
1 tsp Cumin Seeds
1/2 tsp Turmeric Powder
1 tsp Red Chili Powder
1 tsp Garam Masala
2 tbsp Oil or Ghee
Salt to taste
2 tbsp Fresh Coriander Leaves, chopped",Non-Vegetarian,False,{},{All},"1. Rice Soaking: Wash basmati rice 3-4 times until the water runs clear. Soak the rice in fresh water for 30 minutes, then drain completely.
2. Whole Spices (Temper): Heat 2 tbsp ghee or oil in a heavy-bottomed pot or pressure cooker. Add whole spices (bay leaf, cloves, green cardamom, cinnamon stick, cumin seeds) and let them crackle for a few seconds.
3. Aromatics: Add thinly sliced onions and sauté until they turn golden brown and caramelized. Add 1 tbsp of freshly pounded ginger-garlic paste and sauté until the raw smell disappears.
4. Base Addition: Add Rice, chopped tomatoes, green chilies, mint, and coriander leaves. Mix in dry spices (turmeric, red chili, biryani/pulao masala) and yogurt. Cook for 5-7 minutes until the oil starts separating.
5. Combining Rice: Gently fold in the soaked and drained rice. Stir delicately for 2 minutes so the grains are coated with the spiced ghee without breaking.
6. Liquid & Seasoning: Pour in hot water (standard ratio is 1.5 cups water for 1 cup rice). Season generously with salt. Bring the mixture to a rolling boil.
7. Dum (Steaming): Cover the pot tightly with a lid (seal with dough if possible). Lower the heat to the absolute minimum and cook for 15-20 minutes.
8. Resting & Serving: Turn off the heat and let it rest undisturbed for 10 minutes. Fluff gently with a fork, garnish with fried onions (birista) and fresh coriander, and serve hot with raita.",,True,2026-08-08T05:39:03.822765+00:00,Main Course
a1e3ed82-27fe-4c41-80ce-6c9748c30e22,plain-khichdi,Plain Khichdi,Punjabi,Rice,"2 cups Basmati Rice
2 medium Onions, finely chopped
1 tbsp Ginger-Garlic Paste
2 medium Tomatoes, pureed or chopped
2-3 Green Chilies, slit
1 tsp Cumin Seeds
1/2 tsp Turmeric Powder
1 tsp Red Chili Powder
1 tsp Garam Masala
2 tbsp Oil or Ghee
Salt to taste
2 tbsp Fresh Coriander Leaves, chopped",Vegan,False,{},{All},"1. Rice Soaking: Wash basmati rice 3-4 times until the water runs clear. Soak the rice in fresh water for 30 minutes, then drain completely.
2. Whole Spices (Temper): Heat 2 tbsp ghee or oil in a heavy-bottomed pot or pressure cooker. Add whole spices (bay leaf, cloves, green cardamom, cinnamon stick, cumin seeds) and let them crackle for a few seconds.
3. Aromatics: Add thinly sliced onions and sauté until they turn golden brown and caramelized. Add 1 tbsp of freshly pounded ginger-garlic paste and sauté until the raw smell disappears.
4. Base Addition: Add Rice, chopped tomatoes, green chilies, mint, and coriander leaves. Mix in dry spices (turmeric, red chili, biryani/pulao masala) and yogurt. Cook for 5-7 minutes until the oil starts separating.
5. Combining Rice: Gently fold in the soaked and drained rice. Stir delicately for 2 minutes so the grains are coated with the spiced ghee without breaking.
6. Liquid & Seasoning: Pour in hot water (standard ratio is 1.5 cups water for 1 cup rice). Season generously with salt. Bring the mixture to a rolling boil.
7. Dum (Steaming): Cover the pot tightly with a lid (seal with dough if possible). Lower the heat to the absolute minimum and cook for 15-20 minutes.
8. Resting & Serving: Turn off the heat and let it rest undisturbed for 10 minutes. Fluff gently with a fork, garnish with fried onions (birista) and fresh coriander, and serve hot with raita.",,True,2026-08-08T05:39:03.822779+00:00,Main Course
cb51178b-22b1-4f21-854d-cf6e02a2179e,veg-khichdi,Veg Khichdi,Awadhi,Rice,"2 cups Basmati Rice
2 medium Onions, finely chopped
1 tbsp Ginger-Garlic Paste
2 medium Tomatoes, pureed or chopped
2-3 Green Chilies, slit
1 tsp Cumin Seeds
1/2 tsp Turmeric Powder
1 tsp Red Chili Powder
1 tsp Garam Masala
2 tbsp Oil or Ghee
Salt to taste
2 tbsp Fresh Coriander Leaves, chopped",Vegetarian,False,{},{All},"1. Rice Soaking: Wash basmati rice 3-4 times until the water runs clear. Soak the rice in fresh water for 30 minutes, then drain completely.
2. Whole Spices (Temper): Heat 2 tbsp ghee or oil in a heavy-bottomed pot or pressure cooker. Add whole spices (bay leaf, cloves, green cardamom, cinnamon stick, cumin seeds) and let them crackle for a few seconds.
3. Aromatics: Add thinly sliced onions and sauté until they turn golden brown and caramelized. Add 1 tbsp of freshly pounded ginger-garlic paste and sauté until the raw smell disappears.
4. Base Addition: Add Rice, chopped tomatoes, green chilies, mint, and coriander leaves. Mix in dry spices (turmeric, red chili, biryani/pulao masala) and yogurt. Cook for 5-7 minutes until the oil starts separating.
5. Combining Rice: Gently fold in the soaked and drained rice. Stir delicately for 2 minutes so the grains are coated with the spiced ghee without breaking.
6. Liquid & Seasoning: Pour in hot water (standard ratio is 1.5 cups water for 1 cup rice). Season generously with salt. Bring the mixture to a rolling boil.
7. Dum (Steaming): Cover the pot tightly with a lid (seal with dough if possible). Lower the heat to the absolute minimum and cook for 15-20 minutes.
8. Resting & Serving: Turn off the heat and let it rest undisturbed for 10 minutes. Fluff gently with a fork, garnish with fried onions (birista) and fresh coriander, and serve hot with raita.",,True,2026-08-08T05:39:03.822792+00:00,Main Course
7d6fc619-febc-46b5-8823-07ee1f692236,paneer-khichdi,Paneer Khichdi,Tamil,Rice,"2 cups Basmati Rice
2 medium Onions, finely chopped
1 tbsp Ginger-Garlic Paste
2 medium Tomatoes, pureed or chopped
2-3 Green Chilies, slit
1 tsp Cumin Seeds
1/2 tsp Turmeric Powder
1 tsp Red Chili Powder
1 tsp Garam Masala
2 tbsp Oil or Ghee
Salt to taste
2 tbsp Fresh Coriander Leaves, chopped",Vegetarian,False,{Dairy},{All},"1. Rice Soaking: Wash basmati rice 3-4 times until the water runs clear. Soak the rice in fresh water for 30 minutes, then drain completely.
2. Whole Spices (Temper): Heat 2 tbsp ghee or oil in a heavy-bottomed pot or pressure cooker. Add whole spices (bay leaf, cloves, green cardamom, cinnamon stick, cumin seeds) and let them crackle for a few seconds.
3. Aromatics: Add thinly sliced onions and sauté until they turn golden brown and caramelized. Add 1 tbsp of freshly pounded ginger-garlic paste and sauté until the raw smell disappears.
4. Base Addition: Add Rice, chopped tomatoes, green chilies, mint, and coriander leaves. Mix in dry spices (turmeric, red chili, biryani/pulao masala) and yogurt. Cook for 5-7 minutes until the oil starts separating.
5. Combining Rice: Gently fold in the soaked and drained rice. Stir delicately for 2 minutes so the grains are coated with the spiced ghee without breaking.
6. Liquid & Seasoning: Pour in hot water (standard ratio is 1.5 cups water for 1 cup rice). Season generously with salt. Bring the mixture to a rolling boil.
7. Dum (Steaming): Cover the pot tightly with a lid (seal with dough if possible). Lower the heat to the absolute minimum and cook for 15-20 minutes.
8. Resting & Serving: Turn off the heat and let it rest undisturbed for 10 minutes. Fluff gently with a fork, garnish with fried onions (birista) and fresh coriander, and serve hot with raita.",,True,2026-08-08T05:39:03.822806+00:00,Main Course
411178ef-6404-466f-b32f-12a7064d53c1,mushroom-khichdi,Mushroom Khichdi,Goan,Rice,"2 cups Basmati Rice
2 medium Onions, finely chopped
1 tbsp Ginger-Garlic Paste
2 medium Tomatoes, pureed or chopped
2-3 Green Chilies, slit
1 tsp Cumin Seeds
1/2 tsp Turmeric Powder
1 tsp Red Chili Powder
1 tsp Garam Masala
2 tbsp Oil or Ghee
Salt to taste
2 tbsp Fresh Coriander Leaves, chopped",Vegetarian,False,{},{All},"1. Rice Soaking: Wash basmati rice 3-4 times until the water runs clear. Soak the rice in fresh water for 30 minutes, then drain completely.
2. Whole Spices (Temper): Heat 2 tbsp ghee or oil in a heavy-bottomed pot or pressure cooker. Add whole spices (bay leaf, cloves, green cardamom, cinnamon stick, cumin seeds) and let them crackle for a few seconds.
3. Aromatics: Add thinly sliced onions and sauté until they turn golden brown and caramelized. Add 1 tbsp of freshly pounded ginger-garlic paste and sauté until the raw smell disappears.
4. Base Addition: Add Rice, chopped tomatoes, green chilies, mint, and coriander leaves. Mix in dry spices (turmeric, red chili, biryani/pulao masala) and yogurt. Cook for 5-7 minutes until the oil starts separating.
5. Combining Rice: Gently fold in the soaked and drained rice. Stir delicately for 2 minutes so the grains are coated with the spiced ghee without breaking.
6. Liquid & Seasoning: Pour in hot water (standard ratio is 1.5 cups water for 1 cup rice). Season generously with salt. Bring the mixture to a rolling boil.
7. Dum (Steaming): Cover the pot tightly with a lid (seal with dough if possible). Lower the heat to the absolute minimum and cook for 15-20 minutes.
8. Resting & Serving: Turn off the heat and let it rest undisturbed for 10 minutes. Fluff gently with a fork, garnish with fried onions (birista) and fresh coriander, and serve hot with raita.",,True,2026-08-08T05:39:03.822819+00:00,Main Course
c3b7037d-b47e-41b6-98e9-87171708eb56,peas-khichdi,Peas Khichdi,Maharashtrian,Rice,"2 cups Basmati Rice
2-3 Green Chilies, slit
1 tsp Cumin Seeds
1/2 tsp Turmeric Powder
1 tsp Red Chili Powder
1 tsp Garam Masala
2 tbsp Oil or Ghee
Salt to taste
2 tbsp Fresh Coriander Leaves, chopped",Vegetarian,True,{},{All},"1. Rice Soaking: Wash basmati rice 3-4 times until the water runs clear. Soak the rice in fresh water for 30 minutes, then drain completely.
2. Whole Spices (Temper): Heat 2 tbsp ghee or oil in a heavy-bottomed pot or pressure cooker. Add whole spices (bay leaf, cloves, green cardamom, cinnamon stick, cumin seeds) and let them crackle for a few seconds.
3. Aromatics: Add thinly sliced onions and sauté until they turn golden brown and caramelized. Add 1 tbsp of freshly pounded ginger-garlic paste and sauté until the raw smell disappears.
4. Base Addition: Add Rice, chopped tomatoes, green chilies, mint, and coriander leaves. Mix in dry spices (turmeric, red chili, biryani/pulao masala) and yogurt. Cook for 5-7 minutes until the oil starts separating.
5. Combining Rice: Gently fold in the soaked and drained rice. Stir delicately for 2 minutes so the grains are coated with the spiced ghee without breaking.
6. Liquid & Seasoning: Pour in hot water (standard ratio is 1.5 cups water for 1 cup rice). Season generously with salt. Bring the mixture to a rolling boil.
7. Dum (Steaming): Cover the pot tightly with a lid (seal with dough if possible). Lower the heat to the absolute minimum and cook for 15-20 minutes.
8. Resting & Serving: Turn off the heat and let it rest undisturbed for 10 minutes. Fluff gently with a fork, garnish with fried onions (birista) and fresh coriander, and serve hot with raita.",,True,2026-08-08T05:39:03.822832+00:00,Main Course
